0,1,2,3,4,5,6,7,8,9,10,11,12,13,14,15,16,17,18,19,20,21,22,23,24,25,26,27,28,29,30,31,32,33,34,35,36,37,38,39,40,41,42,43,44,45,46,47,48,49,50,51,52,53,54,55,56,57,58,59,60,61,62,63,64,65,66,67,68,69,70,71,72,73,74,75,76,77,78,79,80,81,82,83,84,85,86,87,88,89,90,91,92,93,94,95,96,97,98,99,100,101,102,103,104,105,106,107,108,109,110,111,112,113,114,115,116,117,118,119,120,121,122,123,124,125,126,127,128,129,130,131,132,133,134,135,136,137,138,139,140,141,142,143,144,145,146,147,148,149,150,151,152,153,154,155,156,157,158,159,160,161,162,163,164,165,166,167,168,169,170,171,172,173,174,175,176,177,178,179,180,181,182,183,184,185,186,187,188,189,190,191,192,193,194,195,196,197,198,199,200,201,202,203,204,205,206,207,208,209
27.020517456922676,24.24768793092671,20.976553152738266,20.206838943490627,18.744736707388597,25.82221546869335,22.788542828038857,21.523761218700916,19.737764527163908,18.59580874447758,25.29467673902455,23.669735661449455,20.900903977076847,19.68137535232492,18.686539238520858,28.396788660782168,24.67499237707143,21.547253963306307,19.087767813150645,18.443032911872248,27.009915968878495,24.019360431440578,21.211634962028345,19.722800643498477,18.58877944006352,26.7901295813052,23.727843088057963,21.20501820946985,19.623015824073544,18.57539828956725,26.941444972162696,23.910291055178458,21.257025677249572,19.583515386651918,18.660353368234503,27.458738752165665,24.111543553823907,21.609656244045873,19.626385777867963,18.562424082814523,27.276891577031932,24.034770056592293,21.573016112595198,19.778628022165044,18.58302028240476,26.826837682431353,23.84009707348243,21.78155252161442,19.83927339205522,18.65466314214885,27.17920015149402,24.319808811085142,22.03083629904123,19.868179382477773,18.647599372581467,26.8271445902172,24.214202446602464,22.05122740739695,19.899111561452635,18.67585517323447,26.619729475757225,24.171806295149587,22.079975098560055,19.980859781126664,18.900958308097177,26.35689782020657,24.217930911703743,22.234392955959898,19.964294364838405,19.014515128060875,26.13561721709924,23.99975621628797,22.1602087391265,19.885310849428123,18.984881705207457,26.213369236921732,23.78558501082015,22.314155049637325,19.90056773852411,18.982934805650817,26.185083156654212,23.8496889986607,22.44150431913029,19.884704514690313,18.886533864816336,26.373861139972604,24.110641892084708,22.49761935452692,19.82024700053058,18.742100986905545,26.034190884527266,23.573174142307288,22.32834914147255,19.72637499803512,18.56774500602819,26.457953695811547,23.74144702014083,22.41842162679127,19.735914028516607,18.544456140101676,26.04287405435705,23.5718345895521,21.99999330782645,19.657437770539918,18.56669246249753,26.461455058586086,23.60157545366536,21.813483069506116,19.780235216297164,18.659881747841588,26.10191402165113,23.26009398786977,21.686116254689345,19.871407580589608,18.756881417446493,26.66460755153663,23.930096250241604,21.968841635461512,19.867937763057057,18.834637771958462,26.385533974676132,24.251645656089345,22.08689622202795,19.851328854706207,18.938564373208788,26.99553929544919,24.528246597671647,22.334027553618974,19.851537905132112,18.879173714193414,26.980632941267686,24.690793046800774,22.385109627262757,19.642649750073264,18.705145585477315,27.17947285361921,24.714131776636812,22.260319718160936,19.361481326173966,18.53673178529344,27.298188505948854,24.40984927495583,22.06229477006388,19.44689304947636,18.562645878953127,27.185211479477783,24.139626379384815,21.979406795851393,19.396808264822557,18.341624683385334,26.538078067811945,24.030450596432257,22.040793142685544,19.49163746785795,18.393404458826648,26.515270047450223,23.946135485378203,22.070372482767496,19.531254312959017,18.464849571230562,26.881732982399882,24.217542897371494,22.27040406749625,19.573787767521033,18.57999415320065,26.2925039977548,24.178784932019234,22.224950341598845,19.66292537352704,18.679780207021306,27.429073041393643,24.48854631722195,22.326144558728124,19.811223846383417,18.96798442086328,27.716794623127235,24.565391430263205,22.285237788553292,19.701175128920987,18.88804631080065,27.594686111945993,24.334774918326186,22.282973733793334,19.638888313055265,18.722308368115087,27.073076689693597,23.899545789440914,21.987777267074073,19.626491020446355,18.525775686484867,27.630938771667633,24.226448551164886,22.090996242263664,19.476687101270358,18.39866877967798,26.809311441027234,24.12121357699467,21.87095433383055,19.351733237289977,18.16874904324319,26.718335311732698,23.946657867698033,21.667444010520835,19.321628742897154,18.132841171003264,27.1352911794963,24.35494757247718,21.686925764172948,19.36144097740053,18.104007831452844
26.836445146323506,24.573048913309346,20.759491852204015,19.974619390283436,18.43690887797553,24.193179947873727,22.408875047073824,21.24152053666683,19.437315810426746,18.337080527683106,24.737412766002436,23.24488324977662,20.532226873033604,19.779356696704905,18.390699127265588,27.99448878405288,24.65662798301613,21.45770764503618,18.905697109285853,18.033914314396196,26.427344982708973,23.946703291541432,21.010282052049632,19.610722370368627,18.29481632202833,26.237857909244223,23.547261911503295,21.025959891021177,19.507093557484893,18.323250957304328,26.87189649127878,23.8977292540451,21.199723197153354,19.601665026989288,18.469910554748605,27.49630734672807,24.164565360657395,21.660626051944238,19.61200569417965,18.435340573603934,27.44785207844428,24.134004319760084,21.678012003051876,19.82395420208679,18.53128562068803,26.974671093960335,23.793698291601892,21.809217327212327,19.85904376546872,18.64885976506988,27.36686914122229,24.36285531974849,22.153909823759832,19.925523044612344,18.644954674044335,26.906307446882522,24.220708579373518,22.174945728940052,19.869944403231813,18.68155929192161,26.548177071207686,24.17193179773633,22.16769570119211,19.96355786610274,18.86328727055141,26.221613788472034,24.185402073301823,22.285481156935834,19.934426284719148,18.97994612399833,26.318347682527286,24.207636501086892,22.342276746173305,19.852589742089208,18.933548597785514,26.34819258582263,23.965242771872802,22.44985715885938,19.828675291497483,18.91096066884043,26.24034528229935,23.91309949489763,22.596214091956956,19.888055371347615,18.783404477289444,26.650639344190125,24.220351446900782,22.635118892588807,19.77961468943669,18.65986708401815,26.33886730615344,23.674620676224162,22.499054294292332,19.663941472549613,18.359923509450116,26.533774239611184,23.759592530388154,22.641967865554978,19.66161912200136,18.35233898196103,26.185977927046885,23.655822550575397,22.27041902733679,19.578765056329463,18.31338774251685,26.80117050289322,23.817465504423602,22.103945824061334,19.66227188902829,18.39632917869584,26.36045196759361,23.451754119723088,22.038480979350894,19.792941803064327,18.52341752293686,26.98746237957427,24.144687910673998,22.35651627904765,19.826438552346584,18.688878604699422,26.717601709653024,24.3785908541126,22.322786154249833,19.79961725679791,18.738592884223845,27.30075954040161,24.642205471176318,22.53084531302389,19.912987837129027,18.76188861830649,27.130875184325582,24.733510618950113,22.43577011690284,19.655539666564444,18.64832319254838,27.314399847605067,24.733349216596423,22.242234331857894,19.35104471122633,18.408835286930223,27.322591838397596,24.485197452982835,22.057963639242022,19.406268442863094,18.383388538588065,27.178763450396644,24.27054789651176,22.01678120691011,19.41723308750813,18.202986930675657,26.510878695572195,24.049088349105467,22.02961308199545,19.429013188700992,18.27311464325378,26.42548794895515,23.92345874020939,22.061097644422627,19.480883063084075,18.26751291848445,26.69148025569067,24.179587304443228,22.284465380431158,19.60021931715819,18.36198031532603,26.19976136206508,23.869247402996997,22.1120765687546,19.655967650160882,18.49552344995711,27.350567434651065,24.168247218051242,22.281113962288863,19.783882426573143,18.636790506977942,27.61370059295509,24.2957901633274,22.267139954905957,19.642413720730644,18.481208635756893,27.526545819441793,24.207289282244037,22.350859018416184,19.54174252966462,18.257220131542834,27.0955578378003,23.841357740474667,22.07175819325222,19.403833941478176,18.0399833713632,27.60391408021265,24.37927956778237,22.233464256013516,19.252350852203964,17.979537779467382,26.761969196575926,24.287131861304122,21.973909938554833,19.074452872882343,17.867049907434627,26.7199619825138,24.113062201700682,21.800929904377767,19.113206979290176,17.880728948400254,27.181752287523057,24.456542047477072,21.78887505815637,19.187157213982132,17.932831240046376
26.84787075303182,24.6410897076915,20.461508377050592,19.770312915361465,18.480158383571467,24.47209844646097,21.98573299778206,21.027446723275002,19.37467853672386,18.518804584536397,25.61132472854598,23.058542827350045,20.35412487883082,19.713576924050184,18.136140842841044,27.63310713893697,24.730095240288357,21.64134261275695,19.220509523586877,18.297822476241645,26.547805602319887,23.86736224397391,20.953668649956448,19.669006536967135,18.447641168163514,26.17186824020868,23.409418131763623,21.054243263362586,19.576828851355106,18.44523488912846,26.74201159794061,23.88258090555984,21.275033123422798,19.708948522128246,18.564187782790604,27.139417249977186,24.134377635463398,21.77897157867585,19.77547652919618,18.620657660984527,27.17945966323572,24.09296469639013,21.740831129422247,19.939005765290204,18.702004703583913,26.83984750138263,23.6859292479875,21.736152921205417,19.93708272370955,18.699312448459118,27.41110443562456,24.312953229854607,22.07457668292283,20.065334248276294,18.761141065260666,26.978085833927064,24.12291694864497,22.08181224478012,19.97596425336964,18.77117556887106,26.70614431973622,24.0626081371637,22.11285986666916,20.022838236826576,18.974113796276168,26.309694862774357,24.00923275398707,22.209315412651083,19.960052960272712,19.06541449847851,26.467767020238274,24.17937684315602,22.396441353137938,19.871870772741982,19.087385264921714,26.47964211255255,23.906406170631016,22.486146571319733,19.835974431754394,19.035835720260902,26.491159810782808,23.784907211733845,22.663062608376745,19.946860812094492,18.95197295186049,26.878868911602307,24.12748315012547,22.635399724958052,19.865983807033572,18.796368001154036,26.63396372656406,23.63942016322097,22.536146830835563,19.797310023959632,18.54736764467247,26.646993602570177,23.637290363252276,22.674122109735784,19.7979553553593,18.524001769528102,26.38604551334667,23.58331013057381,22.311416115138154,19.70934091615656,18.46964241005319,26.934019662293615,23.844543357406742,22.2211631575673,19.773991958478867,18.533265544125367,26.655623266714002,23.561767338484863,22.22829504284105,19.87758644794035,18.671370782502006,27.271894454854397,24.2317372234628,22.55893359036043,19.927487074902707,18.798359158975657,27.035035263956836,24.413207514512106,22.423635504382936,19.90053442205364,18.797901816463984,27.52750935744107,24.67677238343101,22.630718028108216,20.013685440749363,18.841719928500837,27.26531397870022,24.74482975666965,22.430687298056803,19.772469621627714,18.7207855077614,27.24013830278251,24.66195660229266,22.177146624110456,19.442668643639905,18.448182408473635,27.2436677855252,24.5094177203609,22.03115011197524,19.485182706790823,18.458427330789092,27.07182599851827,24.312521788974173,22.0070486277153,19.496545974332044,18.28225990575861,26.361636133608876,23.974236957757782,21.99538012202313,19.48556522906754,18.31780461876655,26.27118189199096,23.76072933594217,22.038694028096597,19.52000984399897,18.271908744454002,26.46369599859842,23.976362571663515,22.25406297058556,19.66653784506967,18.405924190483997,26.1396075490076,23.44550173800549,21.99587172058954,19.655343964356224,18.52266573544611,27.31323344035162,23.78735881625954,22.199522576480746,19.814678129499676,18.97994712703854,27.638276284009947,23.98937731637872,22.20718350958118,19.746818024446377,18.909324471183623,27.61660749065402,24.001525970776783,22.286069694365057,19.64409768148608,18.80732977555401,27.310924905342297,23.67833483903128,22.046399170894475,19.523162990343746,18.59489652411284,27.638475545878475,24.34829379821894,22.26467168460515,19.393856261014417,18.49296155644476,26.824957905780074,24.221514862321758,22.033760621431092,19.15833407277153,18.04032446432845,26.774050969815683,24.019722300305755,21.865143806348907,19.17051801595211,17.971272091663714,27.183286612952884,24.35404943897055,21.84221949501706,19.25852238982137,17.928217552086526
25.89827122553821,23.294851454878998,20.563216710570536,19.387032737706345,17.89570506970205,24.30130932295637,22.469364296664377,20.95612058665258,19.17848392867065,17.783210803552713,24.623179329251855,23.119335070565675,20.3718307347299,19.19170754569565,17.90618273203627,26.808496392428612,23.28353582426293,20.839729702701796,18.410306758790913,17.518804708644318,25.797607858803097,23.187405435177524,20.642457687028678,19.046986419188208,17.721720732459424,25.7042705593175,22.956077878181915,20.591138334660474,18.992873435995314,17.733773941620306,25.9146919213273,23.07968606481824,20.624179741647445,18.93798809524683,17.737845810616758,26.378238678702154,23.163781514533966,20.952024871255368,18.916080034016847,17.607398703490635,26.283753344302433,23.13526780882038,20.96710267609559,19.09465703156051,17.62701443270872,25.915934049047472,22.976205613080015,21.202243170976573,19.160014579091914,17.722001536940617,26.195427913421362,23.35937668332559,21.41750438642377,19.143607954375604,17.66421448139601,25.866305161270713,23.251271851795842,21.496175582137177,19.157370888925406,17.73591061784677,25.679119346125493,23.291067176703006,21.547692134703233,19.245943595868727,17.92898330612926,25.445564626302126,23.48277530067376,21.643078522017163,19.207719497448608,18.009319132849956,25.257478359027267,23.33265731091041,21.5777991398333,19.164982755734194,17.921371612565075,25.25724491785393,23.173160276449636,21.787182143459454,19.236975757996966,17.91576442187276,25.266272669811393,23.262323520085673,21.894653578233548,19.263299938124433,17.882614967332838,25.313615932496823,23.415725454445873,21.839555128499022,19.226460406156075,17.78460247307111,25.120096788676125,22.94767798474085,21.81054080783678,19.118260962107662,17.621954132438876,25.425866452473212,23.018787474217042,21.860746441050487,19.113445106425754,17.67810736726608,25.06990191977478,22.870436579407915,21.479418916157986,19.006309729490013,17.682127980841386,25.44916827432733,22.870237695685955,21.246731117861266,19.099669104592486,17.700103694080283,25.23981067196643,22.597369026138,21.24558764764968,19.20552982319979,17.711018639709625,25.62085455367269,23.102037124856547,21.382802269445982,19.27110489069388,17.803110719877242,25.474548817054373,23.421685214604754,21.532682194373187,19.24960290745637,17.83445369565568,26.06659548714341,23.609867127270288,21.69298500868489,19.272676397643085,17.840547484922354,26.03384066495506,23.715647773263193,21.794489838223313,19.068836094050162,17.72685808392226,26.109536375116868,23.682613810378157,21.623785935644168,18.828163861582613,17.653109077643954,26.202469324990023,23.354381034086398,21.509297194767136,18.87312787265669,17.615265716804583,26.05905041569371,23.128691893369595,21.429769611521316,18.850416204926496,17.4292608298031,25.513350249545272,23.1352249623347,21.573833477933764,18.9441581453055,17.428120128391434,25.567919856059937,23.059262120358795,21.590785929795494,18.97471263304811,17.472516470848444,25.988509297465164,23.40346975348303,21.819086743388542,18.978383301097004,17.530374771495683,25.56165274659441,23.42617576851846,21.770221710454173,19.022456017489066,17.62361824739855,26.61022937115239,23.68101016020275,21.801509455257424,19.147505835836583,17.89479701881522,26.745510646084313,23.688811753890356,21.773841353036268,19.038154262921317,17.81015298521899,26.59537896341751,23.4894697727704,21.78625051114178,18.985709144143268,17.652765556701077,26.102436159512457,23.077594874345674,21.54039932413135,18.978631644434934,17.511781033299886,26.543590310502452,23.310809975510693,21.633863741902665,18.874789942876514,17.481692717034136,25.68946526575574,23.230931138299866,21.41644163078376,18.78968871950018,17.305568325806814,25.621843340809534,23.077602379720012,21.161135784309494,18.795365591000582,17.284476999953142,25.997464490943894,23.425413272390617,21.199951772373247,18.891709526791168,17.317350393089242
25.47136454338804,23.910810258890773,20.058674487345733,19.19967113366074,17.603800470007723,23.761541390020394,21.538308932244096,20.456903578840617,18.775002299902816,17.835630525527744,25.253057287780116,22.652952359582596,20.38360120981067,19.02496714317776,17.602644099098054,26.183939747547523,23.370606052412366,20.82641163201085,18.636191225351258,17.695265355827665,25.468127999890243,23.049151521596507,20.428544289085995,18.984757738929694,17.687926073527116,25.271515058880063,22.635285116166706,20.534709876795546,18.87427506500589,17.689709536354947,25.75958564485698,22.995617014917883,20.70726497619206,18.97655625528726,17.743908424801276,26.01406326683999,23.089521093003533,21.065281587398978,19.008890133880044,17.75238798547418,26.065383088158207,23.091268472801286,21.092338513642677,19.14671883362958,17.790251898676868,25.889291201039555,22.752886720023703,21.19349981796936,19.155549757222314,17.85210620827284,26.313623054240253,23.22405564668801,21.39955465240205,19.278752586883062,17.917359888363723,25.89422119336303,23.097162685914768,21.42369507959041,19.221525050280967,17.932830113576365,25.584201609046076,23.10465390224786,21.5542159466465,19.294873506467397,18.07039383148077,25.18163992881869,23.157362669669087,21.63633925679319,19.275086994213307,18.13092844098435,25.28268096623687,23.28667126711798,21.7519247367708,19.240417597409714,18.087432398167163,25.29922126107487,23.095184430947988,21.984744976165608,19.242948124931136,18.035106186921347,25.370054397466017,22.944541337324956,22.28928731480445,19.35150757480493,17.971422869584643,25.722967414301973,23.185372439266438,22.1064792963674,19.2760065896883,17.819172514642624,25.675680393570484,22.77438933142534,22.08195429862066,19.231214188691037,17.632165746086702,25.670730101118302,22.77352942059091,22.247856878123635,19.266749085019615,17.66409423621542,25.385745467653955,22.71265542045483,21.862234859153855,19.1696238783404,17.630388466602035,25.853026125487776,22.918459895712413,21.65466731118251,19.217956196631622,17.629530141333483,25.693224060324773,22.68257983796094,21.738579017019816,19.279472791320906,17.745910207077788,26.12280266269844,23.180360410654863,21.950703628591185,19.263580069124153,17.840291340037037,25.95225832104999,23.329135753187018,21.806737010846557,19.162618210869606,17.781435224435025,26.453481936939227,23.545124598517027,21.997219238378985,19.24156413587741,17.78654146691256,26.143013074239843,23.595136262222212,21.790246863235332,19.03539590991078,17.74658850732034,25.999663191020016,23.49852468705164,21.602896090027265,18.844289959248766,17.578571708535474,26.048336234545143,23.357901762276917,21.535497285921874,18.914819126188434,17.52612072797917,25.85672147071163,23.259984425717406,21.512745038210916,18.999230603000022,17.417279265055676,25.23917530021936,22.978094655400973,21.510577525108694,19.030455608958462,17.508793951239014,25.26242983661078,22.8499762101721,21.692405668821582,19.06028618864759,17.421688631508005,25.515201088542703,23.10739559414782,21.843077738204066,19.141019846024587,17.4937030648831,25.36906697850307,22.778341374948567,21.61855795124928,19.11618527087174,17.69178016778711,26.4879475151706,23.021875490046902,21.779774566905743,19.205747089957207,17.86881674644772,26.691087152060526,23.232294789990537,21.860870135175624,19.128940589384083,17.758163175424592,26.651175556635614,23.198905944338467,21.948111937100357,19.04465041192058,17.754370410725027,26.36262924233939,22.928410511026694,21.84260189002284,18.964017367034682,17.625597549587344,26.48871558218351,23.32318288011631,22.033912878547017,18.85616810599967,17.47329531905538,25.641275915846997,23.224688353008595,21.9060705259926,18.72652928594522,17.33041372640387,25.622784017294226,23.068338812323457,21.722283507416154,18.75788203456488,17.316601297986473,25.97015317050915,23.39010650814869,21.696857414801975,18.85136997869087,17.27420383287255
26.122751400822022,23.059923138579215,21.503547168627748,20.28082950040035,19.16866077518373,27.04748050643031,23.182960219661425,21.81993668232231,20.63651833003192,19.77490764946254,26.99951997459385,23.948859157138674,21.467561234665286,20.338440829955793,19.714163267176477,26.7759187821676,23.657501352080715,21.104264208395694,19.851736109905026,18.70248581932137,27.06219502029354,23.54469479786507,21.404740154804884,20.291978518488538,19.323418369104804,27.11542864019167,23.52746188192244,21.23227600789979,20.22193870270492,19.332841747716703,26.803696208567175,23.43617737322813,21.07624188157629,20.045785406816652,19.22967468511606,26.88104942563796,23.466576888386992,21.143277103966568,19.944100545900135,19.01296838109917,26.671856135851698,23.31120504482822,20.984033065085157,19.91231268094291,19.047584034456207,26.460197272720904,23.403463400713374,21.258811421976695,19.886956878834532,19.024255115946023,26.682796204058796,23.53641252838539,21.34861936374049,19.86784519364887,18.965824329133106,26.421699581552303,23.51169214569194,21.417300056647882,19.853846542713804,19.014001357743027,26.617683136217636,23.627634367779518,21.60235476225727,20.039238810092918,19.111425564095747,26.552036725782415,23.738218513051624,21.778052430273995,20.081044457800388,19.055297559320934,26.341568890741378,23.640421880640236,21.72381570843716,19.946896904238315,18.957609768109528,26.279053546796185,23.466592756023253,21.986763604373955,19.982883166182116,19.05938651557833,26.607942284922892,23.659651385263583,22.102698691532794,19.986082012480132,18.98920384308603,26.24980755998208,23.632920962225523,21.930734157336342,19.86683489767364,18.996943879954543,26.21031914432019,23.40793004819414,21.97545952900026,19.748547047507223,19.093139551581633,26.187155366432012,23.092313832295424,21.737411821691207,19.78680814915133,19.136160199152727,25.68920194285804,23.016850846828575,21.4390652841659,19.745569323411097,19.02270880343726,25.76357451262005,23.053519714390898,21.297991267855306,19.83226917314325,19.064260790915164,26.04381719193943,23.097635737736613,21.35628205636564,19.937249429727796,18.99652191664179,26.084265086094224,23.46124814718312,21.355113728561754,19.99669063957038,19.00046189446502,25.920908305106014,23.935719423475113,21.72113476066108,20.076324475517715,19.074271059142042,26.495345554846732,23.948604139204615,21.770618698885652,20.08698008420202,19.081775614442297,26.323446552013962,23.836954746138836,21.86817599792466,19.91948056783367,18.959262302164806,25.83603182240111,23.499787923802113,21.758664551726337,19.685510264396214,18.996823913746727,26.20485575264933,23.170113070991516,21.71036134784098,19.811408898619852,18.990503821333487,25.92801266245842,22.742291366069804,21.469569872799937,19.61342728957094,18.891104078752186,25.592035075901762,22.91407416405731,21.623565396423512,19.61337468634462,18.78755108020475,25.718202378260578,23.03845710912719,21.66389714114937,19.75660884154499,18.933262921320637,26.350823248834843,23.465023801380177,21.860140486715803,19.755502737911815,18.976121931593674,26.239422178259407,23.890247378466974,22.013845340315612,19.750792703482237,19.056308200223288,27.42813932864565,24.378490655168967,21.985576115335345,20.0224408956495,19.227308091683806,27.49256271108345,24.36681688135534,22.019494710680565,20.027850403010394,19.340076984013262,27.327333277467147,24.037449251620313,21.857922060247315,19.859204141114425,19.0458542366253,26.724168214849648,23.43458313458668,21.61280793374852,19.80801801853985,18.861104339006417,26.68837124055404,23.299110380852877,21.475909973460038,19.632464422474094,18.717717527857822,25.841954236023856,23.056741450288776,21.325878731074706,19.395548910597338,18.444948132250687,25.82020165405236,22.865215215946428,21.018830645947883,19.234407753725186,18.289685097488118,26.170842038872955,23.124487741568515,21.08628770682818,19.26404381392667,18.197211354205308
24.878688229291107,22.23602576130289,20.194288508457465,18.62639825057433,17.19128957099158,23.631191485312083,22.119075296614163,20.54030371480374,18.74864275205561,17.452816672367412,23.91545656482242,22.697430037398654,19.71884068561082,18.575929317162508,17.38385070806997,25.337122625300754,21.76302730346784,20.22340720302199,18.300822878270633,16.84244351362003,24.806765264522806,22.323830526366084,20.161783572460344,18.53172188410654,17.097117965648543,24.758603563772517,22.183180234403626,20.09236565074888,18.505621542977405,17.122342005163734,24.776997583293753,22.254712684469343,20.126707991452,18.455540813782335,17.042089629331603,25.167567723836648,22.19012882890786,20.440466109000806,18.410904375537793,16.90752391189067,25.08020404517741,22.2241963165877,20.47471171071707,18.497673672286293,16.953305421575312,24.821817951353886,22.12729128576036,20.693898166639514,18.569215785301218,17.039439339998516,25.032168760191443,22.336290772581922,20.845760380417186,18.539136052967763,16.940819285429512,24.759851982163404,22.191911363746367,20.85811191615859,18.49817564910133,17.008535328214094,24.63684138245195,22.285288984259513,20.97722460911897,18.60824571921671,17.15488140626561,24.43178907915789,22.610875198636826,21.045076011571258,18.560977260239586,17.18478704572737,24.18902678017522,22.52788723146226,20.92079094074258,18.520624264327928,17.089182794844014,24.197253017802844,22.495220505738306,21.151625803434904,18.61151446609916,17.092752850803954,24.371420487588516,22.6309757143902,21.25792330756496,18.664108936680808,17.045262991409878,24.216143829368015,22.65716378140507,21.033216499067738,18.653508614996525,16.93687360370527,24.239379994830504,22.277132058863803,21.071138956388882,18.599904355168274,16.79471871188536,24.45249474412008,22.212571483690418,21.09034206689455,18.593602547226983,16.92620485953076,24.060719754370584,22.07087816645177,20.77836787907633,18.487452126720008,16.94859060988281,24.2543509052041,22.060114002980146,20.669668473043558,18.549472374577817,16.98352985215688,24.279239629821923,21.971890035695942,20.85601566061282,18.626762774240152,16.975552780207234,24.417936416359673,22.289316880281348,20.887085278887252,18.66240119332897,17.09061047118401,24.38509360981076,22.603490053678264,21.074086524261297,18.671912026987567,17.08226316972327,24.97693914512657,22.65127251838873,21.13542271656984,18.723520212336318,17.154466614897046,24.98114013518775,22.648698279128375,21.22821575582035,18.602955226082194,17.097774073037435,24.849355427189916,22.536404413563027,20.976241722120292,18.39560489543554,17.092853485088348,25.01226151481393,22.208752728558824,20.95143401580129,18.414123031325897,17.071147142896006,24.829702866882247,22.04161198147455,20.899413917358384,18.373185431779042,16.98891821230616,24.389583616847943,22.192991662825513,21.122060908435003,18.426025268809003,16.961589019004645,24.558388714581675,22.15081911158577,21.125111626254018,18.411691004995,16.981580654172205,25.092984095998922,22.467798606500207,21.408401425539598,18.468009563902505,16.95028993429176,24.807563040398865,22.585947044242424,21.402549885040777,18.53262371981395,16.976270002525883,25.809607873403326,22.795438259395475,21.328082569572317,18.729382507626664,17.211642764467737,25.8699410844118,22.771571335665367,21.327542635626177,18.642831647691906,17.043424393975535,25.720722744727908,22.668642531699117,21.236990097823867,18.573238732752742,16.98228605364755,25.26444467646952,22.228933001838552,21.011014431869313,18.503269774158518,16.974324287398193,25.527488255625585,22.271542259370904,21.093042209040632,18.433537692372216,16.929956395269702,24.65548782623613,22.166927287589083,20.959671410012227,18.319930017743303,16.718938471760417,24.53532467007883,22.0252234978197,20.624482657082677,18.356644491193357,16.752124214077185,24.769093468306306,22.21676359813635,20.806459076231718,18.51553333381972,16.68929814127413
24.852248062637525,22.20567109909163,20.113631569030836,18.602002477144286,17.24209023509818,23.55169073060569,22.20696134290908,20.5154214493314,18.752387148234774,17.46291166357421,23.917376978181565,22.70006440603747,19.79909597906009,18.55132383618566,17.364865977155613,25.326974642262027,21.75949076999507,20.433369068773167,18.262819941762835,16.71691435013526,24.779169156123466,22.340126301688265,20.17745207782382,18.527444343321093,17.097582443937984,24.737499840701197,22.19441865328865,20.12463778663283,18.506594408028086,17.11205985008122,24.73831829881428,22.23042910038708,20.168982901020552,18.457164506977406,17.069150255916778,25.129019543695684,22.172793301615012,20.468757759567147,18.423509001174644,16.934252629667487,25.052626079640543,22.19905847591894,20.45812763945161,18.508656710063885,16.988809146998456,24.80064289521805,22.103654176379667,20.70175517616223,18.574415935439525,17.074150760731328,25.014126810580187,22.33102894886403,20.88707269607919,18.56095343446012,16.989568182336512,24.772610799511927,22.209325561970005,20.908022356098456,18.507841821082664,17.02186034328694,24.641738659516086,22.29642729309385,21.020837317537836,18.590516676039854,17.17028403447317,24.42521165006298,22.624479347626142,21.08601445145592,18.557549995661788,17.236303663895075,24.17867043981462,22.537569529275988,20.962753370043618,18.50227012714713,17.150888588048538,24.18337860694132,22.495902811185754,21.158895185049534,18.596790783828702,17.145056169136613,24.338488573252516,22.630596508012886,21.2499386177535,18.66551628497279,17.098268411218218,24.18139889161618,22.64850693189021,21.025341454246387,18.6877056880527,17.003707160423392,24.207973048738772,22.2801637058202,21.06412023939446,18.618475796630158,16.843884335442105,24.429460276748294,22.22514098833015,21.091106750531345,18.626811611985236,16.959097391162445,24.040264113853482,22.092670660205414,20.769734225649024,18.48627526894841,16.988519523503314,24.269362575461557,22.077518211000424,20.643071045673306,18.539179200314386,17.023188696964194,24.29415938092694,21.983210654766644,20.828753704851852,18.60448160911792,17.026993697091168,24.42023760792768,22.28463982639178,20.888027284234543,18.655402626703005,17.117501364022765,24.357004352198462,22.59343411802909,21.06683336893213,18.655955258506822,17.067719576125416,24.939159566363465,22.635344576836495,21.129388903383,18.70997843357235,17.094723601580753,24.928778672402093,22.634739750752622,21.25278183617933,18.59270767698507,17.04455815281185,24.81541929582393,22.534156719524937,21.008466921411404,18.379497836585205,17.020118307641972,24.990468205379223,22.242173539278753,20.966629018125566,18.405116205574323,17.023188281559857,24.850877826655125,22.061128134176716,20.899266912164148,18.389194952209976,16.956070944261633,24.420256397571176,22.20683312605904,21.134305961475476,18.446789157860856,16.961637516665622,24.592664322741914,22.165891154971188,21.125980145889248,18.42078719634248,16.98209907841536,25.11115968711031,22.48472647108386,21.41348177799329,18.462944473423548,16.91557824807455,24.823051212518408,22.5741122896922,21.408808900746216,18.518037120919292,16.961381233486385,25.80339457544782,22.78482429600682,21.349833032397818,18.69303704058166,17.205860285663054,25.863273970006805,22.75878842796309,21.356064184659857,18.604884878286196,17.065716515323786,25.70965091218048,22.651044372968492,21.268241164828616,18.56184129758079,16.939581280280827,25.25767266701658,22.217736680385496,21.037978853234407,18.507800644582893,16.95703423035103,25.52619125458416,22.267557758282635,21.112962413567807,18.434723168392615,16.88149493967864,24.660086469697863,22.1789919546756,20.969578734717818,18.30905722862675,16.65671911521751,24.5351075221486,22.04115282180961,20.613478539054874,18.346507707369717,16.663352503353277,24.7673983939526,22.233187431323962,20.79163775665787,18.4942913000181,16.68091510155206
24.828517143085012,22.226652182427664,20.1740308486291,18.633014859732192,17.145334161403852,23.503776133880564,22.10783182109152,20.51906298504014,18.67089924369254,17.428839633013382,23.860138018124008,22.661322112260468,19.793326928772025,18.47035764051825,17.43469628915599,25.290690827472233,21.729245268732633,20.15470025022629,18.281218996001,16.771289109567302,24.735036008204098,22.29954417332751,20.154666169748914,18.479895905514315,17.089594166467435,24.69593103848185,22.154261034916324,20.090206479499994,18.442818815368845,17.145990191027312,24.745836176203728,22.22507343137905,20.122778284120947,18.384967686343582,17.030777822662124,25.1464185145973,22.162995084630033,20.425908085243613,18.358582004727175,16.84637622850898,25.06559263957551,22.20837787937195,20.476223607033226,18.451079561421352,16.89117017745373,24.811478109563893,22.116915196452887,20.689320785238156,18.541105346982544,16.97812790950157,25.011153380993264,22.341406466337084,20.844766868753673,18.534003897906366,16.85792047743743,24.729459254118566,22.206779573770795,20.865687504404946,18.515839261534943,16.95495723060958,24.58590548272912,22.30028166996517,20.979072437203627,18.631374146214405,17.12035745210758,24.368577806801255,22.622370773321602,21.040495269514828,18.58803840809519,17.153554846163193,24.13125049757307,22.534408754859253,20.93355961355181,18.519076460534457,17.054905202054275,24.14379187400211,22.489771745467245,21.155384659649904,18.58786069198182,17.054961721833955,24.300095400113133,22.61538980155193,21.252662191055567,18.647745710011343,17.003247883815646,24.14364520132018,22.635546805586788,21.01976645759931,18.64169099739015,16.924006663769376,24.18593034441977,22.24259643112289,21.04234394607604,18.587678579530962,16.79627371590868,24.40212494875245,22.194334009463546,21.058733113050117,18.61578208085734,16.887022850332862,24.015249494249154,22.055588154485633,20.7386996864614,18.520144924603663,16.908170612545273,24.234467488874373,22.044011958096462,20.61853417868129,18.56841668078869,16.951197946447994,24.262258109247597,21.954080695889946,20.803033252939546,18.635189668604333,16.94253900092563,24.395149064060895,22.280020305875993,20.86008028429024,18.65187823345063,17.011611573991356,24.35848857288581,22.578144344149617,21.029844276849317,18.617998700646872,17.02438331639147,24.94502687911921,22.62100748374425,21.107721644441455,18.68263176506333,17.069057444394105,24.930386069727618,22.621707902070074,21.223754718077824,18.576650220330325,17.003028649689757,24.811261157723028,22.50621074861684,20.97825390768056,18.363311375442937,16.988010663849714,24.964213423881173,22.190896273473744,20.947530890351445,18.400513697335473,16.991695138144774,24.79212178122131,22.0279191367056,20.895841033661398,18.410403081216202,16.906247118287133,24.358330551241615,22.18348012299861,21.107713782970514,18.449074445982802,16.907679095968625,24.539761211938675,22.134062786628803,21.113087310711414,18.403221624707577,16.93349550909174,25.06034972614463,22.46401378640069,21.387945324909055,18.458105159392154,16.887443397819897,24.774420844091605,22.556617027452198,21.375889324294626,18.51270565939648,16.92551936745532,25.75836284000904,22.745442289832624,21.306408985043724,18.6882108004993,17.141867750618182,25.809058103571026,22.715491016729626,21.321118691689986,18.606316466393835,17.0136159672521,25.663799376525322,22.609785058162863,21.237661337355956,18.576744485540427,16.95179896471758,25.223959282100697,22.18185551262927,21.008251043207157,18.502943158828952,16.944112512871385,25.490963399259613,22.235798577910614,21.10288993822498,18.42809086209909,16.872596883319233,24.632424601865427,22.15580490518185,20.976565900230973,18.31142985026846,16.683500831156145,24.51586151705438,22.026167710445105,20.621127115288363,18.310233332127503,16.670519592220217,24.738068145536843,22.23633272917016,20.786214076361908,18.43944177724513,16.606740350855944
24.438029377948745,22.80288535311876,19.615964506397702,18.27897566453413,16.748178959772257,22.573021397549567,21.410048782689806,19.894155365711786,18.445712405687704,17.30007542224603,23.724780404445294,22.482723389646768,19.743127019092206,18.358661865376416,17.027981774262575,24.58307947908567,21.609164860600497,20.28582105809201,18.42509922492806,16.948034084028095,24.121267301926547,22.22551352055266,19.967720796540295,18.326717056060538,16.956490568832926,23.989100867499566,21.969163535563276,20.042721137675407,18.314047121048745,16.946569047765557,24.41731433176728,22.210109137086253,20.195964446931534,18.296205510908123,16.848424326237954,24.82760812843926,22.084182148213333,20.517794386200684,18.27153222262026,16.771442773183402,24.878542782973152,22.21660645226458,20.605818580941076,18.344126044834816,16.756989822334198,24.74622851905055,21.889601200318495,20.709130069312696,18.45958095371821,16.766448214405948,25.034147135432104,22.113320955125477,20.83798385273759,18.49326818198038,16.809150367470817,24.646393847536295,22.039243409649963,20.846969742122212,18.49996357743371,16.893475213038304,24.108497408636346,22.17325762504194,21.04500051927215,18.60232247829733,17.00107827863699,23.81024333380575,22.377760375037013,21.08388810664892,18.60160624243616,17.01656440349007,23.855226905400492,22.476109380041937,21.04796475961104,18.58755487730037,17.020923659476075,23.93230851431671,22.484325430292806,21.357837892545355,18.70053234057289,17.019945158591874,24.066938373500193,22.349476628956914,21.70675428443498,18.800171311521936,16.954871528814362,24.429850062679094,22.39230059658729,21.400725154767763,18.803503822514465,16.829790549019904,24.545158847357328,22.00669023551052,21.36664090306268,18.8073952839019,16.75475326060127,24.557728621984936,22.0445322093421,21.568068781607955,18.798774994439167,16.80824106063329,24.202858201689317,21.914910876409486,21.24212359493583,18.666112998310897,16.775798234944023,24.583240539446955,21.932303298984802,20.95809243368961,18.745329639160097,16.728870213962196,24.43485028776751,21.78170621928817,21.14075311987756,18.764744345606296,16.713589077898156,24.621491756990366,22.114148693996434,21.29652692059155,18.666376087413944,16.719914088525858,24.567997731339247,22.258726847509326,21.199372185812535,18.602768742327196,16.63415273396627,25.078811967625963,22.357578392021843,21.344791626525243,18.64313462956031,16.601270612151577,24.780386273846215,22.458099672466467,21.275978076952835,18.460724757781684,16.603107769910004,24.668759253776322,22.441185826692607,21.068854797502816,18.342238304311202,16.62915528358204,24.72844467542685,22.249357302992642,21.040290597178238,18.352050515295648,16.59911021241662,24.547495920091187,22.252455054996737,21.0153788157321,18.474520616480692,16.554644678639118,24.129775191770886,22.182932034840157,21.054367805751774,18.556781828681242,16.647667893932113,24.31326148384872,22.108285595470925,21.264056995602925,18.551751358765326,16.607746385869316,24.572688944495173,22.333645531625347,21.42454041034296,18.637671005248468,16.638797924081413,24.44489405079447,22.2039825544025,21.299961676586513,18.717698564308243,16.772854627172272,25.41538770986533,22.22646517635449,21.367842663521476,18.76344326215289,16.903999662514387,25.50170382298119,22.330086720205514,21.45937267677433,18.66794599830994,16.822220429498834,25.426825066493052,22.347594611187485,21.52704107024828,18.607465212508593,16.876416653931322,25.241802126761474,22.14338271857146,21.509456570148934,18.485269759908768,16.857325190908263,25.34959051260629,22.294371230770867,21.663732471745845,18.366800262314275,16.739567258577026,24.532842066410048,22.288880813211556,21.611220663978507,18.283291072777022,16.652073389207317,24.537013342665553,22.183735828495266,21.35592676179357,18.31220247119014,16.624501996041268,24.720323998013807,22.384101038137807,21.33380410545333,18.400819892777815,16.607530390416297
24.414728511814218,22.802472560690628,19.575854651127674,18.319263742292474,16.821436830130438,22.4988980368902,21.488517657978615,19.901369087179333,18.290712506242095,17.198131665245906,23.737200827824687,22.47612638994611,19.793335868614303,18.408562486237628,16.964611108143725,24.509250218985933,21.59008350987282,20.281074360137993,18.407635225253962,16.88733474519057,24.089920875604655,22.23005331463022,19.973770813647846,18.310114162463677,16.930858807227363,23.960795620874368,21.97102828323988,20.064386278214336,18.272740029675997,16.879702889705765,24.397336481455092,22.203258659780584,20.2026872796202,18.278089869198897,16.810316373319605,24.80776113972997,22.085703714720957,20.521654115020446,18.243323910506767,16.749167173754927,24.870438345036558,22.227297931530547,20.611601691874046,18.318219482231637,16.747223897993184,24.72903710009374,21.897335587834544,20.69863907967664,18.4241813716113,16.752337557099157,25.01508291012673,22.112609905450718,20.832023933889868,18.47889475364316,16.805455415155198,24.634877187049348,22.032993412588016,20.822818784213556,18.469533202476068,16.822348137137343,24.096910074449724,22.15164900822751,21.004795258990534,18.56556194238729,16.89798663694814,23.797772692845925,22.346732759988623,21.03324917430118,18.563602850163225,16.914595848720467,23.843937236947667,22.45172302756948,21.016135214829053,18.559965427747905,16.890507938995768,23.927482239304133,22.463501205216907,21.32028871335054,18.661668145933316,16.895999530807025,24.057124538424638,22.299941238356116,21.70085817857212,18.78289434401111,16.87112391357046,24.416755839597062,22.35514091783653,21.394197645401352,18.780893736271008,16.774318633030312,24.53596540750782,21.982254904453246,21.382324270821456,18.7846124457976,16.712108609846307,24.560765728185565,22.025441696659996,21.577761379811626,18.777943871841742,16.792526669852766,24.20375156338664,21.900909263907444,21.25444468765866,18.655937271533947,16.77795935931433,24.59296242675053,21.945233587403983,20.970635581296374,18.73507737172094,16.743079082735715,24.432057285642,21.78114508694507,21.167365371369613,18.764818822905816,16.733679141954067,24.609326880495757,22.09376941368027,21.29458932915079,18.669167703279076,16.742529901866213,24.549727438948274,22.232181709368525,21.200098186942355,18.606888912897723,16.685331224121352,25.05806145985894,22.328712758602467,21.332085230420113,18.64316389826265,16.63794277177937,24.759488425701157,22.43146998648984,21.2618792189182,18.435910608805266,16.698329385297367,24.65548558629646,22.408809293161777,21.043425139314348,18.30674498449693,16.720791742219326,24.722073800092726,22.219917115039415,21.023560216629956,18.313245950319704,16.671808193435915,24.550203474750663,22.2256834120276,20.989886192587427,18.40113054414102,16.5801811021962,24.128938197839823,22.14778478606264,21.026569168599472,18.478607719573297,16.700909506562606,24.29883844744279,22.067937055342444,21.22962595337834,18.48372032946355,16.598067740469947,24.575253434173607,22.306560544081822,21.39191849772294,18.599536382420077,16.62129740015181,24.451960030494224,22.182528512066323,21.277781335669005,18.67951261016662,16.792275753322336,25.40859219033525,22.18373604883004,21.352483342100548,18.750706547824752,16.932481726771687,25.490189759400362,22.293863326250136,21.43888462883306,18.645844370751597,16.826353885453507,25.425278078291846,22.307716427671007,21.52056290263075,18.599406488820204,16.91859624236201,25.23108135094487,22.09657014235537,21.50359194442668,18.447254043023896,16.89655144474828,25.347679586035603,22.25874516393763,21.654661690178372,18.337382528463472,16.74767492080077,24.539042686336796,22.277732992863672,21.60354676873291,18.257069424248673,16.677404814102253,24.55347388058081,22.17609701891775,21.35674553284349,18.30171218835024,16.631777183683496,24.73665720284783,22.385026323022924,21.32444401329056,18.393026632214323,16.577969992021373
24.208539799058695,23.08250068513045,19.342191996783086,18.55814416717372,17.204763922235585,24.10852951181135,20.713850706998894,19.788021944916707,18.425591509780958,17.55338927463229,25.98140438458451,21.85397206780558,19.919762707724765,18.533726987973804,17.33959374390458,24.457108492749697,22.005118907683787,20.277380482003288,18.501038499825057,17.096823101991074,24.836353478518227,22.077714293027793,19.923220665620434,18.6006149074427,17.38762180161681,24.57069861688187,21.801995826211435,20.116456762593348,18.49883674257049,17.371642913034204,24.7066750540357,22.196743739206006,20.301645697451733,18.568420270974354,17.359137275848163,24.494881624432352,22.204242243531347,20.612836572215592,18.643704784365365,17.3476563058119,24.664291233170985,22.31422022661282,20.700835308301627,18.750440048490393,17.386484507469607,24.61476382048476,22.08163669431064,20.661777403863915,18.688289825317476,17.353906863787472,25.098921011940313,22.31981559030113,20.806416978073333,18.84963870043786,17.390495668545476,24.643161637171374,22.141523635844496,20.800524337011257,18.82527585042584,17.38576964638684,24.693851436884554,22.25940965231269,21.140831314792024,18.863281322931364,17.494967638139933,24.288402884759627,22.12122160430554,21.16735654003491,18.81136126880862,17.442502929260918,24.416862764672505,22.31076553028032,21.345178079198764,18.839937415691004,17.36819256029174,24.450394052043574,22.21674422033619,21.731489721293897,18.84899615942152,17.353608547305,24.819945462544005,22.067452337254224,22.24171134245079,18.919450208681024,17.334902806173595,24.863489349427166,22.10969376806549,21.886735188875132,18.885895891047134,17.17443186495852,24.950299896771572,21.963795666116066,21.91974899193265,18.874732863527576,17.06698156990884,24.713445959431656,21.811857942734264,22.182687045572568,18.84366607557116,17.08218118348218,24.469893131183266,21.768347652813908,21.785849124485885,18.775297928356,17.00219109802947,24.661196733530815,22.015898743147694,21.56424106425021,18.83808358328575,16.93062951831896,24.781618776846173,22.009458569216918,21.787418085305035,18.84993107970681,17.027343451908212,25.052132841406294,22.319355421553947,21.992436670421863,18.83912394764055,17.160882251546305,25.204138569760456,22.416071253178917,21.71897584070637,18.792437021874534,17.15360008687845,25.55821848490655,22.589909785296463,21.883980137417556,18.87533200684514,17.18172944050441,25.179132414792104,22.541193502088348,21.698911598669394,18.74407595712532,17.232568071727112,24.65824556428762,22.3667843684155,21.5710407597529,18.595046031236315,17.089482384504823,24.733073729764016,22.387087112300584,21.546988091555654,18.640508261571217,17.056388677224465,24.28744331843947,22.350041493884298,21.514700138038155,18.746433820012093,16.948581211250357,23.83813132039382,21.95449867582159,21.455234078525955,18.798346028954555,17.010490664371694,24.16409416238014,21.866285858188423,21.696723807358328,18.771276639286857,16.849323943219055,24.49219096267544,22.03723913078011,21.689321563548265,18.89749862102382,16.937411049275163,24.556378141365702,21.859699154516456,21.572126133569856,18.84848203544563,17.087334367291614,25.71992831343362,22.15979791131896,21.81303619543487,19.02655160955156,17.350268480015004,25.813270182738904,22.440013545014004,21.98071069152998,18.927280640673146,17.382434026903944,25.648346295335255,22.46573990816244,21.981278464346715,18.83954389261089,17.537012756748194,25.42349909429252,22.26296675687333,22.052083266122214,18.69344901470502,17.421674166845392,25.196270478434474,22.36440034251848,22.07991503418267,18.626876029007082,17.28486963721529,24.321996095248615,22.128112606692707,22.02166765631482,18.378370192574042,17.004627361876263,24.256889903714217,21.98160051325938,21.847649641789673,18.38363500536051,16.89011871800762,24.462514042765292,22.236111750649666,21.743288058669528,18.50088517549547,16.7930879557697
24.223742415707015,23.100752127109967,19.387421414571634,18.592053058574077,17.349762013094995,24.07302451103966,20.73085983359898,19.862154085119283,18.49776773399441,17.64804898853365,25.989819715919783,21.81550969552891,19.987642755843936,18.534728283397854,17.388469608821318,24.46493490085029,22.07096718714047,20.280649129971067,18.511296713089102,17.272892201619563,24.836349836737348,22.09683355693017,19.951830498154667,18.627734409432005,17.48598603363653,24.57456350006709,21.81417160110917,20.1485308469987,18.509584155510577,17.444204977177908,24.718300924756047,22.203206607568838,20.322895285070395,18.58196029027338,17.416524309189292,24.504680800363577,22.22092554921399,20.62248813994112,18.66466089435146,17.41393137967895,24.678663378387768,22.322128293729776,20.713794962515575,18.77266406150585,17.417394192203595,24.63115825820033,22.083534523364154,20.691355962952674,18.696694581005065,17.38175606225162,25.108836659046773,22.330014600152367,20.813462030038362,18.86673916835607,17.439330823948218,24.66145957465158,22.161131497104815,20.809451515485204,18.835137226806545,17.443479615132777,24.71906228913401,22.272844951366913,21.147763003375182,18.873997990545462,17.538017529687608,24.30761322609724,22.126660951022096,21.171903322736576,18.82859671530669,17.508621298778486,24.442588749016426,22.324322173907255,21.345775562792817,18.86658058240618,17.433991037479217,24.479033222308647,22.230736036755275,21.740809622503114,18.872419242606643,17.38467857114762,24.846253342127003,22.082247466473337,22.24733674155423,18.93026136584337,17.369019855852756,24.88758576824194,22.12720871137116,21.887390660074388,18.881329147924525,17.21694592414616,24.973486503325585,21.974999346967518,21.913908672261343,18.855209035499335,17.081582041767074,24.72749883344312,21.81009889195957,22.172594364829227,18.828418497234594,17.106753125450847,24.484577348466832,21.760994238421844,21.777599095331116,18.761270671883402,17.050419895235493,24.674188390760545,22.000674600723972,21.545792597650472,18.82866255787063,16.96841256481185,24.796248511249267,22.00252826652744,21.767655428988387,18.84196666948667,17.03829657064753,25.070702530612415,22.320868230266726,21.981747602062462,18.822130509300088,17.186766769185102,25.237335046050266,22.41736855787331,21.713416685437657,18.76202717940904,17.163471560625105,25.59284879419182,22.59181547781551,21.87646304871759,18.857327951495087,17.17954617856632,25.201684458951924,22.52991001181237,21.6908204017321,18.718298834945923,17.213771148718973,24.679195534020273,22.35143294181186,21.569131462834388,18.57902374797982,17.094242760714838,24.752909786401315,22.37742943807705,21.543208103101353,18.655351320917045,17.064829223392067,24.28870962804681,22.337814988514967,21.50532247855955,18.754058688794288,16.95088332802397,23.834774141426983,21.944418838845777,21.4442600719395,18.788591636732903,17.00841039274488,24.170535210920853,21.86251699217491,21.697458750494274,18.773530378398227,16.85735015385563,24.496789883752662,22.0344642954768,21.68382581632551,18.890032109607272,16.94802315346009,24.562788752816665,21.85464719372586,21.560157389754117,18.819657009472557,17.074536882401027,25.73141615815863,22.168010285843202,21.808008738303045,19.008145459407036,17.37755449832851,25.822588264922825,22.450848250283343,21.982714208277248,18.912704888372094,17.409290789377877,25.654666936168546,22.48674941437661,21.978137212614683,18.79743680263701,17.5650005279411,25.429914096503037,22.271910065206633,22.04973149679093,18.632221097396943,17.42216695157374,25.19809795023769,22.37674023753752,22.074842370141152,18.56458104654842,17.283129446118384,24.32376446672945,22.130476179313597,22.012067610080873,18.33293938027733,17.001315496582144,24.256376084684977,21.979944960709403,21.834934238154567,18.344389435519098,16.919263382491106,24.46500140756921,22.238152739362185,21.723932098118436,18.472534204442322,16.825430802799424
25.337297476445134,23.580647511872183,20.176900380644415,19.682111643531268,18.590516072376182,26.039499395022617,21.296833026187045,20.6987513009217,19.602711595232975,18.95243160187295,27.530244637964508,23.11126265150043,20.576536755950734,19.599838444720472,18.338920062193274,25.249501061721375,22.950487085636052,21.12469975345721,19.369869828808028,17.970819611980183,26.269848572404555,22.836577699773123,20.634579892373278,19.631141776526785,18.575016458487067,25.735613863669972,22.56087823869253,20.770115303665435,19.49320776439524,18.49783128160415,25.637023392893344,22.933718810433508,20.92002428059042,19.531634190886926,18.468391141635788,25.195781439198043,22.86448381440646,21.213135387192064,19.615645953566474,18.484983034029206,25.241426793013833,22.88713982218906,21.056545863487877,19.608064421536447,18.70999812570866,25.117975536567958,22.813640617950234,21.11382689571817,19.55757404194793,18.667731792169572,25.769573286969727,23.134265936551564,21.235754056264035,19.612957819252095,18.750352538700017,25.509408998822757,22.952752034480117,21.223123559972827,19.49290147381725,18.65409319401562,25.957644633164712,23.13527618693819,21.45441016194635,19.517678069000546,18.79582774066706,25.702953341129138,22.84963670500639,21.597498845395158,19.52354441730926,18.681097885837982,25.793014317265296,23.043786245704982,21.828809996469797,19.499382925257045,18.59826537608451,25.962091850819622,22.918324977065815,22.066097293190168,19.542457042221525,18.54581800153966,26.38702959349242,22.995193350528815,22.45033781799838,19.596625464152034,18.588907840224785,26.091203940364732,22.886027981415715,22.064195454315954,19.521700580199806,18.44850649538524,26.11052153786227,22.953023534761194,22.19517630165065,19.458718682510302,18.31196332550071,25.667693236609022,22.597991603289856,22.20662412379797,19.3916146463785,18.31659244135858,25.265686908104463,22.479190637210166,21.90079063912626,19.289188750074512,18.16064753782611,25.159567335754485,22.63026299321939,21.653059931595287,19.38466093560657,18.104401774864858,25.534142884068086,22.910793051135773,21.903993716896764,19.378430712305484,18.222759408041952,25.855852921201965,23.193755287171744,21.97426305563249,19.411410910097878,18.221277808186404,26.157059727460126,23.318822307420206,21.76832688509,19.44040226633907,18.18671018590225,26.489459026378228,23.618864301186655,21.891369226214547,19.62242410630527,18.316522265678838,26.132419741876067,23.37596086345665,21.645337431389756,19.440745675763083,18.28569436820903,25.304371989058076,22.878821736964944,21.40900109203677,19.211656834781312,17.99643375937462,25.357041249886898,22.94544491857968,21.441652409925766,19.32559191529591,18.100618286476813,24.715292964166853,22.636352613289407,21.310245369364264,19.277148753254117,17.972791541600856,24.264144275038213,22.055760363924122,21.33732499348556,19.209093861618868,17.89681545185467,24.675549509228517,22.040221172238148,21.51145707919428,19.20820624784934,17.809394548459267,25.246668846028207,22.36941329453716,21.556927480928103,19.36586603548834,17.954093856767305,25.433989116559378,22.222995914883956,21.38469979495823,19.251397866727302,18.013163688304886,26.73585681772888,22.89136043656676,21.684561554318154,19.46493512411625,18.35229854850092,26.921121941429682,23.274365243958407,21.66310148150211,19.457979842396227,18.417045047494334,26.623348011309748,23.363757509989256,21.63668689139403,19.373784603915652,18.334956074949858,26.19829880062369,23.10791216089305,21.57585794457835,19.218818021941697,18.08235564203802,25.918575380448964,23.127715959181252,21.560633590800464,19.16929392197808,17.965027371978074,25.094660083442218,22.786451970559902,21.453718068573586,18.929463486308453,17.562747819435423,24.97087577516603,22.534744992710074,21.357569711375316,18.901428433736648,17.469187341956893,25.24031863059863,22.686200094385097,21.28391587528129,19.037534885097383,17.440449442797366
25.624152181175152,21.90764551917699,21.340404181898382,20.399600678950613,19.695530761673197,25.432635770585197,22.472881672148187,21.151767757589653,20.87288263055823,20.5711706773637,25.887207113372007,23.384497599900236,20.994745771278133,20.204285166045597,20.191575822858997,25.56163076213842,22.601437715343714,20.694241703168604,20.20994014540727,19.972177298138682,25.825302564344252,22.634553060249882,21.04862648457953,20.369250145550847,20.04701802432913,25.77444816242583,22.62665677930614,20.815565462311966,20.278924862445855,20.04188836926693,25.604870563826204,22.51446824735707,20.853109966472523,20.034076342484248,19.820648700357328,25.69037742109645,22.512643083222873,20.98253185492352,20.05736640285749,19.616307217884703,25.477378912931815,22.334398641014552,20.938235254363384,20.008868531492734,19.509354191756632,25.426601068747885,22.458198983185085,21.12938206901707,20.07479546616659,19.459667623027148,25.720735325628596,22.58358658464611,21.269393410534043,20.105527437115683,19.346790032246066,25.593935538600203,22.5882268588686,21.332770893407393,20.152177826228332,19.361006027034414,25.81108287180434,22.69227468964832,21.43633536026374,20.23962021155382,19.430120883109144,25.734302520294648,22.912824553968132,21.46574658155525,20.158564076231954,19.392961484898773,25.77815407231746,22.853597075400643,21.459967004943056,19.98480580720615,19.30865629333872,25.53762717058855,22.77410557371355,21.690071576609263,20.037034918663533,19.372229349926407,25.837889597005862,22.990042010268382,21.62756090497603,20.027225401995363,19.249780796437335,25.661549721165578,22.83179963395164,21.43063988050504,19.881279778236554,19.215144333277713,25.813989391410853,22.603473892992277,21.53640132022111,19.93107116135273,19.193097162682385,25.398320128171395,22.369188728780323,21.404635458353784,19.93364120244363,19.121796702918804,25.25463890544365,22.277748472053784,21.11880867989471,19.790480306182953,18.984575126962948,25.610179519004532,22.370259106890376,21.10516480151297,19.853947592510476,19.115037075944507,25.777322286065736,22.64968847495397,21.302821669104038,19.9255519566483,18.982288298092985,25.641784682655747,22.991688549820562,21.328620255823086,19.94452361329276,19.142089466134276,25.70982844729402,23.35078403518019,21.467410319434656,20.006667880769747,19.322108040519318,25.913401841672755,23.3776041329784,21.48074378451826,20.09646430286731,19.460914076674918,25.422771950526943,23.08040341180084,21.556194791064307,19.9201497955048,19.278747852934398,24.720915198997538,22.77620248641457,21.363195048087697,19.67774894990435,19.399637933841596,25.13540510721632,22.36008670482034,21.304307079402303,19.717047745774927,19.211270453955663,25.008053582504758,21.972905811448495,21.088938410133267,19.642352762835404,18.956613874939727,24.800518307910806,22.132690833139357,21.247855812213164,19.566515629404247,18.863375995271237,25.02608948675006,22.38538965031713,21.255179489296374,19.732244012146673,19.08327393291602,25.875767648004576,22.644872688079,21.467157004698542,19.897878786473015,19.10974518801612,25.90220890539238,23.121764016073975,21.66002680638045,19.957022481467526,19.231565647525922,26.8378932841415,23.565962278279827,21.66121284881418,20.227890075429674,19.69237025118641,26.97991496506149,23.503068806501336,21.701805406958083,20.31380807799365,19.80166150119829,26.579976292506295,23.071428047420945,21.477631258778892,20.075643718196222,19.38950502359022,25.918549815319373,22.502107887813374,21.30372232243412,19.856430604420495,18.99835446793204,25.720411013887094,22.37569672910282,21.15101602131115,19.68045997618005,18.72517784140762,25.0504749840537,22.13993788705147,20.920602823852853,19.309110735032565,18.14235935370805,24.948330430151145,21.892937446274704,20.615000379257953,19.08832623609094,17.890780056984703,25.316925204447244,22.078191406997586,20.600538309107318,19.180496006965434,17.95408973078019
23.995347018345655,21.1361894510743,20.156577651557306,18.855491272469763,17.656128875174378,24.574560984437657,21.54512165927242,20.40595684060569,19.478030707204333,18.572104897156695,25.072812467186605,22.457609280346006,19.913077658514347,18.687063859842286,18.464360104437954,24.648427912470122,21.511977620423657,19.616354953006343,18.694389991873585,17.592888792404075,24.860475034289124,21.761779818977388,20.00804559813878,18.904532040749807,17.95925740576044,24.907914723712786,21.819408080278095,19.92674277807074,18.8642340628478,18.01195550717941,24.622435984203623,21.777467929086562,19.930306611463884,18.649169560914878,17.81293849318976,24.59801642566669,21.755197714502685,20.115077496050112,18.576865215194164,17.529719120517644,24.4341779567171,21.71252982260078,19.981500293731905,18.605144778113686,17.528782599709977,24.37449989837707,21.790995372160246,20.187804617185247,18.62310382443322,17.55017403160249,24.67838053962319,21.8193049534921,20.27411660560526,18.598937500976138,17.44535501421833,24.762803994751458,21.780588363156532,20.307554831582564,18.57205623157926,17.504865629411952,24.95352256812604,21.883475825021073,20.443987055078562,18.70842528028728,17.617498849981164,24.81168270390749,22.145090812487773,20.672012055556248,18.591636355965303,17.575989649730666,24.640629819159045,22.044626540537042,20.69533950237824,18.44815489928872,17.477586382863716,24.415224214584764,21.97997586975194,20.909925602698397,18.46952070402308,17.43338547804134,24.511160708365004,22.180970926774947,21.020551030511463,18.501531848189256,17.31696203993323,24.33745924529991,22.00046163941196,20.800426406328615,18.457518018634072,17.254028707639574,24.641938470126625,21.706946590823975,20.92781571311715,18.410829828023523,17.213750350796857,24.373489435400387,21.505138997012217,21.069024816801864,18.47301382830549,17.26297599984712,24.070887040609517,21.41696605909835,20.864667970468844,18.405847775209644,17.325682928094174,24.40326303413635,21.50539248336444,20.984035416466696,18.44107674960549,17.432452956073288,24.59815600070635,21.744306989930827,21.441437534784335,18.557223986005226,17.419700317579263,24.48781934964834,22.029149133077176,21.41672882133944,18.618703120720305,17.49269235741151,24.575085138572213,22.391793922025307,21.381499631426916,18.663885303899473,17.536623560532096,25.038550965523108,22.332344323830846,21.28095383960379,18.6952587060024,17.555184672893265,24.543843863452675,22.08909685126719,21.3851125963836,18.655979201851473,17.528152927744856,24.009946325007597,21.815001964805777,21.02517255782115,18.39671142047912,17.576371336235812,24.256836072466523,21.43746350988959,21.051707279763228,18.475063342881253,17.597620971412415,24.018605823291235,21.110086604446565,20.974558619139337,18.370491087114964,17.530322304818544,23.707850141841707,21.40682088720282,21.531395226370655,18.466293454207076,17.51379288474896,23.99461282092059,21.587218824230852,21.52575676695908,18.486847740428626,17.556601671521477,24.649465309272987,21.865576379222993,21.861289122752556,18.5078327154529,17.438282583005982,24.563369027863796,22.314177758578094,22.095516359356708,18.549947083012334,17.435278713146978,25.574854240172016,22.754290280846398,22.116715920479336,18.781301591122375,17.52797519272746,25.622622861960288,22.641182862731913,21.915168843503388,18.648128419091513,17.41583946501604,25.410596935964122,22.3017248646777,21.760958346389224,18.576450602830594,17.23201157033952,24.915751102653907,21.760402783721055,21.44051748040018,18.563137033499437,17.11626539022054,24.79675846696975,21.52325420015014,21.34155494039134,18.457333131412963,16.99370134081381,23.978548119546396,21.25700787576652,21.27590688935133,18.319169399653443,16.831340736128542,23.781807486608066,21.123692024300297,20.96064941462642,18.324564249638303,16.79758044473079,23.872982906828348,21.26722622830813,21.005993712033597,18.38723710082915,16.700008473737824
23.883760273153293,21.13702362025153,19.5468703504986,17.825468616046408,16.468437832997292,23.52450749953932,21.428365052490268,19.862686380422783,18.569405194028423,17.143900710157627,23.423628808302084,22.022602626489387,19.061418881191866,17.820820771903374,17.056070158842953,23.919618950882757,20.655375666969725,19.482097470441563,17.989506043114485,16.11131796388884,23.98672243446355,21.365979961226696,19.45433941694389,17.94416580947381,16.600624940741596,23.842126731660947,21.271224230225627,19.49131416962789,17.92731049558383,16.719618019282358,23.521673995166537,21.238238262125638,19.501568913185423,17.762438732133937,16.577825630532562,23.780397054559074,21.140105031447668,19.759730181976106,17.751262952759024,16.389621142425728,23.646306842239092,21.177992748275162,19.71316275066392,17.75413009627062,16.446576133684896,23.72289309224514,21.247477076397356,19.975451299316635,17.816903372816917,16.48864709120013,24.01472501146612,21.417186890949143,20.14553917931382,17.82647609181509,16.38747516937159,23.88201908591106,21.32803757267154,20.2216298888984,17.790012452961964,16.415155239045173,23.80257454129987,21.40284667418326,20.366388699681487,17.905812927447695,16.52999422049154,23.77494912762119,21.804800372881747,20.51404322627187,17.916691842703063,16.53349405970666,23.176224254528066,21.651071113060546,20.502208481353385,17.91102043293623,16.563764047339276,23.075962692334333,21.61298671173546,20.575782865601013,18.0041200287269,16.5610443687565,23.432134473948103,21.832271873558177,20.901689409196308,18.144366644946025,16.55069745002867,23.20124634403856,21.68217623338392,20.838728406359337,18.196794472370723,16.45721121123198,23.301608936640243,21.26700399833941,20.961508412784013,18.14343137108468,16.432785850372625,23.443709093685158,21.232909855472077,21.334683833917733,18.25158870255673,16.448140486747192,23.184493549323008,21.153402522253323,21.177387445182504,18.14987074241788,16.426709939522834,23.24968630426923,21.21732594218413,21.19154199076126,18.128892361927516,16.52104870881881,23.432717358210876,21.362680888660584,21.660390488686325,18.210477694143442,16.50587869875784,23.440309219664623,21.658744746367553,21.733427122560336,18.23722834666851,16.594175695882445,23.56013743272209,21.917862744804314,21.495754420936713,18.189685411463557,16.593421141494627,24.054759062295354,21.827830842845994,21.464539878374957,18.309701215856215,16.782273346632753,24.14088668020325,21.564537941041245,21.63759493855062,18.37525784407909,16.83741899932461,23.92894247930306,21.38620484328508,21.21438621103342,18.164642790742132,17.03225867502736,24.163052982279307,21.10752525199961,21.187032150292445,18.174383320568797,17.129907423401068,23.929103983557624,20.873964831911138,21.226447888023834,18.140234593047047,17.224658845420933,23.528002830900498,21.054779333976587,21.862446810650546,18.21022888487189,17.194341728142966,23.49477157993,21.1490258796932,21.81969134928456,18.169373230336596,17.194417847588817,24.03888955846175,21.424093327776752,22.16084015457327,18.280612686911663,17.238773838321187,23.887046019729233,21.63936081317906,22.473893695232803,18.404273695391872,17.32708931141787,24.877354161809578,21.968306087673735,22.592009836649947,18.653958223996842,17.46716187065158,25.01973910297693,21.985581314633578,22.257126135487333,18.51614345857098,17.43626480242734,25.04600758506776,21.879745938191256,22.16015706657973,18.441589524520502,17.25854646310655,24.50938223026598,21.422405216587023,21.781848917131647,18.246512720722475,17.022034591833865,24.49918650498441,21.24181740533718,21.68014809626145,18.17914253158687,16.781795375980472,23.778032162871888,21.058381760378822,21.74266585686445,18.113377176460368,16.500031799329257,23.64034486917943,20.923813006165016,21.551791562037963,18.16787650208322,16.448972641557965,23.70349177760606,20.93334266877992,21.637721831561567,18.262950935724177,16.599331724601136
23.405641291793795,21.45010692683592,19.175096269961333,17.540837444316725,16.17997451156755,22.555553011926794,21.47909476084932,19.499782099338777,17.830090365217917,16.590900794301636,22.132264010012577,21.71987449493481,18.98885119658263,17.486457536687684,16.32102166252669,23.386430825093015,20.32837597802,19.409575311911322,17.896349427860976,15.922810873435141,23.213298426226437,21.350104844722317,19.301493700910562,17.57893128098032,16.140917642200343,23.216402503214088,21.11306940908049,19.370538444741015,17.58595969697356,16.137649773387444,23.234946969667945,21.0969275354791,19.471079165069305,17.529183643653123,16.0032432472334,23.755224339890752,20.92161356945281,19.68670538207184,17.485285987287444,15.89524679747359,23.740038240724196,21.02566242191389,19.697614869246024,17.44654565098891,15.886615995050368,23.535104451276585,20.87060397339522,19.82728214221464,17.52298775705828,15.891834327832422,23.64573812045312,21.09224520261783,19.941533360755525,17.51282013922953,15.84639265468825,23.479715302635874,21.100765750315226,19.911650735503233,17.480846400909325,15.863498197785637,23.194615193464877,21.212026442931954,20.030092902458463,17.587384311657114,15.937642463293901,23.0201551128567,21.58218449136403,20.11754979170642,17.63660989971054,16.014627042091384,22.777708713749824,21.544134904115516,20.031550678671945,17.63572502511052,16.016353240634604,22.78256450189486,21.652246110361396,20.0964201275524,17.723254107277675,15.99461685638021,22.753519447887687,21.646666053883468,20.26890477513797,17.80357755254647,15.968407871021668,22.491708514324852,21.637812688355005,20.076253725322893,17.860967573487887,15.898000446023484,22.61864532608753,21.26962600104232,20.0819321460717,17.821831983866065,15.751658442298858,22.777850181753838,21.245803359943302,20.26297345172149,17.860097045199762,15.869098591766488,22.457741250654635,21.05848156539112,20.12323694478212,17.739232876950528,15.81538060133202,22.709753020547645,21.055620876505987,20.074864591810734,17.7727446590933,15.886456819530324,22.897104386108317,21.022731662286354,20.413537811307258,17.799776984204637,15.861318975488592,22.919505856048335,21.241289901204972,20.42467569955551,17.790296684453644,15.934678358219665,22.973573649699723,21.460711740324385,20.375730417018218,17.70196200702416,15.862295271956981,23.490432781972498,21.382004482446202,20.38296308552395,17.742643634127813,15.9894616655486,23.50371170449058,21.253980178587206,20.55672792122656,17.707492321538744,15.955254980719568,23.45089620184489,21.218947325322194,20.19977583247083,17.557907600030468,16.00906541727982,23.556682590092553,20.977553198977148,20.202494449274408,17.50543840863188,16.017393561418995,23.361190651478513,20.950453593333584,20.271033128605502,17.626579456448816,16.072456496032846,23.034926303972888,21.080890789234868,20.619487253974093,17.670702724304824,16.02861365360505,23.135286100392896,21.172066305849395,20.587811809943876,17.61035949226074,16.049218129850882,23.493365311646894,21.337910590214243,20.868310707197686,17.687930799040227,15.980771210067289,23.37763267406343,21.270234177215166,21.042281862025433,17.78000098196649,16.023082116399358,24.311790073514192,21.252626590400244,20.957212286920335,17.823344358147416,16.093427748396664,24.365136873185538,21.320813445640255,20.85007464288675,17.800560436908746,16.036152963638774,24.340159799460814,21.289993835234846,20.73852319876789,17.739467212567774,16.00207235420175,24.05537821379781,20.931017468088562,20.483886262358737,17.5978747186423,16.10730784588502,24.161174773926028,20.987021483850924,20.52065149130122,17.555180796643647,16.014277155323157,23.393754590790017,20.981111785228897,20.698370656558232,17.547358098584986,15.938659770098308,23.262338203199022,20.84847194126449,20.42588483037384,17.567628349981085,15.943856645358053,23.30114397895406,20.879221195646114,20.638013602726268,17.708481302380715,15.945521698609815
23.373163126216127,21.442565735700114,18.69426542597745,17.342164862320214,16.249578103165188,22.045572731947484,20.837502462082377,18.822050331749764,17.254428941077265,16.478453184029213,22.478800651574513,21.402466343319944,18.773096747736727,17.348231955493336,16.065193865068867,22.729579157047624,20.49653979642429,19.357936957838092,17.860038405857413,15.859010789052379,22.80490298013042,21.144892173468573,19.013243072803146,17.385568441524022,16.08868846850134,22.6631396076317,20.93847147624059,19.13338280620571,17.343164736056032,15.945363730439311,22.935456173447932,21.07914349234547,19.331052928058234,17.370767232824203,15.831973917370672,23.31850088066475,20.926367170399907,19.563570448417217,17.342550003906595,15.78846272339091,23.382418285100165,21.06416751042593,19.63721873520336,17.293707196417266,15.81638750781758,23.366230303181467,20.747126207233066,19.63166042324587,17.36552988773279,15.851093212425777,23.510888040431695,20.891797109853215,19.686940807725072,17.405310333994912,15.927073408398968,23.260219321496187,20.9200109286875,19.682635706126728,17.342502928935854,15.911616541971402,22.74180185344968,20.979410954346367,19.854385138464842,17.388985740297414,15.903773739385898,22.607208284223056,21.13248919583571,19.843948544958486,17.449727219946237,15.914486610914162,22.571086364268336,21.293965463034194,19.829034394470774,17.473930147171394,15.856216544186129,22.721890393251766,21.444900645247927,20.03682544844327,17.573863381641605,15.827012810581715,22.734058826232218,21.161444883774333,20.284109588220623,17.721285401044494,15.825173226685768,22.968466282805412,21.244560666338856,20.058926138910454,17.799647676696203,15.798334838060976,23.046715160878808,20.987279766308575,19.939154867334445,17.871943756794554,15.697814419268813,23.093052387090673,20.979898998498804,20.24690185093123,17.810731265174468,15.803882755784741,22.78126367730776,20.788386415467137,20.068496822213305,17.73349275885342,15.759552521089418,23.010541587004262,20.891040769195353,19.947602606419977,17.790496544504112,15.714520670146277,22.987473719798817,20.836320269724677,20.18493844190865,17.753328134205272,15.711699027982775,23.10939472913872,20.991744005713798,20.440025378643064,17.576406002587753,15.766754635497913,23.04138434896721,21.157552484488136,20.220838879914293,17.582363115191196,15.72704718955668,23.420253024137352,21.11888274172394,20.34994987967879,17.570310746863363,15.80110036664711,23.344372617457935,21.098391131846647,20.265439447981656,17.40407716048934,15.842502329460938,23.255930000007947,21.093074960873132,19.975465389547566,17.282311748875195,15.87839139691668,23.323975603723582,20.96767942802009,19.913438535422184,17.254344457050138,15.800529171893945,23.1337305321152,20.975631856267537,19.840401311132723,17.387966536028326,15.688759620371844,22.759467928064154,20.907114220638658,19.815404220401184,17.503751786592627,15.699128808060914,22.81957365627806,20.910442615693768,20.036801329224854,17.567457254069105,15.643016915535608,22.94202582316138,20.987084118749586,20.261059549600894,17.732829911092505,15.584009472629472,22.760271489093263,20.89316111695184,20.209292912789092,17.74989008826736,15.68101086488737,23.72845512187434,20.827774104595512,20.39584997172937,17.779796799071608,15.852394609321834,23.91837470426122,21.024128060886472,20.48948687213029,17.65628750608075,15.808218432688212,23.855071724179517,21.152058941650438,20.523178155058986,17.550846111150754,15.915106936873812,23.736286187704472,20.982810211869754,20.55968209487443,17.386660878333903,15.961912972345994,23.81825721779333,21.024645541679913,20.653671728533133,17.392302287737216,15.952346401032145,23.068007544567337,20.980678735994616,20.577785192206015,17.284969596096012,15.827832207861348,22.97293298306161,20.906476494320856,20.359356123472473,17.327154986664663,15.739625022516867,23.073845775027582,20.954373859928285,20.308649886451576,17.44762470820496,15.731651047993456
23.40141795412505,21.433825580286932,18.677980133335645,17.2722461998085,16.18140556954091,22.094172619689743,20.91703819708902,18.75283741469422,17.330007893225826,16.662284127374736,22.492038276327552,21.36623066776129,18.80228588256924,17.23252454899267,16.014900463377003,22.87643849311939,20.521776342887556,19.293589801020403,17.83323137990334,16.04237663840375,22.841969762686542,21.15149264297076,18.976543263372058,17.36183056588114,16.122787898278716,22.713177321330136,20.932207750796277,19.088519309856792,17.322654305946752,16.035624497283663,22.975046611966746,21.052624528922134,19.292198864711814,17.31228541307758,15.91089122656366,23.35131228065535,20.879722961789714,19.498875922127517,17.297772905511735,15.842547230870093,23.400047230487313,21.01030507073547,19.581555336869457,17.277962193052133,15.797647477834644,23.399531019931036,20.69504948291626,19.57518941594291,17.317337215382786,15.811836464897123,23.506858957667063,20.85737074088731,19.650779433068358,17.36642740086112,15.765532454393238,23.269777598902333,20.871015189708167,19.644748393230593,17.33103091448953,15.730577969912947,22.78648304876041,20.946829042007483,19.842857855831067,17.39439768730938,15.752994687510304,22.643601095328105,21.111532801053837,19.828401293243008,17.45540158908962,15.808302514560978,22.625711670934436,21.295371004500325,19.83580451365592,17.50594106548351,15.81036092935455,22.770586309059816,21.4379015109064,20.0567097637157,17.60746064805638,15.875498423435639,22.785398547130754,21.182279321767084,20.320261483777195,17.743021599927296,15.882705043797511,22.97580091842553,21.268239037824642,20.067987416167885,17.79954946095837,15.842424463842573,23.067299142737163,21.01519042779686,19.967954811799558,17.83505696022184,15.722817496852011,23.1017257696038,20.99510678813818,20.260166084543492,17.768661063003975,15.816151668080735,22.812997766266186,20.80565771637264,20.07660778860993,17.687151769390788,15.728353617324109,23.032848223881057,20.871820559646245,19.95557833443671,17.77191281308916,15.65031864929259,23.031090509178163,20.840595429544194,20.210971173312338,17.755137808605568,15.646483896566806,23.138489867635773,20.977217771107956,20.464448400291733,17.61662132510508,15.672590906589585,23.062901382000895,21.120456099795906,20.254540818501447,17.62133151831598,15.61116264813425,23.438964562402667,21.096543492732174,20.381558920341696,17.610149768850473,15.65392337114701,23.32870545437467,21.09726515892388,20.306756428452125,17.398287318568855,15.738163935082715,23.23569186220508,21.07091914158898,20.014359445882025,17.298006860602662,15.782459834965204,23.294882688344746,20.966925837419968,19.96300911884889,17.24673425931383,15.780805774476281,23.089407494875807,20.988165193132073,19.893474344560367,17.384092594816096,15.68794219989511,22.737280045588953,20.911655684624343,19.86867790586154,17.51445085398685,15.725481006944099,22.83131152822869,20.91296705906068,20.074416438789818,17.61658057168812,15.640152228546743,22.949223176427477,21.000987762060944,20.299778332372163,17.743622987368127,15.611213273673604,22.749684005394748,20.87304548715793,20.21605193412406,17.79492454499748,15.651577286255977,23.735313212057203,20.823965589991385,20.394842293685407,17.816501430239402,15.832658147976394,23.913811455847945,21.02059557228155,20.473625662967702,17.705719946404365,15.851261031501517,23.855694210981618,21.134968026805932,20.508955901083873,17.615630171771826,15.983363741595715,23.737021353075264,20.927119082925717,20.553478747227466,17.478634824893323,16.046842654837697,23.858676104767255,20.97729919423933,20.649898960114054,17.467137754946844,16.02882416850551,23.098926194625157,20.94459553847911,20.576963935347404,17.369157187182886,15.883766602548537,23.02150529451396,20.85464394892794,20.385670072691866,17.39855379291664,15.82665940259314,23.127915675231666,20.928196714355543,20.329985296995858,17.48144214035605,15.775433536568334
22.730862826910645,22.125926926136096,18.572277985167393,17.684268192341754,16.469578508191805,23.870134927002155,19.656091165814537,19.19720789461807,17.91251995421351,16.777640206801735,25.214813816913274,21.12115849185453,19.33189464021944,17.5686688975366,16.607932287108326,23.10583529784238,20.80876844236156,19.398813039303175,17.697110511183535,16.423755145446897,23.799851969344566,21.04569886636765,19.23499330220932,17.731982253531207,16.59126088224274,23.74846822257681,20.83543729543691,19.490011431870986,17.613757198799387,16.53890403707843,23.642552292993773,21.23403006517377,19.641083710040686,17.558380668955575,16.574279168831843,23.353573925545213,21.248813161320648,19.847989270109647,17.626173759052595,16.47962267224002,23.50774849453066,21.36280486618128,20.00608316734829,17.727310851211957,16.4804262881815,23.500525438705267,21.220392136362484,20.018176701586185,17.72002403424467,16.44147766739607,23.815278223949374,21.351376036513322,20.168776589624237,17.90588697596877,16.47144544757031,23.584936766180583,21.255634191463322,20.269674500530208,17.956216772093036,16.39743616665492,23.675492517205996,21.321002306310525,20.755816768409254,18.042290582184393,16.57215337108396,23.47970177545219,21.21504102633181,20.82920811865741,18.029258193960345,16.50399484307823,23.582096507632194,21.314443199151846,20.894661299877896,18.102263056443775,16.44180425288365,23.579328674822357,21.31456598184492,21.30058522015208,18.154657727284192,16.441981477152904,23.787617934752763,21.077281346019994,21.83228902081437,18.313596502540477,16.42699547256227,23.67871516498092,21.03701498754841,21.543504580624322,18.320300332956457,16.239341393813483,23.678710539980948,20.999572223821026,21.508078699566408,18.34381949247056,16.180873938848247,23.495923039450837,20.921690852683362,21.990558828899225,18.285020608758707,16.272500502141696,23.32399698552629,20.856511479993664,21.510532229408273,18.192176917931402,16.201949142076774,23.498058365795863,21.097017194566526,21.306309682950857,18.204765640478623,16.176437742138937,23.708355195641037,21.16608881588294,21.54257089842526,18.174475603505066,16.200636095275676,23.852025428770432,21.291863118882432,21.859813067175743,18.107407869345913,16.353491387554296,23.87792214101148,21.403974192997,21.564578253016577,18.098172325257146,16.314752352222012,24.135973969680883,21.459285320745998,21.80744136584636,18.166388346318634,16.34010378036318,23.82391215866094,21.365494261926393,21.7114773550904,18.025338476594627,16.40741604164695,23.36544857254762,21.23780527206137,21.559946457621045,17.896494055047686,16.390787756375026,23.53988379176061,21.345458622929634,21.489120648884455,17.976485882757054,16.297066556498702,23.225707358904266,21.307782150749212,21.34591708585581,18.052828322300137,16.193730050925815,22.911005836163447,21.0517313292683,21.37632475362266,18.152094423576372,16.26080101904933,23.2137014190222,21.070985306347904,21.57212996660312,18.13861360509737,16.017736158848813,23.455423809001136,21.126592437127563,21.588375816318653,18.317689280328693,16.071096749202844,23.475356669094257,20.9839615407056,21.54358499906817,18.190568749227474,16.22395352733294,24.554077921428977,21.154143370152227,21.820960558759204,18.343060529063838,16.32211601319019,24.511866466989215,21.345005281772796,21.83687844440859,18.162549008723364,16.364616192569905,24.311064746087066,21.33010608122647,21.79775269148422,18.12932679403659,16.595975613273875,24.096397312590586,21.11595639856946,21.90049807346986,17.960530355130594,16.53729440246739,23.873624646772008,21.148524857999018,21.783804957362836,18.004728048272284,16.376417413400247,22.939961804444927,20.962846569219668,21.690053379653058,17.795256955004184,16.2664613366317,22.99911035609074,20.894573038782376,21.574509178479843,17.86626077862174,16.19514809357079,23.144105440924424,21.19490273909428,21.379289976530828,17.964153690254367,16.09327682411476
23.6049191296616,22.42332093336714,19.498624804201025,18.247254729633266,16.9449326348916,24.67395647751151,20.010006676188866,19.518272377296757,18.352351298488685,17.63309450801731,25.901203008344588,21.463199001901202,19.22528637506762,18.20469842564062,17.345811433549564,23.004125405505963,21.5620301560168,19.9954075997388,18.51559479745061,17.11445804656722,24.36415285264812,21.48399284918727,19.561779438962898,18.388693481463605,17.327475556997047,24.19327507164048,21.299369796393805,19.668555835509338,18.250973507709368,17.32704739502991,23.988398513631655,21.743765339535038,19.864860598456648,18.241851297073193,17.31130980002651,23.642855913852138,21.847582720701546,20.16266542331049,18.31345923963832,17.260658838897392,23.883625505274047,21.94592953872304,20.162500359703493,18.267239308152355,17.25842190643496,23.974827408531645,21.88919622734366,20.175174814009758,18.15967298823508,17.19833913714053,24.287558382352266,22.017582192597803,20.262892717608718,18.30026568518583,17.229889046825598,24.02607521335092,21.817604019350938,20.20076680876742,18.30896011707947,17.160018756957527,24.30170472476391,21.914504497098296,20.63182642635944,18.340225583535805,17.24475431726169,24.167235201471488,21.716488004849037,20.766505131246277,18.31654214387,17.186222956204013,24.265095404537092,21.815946703650617,20.979120753953133,18.3398221111785,17.08915370936961,24.334231785527297,21.72170248445614,21.37840312462486,18.427612596212338,17.053854650427173,24.729252721537456,21.669215405238035,21.952334269347073,18.4736758233292,17.060109574330873,24.430908092323385,21.48469882439477,21.584823544860814,18.43993476958339,16.89041233420297,24.35779617305584,21.464106218869457,21.59516827112989,18.432773165297505,16.867596006089105,23.939320909298335,21.236774817714924,21.856898630456715,18.443651813359757,16.916171093225422,23.71438728154589,21.170223881780384,21.478060006980826,18.268400991506166,16.84028788465554,23.73680780293808,21.358174249720005,21.15922083091756,18.369867444391055,16.75444251797012,24.16731247214351,21.57276412739143,21.3714291179756,18.347066400052075,16.828246045841144,24.360351476059545,21.783690233010077,21.53973080397984,18.36465567924651,16.873667234200916,24.590964000876333,21.919507000109622,21.25130491461818,18.377121828525937,16.84779118382566,24.81102941714536,22.15056430972563,21.34811627978756,18.516628207329006,16.908873865490136,24.33992215335984,21.937737523695038,21.225903095672447,18.3523582842415,17.049845990970216,23.63731583469442,21.66686458026459,21.121572822447998,18.19700003581614,16.953241984390466,23.79908973272933,21.762897328443565,21.08758021175076,18.326781269010713,16.950830956018407,23.324530141098805,21.537110683023997,20.96020791719208,18.320826212555694,16.824075876358208,22.984681418244712,21.177666425200822,20.990144119016502,18.366292366806682,16.85239680265241,23.52982463104887,21.223435399648345,21.23120238042768,18.373843573406827,16.572142199809214,23.989009661319194,21.3575256289753,21.16308702152862,18.559416570681325,16.656374139202196,24.13337336214274,21.186763637515856,21.095355020919836,18.416260948051136,16.771863683973866,25.270905076421506,21.629857139992275,21.3668314493759,18.58047296211791,16.99784834045453,25.249196410968697,21.822804429407817,21.41251794580065,18.434421428869605,16.998164808854703,24.9687340882509,21.844180356661223,21.350807630731243,18.350058180448347,17.16563251117512,24.614530068592725,21.639133521852646,21.41542057589424,18.210604475246072,17.063248740513714,24.071203041803678,21.695747455986783,21.268465114339925,18.245826615558013,16.87852109710034,23.23478795731274,21.381793461319454,21.20486934155714,18.038621573409056,16.665194729905476,23.289910081284933,21.28221194704371,21.12126567006539,18.115324187373904,16.605813438670133,23.49917423351186,21.531876987734872,20.966807390505654,18.24183782436979,16.484485499480307
23.321205774962436,20.47802907423076,19.041170953234772,18.151395927242913,17.486846077895976,23.60091172214019,20.687924898925598,19.633680905177037,18.091852809400955,17.056950780476782,24.91662748135602,21.60426710190094,18.614256024889126,18.20904867127633,17.24790073916559,23.476474841975584,21.214743223540463,19.640172584861084,17.738759471015477,17.017456737179298,23.8625441012154,21.015604899170917,19.149442207041126,18.05122675376454,17.226752123737036,23.871269483499855,21.158726215655324,19.254059752110287,17.96786854500988,17.07645977617038,23.749499697673016,21.385767166728407,19.33620874469952,17.934055932789796,17.031094335907902,23.715645218274908,21.431840630150987,19.677069216264908,17.926622120647316,17.04722656921415,23.54233493498835,21.33110097517477,19.654632055436235,17.965441065362985,17.083925477194054,23.417535390485174,21.33788447213022,19.82824592805012,17.884508282006756,17.031246114989795,23.209482229528952,21.2699016625365,19.8078631632375,17.85074928601444,17.11741418994071,23.21913802237238,21.036396382286775,19.774441606361485,17.81576796429965,17.009476477295294,23.359860185461837,20.998358645060296,20.113569440915757,17.727752428942065,16.954643617201548,23.593611203730312,21.164905200444387,20.324635986388092,17.722767309267688,16.821285998551286,23.696984582447218,21.11217086288483,20.41620200144526,17.707506826640486,16.773169338845662,23.933280013431055,21.233872011482163,20.873446838318678,17.787352760756708,16.782059470792056,24.045198440221032,21.201171478573997,21.300800118921803,17.73610282590689,16.923335594786955,23.53297510495005,20.959475697620093,20.9730906325211,17.905677366001683,16.90882200102788,23.232030850129718,20.76618982426698,20.849936953383747,17.849013637253144,17.03055194786412,22.856804043812684,20.749504518198478,20.918651925161562,17.950797477118066,16.992228092690553,22.443739516878573,20.526237939124044,20.591610691660385,17.92611714125307,16.94903404399768,22.38075490276435,20.63457591892684,20.204150387781983,18.204827156602892,17.024351283798353,22.901207768734405,20.953805081723125,20.253487452505983,18.04985201567472,17.0852228071294,22.981310677197246,21.11103979088771,20.167850594758846,17.991444334258794,17.083730784385004,23.474700193657778,21.192685280167307,20.052131129655386,17.876091293639114,17.122816485288972,23.89057631651659,21.35151077691099,19.996174743989886,17.922715184135534,17.17282171399406,23.816910535212283,21.267205820663627,19.94307235419917,17.65075359322678,16.953385680029054,23.342445601904586,20.90218576362226,19.834902067881174,17.4676469550615,16.818987583862963,23.4174961134175,20.89860474314042,19.988459080587965,17.639828782825052,16.741372399249045,22.98854555354108,20.683662319357275,19.968221201397768,17.578284677188055,16.588386946925173,22.637737130117593,20.573802983753158,20.225024885130697,17.546556250192236,16.43743911422041,22.826877663794633,20.43599028184688,20.230478501889053,17.48469060006611,16.520832216929985,23.109676300591584,20.670690351325135,20.19635359095026,17.623882789979405,16.564219150234816,23.50387721155382,20.49452097740427,20.172400427590087,17.518749814871622,16.710704904644317,24.25455421728191,20.69076559067135,20.36436018348875,17.760014002097513,16.945201590510173,24.670955065311556,20.875132924114656,20.08874138291882,17.726729697142083,16.99297351862733,24.451272623863325,21.158160449262066,20.209644351563483,17.792652552079325,16.945770206117377,23.95835759094636,20.97880950705824,20.121540744516828,17.758747739235858,16.83743686173447,23.258314142211656,21.140811742413227,20.018448246057467,17.76781081049923,16.684918080919374,22.59400125335855,20.896127788763124,19.95474336237435,17.58058840291739,16.548123981851862,22.362882508185898,20.689642355709122,19.93195299263162,17.63965757982204,16.424990117778638,22.415109527333904,20.56164903307706,19.856187978128474,17.617746378383707,16.273143838007357
24.319840242549713,21.37954057950221,20.828496886222997,19.435736896199735,19.61831782334201,24.777335377031463,21.811393211171023,20.46826231614091,20.243575677696956,19.95360647408053,25.300911656717187,22.788414221683126,20.50173092467421,19.75571769882459,19.252558362785663,23.646225745369797,22.147728885387487,20.04605881209981,19.97204892164015,19.794546782658514,24.954918885619914,22.001831129825497,20.559509956000365,19.827827501542583,19.666199110212297,25.091601116952283,21.990013083562694,20.3254371597038,19.821523918028515,19.688154982546347,25.21249762438614,22.00938470366021,20.45028464984197,19.65693871107147,19.590155986168334,25.296814433865098,22.027053724841956,20.69317080221567,19.645422058261023,19.58473809598026,25.32806630056123,21.86499034349223,20.562487576245655,19.542311460498674,19.477866917858144,25.10264893554704,22.002471647162903,20.620512782612217,19.487523648782986,19.437159563135985,25.304213106206614,22.105779984116385,20.7865599570666,19.532868311237404,19.30043446387706,25.12918216774336,22.04137137773737,20.786746549132612,19.55098632124416,19.15802625167506,25.18441741995544,22.120200575385923,20.847877203950937,19.55991281595474,19.245514649244484,25.123613836272863,22.241432074314638,20.96339887049765,19.54790741380246,19.120867788752598,25.163316714017775,22.19517712278761,21.06565073360729,19.546532567236834,19.001094001379208,24.95380640466189,22.139105660293264,21.297290558248438,19.527743714104307,18.9784595855272,24.86423958069272,22.254436946558748,21.32980912311796,19.54135985295161,19.136006395939905,24.899086906965785,22.031950766102298,20.957917432787767,19.43276835594939,19.060738931324792,25.34517721373991,22.086959872026746,21.120497655178134,19.419863090063345,19.103825911223506,24.978726721452624,21.921907436944235,20.979609699070142,19.370560965132505,19.176292145221453,24.761968847000826,21.837669001009154,20.775644961311897,19.42550942911936,19.294421115267962,25.151333716761513,22.031311505731786,20.877650119852635,19.48540168697541,19.180538632844723,25.142522149387908,22.305954987931553,21.26294030535389,19.497063082833623,19.0286545793716,24.577156313725474,22.409386180931616,21.203520091646514,19.547052906429958,19.091518103236663,24.631990068597013,22.69513597773406,21.32730635284938,19.60752973928252,19.133474407405547,24.720758447061066,22.610377248250096,21.15934404513327,19.541361238631197,19.10820521816327,24.40306009100291,22.218342761679743,21.112415716005394,19.470834902313936,19.19420190146155,23.787736776561417,22.111132710631388,20.88247168820549,19.47713446700912,19.392941789740146,24.346429084902326,21.75850732916536,20.94676410364928,19.502961544809278,19.468704070894354,24.32132828962373,21.348658079766103,20.685878694191203,19.436048733248267,19.398842465006236,24.198845164750274,21.59478010036096,21.098805675340177,19.376192421346428,19.359602600445793,24.295773967415748,21.80247034095239,21.04425241714199,19.340392172235624,19.360772908379467,25.018376646890506,21.899546367674972,21.302103901041434,19.369193871818418,19.36083659374721,24.944264991871073,22.323497965615864,21.438362094030175,19.391957325092868,19.35125284787643,25.63641755660318,22.845968726462747,21.582598493501223,19.771128431985122,19.547173761520764,25.743980255528335,22.84780401311898,21.470039740673027,19.796428885585435,19.55386645062693,25.581834724572218,22.631587260772086,21.348307510547606,19.667638165149153,19.297971542111462,25.01880149730285,22.220025583229123,21.220981054163467,19.607362866296537,19.004582814273597,24.74166172055985,21.940690193501343,21.17581384730671,19.411526287069876,18.811672086026988,23.906860220556307,21.608888695683497,20.956121419877626,18.963664244058045,18.50302283381096,23.588814014501743,21.431878058207737,20.64639263831574,18.85894785735437,18.329966020956185,23.61078388872108,21.409023446180658,20.655076144440024,18.85814495675794,18.463750614248106
23.463015055939497,20.283638844866875,20.06541335956214,18.421750719519537,17.41111316728549,23.3532607342879,20.844868109238853,19.994009607782896,19.662593655577005,18.876313275342035,24.509230668198192,22.03237029682019,19.994080464419543,18.742078440427353,18.353266973611095,23.351892203303542,21.390006594583657,19.2920875137545,18.477618567451962,17.791549900011514,24.05321626691038,21.192620352283605,19.81874788902079,18.80106619284362,18.011782488709503,24.183527353256355,21.283672466456846,19.68960815112359,18.749318914030226,18.1483846098645,24.542562818837986,21.50084502236092,19.882855167896604,18.598863335405657,17.97470900874442,24.605982597501196,21.500863278412353,20.05135200443337,18.50694817312324,17.709329234359007,24.470490420119212,21.398593110716895,19.942506689434975,18.52581914965238,17.648516235083978,24.356740786931407,21.47021086106711,20.104834014748196,18.485550769653205,17.599217120494625,24.588215993878595,21.539386649973007,20.176682998295043,18.51921877978027,17.479865716122884,24.19997706087494,21.33224968522563,20.058013392214036,18.334239522620443,17.398014824016748,24.355708903271488,21.441526339123733,20.169585548772943,18.414701999125874,17.464105785274302,24.43114432438426,21.731353532307786,20.324816568224673,18.35526287398139,17.43871965728696,24.38020032245155,21.73274282955399,20.39257527997161,18.217407796011177,17.43161316885126,23.957254365116274,21.62490908126152,20.610274107637302,18.247665937189332,17.306593112603995,24.036274328069368,21.794709307526542,20.69372158060011,18.321730177466158,17.192728059424347,23.766957940488037,21.47502172319925,20.440139398315562,18.29674547933463,17.118758760968127,23.855453216007096,21.168221818538676,20.637059042972012,18.260393459617724,17.069037799747225,23.447882375713572,20.970903289719196,20.853075512584162,18.376588302170674,17.04326103341662,23.549358197247223,21.03817507787251,20.68625199333025,18.3007267001949,17.15600074230721,23.821336026520918,21.21836403178036,20.903735395589962,18.349500218405648,17.283407280288507,24.0794045817804,21.611326500788497,21.412255578631882,18.398849574482036,17.26511186899166,23.98494290797704,21.869996844428876,21.39341259867453,18.38883624376171,17.342231475579002,24.14382456371897,22.192683848945133,21.206870336103957,18.38927849367999,17.370873069190058,24.165391207206618,22.106582007172435,21.085844350050433,18.39792678207015,17.380390103172537,23.90840767227748,21.82227180577408,21.125584980752585,18.377768127163698,17.39089987004131,23.227303982612273,21.584142879827475,20.73488031119852,18.15520620158037,17.497327130972852,23.548381671368375,21.18581382470717,20.766533015425367,18.28499015995587,17.51992784272314,23.204079772715403,20.867060093662527,20.67594310008311,18.200194556848334,17.47878985539886,23.119853418298078,21.07535970402962,21.23058858544575,18.315945181612292,17.441940025128403,23.20208391001524,21.186684436906184,21.223081561970393,18.27767332362379,17.37640591029333,24.009552147656446,21.24840403559532,21.57646251954217,18.343527974729415,17.256309108601407,23.997554623223238,21.70421436266653,21.764273122256842,18.329658267014658,17.207713727152033,25.019401281385925,22.177080178015096,21.88594956407017,18.4700984123106,17.219394388524144,24.986226509263055,22.02450204234189,21.647139603336235,18.380663481745078,17.162679254172232,24.787393711404043,21.72340627775236,21.53846260413762,18.319098800997594,17.076744251254993,24.283971167376624,21.419679519075252,21.181909744137766,18.25256805694641,16.97564797241494,24.184596187183352,21.166070400074183,21.131371542762878,18.179345618802085,16.879806251120886,23.37457727474912,20.78692306041781,21.029463080815052,18.049232547939944,16.75510161502014,23.23668687287684,20.743112920307638,20.73754341312091,17.959633513031225,16.634259064939975,23.310376186782953,20.74138041762969,20.724895677490274,18.009568154034277,16.472737689116595
22.817185314171056,20.407506743611513,19.39432718164516,17.396157437845858,16.23433881735688,22.184481143680888,20.917993917949612,19.448685596126033,18.551148168647554,17.199663724584262,22.851408753494674,21.084149181871464,19.21100161017266,17.23137173666875,16.63308095913997,22.506759445862095,19.98545403540588,18.834307983501184,17.76065954328899,16.07825940302163,22.947066206773194,20.754864765008058,19.148403260265706,17.61234652845144,16.508436996739864,22.931747089141105,20.788102957758376,19.135177242752256,17.666998676544704,16.580569191878503,23.204368592071177,20.562640424424213,19.167281042981564,17.4298757128636,16.406347158657354,23.37771256021305,20.553190819944458,19.34642074310035,17.51538208488334,16.18293229923411,23.357433615524013,20.69101652331579,19.33055073430005,17.511025580282475,16.221394999509737,23.32175279857318,20.70192628794464,19.527067072227872,17.54416376712568,16.165710116535045,23.763911402869105,20.78965830200577,19.729625412132144,17.56779598357459,16.053213823277204,23.372019667979522,20.783559771893234,19.820942279016094,17.618598947029398,16.086597326665895,23.149768067406402,20.896079959601803,19.934306829719166,17.6673214925943,16.29138611573673,23.212805582723433,21.136366235565557,20.05306390060406,17.636885480777504,16.267356859915562,23.07104933064671,21.006406363100343,20.101846589825904,17.656393789413773,16.3510740959493,22.569829978588103,20.797805930340125,20.119795522383917,17.683874440565784,16.46243473729634,22.679669986229822,21.09411661291027,20.466736536051236,17.680320479516634,16.423304403036536,22.779184768298187,20.88937798282834,20.488127627799123,17.70813873160062,16.31155823592607,23.1278462799385,20.432392108824565,20.670814157533677,17.714149456263296,16.200520774853867,22.906661235556964,20.373683148325938,21.185685400426394,17.883076030360776,16.155799379687,22.846968870047885,20.44410215954074,21.034025452517312,17.788324937968063,16.105118710876482,23.175555658602384,20.580432953339606,21.118100803216503,17.89713391180258,16.18578332490592,23.370769568441624,20.84749825273006,21.57343804931211,18.059753982545935,16.214075212048815,23.120700390058225,21.169265565487283,21.627292700128272,17.998204557801195,16.41558802938662,23.309983142515286,21.403847057929234,21.256886959587888,17.847033306461345,16.426046663990338,23.869374116904066,21.25407264974227,21.27174385634369,17.952218235131667,16.5694246212455,23.31167824896868,21.063402506018065,21.371890956999856,17.966073058728576,16.695597174688395,22.840648530882586,20.772955980509636,20.91363251998434,17.729327963989416,16.878230251900813,22.943588680332322,20.45321179393112,20.915719099859906,17.761429916325476,17.018592633930368,22.963346774833994,20.16989871077277,20.94280599512997,17.82239616553387,17.075801349971563,22.662119569796722,20.474501749193568,21.64795256288983,17.9510113714532,17.103818450530017,23.280472102695125,20.504916890816645,21.64438096761698,17.907466902851773,17.043686567050635,23.86155658075186,20.725694565037166,22.02593756294113,17.99366132718213,17.096151903546268,24.108129258873568,21.05360670322646,22.356741962032032,18.148806397411658,17.125979726601955,24.651608328395128,21.43383891652492,22.60050126310408,18.359678808415563,17.23724072146016,24.52642231934877,21.2920052244802,22.13936341228101,18.17666978355671,17.232029562763636,24.423163064350835,20.94423157564077,22.06143020813419,18.187467657527232,17.100709076653537,24.039184635179602,20.57816495084764,21.640090517102678,18.076315347002776,16.914782120346455,23.704050793311076,20.37082271680056,21.55140169586688,17.952358820845017,16.671644203217397,23.09766411796379,20.079962582736336,21.545739359064683,17.81718963116509,16.538125762405727,22.77894581719317,20.062564762835986,21.41799865949041,17.87166756424169,16.516170196518594,22.512098010488693,20.178232482590083,21.407090320301997,17.855003954080225,16.583888353700736
23.156064640918895,20.495386475342563,18.119855011066765,16.900746871562024,15.476365659855137,23.034460322115148,20.707830135279718,18.162801246294023,17.40420863278129,15.973270182940956,21.698315383680566,20.747266224582315,18.59866532046547,16.97193838911309,15.796468101565823,22.20257293742086,19.81398216017839,18.472980857870535,17.19056745654472,15.219776252337365,22.637977286314488,20.430720416417508,18.398435714472804,16.953711942655268,15.641955449052123,22.391800230882694,20.171599707809964,18.413570239413815,16.95647405857727,15.687776243575977,22.00279083437727,19.923182895966438,18.64145126086244,16.82318276851564,15.576190488857463,22.278797841089283,19.710378882370794,18.67658200242656,16.72533510805109,15.434857444086793,22.082556667332938,19.605009007407197,18.544480644766015,16.73333650860789,15.542466143771444,21.82708338947273,19.549154037666295,18.60036434613991,16.878610744559158,15.505706038974887,21.974197457622928,19.699357067272345,18.862367890228267,16.884154621530353,15.516872149791848,21.858093430236824,19.83018091018521,18.76699817197085,16.84580432660625,15.488523320088749,21.835736544471278,20.006004671280035,18.905028617300946,17.006970359284033,15.573726101542125,21.857312251534953,20.426164120402017,19.060095926153437,16.979766671459764,15.60784354677383,21.602277587276603,20.421095133004286,18.99981340216656,16.93951411004768,15.619613873804486,21.425577344717453,20.359447783727457,18.948765296223,16.89673764441988,15.53805247946561,22.032709473615615,20.47115686516136,19.342344215464724,17.051068369628446,15.659438616174672,21.9543100684648,20.412926743197186,19.325022142115824,17.09349300726563,15.645560914375773,22.2099560470906,19.98573866197405,19.420386633932754,17.01734655282444,15.514435755341173,22.497381762817987,19.900152057161375,19.843827604970464,17.106783900364043,15.597296592866849,22.598661291810476,19.845126917613293,19.793763804428515,17.13475020759341,15.626737985295117,22.58609618483297,19.81685126978548,19.74156512269678,17.046904282264368,15.535578908222849,22.59203009782406,19.758836633244638,20.123215925614378,17.04045585172106,15.546578953689359,22.544952737078923,20.077859028054586,20.255669539218612,17.12518225102812,15.628621144132333,22.672754262471013,20.257552194517835,20.091055741761505,17.048771376211963,15.61865902959399,22.786134454505778,20.30145505005625,20.103101881405596,17.06469644993387,15.710667510460931,22.48568111444613,20.054946095818824,20.23107121954061,17.10719431588592,15.735845675819032,22.19822450443424,20.026625087468062,19.892892538862508,16.957844981457015,15.835546406962726,22.234766581318535,19.704505037242974,19.780637844449984,16.928743858334222,15.790949823379663,22.514838282064524,19.639872403668583,19.734153352771273,17.04773199753425,15.76500903771383,22.468259956633496,19.752921398751795,20.261908700984517,17.080155661343202,15.724563789200554,22.516924262074017,19.87216576494016,20.27648135455301,17.062514896551257,15.757646013096785,22.91047968772371,20.00302006717011,20.503562165920037,17.190006763661493,15.754869009758348,22.97710491202639,20.166165476433253,20.84350526659256,17.171542823209087,15.923219230141848,23.309872968460247,20.265373988424237,21.028919175059542,17.10526056313529,15.887460265577497,23.373403411487292,20.14664262776798,20.60483463772892,17.12800846450866,15.872712003179009,23.580533017575075,20.14621028841247,20.532546581049143,17.14670208939656,15.770676628801933,23.29919173835551,19.955016614070068,20.1923789129201,16.974021780434448,15.715614133425053,22.882193721163787,19.891685834454957,20.083763174890812,16.939136779108836,15.583395463667344,22.034914854670564,19.791922586659446,20.22560556876649,16.919688751385465,15.632961773944734,21.73598200011842,19.775727900010498,20.149894534569796,16.973128386155654,15.558780386148664,21.378984691091762,19.69354139799859,20.222148267053193,16.99493835775076,15.702088999691508
15.739576619907208,14.5789377435339,13.506891861498335,13.179737219925332,13.184311791118617,15.6985342844841,13.283997344188288,13.843208796984257,13.032443136258374,12.838196570924909,15.710413810756522,15.072529457458035,13.6047474702547,13.215920733588653,12.96022909980784,14.854144235342702,15.080865365065442,13.555242511657397,13.558029064621435,12.755555948302995,15.233072457159697,14.480191159348959,13.673513949915986,13.256776783508268,12.940947449263493,14.859753102069698,14.443149161045005,13.708621269291086,13.297424876314144,12.843645815766724,14.8441528726315,14.648912828192351,13.828783067654154,13.331546427379163,12.855335125355982,14.952370683555557,14.465572558266961,13.917350347372636,13.224798520117721,12.875447989885851,15.144916390600548,14.158151240436954,14.082156766121974,13.134346975948489,12.895556690881417,15.471664989715247,14.114541483933404,14.12520546166429,13.102217853929318,12.909030054381768,16.05831464098454,14.177571630856434,14.138802361744771,13.099701403625565,12.883921724078252,16.19809331033622,14.0920434078834,13.928657184309435,13.092824514016502,12.859466632220924,16.1749613474273,14.265380350489616,13.78957168123677,13.23004778152531,12.81897601614995,16.237627229717134,14.676348642716217,13.730726304484994,13.249463316863,12.827464497815225,16.3447101061784,14.669789716276728,13.592034702306668,13.351745521389745,12.818921248194542,16.065103860668973,14.632723295585944,13.732441874279917,13.292638498683326,12.903484741598538,15.840695316144547,14.759322901201841,13.749638889143625,13.349046509949776,12.89678960262267,15.651266224119851,14.696166396803921,13.696725055389555,13.3065197145885,12.956276608832075,15.710212684058948,14.520175637107688,13.701693273561073,13.28536731498034,12.985454374730228,15.536237992650168,14.477505350734038,13.737313483542845,13.197376109249287,12.925655720870504,15.637527983929804,14.569977270784614,13.579874643374268,13.33405787767347,12.888566133125497,15.949471051247155,14.470955165729137,13.72850210307384,13.25079827095988,12.918975996487864,16.028508179132412,14.314989038191376,14.050054184862526,13.23999090525055,12.910643527760666,16.082477883748524,14.227513540606179,13.94056512766054,13.343882379233142,12.859002721088578,15.95587227402566,14.279598254043417,13.911894882419713,13.371543807305093,12.801144887401824,15.915629173303495,14.161643325206317,13.87342093039704,13.327309748424554,12.875949943330053,15.715759895974134,14.057601048348184,13.63336602363593,13.358760494153113,12.853006889952592,15.808093893528497,14.13802272667375,13.513616806760416,13.277228258134945,12.81982215276958,15.894655351316825,14.044978513635048,13.602013739274605,13.240089049037937,12.804697962111584,15.996172070510045,14.185619928341382,13.654574039997732,13.230404437015007,12.901052788462712,15.923396513006514,14.18349040053484,13.703442828478478,13.182188120225442,12.758992437169535,15.88677104876291,14.492286553576964,13.807664103813881,13.198939431686696,12.769800938764273,15.839850799012604,14.391619298681793,13.713723689342027,13.205414568595382,12.706483919595007,15.668613454322662,14.503977787840928,13.734503305441052,13.08004472845353,12.67787461708375,15.755893242986023,14.47590393630561,13.714115701234846,13.059333078005457,12.669282425178896,15.786536239290953,14.539151584802283,13.655222812778977,13.0026966980849,12.76646411014975,15.682287234308154,14.324934100685443,13.734663111427015,12.956037208283112,12.708341709750991,15.813272360023001,14.263130321555627,13.851072230592191,13.064373565124859,12.750979564280874,15.782439343181291,14.378791767924744,13.728565450314425,13.184555356049817,12.815130386351578,15.84862007498115,14.333380525344342,13.912515117047132,13.236243939004106,12.801373460111785,15.790449436288835,14.183041272878867,14.037366932261312,13.322745941094556,12.834827412142323,15.969297171086392,14.337913633978129,14.066948849213954,13.354403946359517,12.920252562767411
21.618942229068516,20.24234925299776,17.29361637655318,15.92052328947858,15.236506101129354,22.352594417107372,18.51583857096908,17.214669021106655,16.400088526293594,15.352127829326774,22.708764823067533,19.81393671749144,17.5034430411695,15.967369546853341,15.146357161636937,21.35736993927951,18.49649465094427,17.831523999622924,16.434295167722105,15.29872868151338,21.83463785398081,19.342305864616453,17.641011082937915,16.21219725930991,15.292961708806677,21.844879164823563,19.276884692196653,17.73639469121347,16.253789666312667,15.269689329739416,21.710611335381323,19.50413603754258,18.00196210491918,16.212523867507922,15.271084880711092,21.573274206329497,19.477716709166245,18.211724846742833,16.291629406016227,15.195923188105017,21.648804208106498,19.75838039004717,18.39316999201603,16.338322737182104,15.194061455370507,21.96038197455095,19.66176213560629,18.27803164255331,16.364082851032865,15.118370722812552,22.089510079933696,19.635853374669743,18.510481584986337,16.401114210261227,15.052933302036502,22.009223509919615,19.683097440740784,18.58865147642634,16.44347117357716,14.931938923645529,22.191336380273775,19.770657448537282,18.898496688698593,16.52094364734814,15.045451158887378,22.018280889916007,19.644285876827336,18.79654675688596,16.538377987979143,14.96349866531279,22.02813635296075,19.77417626315822,18.978613167700946,16.615201933251623,14.962925351975574,21.907092075462245,19.784433424573155,19.179060446846385,16.740782904556646,15.047509558256346,22.513650003562667,19.69244837554498,19.540168203671836,16.874811973643506,15.1205002431935,22.11001271948506,19.497514662738286,19.367705196678806,16.90521126191831,15.026292267591433,22.132297527847577,19.546178778922563,19.420520226409387,16.848487699501394,14.992164348538552,22.016168956092095,19.325467844206106,19.807744917103985,16.7511065801642,15.023479995090264,21.929118148115098,19.260023274393415,19.523400109800043,16.6636183576262,14.969808290593335,21.309669177038057,19.271316637768653,19.400602321169583,16.68661277634356,14.963900327968727,21.606008654628525,19.419636599031683,19.59836726910954,16.595127405548528,14.899112267226949,21.61656261349082,19.35621078565662,19.940282537509802,16.550130735437115,15.016396287947307,21.691093160947332,19.534870190266737,19.54244245093262,16.535519449424093,14.949659954175175,21.84261382971161,19.581501828513915,19.691324941650496,16.563696969122304,14.934048715649274,21.726565410560642,19.43407271468724,19.56327832803312,16.36852646616839,14.88524357412356,21.2803822860966,19.436302816635333,19.358025879425014,16.25595352297737,14.94441676321396,21.648060440144032,19.54399774102749,19.175002373408454,16.414068424862375,14.881883470094289,21.351367063623012,19.60848905717564,19.020050250416354,16.466499933257246,14.890369212892637,21.13741665412693,19.485016055448632,19.177688956340006,16.600912141603366,14.945717667330086,21.38146067300995,19.637431574034956,19.40399036423715,16.691383214453147,14.842550120696092,21.789580694453328,19.58854300903052,19.543634180578284,16.88817571831326,14.878752863134727,21.697277431836177,19.5792695862502,19.51768392648049,16.694004704282772,14.936360923801502,22.54271003849606,19.570533766199734,19.872898631822952,16.87177479452878,14.901271526507253,22.395575891336026,19.676245362679964,19.723180421104537,16.671827292596824,14.886822358364412,22.21356885633177,19.603226477851642,19.664030956659154,16.619121639258587,15.08248435739912,22.07732429425502,19.528019846564074,19.707890889787645,16.469417376432574,15.016490093045196,21.87405600504897,19.480317713486773,19.53199690550627,16.498930416828724,14.941538297712608,20.916129669854456,19.346546447436218,19.39163648962356,16.205301601877153,14.945710748636458,21.069118885588487,19.333884026709946,19.343989268685053,16.213679206717227,14.944734821672848,21.364590376129872,19.59469783348477,19.08519063841444,16.3148263312617,14.868053432763062
23.099661375137,21.313621164101654,18.639429438459672,17.041939956591474,16.292270851833898,23.99190189063187,19.214098873611903,18.89404354521546,17.47328390627417,16.95427085526218,24.86022235878453,21.060742569085733,18.63370113898221,17.075315761511387,16.417730164564368,22.426047330386428,20.646793555873252,19.19266794593741,17.579659340503298,16.27532626492173,23.544079338672336,20.611421835576113,18.89281383795144,17.308830242445993,16.52092376768322,23.290688248387653,20.542648948548248,19.045247128405514,17.26898240179879,16.5162621498422,22.944542713160676,20.96386109176878,19.226760994461984,17.262306005145376,16.419156349095818,22.657611064251842,21.03200496835982,19.498228449354023,17.357533474865704,16.326975546831626,22.703463053754746,21.12524046662595,19.569811852137427,17.3274492782748,16.33084623186185,22.82970012086422,21.147652358199355,19.571573596981324,17.306556097246332,16.24932587480087,22.989078925806087,21.13663083133373,19.642708674002737,17.435883883677974,16.25162253304512,22.79414845518478,20.96134083916836,19.57213708453964,17.484084552654018,16.16876292926426,23.076536993768492,20.989204879882575,19.97189409834758,17.516444388442192,16.227482108858666,23.150100659732537,20.877643698807447,20.0117652994296,17.50386642252164,16.1012411683481,23.086812059993264,20.95688702302124,20.15686715242602,17.56096777521217,16.044729775108234,23.244904533228116,20.923428221279313,20.57169727419446,17.575365635512178,16.04142753027589,23.68560205526878,20.83767419887173,21.141979718779943,17.61035356036372,16.10382239181643,23.153327282849652,20.620650303501332,20.83156325231395,17.6762174852854,16.011965395273826,22.999718932069953,20.59995696610375,20.852694511884614,17.635184269972388,16.08755504608994,22.725960337955176,20.377055773862132,21.154369079600805,17.62512923483629,16.137606037809388,22.40863620100017,20.30809845080714,20.78037643700467,17.54330656174684,16.071488824608746,22.334513956529506,20.489391366895255,20.473983026245705,17.59435058491254,16.025447708535985,22.85019783859919,20.690464156973324,20.66148776161066,17.503175693764746,16.044663492715642,22.999122568013888,20.81345311833814,20.888149351491993,17.58714712725066,16.07768085951954,23.283899424841785,20.8990153104743,20.577749628307217,17.61724930119299,16.07157400857907,23.592702775833732,21.08920535496808,20.607596385964165,17.722450310956607,16.071831027327995,23.213974458340164,20.946874280961318,20.466354459003632,17.57317966496832,16.107453247658263,22.554599541005462,20.79752463367779,20.32838826345981,17.438860808390217,16.102490466422616,22.657585518671432,20.904200287189212,20.207334484095202,17.570453620267514,16.016207259417136,22.343953868097458,20.740819422755656,20.11654916620364,17.487195034944477,15.861700469358436,22.113795970012475,20.51390544580176,20.247487114608457,17.556559748977786,15.952620859507888,22.626289548944392,20.551628633661494,20.502254902476572,17.56879818032895,15.719031057303235,23.122154907912595,20.5374435493668,20.51035421514583,17.76687246573526,15.778398913916053,23.33081127341041,20.42555269224807,20.488976862034505,17.578580772975336,15.988363605549049,24.17894455195205,20.728777595649984,20.723821995262632,17.82482788756221,16.180441671870298,24.177084329582094,20.843392748133102,20.629339030906802,17.6663169553654,16.161832039705395,23.734635451119345,20.861393799774838,20.58997049028029,17.659446016042864,16.439759053168366,23.392238567840796,20.756005727438456,20.57512143475096,17.542095989212697,16.30124613730241,22.838632262338333,20.766666104062985,20.35573901345623,17.5992556754908,16.092773282957804,22.114770874974475,20.496647229300862,20.30885354115724,17.335676080011474,15.981885582926045,22.075524784067063,20.399436722342614,20.297994936365818,17.43182086584659,15.942095307256343,22.31245256076211,20.64139994964126,20.080212333137105,17.47666589554778,15.784125092993046
23.122160929707402,21.3819992678015,18.679024368486726,17.15396916967831,16.215552006694832,24.048735963823855,19.19690993798323,18.974961640354206,17.56185715567532,16.855348209833295,24.895020122291804,21.085853100536923,18.596685679633318,17.229344296010606,16.494300083298338,22.46014437949465,20.57721009996554,19.283805050054568,17.615687123784166,16.30879564994519,23.581240138083434,20.60290879685662,18.91962251318781,17.401345835237144,16.512835100808893,23.313399077508397,20.528032783951243,19.05251134796412,17.347872835853934,16.504943632141224,22.957700742458105,20.963152087851817,19.24022125891883,17.355122138295016,16.439665148881115,22.680318787624735,21.022150149698742,19.53297226183758,17.436516509563518,16.349010645192607,22.710329117954632,21.136989856548574,19.58781412275349,17.4085170542066,16.32496751762378,22.834934482285103,21.1742195789032,19.602196320156384,17.369743951058343,16.256767484587783,23.00672721411017,21.158760200589747,19.688523401343414,17.48772949677391,16.235184279971786,22.829041711525047,20.972748821441844,19.58763050494406,17.512805820568474,16.14505683549021,23.102325927265447,21.003708230843543,19.970958238197696,17.531754570209454,16.190169595441724,23.203595650561187,20.890122105544997,20.033094674714768,17.509373053056727,16.143437582436377,23.14625337026145,20.973428671921752,20.187988556632188,17.58093965966159,16.05063063666148,23.31151036232493,20.936133656733386,20.595343587148207,17.596086071856217,16.10884743593754,23.746834625598517,20.854211688225266,21.18287779846155,17.63649566636563,16.199065935583945,23.194987579724142,20.642232261504123,20.883003393247968,17.71702639243367,16.124091537131694,23.039023152493364,20.623105434967755,20.86432767136921,17.670058717272305,16.161049249895683,22.757113419637093,20.388222991772636,21.16104127960596,17.663729201387603,16.221631137580413,22.44027594951143,20.30560759505495,20.79288154406478,17.57730387411062,16.14197780838421,22.34652565412604,20.489432823649867,20.480326761211266,17.64170213553409,16.055028293388688,22.881167022537575,20.694637090317336,20.656176946908186,17.52427329410427,16.03790713034966,23.01800728453953,20.804588888468324,20.901749806925928,17.62380738100348,16.07116681013182,23.308387984962515,20.887206498601735,20.590203209945848,17.641928662349834,16.082755007202376,23.61083978622897,21.083004298053613,20.624449986921828,17.773697811280226,16.107299168981804,23.24363864281191,20.936034896767556,20.49612865029314,17.618681650600188,16.152550217561036,22.59062324080599,20.782329473388724,20.354018305707005,17.47706844132681,16.150643166193323,22.69063687475988,20.894860816730944,20.22405813126972,17.621186798798476,16.045787927197466,22.37424093064978,20.74725543603231,20.128719694664827,17.55707667638124,15.928131350954072,22.15306556751117,20.535563270024035,20.255388195980046,17.602657662828868,15.986373125128853,22.66959052969413,20.567431508793977,20.51069710780964,17.609761217740175,15.788534561748133,23.163109547730127,20.564657808629658,20.520084198678482,17.827880568946046,15.865048792191583,23.376784899765045,20.448933535900103,20.506606487788368,17.619636558801353,16.083027161602804,24.22096470430873,20.75358558341217,20.734630400370968,17.819354030628965,16.248823994303677,24.208885181601627,20.867204959169985,20.65330162948874,17.68856684648771,16.230306307922646,23.75228998650767,20.904821333545847,20.593412944298986,17.668127326845084,16.428893915604057,23.405956746881657,20.79346796151848,20.59082664939341,17.53796909384241,16.3255703652602,22.84423729634242,20.821416751443536,20.364696996146286,17.61662120723462,16.11304914281072,22.12292780341509,20.52630809779598,20.322524895138553,17.383007610815444,15.980538189073556,22.086758449498856,20.443311244032294,20.292158993678235,17.464281047655284,15.925888978704432,22.3365002920838,20.684922026863934,20.086122381453045,17.479450300135507,15.837234100385274
23.281484190108124,20.442158848322563,19.05555971666818,18.094240523551818,17.500841532921186,23.59963814476283,20.777047125389373,19.54303927673568,18.18109632984909,17.222808667471433,24.853162404253585,21.584910993755937,18.698897105520885,18.18945174474116,17.231432108277986,23.44383234036383,21.204542511956937,19.581691945496907,17.658600034227167,17.179089555482832,23.83317147281832,21.018151411701247,19.147907123730846,18.026794843088886,17.307936015953164,23.85194329190183,21.163338454420742,19.275306915853882,17.962410027674245,17.185928562772766,23.736011302985702,21.37512079736878,19.391069600561856,17.908391370009703,17.129161940634134,23.715532400942497,21.429186227822555,19.71052812390718,17.9099404685381,17.125672367126565,23.549776726555343,21.340602269112047,19.68559676871964,17.98737713447757,17.118781182098463,23.408942408616532,21.339100814595547,19.85444766150055,17.91531489124762,17.053313182692108,23.20453979306145,21.2640770031829,19.827931207927953,17.874309445997557,17.1220063512037,23.211273076013892,21.02465634728649,19.773594702883358,17.842650062609426,17.011312515876906,23.345015524603017,20.971404738069026,20.116732673552683,17.752936651053965,16.979500156120746,23.581453599750056,21.143103670277704,20.335804288694607,17.733381035032938,16.87295204143056,23.688818341373988,21.096737283244163,20.409659129836182,17.74076048830792,16.839517158872304,23.91666952058655,21.237724515304894,20.846581980578488,17.81518271316705,16.825244963138452,24.02378162862886,21.209704096891944,21.27259019546272,17.76996498081072,16.970180544338497,23.530699875077907,20.97964428257818,20.9412260243647,17.93131236003989,16.972439421139228,23.20763217964834,20.765324774711818,20.823835379319725,17.879902036342532,17.074652202098925,22.850944020502673,20.73333669865314,20.903315594607065,17.956051983748086,17.013480241169187,22.436657705510463,20.488219850291017,20.5711496116943,17.933700968283496,16.984684714521066,22.38499437016855,20.583226575435024,20.186858687491174,18.196051812224354,17.05310355807891,22.884741990403107,20.89998722016451,20.243537665318666,18.065718311534464,17.098424059882145,22.981171695510938,21.05975692171605,20.148187986919744,18.006904788373827,17.09049045758606,23.47477212464014,21.164950109601648,20.0278442995067,17.9272957790539,17.14137135862552,23.893232498779707,21.339500526664924,19.97215262898479,17.978281674308825,17.183921100347273,23.790675582946356,21.27571847361694,19.920454945946823,17.71368041245799,16.954230320194824,23.3172109210806,20.916536550214214,19.801717034550546,17.512605102808447,16.84278612957396,23.388752276634857,20.910808232842935,19.94370524915531,17.672210260436035,16.758610727390582,22.957467564175243,20.719636813748828,19.915902585359948,17.5621252160196,16.62227598208226,22.60189426935952,20.61061518689417,20.174726346266233,17.524759725189874,16.477296585422685,22.81788826596309,20.463610445901768,20.184842726907164,17.484386681382055,16.56795705333945,23.106517676748506,20.7033561024285,20.150943378550274,17.653806279277937,16.56938827756041,23.496803740975214,20.512903475244265,20.134078302870357,17.552183411827183,16.737818572045274,24.2383382366712,20.670391839988095,20.34548000685705,17.79436058627391,16.937438173455373,24.66229391023673,20.85396374594227,20.083538702541997,17.758439062749943,17.01479335822581,24.426658321876605,21.120966993445215,20.196900709773196,17.821403742719138,16.98913317160357,23.928628230124623,20.914761407408324,20.11037194687838,17.752662494373105,16.898700635640342,23.221642862841513,21.095197847607103,20.022601581477755,17.732824845202238,16.738891201068107,22.558349851263166,20.87978299501818,19.954747274474293,17.547158365930976,16.59710069291581,22.32048386312355,20.681761432706217,19.924941838082965,17.617938108771412,16.44234504504761,22.3739974439911,20.54290609127475,19.843477272807522,17.600306375239093,16.269272692842343
23.963118693713835,21.69924254647814,20.9329408796984,21.549867512823262,21.806697455354804,25.34096731129159,21.837862807955315,21.38883517145183,22.917129885821712,22.828005407165882,24.98289023924202,22.23956033522927,20.57100819316794,22.474544349225337,22.080527615022234,23.251756972109426,22.097825990301068,21.09723739464774,22.050386450294738,21.867441369145233,24.625386983607832,21.92985518746674,21.101640463189863,22.247596746618097,22.1808426449667,24.743272474139822,21.81403365897863,20.98816486928227,22.271038542292096,22.093187841677473,24.82416727801835,21.81720678130922,20.88696711785659,21.894420463619277,21.798899844534496,24.96398614500321,21.914622230210995,21.15327114685543,21.665095580100548,21.589345330096297,25.248189742159663,21.856279862206456,20.973958161728397,21.44155538271243,21.436171206390767,25.241721095737326,21.9618146286002,20.853209564409262,21.26264110696859,21.121725941327334,25.450783002569715,22.061370271350402,21.015737924805563,21.20024018576906,21.11436204928166,24.94657979715719,21.917679033973258,21.10350525518365,21.231822151278475,20.962261565713895,24.855556267893668,21.87022557364756,21.09142842553228,21.31616997994803,21.05350406369306,24.722792105767997,21.85351369660543,21.220468581895865,21.328812683529918,21.067445778305647,24.77445340206018,21.77855237929503,21.39902805588744,21.233361299754623,21.04852275983501,24.452261852186222,21.690886924997322,21.491595876380487,21.197550665757,20.978544069326553,24.744568942279766,21.804685794363444,21.52208920564214,21.219304255564605,21.07597908548243,25.058440873282418,21.679768050697913,21.2231000264675,21.075098988795727,21.063694101605666,25.123814605288516,21.553599961239012,21.304941201465994,21.14693846604633,21.056428852987437,24.796389487606483,21.418073354313897,21.189460474785527,21.18164512746397,21.10700587628722,24.66034500825027,21.490298494919536,21.039447602983117,21.23777638084723,21.144833726495143,24.94225120984438,21.644760791866112,21.04740204580045,21.164676681267185,21.091683434761723,24.73173340008376,21.91961112136774,21.38471769062928,21.109596918892226,20.956439727009354,24.801281395757,22.09065714747328,21.322786246359094,21.112857930257796,21.00725085898888,24.962846575057632,22.326158456841064,21.43505325631094,21.13919803199303,21.061767547096505,24.85232235841469,22.13438879013468,21.31294780273491,21.057254263711428,21.073091001282105,24.33740418724162,21.93701325137038,21.33058246685804,21.07866731647334,21.045813715522986,23.70391805233308,21.829499982976547,21.215999658385826,21.21861627268695,21.140471551939335,23.871159497017324,21.47354157528664,21.284236610402274,21.21183158802524,21.132983266494236,23.545642173514747,21.31455588809407,20.959560042879048,21.210309865889112,21.115594001021286,23.74004449452743,21.499515675216422,21.255034291989514,21.155255307821182,21.064450292813476,23.840786316632,21.576026202822984,21.150481552005054,21.174028970139588,21.130281087834895,24.48112733975839,21.566724140457147,21.20272799260219,21.151915732664804,21.106386867142657,24.277221527192676,22.066111436530797,21.214569726060326,21.129269724591772,21.065400771150408,24.951704542218074,22.369928288820194,21.573059549524153,21.523965703019847,21.41622087359628,25.273637794787525,22.340651618703703,21.49413823808826,21.689061810980288,21.531162048724788,25.213174569410974,22.287461954130283,21.645189902669486,21.66830180846236,21.44986953209728,24.950736791698205,22.024543828935,21.622461654696117,21.609712323076604,21.284837309540674,24.774649803967357,21.815840039363085,21.698185961904578,21.48291081344862,21.194575809214502,24.342349437326323,21.42247856188356,21.58933295012674,20.978186657855993,20.72978339299453,23.893231009385733,21.376851488678817,21.44398716218887,20.74863607767049,20.485842817490738,23.93454060107762,21.148433078936442,21.265806964415596,20.633428910533645,20.483734118173448
23.182333714344175,19.76598704266486,19.96926316046976,17.77172360005683,17.157907405916347,23.900054729806822,20.658248352247387,19.126478777371332,19.01674626759517,18.45265738038882,22.995073352628005,21.727868994642108,19.766973755872154,18.031143883450948,17.00744280303421,22.739539616626285,20.740786025148672,19.481742471370108,17.846146613141936,16.791702305997347,23.451068482632916,20.852854179612066,19.630291064653203,18.04625417000377,17.215972265534255,23.643474914633252,20.99708244775238,19.41440646379806,18.019136715354826,17.177354894772396,23.564818452079578,21.064337848735182,19.581710457833573,17.7984433435797,16.839528751064076,23.77118711453678,21.064345337133282,19.773107779360352,17.78404931279703,16.712765650636367,23.829150706680128,21.13788997875805,19.723376391671486,17.732252280617825,16.693105247466434,23.798543256613428,21.107875271493313,19.769062346771943,17.77831593756067,16.683554234276855,23.981041888457646,21.218459381956542,19.940940492015685,17.83790750345206,16.586968850288258,23.84898163806637,21.216929603313723,20.083752220409885,17.801741736788046,16.564420851743996,23.98212420876203,21.22344725590369,20.13363171766014,17.81060265613176,16.56387171776466,24.05080010070494,21.214418190643734,20.15406699461209,17.754646121584916,16.558506021847457,24.077687301161767,21.173422955982442,20.34537761195797,17.690140251956457,16.586763333860027,23.69311472386861,21.176856464921478,20.52584819572682,17.71111357449095,16.659874529269857,23.85375982480642,21.17962184102648,20.435735616823997,17.765637187988528,16.720946305596765,23.913337353056516,20.972886074105812,20.21878947335737,17.754300727728417,16.74884546651308,24.0559847167212,20.830696577818554,20.361896531323683,17.828556890100952,16.70886042252069,23.901993695566123,20.702537351520114,20.419678304920055,17.914669214728423,16.70167163293241,23.992735243194595,20.70083891438943,20.28537081982153,17.84621489290263,16.686769360709867,24.08380376020816,20.968696993740227,20.528524461844533,17.920831437090612,16.735146460151515,24.088479646442334,21.31927627665005,20.934475455790828,17.894501939269986,16.65167291995549,23.786010154383323,21.533174834055735,20.810900262729184,17.98014458294498,16.681334610049245,23.78243047501958,21.86717965471312,20.6950728872121,17.947385519011636,16.661886601723616,23.694058719112274,21.635908038493234,20.582156337918725,17.97187020285748,16.68865107114924,23.189975163019593,21.325866150436305,20.571488309650924,17.940945847566844,16.813110930407078,22.5601387314048,21.218792711106563,20.251306855958397,17.845556964483638,17.114821594916947,22.840361776159526,20.941353993075413,20.38689172072427,17.78883762869126,17.261706305929547,22.687434930348843,20.629988720892825,20.270497727648053,17.733196051365304,17.271549109833035,22.64872824268733,20.811516417680707,20.700108041520615,17.748404820251505,17.31096762163653,23.023456330532373,20.887811446641685,20.700306715454495,17.64813010550614,17.166116800470284,23.59252267920055,20.861354422762783,21.045260825972655,17.64407285100384,17.013283262957238,23.607556018159226,21.180016359199758,21.187839439889895,17.664053907085332,16.974112523170696,24.252863308268314,21.612309571726122,21.430171321213265,17.920160214912737,17.018723634912654,24.331516860137036,21.539707671417215,21.183088489728334,17.8709055326367,17.00238711928113,24.136224774376394,21.33897726560862,21.114643269765356,17.91029350874342,16.952853187628765,23.779648736533943,21.027442438358616,20.782613677710383,17.998803576430063,16.931042119004577,23.57701637659076,20.894475444994868,20.753013752885533,17.852005860326194,16.93068170216079,22.984591354454626,20.506708637759676,20.4270592781916,17.582384147834425,16.941467693503707,22.636714248850538,20.357185594870067,20.158312756893128,17.580268350673276,16.85130473163175,22.714335717853107,20.34198034040515,20.011605782431786,17.583912017168657,16.80087806256636
21.987900008852137,20.22943336778678,19.653275831604905,16.871264938535344,16.330234182739822,22.798219989177746,20.507590594510003,19.065088915913055,18.20903532477867,17.40816585071009,23.589065604313134,20.98772919171305,18.538344512636595,17.196576446735865,16.4916668025601,21.6894813614969,20.688371831384735,18.639159199130475,17.371724018685953,15.727964762032075,22.773491084398422,20.575759454767983,18.97563025953826,17.33282514145001,16.42567694999256,22.887049255647874,20.4111251115254,18.728211343282933,17.32445184003324,16.370490053861324,22.84424927285778,20.166248977722567,18.833886788600463,17.159658002543654,16.096257167117066,22.75318959644003,20.058751425249376,19.108540691677327,17.247641010659063,15.909483779838544,23.087772101902154,20.030449824201334,19.117483708005352,17.232882160179077,15.914754157993183,23.209836446864447,20.13907587889476,19.257833489659717,17.329439421361812,15.829549754545212,23.418437255684086,20.451534241907183,19.480353374078796,17.45048899253223,15.756718234982468,23.238305464394283,20.554986127462392,19.52445856392909,17.4153838352051,15.787122316737529,23.412786445361853,20.72426695726613,19.611606793334566,17.410918725156783,15.852772249135427,23.11942158311752,20.765933373626744,19.56930480482609,17.4161917139021,15.856098129260953,23.038279299355743,20.714672177316324,19.653707603086048,17.328754530198836,15.94123706070163,23.007265461413745,20.51685910199879,19.69979820816688,17.34527895601246,15.995563599034366,23.595547321036502,20.757353473705717,19.83805046427788,17.348110656353146,15.997328671784548,23.497943963140155,20.61678856498264,19.68406882418106,17.383188110705902,15.984828486521954,23.759301968797104,20.520967245409167,19.89936385376371,17.32550261567883,16.01845314780966,23.376675329984458,20.37722627026267,20.202317227908996,17.460165627268598,15.957394343685163,23.181221572791927,20.37502940440475,20.130558783375164,17.350988834348215,15.91550279720766,22.824649145442432,20.600719464320104,20.319397470809758,17.435867597243554,15.954895677978218,22.948251698330623,20.803313571781306,20.81160991575627,17.481337950578315,15.919765115344855,22.545576125649376,20.96937049101914,20.843759953550833,17.54103248692644,15.996283062749352,22.77665213956028,21.103120562384113,20.498921609464322,17.473883860804953,16.003171317703124,22.743338280084,21.087491352251156,20.499292425021583,17.54011277498115,16.159179375404126,22.481636675269748,20.63439912075325,20.598833544093655,17.561174568380586,16.26359002245413,21.975149835099423,20.43958569518015,20.26008386059798,17.383336626148797,16.531339748286896,22.391628175020777,20.11369013222598,20.220797037729533,17.36691210542897,16.66398548144347,22.109365651263975,19.887784935146108,20.24991678341635,17.333254771496126,16.742658198418713,22.10710451455647,19.874587654919903,20.758607091096405,17.446064199418327,16.766580326267793,22.458519594038513,20.005622660634796,20.72788331689202,17.381499721414343,16.692723676099792,22.939850765490853,19.91029127178738,21.034636893296778,17.47009742665879,16.597043051461327,22.955364233657928,20.220126600687568,21.367391655576906,17.545735935789587,16.565229653165865,23.692481635116927,20.7189213882043,21.633115709276673,17.710428812937295,16.618142806258476,23.561972269264796,20.56964462945025,21.311115134284137,17.568557186251123,16.59734061579966,23.48836750675764,20.478803405641653,21.2836082728014,17.565386006440253,16.602485421416084,23.239774536324244,20.366875453936647,20.925707117700494,17.49308509774704,16.594982079999376,23.204538578344867,20.24626243876026,20.821921779082476,17.417571346936633,16.604442669393077,22.481952922097076,19.874331809865538,20.711162817068992,17.26133471379888,16.635356582530427,22.59651643422664,20.218417481412963,20.433170610406066,17.38495680133527,16.69437130475341,22.62095589081768,20.061655139461564,20.286784888331475,17.451080176304835,16.68234275531854
21.47372376224945,18.900136088572115,17.670655659956644,15.821580561304659,15.428139245203516,22.33805740600374,18.94994719090437,17.566348647163014,16.459369236657643,15.59083181045661,21.54849352055089,19.596867838162463,17.543496800468827,15.898611166587235,14.75214072778223,21.094002924632214,19.06932279002616,17.292414120996906,16.05285949743081,14.505771513427803,21.727370499966714,19.10441112887389,17.414466675298087,16.00276135647423,15.007486396425529,21.454721294287918,18.9892389253802,17.364640197461995,16.02762290481988,14.952713444733167,21.556473037298776,19.091368281588093,17.418154229932654,15.964428582133337,14.840099035087556,21.588962689745717,18.90336664183597,17.478915957106896,16.017734992868043,14.932959823255857,21.534548489497418,18.835037803010543,17.420006513363727,16.049690731113305,15.020444096822771,21.62979525359575,18.956306407274223,17.59371430188775,16.06168682817448,15.01474183560355,21.93013243163909,19.10427023846034,17.797981568045962,16.13806502589519,14.924565129944705,21.469892961514233,18.850301815033667,17.865972854192783,16.20261208749208,14.94496835092966,21.425065096219008,19.031078451874134,17.92331814101392,16.193428712012455,14.96117200532467,21.13940716161963,19.263306124719186,18.06277709748669,16.199809856419797,14.931509695651958,21.11251686282337,19.144913642973485,18.131747546853468,16.175169305541747,15.024104334600363,21.191193591727018,19.251267755723358,17.98911688855427,16.148999674989486,15.082311422518368,21.670769862056908,19.64519051325122,18.27093851986846,16.108583204958,15.015783038342558,21.572311545362577,19.50103636086547,18.320711440309562,16.12983432911542,14.94046828917438,22.188731741054205,19.240685955840004,18.45569334337432,16.117643938262653,14.962158110533702,21.716771404744925,18.945358977764574,18.85408806169695,16.281200630940546,14.878100871303449,21.523695326636133,18.790826588465116,18.983981491921888,16.291077573821454,14.857060265508542,21.18618031378254,18.705096354878016,18.98641620983502,16.28823570617631,14.888386388588088,21.306654651149444,18.879424776935913,19.387637694635487,16.278322121440063,14.809961530932615,20.92015161164951,18.973396009354595,19.376299688934623,16.225934472666445,14.819141710673112,21.278108028921118,19.43528569563747,19.092049267932847,16.223203531404806,14.894544952850376,21.443148387511293,19.29083770626518,18.88393343469385,16.184015134700985,14.992682530340861,21.666479290885338,19.441153949477037,19.073612254927877,16.390212438644376,15.130875085995608,21.406887531710517,19.149632122589665,18.772777777031063,16.37493009420617,15.26065325791373,21.86969217572128,19.1326510781642,18.816231645610337,16.409314842856137,15.269071303908959,21.630172144296886,18.90299082519044,18.770203181493695,16.230216438452956,15.227058188463278,21.689405184754875,19.218827062255553,19.456429469665192,16.363245344861344,15.238417427587923,21.533247151954676,18.93155403306245,19.434686601350748,16.138392689998685,15.149036815007557,21.93971103764037,19.054665497216234,19.67961487004525,16.183564422135557,15.073255403208046,21.615280678876225,18.89114274317395,19.896824969953787,16.16015646996031,15.146819105711298,22.220854543597447,19.206617863807498,20.127681036006074,16.337429736264557,15.115901045488343,22.068139469478318,18.899165711889317,19.681515232811638,16.25025576743976,14.98971707926627,21.837135063504206,18.792240059585772,19.60526595417165,16.248419590282666,14.9037940510032,21.678128485067543,18.697199323512507,19.224910572266513,16.23727681517126,14.930696926670896,21.369132650981612,18.794276662693242,19.107908708908237,16.32264761222307,14.83014637287236,21.13227020223034,18.801011147546767,19.295142098308272,16.34296968419835,14.995021161322288,21.29846343734522,19.1536667511141,19.266852230929395,16.41771461324472,15.11607157041665,21.272937403914185,18.9585401240899,19.15355098162175,16.413773415414873,15.184626294191968
16.0659841209293,14.83168209833918,13.939128864024799,13.385547422649926,13.039818418758506,15.47536290194153,13.734991780569597,13.317102551613303,13.284362561541704,13.045327589092611,16.3127631261853,14.555582478624254,13.954616605075392,13.4006807546163,12.96729604164345,14.379088546197623,14.857526054408593,13.39362762026282,13.219147478414591,12.512438068811264,15.42084427971838,14.467087749505936,13.64946803529856,13.318519649686653,12.847358151297001,15.053130501985475,14.558649964030172,13.621618853641753,13.316130489690938,12.859999607982115,15.160965901795649,14.632471107122848,13.663816189519858,13.347868646263262,12.793738564189805,15.171550970797119,14.52330897080897,13.588102402373025,13.305636547905419,12.758502518247694,15.466732866285621,14.225596337707959,13.746422862636365,13.286785086113799,12.811024315901955,15.829709654812778,14.191408156879891,13.848897027556287,13.272386904591261,12.848306786461404,16.379717248913625,14.04804728691181,13.807856087298632,13.285787418604238,12.827735735676546,16.294243958126383,13.951945757038175,13.8834813187004,13.29691145008402,12.844551128551164,16.32842182130882,14.033840911859594,13.86666708966975,13.311085421565489,12.877492787855278,16.31569477130548,14.365753853340067,13.841890931657142,13.28713246163512,12.924759283182198,16.166034217365944,14.549979624406898,13.639680902134902,13.286582524581465,12.937416763185198,15.760231712799476,14.48704286523336,13.756966914921929,13.330605185901433,12.902006127553614,15.670273895238498,14.704631222160177,13.768807736952095,13.262620846341397,12.878137378332013,15.498768535562615,14.856055681982022,13.720278894445716,13.256268525413699,12.853575545620936,15.702968859847271,14.850465119655587,13.818979589038042,13.291377190042606,12.847694792334835,15.529816699053796,14.68924211542238,13.975803991208156,13.25843287726779,12.804507785995947,15.672533957750668,14.858826951533505,13.871060184043063,13.247824526902898,12.911965976939133,16.05493842558785,14.666065592669838,13.851687373817441,13.315458212577202,12.923918665665761,16.078835423315457,14.46327792145421,14.045139961116188,13.383958771896644,12.81363329708098,16.040917632722934,14.441750076740144,13.925194923226064,13.383689281866818,12.743606193780384,15.977660807334706,14.315878266892906,13.78954243532311,13.37040684574529,12.72460411223185,15.882238662468762,14.08418667977034,13.77656528277176,13.26010000997535,12.689473846956469,15.526564971008758,14.084243529902073,13.74184903463975,13.208676027327252,12.69689360169963,15.468733143410685,14.211194493702942,13.700385476774866,13.04264615434567,12.93036226775053,15.475966560701957,14.135209529924916,13.606139455468469,13.047287748695386,12.925735003800195,15.735074388959006,14.34010784843307,13.634077125533196,13.100052931569772,12.905398808828199,15.78242342443258,14.44275025926073,13.692462851186004,13.021954316270229,12.902222221684772,15.829449447202695,14.657195293248114,13.550220810581786,13.018894132405222,12.933939519699427,15.830939593099307,14.462149383460858,13.472006652426838,12.959939336060605,12.777220906656115,15.716189076572949,14.468152908806355,13.511217374389712,12.91336688314054,12.822052378518592,15.688934389011294,14.391559136376419,13.392365278008366,12.881054486626422,12.909405232210357,15.433187050327692,14.505606308717825,13.205618490807984,13.006664217648524,12.833878123630978,15.334791037786081,14.294500807503628,13.492857377400165,13.049153464662414,12.7675605285751,15.463277160492268,14.278360557739498,13.61451267404794,13.186002677509308,12.815239876301726,15.509481588397353,14.225015745197945,13.708984943606907,13.282299043818435,12.82991472127508,15.553796783732901,14.209866712755618,13.932464752368574,13.306613522087513,12.757009966445624,15.830842543339305,14.067705318918353,14.088735911182344,13.302014136071875,12.736719201681884,15.877962562061224,14.296383269060788,14.119875004585854,13.191909690228394,12.819470327431395
22.351569442368067,19.79040893809712,18.401869145774064,17.091541063907904,16.49295992408891,22.627509559380577,20.063167431399584,18.953594865232326,17.276960576845564,16.363127228610633,23.93922641208851,21.185659659393014,18.4506593362253,17.256375572428635,16.0929912102777,22.91691229733209,20.761429424090448,18.816334793402795,16.634429665944545,16.066651537894842,23.004988517482825,20.428966695550066,18.569239819103625,17.02477908425078,16.260081740133288,23.052656200572613,20.560223777592864,18.715987238373316,16.979310252828803,16.120102131671125,23.018664425105964,20.8015904824207,18.854438143559086,16.936189495646417,15.959534812762834,23.045367575505075,20.790124108749374,19.11404637495221,16.953536443076466,15.961169427056097,22.870347188963365,20.60106045916464,19.141305816585,17.06323765209202,15.92100679882881,22.672939696547438,20.60712136663461,19.260645191888973,17.05303500632091,15.882382743068751,22.516378512759797,20.53296687755696,19.266881339967853,17.030984309506525,15.937231152390535,22.487203954490695,20.32548901038348,19.18372025743347,16.979388751273472,15.899413176008286,22.552654158513455,20.197484136822162,19.503694095645493,16.93516080862104,15.855936771021371,22.72492175651801,20.448118766760025,19.67625570297206,16.910123311598376,15.811824277465764,22.851493346560503,20.379512227037733,19.78642958694855,16.913031397090254,15.745687335126325,23.02763835604872,20.541054158758577,20.172182500792122,16.973813211614672,15.738347866977952,23.079298468191904,20.48686650669211,20.596305866718836,16.96887419470618,15.874213747671813,22.718051981883356,20.40324064670968,20.311340480043807,17.04228222713968,15.864684254391573,22.43836453202899,20.15422198149441,20.234315505046816,16.95551331697603,15.974354672969923,22.15795988224191,20.15434872384996,20.356048766684903,17.05431578755627,15.925906822002602,21.746661293848554,19.902459678352482,20.036600631834595,17.01586826144019,15.866967310140936,21.829582180106648,19.983792908608482,19.691613342731316,17.225088337726582,15.924674186772165,22.18892075608312,20.18406101197452,19.697013901849964,17.16337817431061,15.977869639118461,22.261363681445044,20.31527124152641,19.596358660376726,17.166811698218815,15.927652171186486,22.684070366013092,20.37829685373853,19.39879912474111,17.082724120518538,15.959493825123161,23.091353928348138,20.509866032882076,19.327723766221354,17.156963790606675,16.035580910338464,22.96267232245867,20.43431028528662,19.232823040258815,16.97468959507657,15.827204958720094,22.59457702508018,20.13758137363721,19.128155279169516,16.78025378957894,15.728080265657926,22.68569390221642,20.130818954214288,19.216299200812692,16.94769500971099,15.669635363771127,22.319013455139178,20.031841962749695,19.235149074116173,16.873811892410163,15.550711831780006,21.978288194256866,20.007204327284363,19.527323538577186,16.86062538734234,15.444407746632697,22.05422737241068,19.836195231684236,19.542932467702208,16.733553988460798,15.511962760339065,22.276455326417874,20.01871418096104,19.526620077288296,16.83764839702955,15.521405309647639,22.627710452379212,19.840017906613685,19.548220068798365,16.715625644639104,15.662523704591496,23.323238913459935,19.91328451594233,19.82640031382274,16.86857927767495,15.861033681481036,23.768567035750987,20.061513895134397,19.498930079722335,16.827068324890007,15.901923762199171,23.68448906565097,20.373003772468966,19.626370586956977,16.914906512751365,15.879497738007235,23.156484136761247,20.168390053804234,19.473322642089233,16.914047634649634,15.811102947676355,22.469835468845115,20.418421338180394,19.38816602939949,16.92292347752897,15.639507143515448,21.842439485097,20.234588549686315,19.275114750885002,16.783252687939914,15.535107377258168,21.59305647265787,19.974627942191752,19.24691490081745,16.842127035835837,15.459833727364924,21.58612367848471,19.770694675860113,19.158194761354423,16.81437167821175,15.324304457009038
22.756667631172267,20.469680882192527,18.373252608853527,16.87132614416319,16.13965963800774,23.731625991681735,19.615109140334418,19.384278748016524,17.28545255093185,16.320969933393204,24.338604435678292,21.18438879539356,18.608621222463604,16.870809315914247,15.981527690231488,22.680615362334116,20.62544998330997,19.02804624652867,16.79646848577451,15.924724865578108,23.36362997958112,20.45142797093166,18.848024179680692,17.00232477989416,16.07492438258746,23.192401532981556,20.55319072451806,19.01739675217081,16.93429445509984,15.945889718441117,22.784486350891576,20.904488707053602,19.079115189503575,16.856237176120345,15.81762364724786,22.60054732950216,20.96221431355475,19.30563220946692,16.945683207191244,15.75518970234298,22.4370534034004,20.966606944529204,19.373675498988764,16.93324667302687,15.727936881487334,22.423321803408676,21.068095802313014,19.355398174285465,16.90916889385524,15.76951349831952,22.56724968704087,20.847207449731492,19.421375902404417,17.022464556091094,15.84631918124388,22.526429514923098,20.5210204062678,19.205648291308805,17.080367937934817,15.846976730869233,22.794940395155503,20.44714613934594,19.556777058237856,17.097585010400273,15.864787166457452,23.030395338938938,20.46917142346423,19.620213582657136,17.184013391015807,15.793822576542002,22.989049818465737,20.42707166297942,19.757029905339976,17.22141293975306,15.66286130967868,23.059349392729143,20.596746347739774,20.12986220031216,17.284280246780945,15.692727301940911,23.358301282802305,20.581295593925233,20.740391571851585,17.3050120197656,15.767761984582023,22.743789714093737,20.372728134400027,20.43038415481879,17.368244052947166,15.719672590678385,22.485283735950087,20.212650131612314,20.438261162677783,17.25237133278454,15.856821473150728,22.28523276910932,20.02325465607179,20.69156644341628,17.267317577382652,15.918946320442666,22.053590306151307,19.88589522442438,20.325181916886336,17.155715394654266,15.881110854283154,21.939694811204454,20.089271728970495,19.971078210844052,17.274996312723086,15.86239792806974,22.48628566022078,20.289052592537296,20.10259040577683,17.170047612337953,15.895828863315913,22.504199901488604,20.444191508935916,20.175593195140312,17.23348163362545,15.817193747226716,22.649810159422156,20.54731258569364,19.839516285194566,17.22364937502286,15.782343302210554,22.76207759142117,20.673157930495325,19.81770127826783,17.32712043420194,15.831159725844483,22.628543332040874,20.565223167641285,19.73309664692342,17.156151926467476,15.822347195609229,22.21218434909286,20.387759907113722,19.61740988339533,17.02381281673202,15.783335858307524,22.466061346242093,20.41722485315121,19.506773138861274,17.18808857744964,15.831143478678944,22.398269143157485,20.258013974365383,19.535893568795633,17.060063358507783,15.752192477018104,22.251107728391876,20.134830986986337,19.748502824736693,17.120259302340095,15.770272930129877,22.473936144834514,20.073440690471323,19.921598351465505,17.04745648747896,15.62219528919221,22.759213092999893,20.08113186730801,19.8743231473227,17.211725310238712,15.690828496134992,22.933094134964488,19.968245659294833,19.926122371008507,17.03438846575336,15.802922092044849,23.525194114781257,20.189165480467665,20.159175071186315,17.242168354741985,15.931966122267895,23.763908791183226,20.345487892270473,19.943269747478464,17.111061123089787,15.77826090627072,23.601430103166752,20.478456833288963,19.971214567169888,17.18947027051914,15.958389916981238,23.172883847012656,20.378148881132557,19.892030502548703,17.078748248891024,15.81868716733059,22.577914852609844,20.464663014447723,19.695151224104297,17.1526212407915,15.612920540308792,21.91084653624987,20.133538903066686,19.673769273293498,16.979090738336982,15.59552157846407,21.734543893100522,20.00054341550007,19.712785984809255,17.07856539341595,15.719242190003092,21.711784511753972,20.06817461990883,19.59192311174971,17.128943457080396,15.490290142414016
22.73604718371405,20.33940554748923,18.331407550594914,16.840711766754893,16.12704819117555,23.723675574682225,19.656729932344284,19.29941192003996,17.45968452033152,16.314915020562637,24.33599084968579,21.180382458410193,18.517520044670434,16.732865222004463,16.0428535920599,22.740193273988073,20.701578008662672,18.89235561255161,16.74846929305383,15.879835155211799,23.36347276025192,20.465105207628948,18.782674800421752,16.95646653379022,16.10131301803147,23.19342707291043,20.586334058058043,18.969344617412595,16.901255687325452,15.932688548016108,22.77518898769059,20.93678396312726,19.060186286244747,16.805919186213238,15.781237127301665,22.605327846450205,20.99732464021322,19.297444583832764,16.914383298824458,15.672430454655217,22.43696724246554,21.003992326914286,19.388835400570105,16.96373058678818,15.673773718326709,22.427812963961536,21.08074561352267,19.375126865875764,16.94727003847918,15.646862493374098,22.56772401912086,20.86585068112082,19.433799185155753,17.08184801176407,15.784111495005352,22.532791934380963,20.50976156319548,19.22329282456937,17.126444955692754,15.814115206446388,22.785513877303323,20.443318455408022,19.596302971476202,17.15573693540853,15.895316707557535,23.019226154272303,20.449885226055216,19.66913204945029,17.15798461434253,15.795464837177104,22.97285839729481,20.40254262337052,19.79598146565663,17.22200529055284,15.732454001022276,23.04936696195619,20.599156062373666,20.170784329988614,17.263323194807842,15.715986505436792,23.358871914555284,20.60010627026431,20.76782365757397,17.269026954057285,15.777652913633961,22.74092659561597,20.391201373525924,20.44466675378522,17.32235291213774,15.713821272889666,22.478718998734738,20.25238464912426,20.44625353016462,17.277995562884588,15.836017824318981,22.288352482290342,20.101168893130666,20.68389606326672,17.287561290114457,15.845389446093714,22.062173850836714,19.944278380789353,20.32172076199136,17.190091309968388,15.809541225675114,21.944383109287536,20.160380830213597,19.978879116971864,17.327481406897995,15.781855034956362,22.49773687867681,20.3409957943698,20.099943876772752,17.22798215732898,15.768674862329897,22.52401246566701,20.473691734513082,20.163220033314683,17.251504957067077,15.72190655442102,22.66701244375845,20.551275250010892,19.84816626474518,17.249441300896457,15.70359536101626,22.778933231800426,20.682643621853654,19.830564037335243,17.31567130889223,15.76655847903091,22.66139280819579,20.560578181626095,19.699819444303692,17.134375911822296,15.741965101424075,22.241796242673907,20.39009947593242,19.59027456598132,17.025251220725757,15.693461107205977,22.488990651365164,20.43451032349469,19.49781725997348,17.201160984686638,15.72657069511549,22.424129746368834,20.281121228238952,19.51508253176036,17.091650537379206,15.640412379321367,22.276208625725268,20.133451117647162,19.703217983208667,17.158207378743235,15.633026978037458,22.49631481151961,20.06758743923386,19.9117114912437,17.10366173786465,15.527325053283565,22.787125198910378,20.077636540252193,19.85072464787771,17.25086854738734,15.624198015853327,22.951117338886355,19.972501128892564,19.90248726230978,17.047696859453307,15.726571049006584,23.53479925517147,20.200044468182124,20.157059355077216,17.222377603859144,15.866103069067568,23.757516425701787,20.366213974989087,19.943303812184066,17.1227884366729,15.76640038644905,23.587216318690416,20.511758812227164,19.96473105215527,17.19376908150914,15.862926415832675,23.162241553207583,20.413108658345543,19.910210863647585,17.055902714440162,15.73448457976055,22.58371686924918,20.463124087504305,19.69057267947751,17.112379715719907,15.552306588466653,21.918868562779625,20.158464487783686,19.645825595233063,16.956007214944812,15.540379019092867,21.758144626687276,19.998097604328684,19.67199759852271,17.034431892091785,15.606790982660325,21.722394937474526,20.064385619058914,19.556523643251676,17.062152679644257,15.448148600289912
23.111230666727298,20.29077773900531,19.0348457543378,18.04519501863854,17.359514329191068,23.38701255672452,20.67313612909399,19.596983822098235,18.005351528459265,17.092387206344227,24.714011787769838,21.61303968316596,18.768853229239017,18.073157028388877,17.08044571005639,23.464962766868002,21.21493894788751,19.52021977561159,17.518170560667844,17.041719408084877,23.702813356625114,20.954817113037123,19.127743291598716,17.923179473543446,17.182120280573663,23.750530359951917,21.10942387871086,19.245889287438622,17.837521521194013,17.072173894811787,23.68219872824589,21.333221061511,19.34732099403008,17.805458329929998,17.006234255213066,23.683175665609546,21.357683347558712,19.639748974037246,17.80639289561207,17.015034450027702,23.503691705831557,21.242547141692775,19.619508997933337,17.88947617562986,17.004819146331993,23.337773164367746,21.245423117036353,19.796916879277884,17.792888008727424,16.90214052975364,23.140988403788356,21.174263682161314,19.782600929068888,17.771597618991738,16.953722566620577,23.140200968472634,20.94327263633567,19.734410512341345,17.744705916432558,16.85018038995222,23.247523380469442,20.885881975968424,20.082871215490368,17.6699912292603,16.7989834988866,23.470856592711602,21.0653010767522,20.306926538327367,17.65619589499989,16.689688123584222,23.59093410246222,21.010667025505974,20.388919517783197,17.67503950415047,16.672032868048646,23.787555143314634,21.160155411747212,20.811266725556003,17.763114471314008,16.66819940467218,23.867338681120877,21.096982711836425,21.225034626049528,17.711875734754692,16.79647992703932,23.413281130652557,20.906390799198064,20.895661228883043,17.851918987004275,16.80324252764279,23.10560977713771,20.686031869894613,20.781307379729405,17.784769475762307,16.91522287179515,22.778392166241456,20.67451791829826,20.869491639665988,17.865508303485775,16.880762415135194,22.373514970500782,20.440834550419332,20.533230676131552,17.822660375223123,16.86096097668247,22.372737837069373,20.57559165529869,20.158853463458897,18.089397747769215,16.951055755248376,22.832641916490324,20.84883196466634,20.206168333465094,17.980377077956568,17.00624402311199,22.92554766487367,21.019189195796685,20.102853587581432,17.943053646881708,17.001349827267358,23.402200851585516,21.125456368068956,19.97690471405457,17.86338435668269,17.053236177906435,23.822689115695646,21.261849406217827,19.93418703384858,17.91728507674844,17.10949272236523,23.706457801248348,21.192163305746263,19.879236505101794,17.651223200374954,16.86252575279713,23.269783264373945,20.86476834305643,19.76057403930725,17.420510994681624,16.743327293820073,23.32909609881228,20.84348728027548,19.903406780493754,17.58018691211679,16.665977442696022,22.92028722473024,20.65115781969958,19.87264965100335,17.505109367188066,16.52005116143561,22.572575398328564,20.579202658754024,20.138088385541657,17.468707893325472,16.384396379818547,22.737043067537137,20.417034381697853,20.133678691228837,17.4010422892208,16.479129938570146,22.997342352031108,20.629243004713054,20.106420315594285,17.591343072559432,16.48797443957745,23.39294535875819,20.45796855063655,20.0970489701333,17.493528722827005,16.62970036887575,24.117417575769906,20.59379074899486,20.329372793423225,17.70992218956386,16.83668772845021,24.550034618318925,20.762560078293944,20.017544188409303,17.691683788755206,16.87935081027915,24.348075454654268,21.045459659936085,20.137152051479266,17.786981135040534,16.848799300445872,23.85636905187095,20.865304685708,20.04010722282215,17.733140538073076,16.731124998683757,23.159766665178235,21.0533998665938,19.933528806640503,17.723148268423948,16.599681829701424,22.51156383243324,20.852368838944024,19.858258564879854,17.535914741028087,16.465423955150712,22.25201884001806,20.628838112198057,19.858782468570645,17.58160768858365,16.30401818037361,22.29953930167039,20.44361678058726,19.78105852928846,17.53333275775853,16.16176376722177
23.50433174575035,21.00640738354967,20.58128734535987,19.49275027532465,18.757250570769717,25.172938672002104,22.231660251767547,20.847221454497305,20.92560568013107,20.51760655545067,23.70724766138112,21.5670553852908,20.174363245973467,19.639490837624997,18.902280618615045,23.57897169997585,21.9240201752603,20.611664901718132,19.322154010692387,18.392314948336463,24.313270404041255,21.754115802852382,20.566507681626288,19.698769051728817,19.139078229606945,24.674127568466908,21.781647814159903,20.42479381412725,19.589708307518453,19.057854533881805,24.55610926130959,21.758073543033603,20.455782906585895,19.260031137417435,18.68122876087699,25.13260450328459,21.93010072501965,20.71388576923966,19.147139158989667,18.53817459969473,25.212487743546756,21.857279077575544,20.648097033769822,19.096843322184533,18.59073571721729,25.087219070498946,21.803064520142446,20.51927450742751,19.09047980298829,18.445005164769178,25.134994732704808,21.93908449207351,20.600918018041064,19.206922028629386,18.48947768373557,25.204993396054352,21.875021892956447,20.626386353700703,19.12827921767245,18.443247173184123,24.849350364514812,21.817266276719582,20.649287518142103,19.237305159856696,18.506806032235424,24.75588076716097,21.702836003417808,20.588629886932296,19.26384410337837,18.427539388067874,25.02763565014257,21.57211351388446,20.850557819828346,19.261637760008288,18.32024740529895,24.957624971142568,21.587504470632098,21.053438667057836,19.15726579914978,18.239067070781253,24.979838136672065,21.354961514433988,21.047511895728977,19.229305199556773,18.265509690365423,25.139216618433924,21.205261386253078,20.799481508722298,19.088085567103057,18.211111474086827,25.159359758904486,21.25717090184808,21.031509247767637,19.129216518716895,18.161175361239835,24.877807612150185,21.330644494953546,21.008006032888115,19.149092968653402,18.31689038760892,24.68650776202945,21.28293879473923,20.748945752065477,19.170412895468495,18.291847058697122,24.887336159296886,21.4510358920814,20.805727384579125,19.18946116691983,18.248905054041376,24.807559297065676,21.795647646478777,21.031701478869216,19.22411872106337,18.16790354241901,24.734011375955834,21.87254941020251,20.909959167568026,19.21002426742138,18.26807098926738,24.63300718216015,22.030125906594726,20.904511216914308,19.099677485812197,18.149812147496743,24.325481693629623,21.829413271361325,20.974779798186486,19.158207791598688,18.19422722768447,23.752373574844068,21.768003551891933,20.91970488053671,19.175999252726847,18.2470057931596,23.672239000835244,21.76048381399799,20.7472729033481,19.170907830313848,18.320253407071355,24.008178364292487,21.60327134774891,20.771841236177,19.15183680688066,18.32116475358566,23.625818220526547,21.503592852815675,20.615978359384734,19.24454675338198,18.287984082468135,23.734782600948385,21.597362688344116,20.812065349096574,19.154352620497395,18.310917397577064,23.9148980784092,21.73600567285147,20.68998764227591,19.10525098880266,18.281911204952554,23.97657675154934,21.466961174681867,20.964934394668415,19.08988028051411,18.265465183614076,23.734919232790332,21.61523418992431,21.00318147895474,19.090800867551263,18.232800927172917,24.554522171580636,21.77583372115702,21.180466217484305,19.364816235704716,18.504321918488746,24.821874302094592,21.754666007507645,20.991864755751063,19.433987952277995,18.51659555384517,24.833298750980873,21.741079612321904,20.998852696343214,19.339643406605582,18.476686044167934,24.736496394339106,21.596405039829808,20.805073526547417,19.36970936395849,18.471620253404282,24.72881182250119,21.487862987156298,20.829181425540543,19.31010869621782,18.427296281491586,24.28737044312637,21.142760994141874,20.60200693838486,18.97673875240772,18.162008082106706,24.046533288655542,21.165138431507767,20.516858617521812,18.867475011550177,18.141084453663556,23.902922626736533,20.915043235919576,20.418056165475214,18.844105251876865,18.114060819575716
21.614457177256362,20.066746359495905,19.964353954513378,18.219411401526983,17.27035156308061,23.292891106445463,20.96369076708279,19.883916785426162,20.039470600222483,19.593601643493933,23.289320837083643,21.157683375554498,20.247739341702705,18.317903190397246,17.40291268819289,22.052872301374133,20.710736933195086,19.873551422010934,18.181816762512906,16.829746452954087,22.86442771164211,20.73387027847671,19.954343071372044,18.549280742842853,17.67043202303578,23.289390771283525,20.67117844414033,19.77083312529391,18.47717328778966,17.544892566739286,23.463275462006102,20.711951418393628,19.80596618619913,18.061496515998126,16.96007602827861,23.623455664373687,20.886856183181994,19.86312834919887,18.016160047220936,16.80414947095021,23.547925955374474,20.927239702254404,19.703833915956753,17.927136497707828,16.765638495241717,23.57553133874054,21.01984094448491,19.657528080920297,17.888103434523526,16.620140900018264,23.700520881984584,21.222983992459145,19.844711423017056,17.92484451744203,16.666835278645884,23.502706582318098,21.13460366282491,19.933434393108975,17.885153047106108,16.675432150996823,23.40210791274166,20.988591789525593,20.024944167853363,17.901908022439628,16.726855997213335,23.564826500875803,20.854401191737757,20.09873557910992,17.927865483874847,16.706011908457434,23.580651060475397,20.722590814022425,20.338783442485965,17.917294312069295,16.677999047637325,23.231069820212134,20.691763096596667,20.50640237366733,17.938157859717176,16.656197855944573,23.271098850917024,20.581895903316685,20.41423628989883,18.046822788712753,16.727844067855433,23.57382338918368,20.459478338997975,20.159553874805745,17.988887329491547,16.67818230757776,23.76675510363564,20.401087677399076,20.325745655375197,18.043129670145134,16.683507563889854,23.37578313822924,20.386662345612557,20.357713836973744,18.140514282911028,16.833717381076237,23.359073398053646,20.371362608085178,20.144052231129898,18.125464728123266,16.81930087711992,23.688285122432497,20.621410659222562,20.328786470895917,18.066277667792843,16.78327850634205,23.509337297283807,20.89665289698732,20.590977548095807,18.061286366860255,16.648604104119592,23.365296512569238,21.069725923630536,20.487044365766707,18.064441131009463,16.71354393173974,23.5897012508818,21.303340731682578,20.338770523828607,17.938997315376753,16.557701535581778,23.37375410533307,21.259019246401934,20.214896827093817,17.87104648775469,16.593888731047308,22.857793041252847,20.990440838117927,20.148430154975223,17.88334781308034,16.76788596224347,22.316682189506675,20.974168568049343,19.99663264297636,17.875181471864856,17.024666038145856,22.63623897202595,20.77228695293008,19.998548071024285,17.85835005625531,17.060372801157506,22.257059382272008,20.679442291714743,19.94474306868547,17.84517112254075,17.033947940097384,22.41437914537717,20.78881204878983,20.322176949396543,17.920578994504176,17.049020207739954,22.57546459634301,20.95224078879678,20.315568106152792,17.842968058353147,16.833688492552177,22.959844556179526,20.8059520384294,20.570487513683524,17.776139460604103,16.74064813976707,22.711145783973727,21.038714546328436,20.65357260844862,17.74430332603837,16.734578714764957,23.53207754470888,21.173899215126436,20.910404685568437,18.090403142678973,16.966609492474213,23.741591824465818,21.113703517283092,20.722214660425095,18.03366272662399,16.87352050599334,23.48634302277254,21.12008803306316,20.694492719896502,17.969211946601433,16.854520277412448,23.41867347963742,20.90249709050433,20.467788485723425,18.030528445107702,16.741840141487398,23.319926703710582,20.740070693044984,20.505001005576144,17.938777474008038,16.7015023505202,22.628360942827914,20.36700985042128,20.10319896106653,17.626775850169885,16.454583636911284,22.314525293620875,20.273093531128836,19.911655243576764,17.579218107479655,16.450583862303375,22.489339483779435,20.07508275036472,19.773285330125745,17.658607198513486,16.426949125261622
21.102609823554296,18.641818238763385,19.225367257757416,17.30132567977065,16.30874726874879,22.684183489733925,20.23570925581254,18.902092472590894,18.385894431607092,18.09099494672375,22.701424048573177,20.77781884104989,18.927109218043856,17.293129406950722,16.163272935841082,21.923026915209242,20.41737398048125,18.45607180654704,17.090723168092037,15.935218763844075,22.425889316377457,20.086955711217872,18.88675426790767,17.442484204646803,16.493729061495625,22.64133744036412,20.382299087166302,18.6419386717614,17.411495308101177,16.418619108890756,22.682165096872094,20.438477148498954,18.702854651931894,17.108091091066576,15.995231448624954,22.692224600295162,20.469524858700584,18.890939403691007,17.027053208093015,15.928158389559664,22.637277466453174,20.42871520370084,19.02928922131505,16.948941044543226,15.841822017912554,22.635441650709886,20.481501486082813,19.059706460502444,16.91526596701731,15.782565808539744,23.005700347175452,20.514061984108054,19.282628710983875,16.99524216007588,15.805104495073811,22.77828496537648,20.36641567144964,19.373379962635983,17.01922809843474,15.786719715788076,22.87829194274309,20.300062152077654,19.481217584950222,17.13479917369028,15.779405615078492,22.914129555960457,20.307428978953276,19.420670609844645,17.170631158684984,15.819184456452794,22.89106365896226,20.310108572759876,19.649278796243685,17.14767964950034,15.870192216539891,22.563021357509893,20.23696271071352,19.789286922401285,17.060748827679586,15.870623459044012,22.691423152097126,20.264083564943192,19.797760555393367,17.093047363834465,15.876890755198755,22.81329450963122,20.143369700997372,19.577552630957683,17.03654560147728,15.9336287467207,23.07224473448136,19.972853489015723,19.657574101758335,17.128615319288787,15.96251298283958,22.787917276011783,19.7744112757116,19.8191736924584,17.244054974628533,15.99016866898551,22.715857292820438,19.856523310397364,19.643811693081904,17.273426330129503,15.92853274178752,23.013403266280687,20.017798065330858,19.85811705669432,17.298162433827677,15.991053378815726,22.902935245941173,20.29291979702274,20.2387485751599,17.30753373146598,15.817116566667684,22.801286712098488,20.47630266166986,20.241076132799225,17.3189113289482,15.798149991863934,22.99432539013643,20.764007882498834,19.963573020838336,17.194774049698193,15.728294581980236,22.716259870951717,20.41997681568153,19.93947545749582,17.14911382421419,15.86195795214842,22.249132911578023,20.266903256004266,19.936594602258374,17.19306168581838,16.084925436497294,21.775137710966227,20.17413884642405,19.683519083768307,17.156602421108943,16.444200980992253,21.97168832341817,19.998093789134522,19.73351503449199,17.18254684979325,16.613160064602173,21.561685859171785,19.860255972531775,19.694267986663842,17.208493716418015,16.572407540016492,21.664603883013797,20.10066115078705,20.157015203841652,17.367334815032763,16.637852139424307,21.85431879874462,20.107013253400716,20.151150206409127,17.311910386881202,16.39263582214117,22.26635770745687,20.086622980803458,20.3917190374871,17.22138891759793,16.248708675855518,22.15034646932832,20.201606788585174,20.483034032425486,17.22803336613773,16.262434892800233,22.95991005878069,20.392676330477887,20.773996874267617,17.486377305493434,16.49034292381767,23.321214378985427,20.29621869149912,20.4996048215221,17.401581663317607,16.370931576598014,23.26837056230266,20.34771197118187,20.464804919594574,17.40037679892066,16.443486767218637,22.970363417448947,20.084982221985012,20.262504537193582,17.473199385854777,16.39044716269226,22.638735647855107,19.940499192625804,20.292619894981136,17.352397910785843,16.341737576583267,21.990068039720775,19.549852732774816,19.95923452657103,17.098760179877058,16.21678142248689,21.537266910895305,19.612970204899636,19.72456376205606,17.052823075381454,16.317278278280295,21.55255050171929,19.382581450462983,19.603912317320628,17.067311326429603,16.225102148865826
21.217864373975864,19.815037032469274,20.166257566977656,17.408387298279134,15.92811474521745,22.3953364797391,20.553480373910233,20.01873384512866,17.82859417151619,16.242970899963996,22.642226008508437,20.95722005900476,20.198227854673288,17.449338603874924,15.634132086740282,19.742721409191876,20.538871294556998,19.99783263492036,17.518267112664034,16.244952326041933,21.57464991887729,20.514184195327978,20.16109351248295,17.501331726071353,15.98106415225929,21.83798537746335,20.695343863083714,20.03487460243119,17.55517174657544,15.946445101966834,21.77874761206217,20.689567558498304,20.06338052677143,17.46145173965238,15.924478072595571,21.674490774104065,20.639331953753807,20.02647398459931,17.54900943328165,15.969111121837036,21.955948286707528,20.697465361093585,19.976321515043455,17.546878522153094,15.90957080159213,22.020815377464327,20.673135365998473,19.900805101003996,17.680438944719402,15.969183011253643,21.965159410721267,20.662897165179274,19.865322036069134,17.6401971668314,16.011497987104164,21.82620682357376,20.611733595423296,19.94157545989022,17.615933297108512,15.967182937950167,21.804572235161952,20.601524020922646,19.99938085341339,17.549773383731736,16.020689186886543,21.922971318405914,20.50820447684519,20.087713291008196,17.54885898021056,16.07770927221356,22.00501616833916,20.507660604667677,20.088238455678365,17.48765401245752,15.998225373107042,21.936539729598934,20.625006330606013,19.905392788726523,17.53352977007641,16.005336583775602,22.13204589358083,20.810207560655208,19.807202361540163,17.58776819388043,15.969551963226731,22.390826388944454,20.812792858055428,19.75313875998335,17.513072270379098,15.988873534936923,22.622975702116698,20.978725372866442,19.616610812115585,17.543854555057468,15.908381292504265,22.296621437054164,21.015985462410782,19.745581065249233,17.419852113072885,15.905693047758598,22.38983976191626,20.99815349273491,20.037838088203056,17.285306746729226,15.893691930982346,22.447167244816203,20.913308443728777,20.154466046701657,17.194509981670347,15.921727987702067,22.207284621839612,20.95826223806676,20.22019853553126,17.119324409690982,15.853576603798626,22.103841615014765,20.984129468638535,20.33151024461076,17.005184630282102,15.934766314826769,22.345450274275795,21.020563612031367,20.218963008819976,16.980614606079136,15.961230702772378,22.261400016880188,21.038472035737524,20.101407880966455,16.975301699287932,15.928636233636558,21.998096886911668,21.03599868365408,20.068162713766284,17.065750480349013,16.087995738954906,21.92490579032779,21.03522402895223,20.019005727264574,17.120028241499497,16.197716514076212,21.888017202547978,20.88111317735569,20.01595496025267,17.1881064549087,16.101607386131743,21.96139493032927,20.830307658894665,19.979032542105738,17.224520523277217,16.168304259787984,22.0379389600212,20.87405981701682,20.27373953573416,17.32121146613266,16.240020201995584,22.43474202439438,20.896131351805945,20.31911695672866,17.2186573146103,16.132533353166274,22.415658213982123,20.836603317637827,20.450475952288695,17.245367537224666,16.007379930621415,22.47617679883312,20.953695786563536,20.466236131320187,17.248797405529864,16.09671921227405,22.77762428069068,21.133971790396906,20.53394607533979,17.433678235731414,16.023839053646245,22.85790534463816,21.11165940734112,20.3505590356536,17.43952413291198,15.987368123550757,22.614413568940364,21.237181391802093,20.37604711097118,17.40327893547891,15.860917043320137,22.772853110437467,21.33036688301879,20.278695502534312,17.5157290672133,15.83449544591027,22.557461394149996,21.294908336537937,20.29917030088107,17.443992886868728,15.783385819234667,21.959136142847324,21.20240574196539,20.24461550541367,17.284987414559815,15.812555522320721,21.988645518044773,21.29767320462218,20.29046495478611,17.177569108649738,15.8037024690851,22.156843310944943,21.26764192742325,20.06149303112911,17.337227733604585,15.875592700431628
15.214609832898843,14.100164696112707,13.834796075340876,13.219720983850475,12.99473273235587,16.337269391377706,14.379417061121144,13.384564995334202,13.393647388388672,12.883159655531102,16.440038776140202,15.536887920360186,13.638596848866813,12.933453954521818,12.79891992821042,14.28882388039571,14.530133736127336,13.68344965863728,13.330886714315408,12.718563196329324,15.582358632146054,14.583887778290125,13.634177666431366,13.2444711180604,12.815617921506762,15.486944389078307,14.732980446629213,13.56808867745863,13.274304054505318,12.828302844838706,15.429895879258414,14.797651093229987,13.757197988894342,13.252775163717654,12.84107407362617,15.64454097405815,14.613117617650172,13.825981031303973,13.26000497527738,12.724343600307861,16.13742806495418,14.36711668216933,14.01003305325842,13.256761649917332,12.621659546327592,16.297307994482384,14.26443048775974,14.132461114410034,13.150640334137773,12.580582840237472,16.63478588870385,14.167107685046139,14.141875018514506,13.163426493021086,12.452250812159662,16.514972804216725,14.114620687280592,14.102584156526722,13.08535063831583,12.35635987390177,16.444062618519958,13.948296002259744,14.026573509951135,13.052395573551177,12.460898139554358,16.138443858818615,14.357419157466918,13.885454630245965,12.9780795448867,12.575643061830835,16.155667506494076,14.569828952160893,13.664015804396808,12.991277185391041,12.711007810463558,15.983118265603139,14.636795687145682,13.746896590062164,12.92545015674546,12.780577580048526,15.972026664659932,14.679006044268665,13.656632060926484,12.961819741328105,12.806458280000623,15.796165217903269,15.032584513244846,13.780141186976152,13.04711118129038,12.796760478338085,16.181822539824445,15.084568214522125,13.787946945782116,13.07825806364742,12.858157901598172,15.835801669497826,15.044607576379324,14.026821938722145,13.148145255870606,12.741272385259299,15.976898083281839,15.114125235797468,14.023733621142995,13.144098725666073,12.763137792117298,16.41854182978214,14.98132415133522,14.140180717400344,13.149314121588343,12.758123283366562,16.287639604128877,14.70757497969185,14.189035338008477,13.146567064874901,12.743988271178711,16.23352435979504,14.639602178049017,14.224945711527846,13.171842182456013,12.674442151729366,16.453508139344873,14.55693991399075,14.079702732222817,13.141181013388337,12.69659421452393,16.3393658924881,14.394245948484874,14.031014769270959,13.19625182210859,12.736100305737258,15.876510000774363,14.340070955316614,13.911422848921882,13.241145148788792,12.814600780953043,15.859180983758344,14.425051620746519,13.824160807576117,13.236607896223106,12.863219132528247,15.784922192853562,14.183147602951312,13.832855655904558,13.190991852046093,12.705608100239266,15.867219236445058,14.091395334253022,13.73290205586314,13.134603707787766,12.75796599576872,15.765252715401346,13.94714578130097,13.725472216510365,13.003738913465517,12.66865342706826,15.73427405034746,14.089952197186744,13.656268413806535,13.030543948432529,12.559836585969425,15.636660516303081,13.962256771447624,13.676009430642997,12.939228816025462,12.462599902899395,15.506620785073551,14.106038790860921,13.629364550183562,13.00297467099018,12.554214613762683,15.510651656387367,14.28172763996424,13.745662432481407,13.034778743403194,12.495327281783357,15.675169468036263,14.55813892489681,13.731154268818761,13.057112916672395,12.529084970794184,15.82155275280633,14.650231834561675,13.9435821104512,13.008332542708292,12.57107978184477,15.93107901403359,14.735894783498168,13.947616362290969,13.09691259362173,12.60964486118189,15.943610502647143,14.686891256252062,13.936580056370175,13.124756365755374,12.661324222618706,15.913262152980229,14.657323338837795,13.938197539438338,13.207213568470971,12.63155263586423,15.879872605711935,14.47041492737344,13.95762475505098,13.321212215119385,12.58886199265984,15.828544553304093,14.438755685171937,13.919407983364,13.294980677289095,12.62276665859132
22.456956401720557,19.81707648614335,18.459083138837006,17.25742557294125,16.535134982177087,22.726961190006246,20.117928068617175,19.113392816736486,17.463607612746934,16.41460640612296,24.022646712897583,21.220153101300603,18.587260382590117,17.39700800056628,16.253321131790194,23.054290416670185,20.916877712882663,18.894027096822292,16.928829457052707,15.976905206471882,23.113289352382044,20.499527231835422,18.669851181151152,17.218986315923644,16.28816317867193,23.176723803367643,20.638907504690213,18.801015588698636,17.174579758127084,16.150521349407352,23.161281835531234,20.893182067299875,18.906174187170027,17.098478350669758,16.077329520971336,23.19770643689588,20.89282661722969,19.150299876039224,17.060171868605202,16.06123542549894,23.01434632070909,20.689551185248682,19.178521698188245,17.130563395787267,16.039042029868135,22.806148919827013,20.7143630233968,19.31284402806164,17.082124833261407,16.026996142183464,22.636475240936175,20.66142567553709,19.339572252392582,17.062021734998414,16.091556456807627,22.603200933282054,20.459634482527605,19.28816886974329,17.056044933156226,15.959806101979442,22.66559808895692,20.351302290867142,19.61906811015052,17.060611362780275,15.912812138141245,22.843256572788583,20.595386064576104,19.797929187300205,17.07135345744691,15.860682570004235,22.977068167247786,20.49491789847375,19.874690434340796,17.09392861241009,15.790525340597053,23.156901677367465,20.649042219840958,20.256917467784,17.13977335499428,15.789053773508304,23.184863324235813,20.59612953150131,20.65412495154404,17.13591858280869,15.912167975590805,22.827073323329692,20.496987969619774,20.35001962428766,17.209008669193068,15.900127344669476,22.55355669949666,20.265526767488772,20.278951397651262,17.099807916292765,16.02590678560048,22.2692798624123,20.286626427698206,20.433569945680254,17.187794949325216,15.970357349403155,21.845160711088596,20.045518552902337,20.135899331066945,17.148809861025665,15.93598005236658,21.95955713936188,20.115820233211743,19.81217494451538,17.36289077704459,16.02405912355987,22.31450824287781,20.327014028820955,19.832776985025784,17.303309409963127,16.10201363193503,22.37864863049325,20.451831001296235,19.69154894518484,17.300030031520357,16.091644641143215,22.816369998387692,20.513398274504603,19.496984447096814,17.21986196413956,16.11486494506773,23.235644094491537,20.598901016038408,19.408651905998347,17.261825388892852,16.196762340281673,23.08338633298149,20.544553553904482,19.30606081605482,17.063330718338356,16.02386548647457,22.719154015321003,20.243441220355397,19.20168424838268,16.855728218238514,15.929771833516195,22.791817742024453,20.226482123782876,19.303383383070347,17.010074717110236,15.858953153364364,22.4157093076238,20.140863241286432,19.30758741477515,16.91633862658167,15.762897973737996,22.061368179884976,20.13081478052777,19.59665521103354,16.955066240555073,15.624003660886615,22.14153733873221,19.960376195508474,19.609540953908798,16.831209575892927,15.634246982707861,22.370128205713332,20.133579463725987,19.5780656825519,16.951174150089138,15.633043752484644,22.742622708857162,19.987202569848456,19.609963084040412,16.836081477450826,15.752699680519507,23.442501845952705,20.0264853835176,19.897725595824163,17.015564617546858,15.976524760385567,23.906387537145598,20.183551968082945,19.555585453040237,16.953715726976206,16.022121562392595,23.805092437989863,20.48016508483485,19.68316199077141,17.026552727425063,16.007908850837236,23.26986892581766,20.28254842692775,19.57353630462745,17.026999071157785,15.885225000374106,22.587648079714505,20.492275201197625,19.507354766202308,17.05928439911616,15.731822107444824,21.959204880151823,20.335090715105036,19.39045781562285,16.964054081906074,15.601809633825525,21.68683085175038,20.10698470208905,19.38538318395262,17.031556562186914,15.500635061323532,21.701736398072303,19.888184912153793,19.29695595894767,16.983083000560164,15.347797099961625
23.00584349647173,20.247886990598747,19.045592598626925,17.847400326687204,17.21591683603949,23.26648093059082,20.62534238468438,19.47689911393868,17.880243219014858,17.08664197379853,24.549924488176696,21.586831672669124,18.727881110213495,18.002886231142437,16.900353162312598,23.420155196828862,21.194197776258687,19.410926315839177,17.29727641674204,16.77816341993247,23.595651604573156,20.929505738787128,19.096438924620436,17.73771688664042,17.030868438327037,23.66306551207548,21.07338618168899,19.200409258402363,17.65870902325663,16.873485975219342,23.618771198710284,21.298798423910732,19.318538356069848,17.622334231815536,16.7292327508466,23.64046570082698,21.314608534203963,19.62718503980288,17.605902577665088,16.704013764589025,23.46774427268931,21.169217008395115,19.619344078146888,17.69926876564428,16.703114390423757,23.29164724421357,21.150290901653406,19.758638296293086,17.6401483598415,16.625951380932882,23.07448805625836,21.092563162941985,19.747775739555372,17.623190268334636,16.747649257336967,23.06590074473211,20.870072880681754,19.687488209322435,17.599006235275233,16.69405913665029,23.152850949475788,20.798156803680833,20.003374804928665,17.51975651827347,16.679768784315176,23.362498839357936,21.010549725333654,20.215977698624467,17.522162651803097,16.575207043532355,23.491149903947974,20.939825389123705,20.29712228768613,17.536982960088416,16.506748341210574,23.69598623484045,21.094951313032237,20.725120954830807,17.628016990569773,16.483223831505747,23.754973206809254,21.042444625120645,21.14133213132863,17.55736775590135,16.600950657879935,23.347102319124847,20.878414736300208,20.847475397230202,17.70397904098281,16.578396611788573,23.030853717628528,20.661008833964793,20.75177997978613,17.607115282344033,16.7071470118782,22.72927339544115,20.69096175123979,20.860585107966482,17.702308278056787,16.668426382812093,22.30224567444187,20.44366488485104,20.526218371598254,17.644279788092657,16.617442352284762,22.33912629517367,20.55145089898065,20.186093703563337,17.925433346019034,16.69235441996245,22.75715314890727,20.807006069103068,20.20303080644774,17.84453465164875,16.751521568570194,22.858327408499058,20.955410576356673,20.09044126527108,17.821386185168713,16.737552916916634,23.3235580616956,21.03046344311455,19.939759601180658,17.733359593916397,16.79052789568349,23.759150849973043,21.161964986918477,19.889512108172323,17.810089345275518,16.849613424824135,23.6448956793463,21.09025977579706,19.78742728168544,17.57180726168893,16.628768146873263,23.229344418320863,20.766707001670905,19.68302644470329,17.328490346243232,16.518953361498205,23.27578561222406,20.73663004311762,19.813888162866537,17.487214492402252,16.455828816399865,22.86214611307382,20.59345284002095,19.81520217256204,17.390281005977776,16.333576669819394,22.52321844592317,20.537988315571923,20.07685635740978,17.362021352672354,16.214150996065836,22.651610993342338,20.363389624660662,20.08026553444163,17.28241619782004,16.28987846237028,22.899747158704606,20.563381134360945,20.03672826090171,17.446131440741723,16.313695827307107,23.300259604197095,20.383177273629464,20.051013688128045,17.34447747992754,16.439290957508724,24.015472906733827,20.46944148382152,20.27880860070914,17.541336373501117,16.61516523224356,24.45593664591201,20.634706069972943,19.992049410082835,17.509844711751022,16.664737301890717,24.283837253482847,20.941761535225897,20.10753385551382,17.58453315790488,16.652121571657705,23.797447171079256,20.75602734545557,20.041126833599623,17.58132178177207,16.5560003149735,23.096857460206333,20.96774744039435,19.94359899788109,17.565907612022606,16.37339970772994,22.451647429290766,20.778476878851357,19.84087832436546,17.412690123965522,16.251761864225852,22.18692803472116,20.54744828709338,19.81871078630193,17.477642682344246,16.130126337814954,22.225132405531674,20.338790505013755,19.75877072465163,17.43122143429862,15.951813197207215
23.05419297498791,20.23486697690243,19.04196991452882,17.89848320235482,17.208449837104325,23.261800179268786,20.678295810013775,19.558278470183026,17.993978983060764,17.075714543145285,24.594380938903353,21.611320202172966,18.800683598272467,18.010711147648824,16.914416390113093,23.405843964245257,21.26140366262669,19.418291200435178,17.479194675087605,16.930414479284686,23.616199590438264,20.94900813226125,19.099630789309924,17.840944747480613,17.031551908164595,23.669617943144555,21.104762334365073,19.20382615439136,17.76649200743507,16.862306624330078,23.62852378093789,21.321553515515028,19.298309350504162,17.701750649783563,16.76295155766974,23.651528594631706,21.340462701897966,19.603423935841057,17.703662696865905,16.734860717703306,23.48197587995841,21.19269371159851,19.602039609736906,17.759325925764962,16.688104040716077,23.305510962027917,21.202518187023593,19.785465600858927,17.657923682683492,16.624837421855872,23.08741071627879,21.1399148888391,19.765014933106663,17.627455033534375,16.720608152486797,23.07743763941499,20.9334177559765,19.719269284667476,17.615199166343672,16.62674519045374,23.154044904972118,20.860470980744008,20.03342826619722,17.52884876522854,16.589916062428447,23.361462353900244,21.061917229784875,20.23942719234276,17.551171212398984,16.520023803941243,23.48284282313079,20.96744067081168,20.297691026341347,17.5751816484331,16.497699985302717,23.6892144613044,21.119994286804534,20.728817286185546,17.665384970043448,16.5290226938167,23.74578089333995,21.039212309313868,21.140843188291072,17.627878891515024,16.63608140611194,23.338339604080595,20.864623381095562,20.816424408338968,17.788779661832613,16.65297100079504,23.022308390709618,20.657731622401116,20.71526010622111,17.691735312859148,16.76320509078949,22.7099410655019,20.66189658667442,20.81929237261089,17.78085650087446,16.67163645298943,22.296168253632356,20.406832483821297,20.49405279628528,17.73052001831598,16.62985358528038,22.33870169305527,20.51546710567584,20.148547608436594,17.979586604793134,16.70834881173355,22.76330201572062,20.778110924445095,20.18139088485593,17.85232862321306,16.772898718288104,22.87057744847578,20.92585594144716,20.082222210541524,17.844801497311547,16.759320295337528,23.351632730009275,21.03053470439152,19.944997876853932,17.759843832665002,16.821958480460726,23.78073355963653,21.165938524772507,19.886160201587813,17.803470855778745,16.88506841705068,23.637170951464277,21.102782692645835,19.785093819755843,17.550636396837046,16.64344309245434,23.21503190616692,20.781552443594784,19.684704820577586,17.34601090814964,16.517385588204117,23.266497675019604,20.74343197020304,19.808206749004935,17.465878789546647,16.46528349390435,22.880853731471916,20.61075122970858,19.801242442904066,17.366871984493024,16.369092428955806,22.5270516835838,20.532705266658077,20.064652567575664,17.37104968703104,16.213722303973015,22.68255370260576,20.36918087277258,20.06539095008512,17.30632981935161,16.32583762212113,22.929919562153778,20.554326735776407,20.034958279573516,17.46722669961651,16.36042112382411,23.31957701904755,20.366662853616724,20.033832444844265,17.382129896280738,16.467923594768678,24.003695688996252,20.43395433962229,20.290587929372002,17.608448048681254,16.646525207574975,24.447718812336074,20.622432735449717,19.98955688368857,17.55934265218297,16.694246176299607,24.272080241658223,20.90831727809236,20.129777666667408,17.623057642816,16.677832967790682,23.795600064727275,20.746219569740255,20.03651825390679,17.593189544327977,16.586337304914334,23.105584083158583,20.975376799021614,19.95394539851215,17.59632312646684,16.440118746100943,22.4694239981228,20.77313057278597,19.832025050100942,17.411869707950622,16.33277008560532,22.2028259953851,20.537078514028767,19.82564242322477,17.460944792309842,16.225521948675002,22.233913927431,20.357698783374197,19.753753007768733,17.43440817722335,16.066509822855135
22.99294139705504,20.245835823964924,19.096671582259702,17.86754282431976,17.248050503796872,23.300624991602493,20.68780175815798,19.47815849023369,17.90190847077681,17.074907614431282,24.586395895957054,21.535345694567134,18.73721402786796,18.015173028851073,16.97803449354207,23.403350413883697,21.241461091592804,19.512485183364983,17.423988162095807,16.870319070131476,23.61007665312893,20.95084900082025,19.096768941845337,17.790087680630243,17.063819222234272,23.681079334397527,21.095057073857845,19.178862397631377,17.733473010979765,16.920965617327195,23.62841047433139,21.311254050168053,19.30263930640581,17.712838440683896,16.814172571362917,23.651422907465033,21.344644362175693,19.600554911560884,17.708008963200932,16.782027501661187,23.47893019998605,21.20080064798742,19.57749656671279,17.78849946153491,16.759595833926824,23.301187304122195,21.174334798254517,19.76283700082817,17.703747035412583,16.67015004677299,23.086476026168718,21.127442291667496,19.773892717728017,17.674363999235315,16.767819229674053,23.074058456781884,20.908750820987173,19.717045747810367,17.601967620045382,16.6821348139012,23.160054099324146,20.84143371625936,20.048677286487123,17.517673728073312,16.647322220531912,23.38394166013841,21.054916489459377,20.268946683899458,17.507917045023696,16.56402855185197,23.513607521876914,20.983760581248884,20.330817907581896,17.51544191146307,16.53436191923131,23.72718599781156,21.1315758385504,20.74994800860336,17.589278958583073,16.521281766907613,23.798024814755,21.068641044583778,21.158283035408527,17.554547831734354,16.67718007243367,23.389195998825947,20.897819469489395,20.84690933827302,17.714904344058642,16.6917438902964,23.070240844207184,20.680592559573057,20.734852633351593,17.65546539360524,16.799891047667238,22.74361426231618,20.717427761803513,20.839647895083647,17.750156697485835,16.75884210240462,22.31991140224598,20.487361597830812,20.499796074628012,17.706478070551515,16.719517636883467,22.347779249888966,20.607662082234093,20.142600497010115,17.980362296267135,16.75994746717279,22.767239464998966,20.86248481463584,20.16824531946866,17.868339152033148,16.820970475802362,22.85814835159842,20.996284106467588,20.05758141218222,17.80375415847077,16.794888517696993,23.35177712074539,21.06780836561536,19.918724152910123,17.738722034427838,16.857160458600855,23.778182849519972,21.191635615007037,19.86359277062654,17.814767196657886,16.905064623358424,23.650764353588237,21.116694044825543,19.778920030773648,17.561888143644648,16.692599247342702,23.23329604888813,20.798384000697922,19.678775197487973,17.339371334243612,16.553788785675586,23.295099935980286,20.7755029926487,19.8130918849978,17.510086326303842,16.49930369627306,22.87684101830802,20.614747341352107,19.795084798193905,17.43988561428319,16.37031080246058,22.52877787526242,20.544236564544885,20.064521279399912,17.39911332920559,16.24052592754326,22.678270724771686,20.384955048351934,20.056659428002224,17.32997209228379,16.310132853418228,22.926365402660302,20.584026479808266,20.023741927635715,17.488269253763477,16.341870292520866,23.31919551906213,20.423438940093764,20.032809689484164,17.385675103375004,16.469403826539484,24.03946635754442,20.530085825818464,20.28169060075684,17.582251691866002,16.62574958148099,24.479194393478046,20.68869423156325,19.98205677937039,17.556221110995466,16.666625321593425,24.285392121719845,20.985300349586762,20.118317822341393,17.648730311125554,16.659163816118976,23.799716679243915,20.78642527502485,20.030905641562207,17.630505453664114,16.560565794894437,23.107104020825904,20.97877952683618,19.933243103820438,17.631974273473134,16.405000050410774,22.46018579933056,20.788182290563114,19.833949193504974,17.47587654798663,16.298808997998574,22.19331087196996,20.561016446249624,19.823406479901475,17.51387579288589,16.15869440294401,22.24865012391785,20.37787048073382,19.743234261039902,17.454956909998373,15.987301203124536
22.691081507875555,20.423291040488206,20.070397544974643,18.79534422109526,17.278299302487163,23.848589357496316,21.75795184993163,20.03269118787985,19.72852184111493,18.63754858641536,22.664986108141996,21.28831505595562,20.279963402161943,18.70892350430906,16.960042162277812,23.975229339100427,21.607581145428373,19.741296858791475,18.564586156330698,17.002675162313757,23.4930751963922,21.299355905898672,20.084768228744274,18.8420056632199,17.412042460921434,23.73105829742226,21.259586267073313,19.97249084973267,18.741887988632264,17.26792568176668,23.975738524097856,21.31160929524665,20.106176331595986,18.47518584996587,16.871641627964536,24.534297806342163,21.387525484098227,20.234229071128297,18.366239663248546,16.75608810700996,24.38818971586513,21.311135473820396,20.286676759715647,18.295376536358663,16.76056745855954,24.25403899199885,21.260234568856486,20.130727383173127,18.278576674661412,16.678134597262083,24.451730460076245,21.43281084989993,20.33570271697358,18.329218600638075,16.693307362382715,24.20636242102625,21.389142005287404,20.306584658132273,18.30151728736521,16.691600528210092,23.88996116512668,21.26293306988403,20.40715837530461,18.356417529393763,16.69386803928525,24.090368112494737,21.196992666253006,20.474392477050635,18.408793645687528,16.607822274944436,24.19913860717339,21.11866519999637,20.818707105969803,18.414127358077202,16.61700531571454,23.733842527315126,21.25206173968659,20.9734392920069,18.453666731811076,16.669453808662105,23.589793603222837,20.975237479700347,21.05415627803689,18.522132278911027,16.747337779374778,23.85975692622931,21.027806748713182,20.80204238303766,18.477920263650173,16.73914801026333,23.721182003101088,21.03883177057524,20.898583020448317,18.473989501851616,16.684980180504233,23.468231187288996,21.095751166528196,20.860781472890608,18.499131996568746,16.630501569278625,23.467498973189734,20.822626038023134,20.679590773967966,18.445537625547427,16.59762439006307,23.973966516195247,20.97663797380867,20.732991707710045,18.441391955212513,16.590183549223305,23.740973806748872,21.088891527191446,20.87326789964809,18.42645999638841,16.52142596163919,23.8407572726627,21.140223243095324,20.763479904703456,18.45976005549215,16.547778593742095,24.23383845399666,21.350252565775214,20.625004021902765,18.36205893355613,16.500837639899316,24.285998323275184,21.42808445199815,20.476086504319124,18.34286587001521,16.450396625870006,23.783746323141976,21.33158041727163,20.27888510865528,18.350875345671785,16.4335375163988,23.672668420168307,21.458727905392855,20.210161521722387,18.36950011671805,16.600469119544876,23.756464204265136,21.157276564251454,20.10681896724295,18.37434546682917,16.718216608128607,23.257939723149292,21.082160581597584,20.08456460936478,18.332819560099857,16.723793209998806,23.020872347571725,21.114278517058732,20.3579681886996,18.34706741081183,16.857203892523813,23.018123140523496,21.195606831146517,20.35256661070842,18.295391671547414,16.749395338552528,22.88436727711003,20.96762454208352,20.540451469474082,18.25716815038019,16.691328352119292,22.541301824240755,21.27125268274181,20.699145353580242,18.206555474121213,16.61326295269663,23.31712537952925,21.29637573659454,20.92163721799583,18.634788076501053,16.73045661310915,23.71160686766817,21.439470655010822,20.760642628080006,18.601217703768494,16.651465601327526,23.594659306149833,21.590837396900973,20.75469075235643,18.55189532916328,16.647094132270688,23.642588418597,21.453770101439158,20.63682353967665,18.61140722119516,16.601968028995508,23.55832518599292,21.411930851623282,20.679622204447924,18.511305903164267,16.5961501353154,22.94381941206206,21.213352091311588,20.336931807036855,18.18759644660019,16.52204941353121,22.795212904120557,21.048664014026407,20.207411903550792,18.237736228991377,16.50846736100133,22.91260311703918,20.654468400845076,20.10065090280033,18.24689017592896,16.591352668379205
22.649756384574403,20.481411222283615,20.178086629989707,18.75150061605092,17.288576457626633,23.862838894476834,21.75770487151468,20.021182214969446,19.725531878991394,18.636478955334432,22.634451851345744,21.24785874056484,20.296462255959337,18.727658271837093,16.893256449290856,23.957897121442453,21.58183243957206,19.8190486394535,18.545108166543937,17.079754290384773,23.478445348930443,21.2990195506976,20.132788046165885,18.824337097851192,17.41913490082518,23.71676245849097,21.24865326635911,19.996538984948625,18.735083895682145,17.27142564598588,23.95342827084047,21.28813137856526,20.1465249704714,18.456584075597288,16.868268541965964,24.51834321121116,21.376193268553532,20.283677856473684,18.3244189753006,16.769707730464418,24.369833919364947,21.308443566457207,20.323036062318863,18.250282284256514,16.76952248446677,24.23085696061305,21.2669385717981,20.139838026891887,18.2323941691731,16.665039289021582,24.432330384685596,21.446405974258948,20.337956240335384,18.27861970211724,16.686956198523628,24.196048234649872,21.418437355803903,20.28787387605866,18.260414292705466,16.697250704974145,23.878695161529002,21.26989684242142,20.376823513583467,18.334639070376507,16.678553464052307,24.085292863263344,21.200366681902914,20.427851742873777,18.397582825650943,16.608136515974635,24.198178588108014,21.13106693067234,20.794943800770177,18.423112595404515,16.63927528865083,23.733898841701468,21.273217889011732,20.96534823308423,18.445581092468355,16.67018089095199,23.597408629020613,21.0064456491735,21.04946810372471,18.516761127087566,16.730785600532002,23.869625366957585,21.092046467490203,20.7931679875463,18.471173323962354,16.74692323112794,23.730711669532546,21.09117078398828,20.900348650801355,18.459360160248657,16.661307493337805,23.475369521685018,21.125383905611013,20.84519307665775,18.481113284580424,16.583108310930793,23.47426892632827,20.839272194298722,20.636905733610064,18.443948998712834,16.548186734382863,23.96536925297581,20.986433405828514,20.697093495942557,18.441523876928017,16.533138101381745,23.731785789633836,21.078623611117486,20.84396950556694,18.43589300063594,16.45822495196652,23.841072029683893,21.14681712036272,20.740875454891665,18.486433562027123,16.491860810435742,24.2403474258253,21.34973829941965,20.615683507490168,18.36636804368905,16.454361315872582,24.301833205718417,21.43775963976045,20.500200846527612,18.347071891046745,16.426398843459673,23.79978445381706,21.338389064269638,20.291414472250647,18.34967416206263,16.40520305136839,23.686890603673532,21.467060393222695,20.22939503844528,18.34240824452568,16.554512296641416,23.76734349224912,21.18968283393038,20.131770292753025,18.32358420746478,16.65783965071067,23.270848717555396,21.129836170330172,20.113292369533955,18.302351625784105,16.64765145800744,22.987582145779772,21.145372366013262,20.37229177730134,18.32550959658072,16.75997888974107,22.97796246987361,21.232693343557063,20.37414845146475,18.27832272476669,16.696142706477108,22.85343742444589,20.997704208369687,20.55713000015133,18.249371556946727,16.638287338180824,22.51311256875547,21.261528000922006,20.699813433327005,18.205487017235235,16.577040496295588,23.286489394555566,21.289714435824493,20.91232618857016,18.624329145026284,16.687098391852533,23.721038539639558,21.439188558646805,20.750250688150796,18.597476135267122,16.623743089773008,23.6146159307942,21.583969968030722,20.737875807412088,18.543451516666007,16.622121653884353,23.652747122582838,21.4473282320289,20.624832792854992,18.601454253751577,16.55817944936347,23.55058707285315,21.408861050768888,20.675991142031087,18.513955483327198,16.534742562144423,22.931592447597613,21.180287021505364,20.327599840572084,18.20435104723661,16.47284810180083,22.78982241268113,21.02169345799956,20.18850522670916,18.235882757936515,16.468723554450442,22.904164267796236,20.62332455206041,20.107490099435996,18.261717331697355,16.52329697292224
22.5739835232164,19.815827121037735,19.81696780953509,18.36289092959303,17.00539071371077,23.99745808699877,20.8634288435266,19.24354795228676,18.77014542606414,17.905249479789006,22.456326110788527,21.345673554804577,20.06628793135906,18.509957671525214,16.462153141367118,22.303777488203917,20.907719963091093,19.692280071096185,18.16783509215246,16.96667091979619,22.792043328714676,20.833025729932622,19.760891329458733,18.37459660105923,17.043034903086163,22.95400681394647,21.07049506566234,19.737600805461575,18.364464015381657,16.981156363093824,22.959918713608428,21.24740224670071,19.9053073029255,18.17090087171323,16.69918975820181,23.351776935132133,21.23673636045468,19.963827874717897,18.02222161051274,16.712634671040597,23.60156831946005,21.220827581420785,20.049461506441414,18.006557234565598,16.74484763484864,23.79582310923382,21.003536800532316,19.825929340637742,18.049495561922676,16.683318036837587,23.750941950795873,20.924975498755618,19.96821207122065,18.03999213164433,16.635746468663932,23.62085997523733,20.91226010630274,20.011183651718557,18.0806906498076,16.615358719948354,23.330245170548302,20.80494404317059,20.11941493570918,18.11975721309206,16.612174910510923,23.198194859474658,20.732010586686098,20.117476152771367,18.15174358774986,16.56585947532684,23.13759251363104,20.86785325130613,20.43851261333074,18.123701301279652,16.455626803614827,23.21691396656424,21.06389469751972,20.511091784712146,18.137381904952683,16.52643981123068,23.063493530219166,20.717828956699066,20.547450689197824,18.147149708757684,16.529152214412413,23.376680178817946,20.79017775906501,20.349046269285367,18.198064140701735,16.54599639110007,23.510817779955744,20.798424765175078,20.339207178959477,18.230978333943447,16.487525180008234,23.349842938525192,20.746807946890748,20.347347495381864,18.22986921190715,16.639339412567487,23.221538677397017,20.425902098520954,20.143948651332423,18.24873532955566,16.57701083296948,23.583363837949236,20.611646994961433,20.239882839874063,18.331072019540038,16.654841992108885,23.369241256601363,20.656083431294093,20.36561754059933,18.284620028162713,16.554762839140547,23.617953210641492,20.761887330639617,20.37950031149952,18.257347566706493,16.522762072082855,23.870466129211675,21.00425257649459,20.269061001525635,18.173747688784594,16.486725892501834,23.73228103124522,21.115521720903992,20.221515035756216,18.119818335742032,16.452218625463733,23.173267659745285,21.029809591248785,20.01527043938727,18.134386718148992,16.407916619846752,23.072566251940984,21.042883164861955,19.89256604141822,18.11234094116756,16.535030604838852,22.85121227002604,20.87262609485061,19.82712205392413,18.073694486412116,16.535392204958242,22.583970568494188,20.74678716842762,19.812479722716663,18.08715169050916,16.453280524065597,22.65000062109708,20.664097718089046,20.018461592479298,18.109597813788646,16.550058799640443,22.8663749579869,20.747014694766023,20.008331587442676,17.954120053510906,16.46005601004726,22.780507137722722,20.727044160834986,20.224321924315586,17.912853257703844,16.32239308302538,22.547206623749798,20.92824315830935,20.27826834235634,17.967010449291706,16.32071772860892,23.20275768997259,20.95308603041557,20.528527953776788,18.318083968453305,16.455462936012815,23.269669387754234,21.136245584723532,20.40056911391947,18.33645470941611,16.35071755984232,23.238138014658308,21.264327839589356,20.415909435906382,18.317761325715825,16.362397231948417,23.233635257190237,20.97067900085025,20.245343519899425,18.472819818202108,16.348571229939182,23.08671067484125,20.891058656782644,20.321973155391383,18.376211203326463,16.375185940892372,22.44043560322191,20.65803887206248,19.94925462351278,18.10020753963489,16.264224650802618,22.349858830745255,20.438961242717646,19.788523983345648,18.041931002398208,16.264542879595467,22.50836258561274,20.385006923709426,19.889742182839214,18.21537559441266,16.37471011650738
16.206402372827906,13.848347855198146,14.365426235086415,13.372535239890823,12.648860969978504,16.318999855576944,14.368261221155691,14.001993587931363,13.165350432647013,13.049657206914526,15.86093343833758,15.374439932304213,14.06076857375191,12.842473791846462,12.798601811634061,14.777759051928848,14.560291548014236,14.341719124888332,13.34189154526197,12.637675518274998,15.714438974008186,14.477256020546022,14.108263821101477,13.203371938594756,12.742328216365014,15.49818131897383,14.784189779209743,14.042127401311522,13.187032122384602,12.849768718653436,15.536846325740663,14.896374736983471,13.987226583423872,13.23416817807121,12.792442465885852,15.95561586593415,14.749074259619372,13.921054425322415,13.321511110665037,12.771958558408466,16.317519446288415,14.736604188157306,13.992673759434387,13.394385451694154,12.726018511930977,16.464994770523116,14.826682611880281,14.103411086657491,13.358068845289731,12.745489747846728,16.770980073441073,14.678539493321296,14.012099881057514,13.430743750620291,12.666475435001015,16.67206495241284,14.668179484554576,14.0815499827137,13.35798364864761,12.714631434107023,16.471947055382476,14.603660367415614,14.111161248953755,13.317621086115361,12.726738878977098,16.256166161513764,14.822230499799414,14.04200899445921,13.183757385314593,12.823776005166613,16.287818980105307,14.870550761400091,13.895605205965438,13.216991648819794,12.801833393406369,16.084158849525025,14.967890965147078,14.027772558786694,13.121969742839886,12.8236912925176,16.04888275987556,14.887653533530521,14.096705448205768,13.162321478390803,12.816083808984686,15.997420986139042,15.142722082089444,14.164582559139593,13.23365092963816,12.840772131236127,16.253690440863828,15.106125128667973,14.143405648499865,13.335103566883287,12.86738202259628,16.150790556463136,15.07942020647064,14.30246867667455,13.274517707702921,12.908248019647667,16.283191426836666,15.100438731848357,14.183965317809164,13.282589733867493,12.936616160400344,16.63746388734084,15.036395592551424,14.070103330730893,13.219780670449927,12.879272911422328,16.47641937123714,14.87006705140828,14.101749441321212,13.143653482881518,12.802017032740157,16.584290428757164,14.858677206153885,14.122797320470472,13.043279838114254,12.68493722133911,16.68711111326555,14.768714225654836,14.001155753402998,13.100633036810697,12.59064625328814,16.56102968302637,14.631531924448357,13.96336303851183,13.21840551439524,12.593980097135118,16.11157464474708,14.605984084658477,13.903388312935387,13.361355145054588,12.633152695113122,16.120346004402613,14.688884117854702,13.864966721048711,13.323408364407545,12.712190364715815,16.051484209035305,14.493756955661198,13.87961463386792,13.368811734693395,12.725371452091203,16.0941980134215,14.394833716693395,13.789351571192231,13.28582316907305,12.813767406226379,16.148556561108474,14.478677662474832,13.886699949835787,13.111038438363035,12.793789108545113,16.246236456580483,14.692433148928519,13.950146150177977,13.046614839757774,12.736773463194744,16.05107931924274,14.618351094382637,13.960487610715338,13.068853523777943,12.710945016359522,16.01685652638805,14.74541662145007,13.845035210416153,13.098217635637521,12.742835525382464,16.207960590637963,14.958670997085187,13.789686418328278,13.14631024997397,12.809018721314402,16.190484973733113,14.864089661697449,13.705045521859821,13.078319748757073,12.827163473207804,16.219627236900827,14.831249035737546,13.757631920718856,13.088199743682122,12.816387786528955,16.4448790761637,14.785631466188391,13.71209955843059,13.155909263246794,12.76683928681819,16.364795441732767,14.65456343183536,13.76780351237108,13.200011062790413,12.78019012524133,15.980662624213508,14.506530115778094,13.931398264503645,13.245569767103618,12.764033436735826,15.955651778921785,14.545228080113443,13.949421619441347,13.437858166022826,12.727258294514876,15.88002702548425,14.559469934982797,13.968730483590955,13.34014618783416,12.752399616720504
22.797050550237536,20.110147550725273,18.8619252288022,17.642221382762,16.818433173221706,23.000398826825773,20.504968855173722,19.435178064602646,17.76042567087227,16.82703425796435,24.247227208273287,21.57193560856071,18.779498126130456,17.837730262765973,16.63615802158116,23.34264725138707,21.08212955086452,19.23873049578032,17.21715426447819,16.534729343987102,23.38797038345856,20.806624703373334,18.969964571308083,17.55291234364092,16.7268480531864,23.473357700490602,20.928209093824552,19.089180506056522,17.47634286962488,16.576568644492113,23.47325366487761,21.154074162702386,19.172835165057638,17.416326862326194,16.44171808661642,23.533233711560776,21.133695189543438,19.439338612118597,17.381837866995447,16.41239747614444,23.360074612460743,20.958299116299905,19.43946433878441,17.447392945870785,16.37383395262939,23.1390582231249,20.94217919153269,19.612293531523317,17.42045928435074,16.285152947179178,22.932420345899597,20.902974748484315,19.626198356241364,17.404205681423583,16.386999126873118,22.90462002269036,20.688740221660982,19.591366527015094,17.3892691835741,16.344976050338442,22.95760769250132,20.595551419618126,19.9131220701144,17.3534852922022,16.297471237869207,23.14785636436998,20.834294476314085,20.135285400938493,17.382951485040614,16.217913609644622,23.299156755698952,20.754873239063755,20.196698918585064,17.389477942169883,16.190922191374145,23.485472235907828,20.913173371616605,20.580978986066093,17.45665964849752,16.210197656147177,23.523467946742365,20.85416965376138,20.97636071150318,17.455607313384753,16.288653716645605,23.163263411078624,20.746983599647656,20.676978997838848,17.559659333866747,16.287729711889895,22.855080483535023,20.519735892723844,20.586148635838235,17.44545614433121,16.42976896360613,22.587059129472802,20.561334526635555,20.693935584995057,17.545732609848592,16.39185535619705,22.148940623650887,20.313567674327686,20.381842221724114,17.507256926245454,16.293097759948985,22.244870710595887,20.414876723698146,20.05900736642102,17.688061450294743,16.36470604670049,22.61421958090591,20.632441377082234,20.062317717443737,17.59098121787698,16.437348380326736,22.70218453646459,20.77601783946846,19.91665946840258,17.58424572219371,16.392031997278373,23.153564090221057,20.8513679819717,19.78885504875066,17.49632794792429,16.420320435173455,23.602730534027287,20.976393047199913,19.71723300384934,17.560490356984687,16.514015211764463,23.444051767211356,20.90911353953148,19.60287112280833,17.335114004740866,16.29454714711576,23.067850259536453,20.601338149354905,19.50321219467198,17.13797063476764,16.173550701046008,23.118754445521436,20.564178493402405,19.628666839780873,17.284629810317643,16.09301390375447,22.730682246297388,20.45677111798551,19.608318685928662,17.208696108707972,15.976546441758654,22.378575952370458,20.396774746296956,19.895509698779822,17.18093988420788,15.821338570771363,22.48296787898431,20.229684989701784,19.90738705781855,17.101261292913055,15.90765053612979,22.708217567039103,20.434645104816706,19.902919593553907,17.250602503079826,15.943466065764332,23.094565178130615,20.269637711595625,19.91788801047344,17.15243572942506,16.074878928981683,23.790062086171197,20.32390890037054,20.1822955400584,17.30918135424475,16.267986362431618,24.24583309977511,20.503509923940584,19.86042558424297,17.278016664412444,16.331461424568612,24.11118979242437,20.807180549610337,19.9909950204848,17.378357907009455,16.32838344772219,23.624585891674037,20.59049518940642,19.884501972462733,17.38066909362609,16.181279668897012,22.97372705754821,20.82432701557732,19.80348382382727,17.37935073902355,16.059687387473225,22.342581689307156,20.64868739549552,19.692405146512026,17.25357811345886,15.9361466401542,22.06680034123137,20.415537752311913,19.659946288515872,17.318842826542227,15.802699483699303,22.100163655344964,20.1805462178194,19.557063974585883,17.24709266107118,15.622748123053736
22.989249208634973,20.20179188068028,18.975277750133507,17.841422760402175,17.11683599009431,23.22265929059403,20.66482143781456,19.43104118995435,17.878135496233355,17.009428179802875,24.493506250985906,21.576673252141667,18.78310956896323,17.948050657392233,16.879683361871248,23.405230408353102,21.269820487865044,19.377093503854702,17.416517995495695,16.788228667613403,23.565332440822683,20.91948349145375,19.04988637511504,17.740020179939272,16.946056170419904,23.62728557750028,21.07274061362286,19.15131192522706,17.689592988054464,16.818353000332337,23.58870394925756,21.286036825829235,19.263066925151207,17.62814632952775,16.722402445530914,23.624794357392535,21.29792660054899,19.555976751333986,17.6087208302148,16.69907522173009,23.465184125688857,21.131062786716264,19.56461145503647,17.670681274649716,16.678629636658094,23.262637277124117,21.138092761081076,19.743620115553433,17.609831887509632,16.619019870972885,23.0632303109649,21.08398397969749,19.75824551978721,17.55492443266205,16.68793056987838,23.04512189077869,20.866947575908007,19.716015135384726,17.5465947236835,16.568565239657744,23.11847856696229,20.786630319628518,20.030044590088956,17.48591853084515,16.541851578040045,23.3133324544568,21.00825454188139,20.226380437986013,17.490166969149136,16.454605075024965,23.45868245919659,20.94626239866896,20.281374518321094,17.51562479701504,16.425674126540578,23.637349224377566,21.086559557242573,20.68998383751035,17.582272463463543,16.40844552405861,23.698326888195,21.03475001876523,21.093687640701717,17.5350654758327,16.564019172242524,23.30839150070864,20.880968187613437,20.783074170564902,17.66499621456824,16.563508529641343,22.98945553597016,20.6533239870097,20.701735271664354,17.599474795024612,16.663789555882886,22.67874720473943,20.65083108809563,20.80968383680528,17.700668870906433,16.61185014647662,22.255034542008225,20.41035752166091,20.47941074237971,17.6723078629611,16.598599108680325,22.317241009854122,20.486212201692034,20.143996308157625,17.931564966043524,16.653441040636828,22.718832864571727,20.739618981873527,20.17853073263174,17.844763402526105,16.689811065121194,22.829040546693935,20.88370420825617,20.037859729386653,17.798896341313128,16.67137171111208,23.308391053370634,20.96868774710548,19.89157557599377,17.71036224458924,16.718442845506864,23.75220412582761,21.108566558539724,19.844510085641172,17.78212307760537,16.75541904119416,23.606869157840958,21.0591021344949,19.752277726247797,17.546809893589433,16.541766700660954,23.193129450574155,20.748724038709284,19.650303147125015,17.337045615548544,16.44381410064374,23.240174115872538,20.71779529710267,19.793696005896972,17.493129803824115,16.40674997738125,22.827314291533376,20.583822313148517,19.79783916204324,17.416005287955027,16.29011533629179,22.465842202162634,20.51066298917645,20.057571376214177,17.38626577274616,16.140036100454243,22.594204250977025,20.353587045633162,20.06009276692722,17.290819467098682,16.21579062518906,22.83651113959416,20.5734005515437,20.040232127405485,17.438681771738146,16.229419668084574,23.225601272238134,20.408426313059714,20.05520715097061,17.347424142761344,16.313683260601493,23.942541167548818,20.4942862996375,20.28935206275304,17.533996327263953,16.48394295804763,24.403865211593832,20.66577012128082,19.98795977323846,17.483514549385234,16.543863636341545,24.23841570290076,20.956954227046133,20.115156265253866,17.576481592421278,16.54694359474677,23.752519457938774,20.724632688121808,20.009331992965404,17.562478046928764,16.439301633080778,23.053192271418716,20.93569873032945,19.91324271069019,17.55664311301632,16.33018313847131,22.412081210568598,20.746162644900807,19.808690822671775,17.40294681865379,16.223428937780987,22.144563619010277,20.514589093193955,19.79439642736541,17.481514247603528,16.123150343034684,22.181571642931686,20.301193401207637,19.711521221518232,17.431108095111703,15.935802264487247
22.983791097094034,20.289591632814613,18.92672676950219,17.91261480947028,17.12288233397323,23.302393794464873,20.65088447992353,19.471072487539637,17.99368760424694,17.103668712954374,24.540828063314468,21.585597957655196,18.72732952970441,18.022571005190763,17.007707201452767,23.422450417848424,21.236893735296228,19.5112504135518,17.418337370216406,16.864253073615316,23.603360474828484,20.950443800341713,19.07853449842012,17.81461237442467,17.015860753380302,23.675679953487816,21.09012005247879,19.179703830768325,17.73379948005682,16.884184812453213,23.62906930887055,21.317167270814295,19.296093898595803,17.66707187388594,16.772643736602816,23.66329331843855,21.329320755540824,19.60705944243975,17.654586575734648,16.73635706469537,23.4893370194878,21.17618116931377,19.593711569251226,17.729058516266434,16.72863628909335,23.295291573167788,21.15989661071709,19.753612269290677,17.63783738495083,16.67408335622003,23.075401832188884,21.105934480812373,19.757745086890445,17.6021237130952,16.772437144004293,23.0601971484797,20.882383759242714,19.705677494306833,17.571894511658076,16.691118552899944,23.13468136981815,20.80130659055611,20.025336113366276,17.491153579621404,16.659554300537156,23.34731279957226,21.0153495366114,20.211131418347854,17.49572448932893,16.543382558562932,23.487639037307257,20.936127356041936,20.291076311508778,17.548008731645353,16.533025581408396,23.686456703090045,21.08270079808991,20.72182667898625,17.638084687264044,16.522174635800223,23.743643977803046,21.025418400421195,21.13115662612957,17.61408046275452,16.63737269463466,23.344237762138643,20.885569846139646,20.827038789158323,17.757053538187797,16.64398166237786,23.0263886923153,20.666143931582315,20.74038350408936,17.661667560476303,16.77806636984216,22.706131706460962,20.693285025658895,20.831782959173974,17.73616374802703,16.694157633869434,22.290720279977922,20.446159263871316,20.51267144408711,17.69530380750633,16.651449810136295,22.335365046739817,20.544378412334247,20.162650877447724,17.948939038755483,16.687057789172748,22.741619467126903,20.783496558504325,20.176158675891184,17.84795788791446,16.716457137739887,22.8416483214158,20.929535304421734,20.068577069178605,17.825484467081772,16.696726518483814,23.324964705833217,21.004848057736194,19.913925987173524,17.727011538110826,16.777285245673145,23.759453523327714,21.134837932082185,19.85717842879851,17.77504018719704,16.820867400793144,23.621544494315792,21.067217864023394,19.773768391937356,17.520435433507537,16.656364667293836,23.21116784445322,20.738057394024946,19.667568528012588,17.3018292722658,16.567393511406515,23.262675536086647,20.6994789733397,19.788401087973533,17.45414292908986,16.51466759345476,22.84401631626831,20.57274999634568,19.78752053974943,17.374498960201898,16.368166523627828,22.49636994343968,20.515824005997,20.06163050596517,17.35856171735526,16.240111705725063,22.635470681487107,20.36596490349067,20.063839353654433,17.28253257231042,16.274169443478698,22.886811113603528,20.5825062821219,20.046901867218917,17.450234023171205,16.272353887426558,23.279665290835023,20.41192506373184,20.05463225381113,17.36091985773248,16.37483821681857,24.00292978245725,20.491294137788724,20.304266294685455,17.583519727814036,16.56175455673516,24.44700255912128,20.65159001145509,19.98131369040565,17.560496761589583,16.593276965856536,24.266584588845994,20.943204132310385,20.107102256708412,17.66154532630767,16.607618753056272,23.76992524857174,20.749152574587814,20.013077130289147,17.61901316030532,16.532350399925274,23.087331272563535,20.969837077758992,19.924576003523335,17.602000757721957,16.410158636264207,22.442212249974865,20.789445624764618,19.819770837460737,17.43456254986014,16.27319294694609,22.181035911358457,20.572299611970355,19.809236508033024,17.475429297424693,16.17504566766987,22.232721327249553,20.377433897645695,19.72187499869562,17.39290297539848,16.01180919531664
23.778601673260177,21.494659378063286,21.277739391203447,20.050873343343714,17.975548942071573,25.199463542711683,22.628092195590895,21.82063489973628,20.224995003642228,19.756068196150547,22.312237893390847,21.908093166735746,21.36533613972178,20.214159374522207,17.314612550131802,24.575149823630557,22.670585205877117,21.196116043901856,20.05595316284905,17.36243608677205,24.0910455853513,22.275513962129896,21.430159712796588,20.06764996078574,17.994905242665315,24.390709898267687,22.41054494838351,21.289412614242988,20.045510656967036,17.799138351291646,24.41376346138862,22.423386924086564,21.18432062695168,19.976284079088312,17.287280956980258,25.1688093595974,22.498021538639172,21.26231095411297,19.885580132340614,17.244527555263698,25.140451310268382,22.383273322518374,21.289253000013044,19.879554318507953,17.244302202497447,25.05439300017405,22.276943483487834,21.116284397663204,19.92174931476743,17.20956209750381,25.096807270202298,22.261024849839494,21.30866836555496,19.89521552046434,17.264831271662246,24.99152123650782,22.27385024416093,21.39403517561801,19.889407567028098,17.268542950245013,24.7224805769874,22.17424769634318,21.546406184172348,19.932860952820285,17.2029282673764,24.817357074032635,22.28030092830603,21.559973548245658,19.953770933471237,17.09397388250313,24.889703274370635,22.180199936145783,21.825141525005584,19.96866443416219,17.10432686318062,24.631776373737672,22.33995975687342,21.95740575800505,20.03358567457754,17.119160923377756,24.338942492893377,22.082355351664418,22.085907200580586,20.04575007200611,17.143464374224244,24.518978724297423,22.186819090008292,21.948096176398323,19.9990207387946,17.18386363860733,24.19170414689868,22.042089502295962,22.03564077604136,19.965694435782545,17.161766768424606,24.194710185143514,22.17262544046482,21.98955346579915,19.908124282002774,17.092963472556004,23.98300074073735,21.84942760817571,21.821399699700795,19.855843000663754,17.031550511294466,24.658066261730955,21.97522879912365,21.657753674451023,19.892421134671473,17.04191385967267,24.53035700437788,21.97930639215327,21.53342423744005,19.95565595277484,17.069284972190406,24.734192015075354,22.00785625712264,21.366416905222284,19.974199932142838,17.17022086448189,24.872964438700485,22.08671491783351,21.260723312301955,20.02647789047071,17.14116595265306,25.05255402970888,22.283228525676407,21.193752794665553,20.042320630947707,17.164628408354936,24.50920127399771,22.37189570608057,21.073928906981656,20.057468035246597,17.131377576326877,24.32244165376822,22.55800735595869,21.13375023841683,20.0218929380209,17.192368763387186,24.41890382957599,22.277164224652694,21.19728995000177,20.01612417418223,17.194129238190165,24.065127872528695,22.309175495024736,21.177718150978976,19.987280756116558,17.21335506447057,23.75143257195544,22.26127128224885,21.37518541891551,19.936492116501807,17.31433791307723,23.672478185276724,22.14948499800093,21.368850605739627,19.87322762157811,17.26863272433322,23.526630561826703,21.99710888033423,21.465105027585142,19.874627777336364,17.20098108693216,23.347099311351446,22.289842627178647,21.53864193572237,19.868737682756525,17.22018350723429,24.133702687559957,22.241093476002085,21.58120043292739,19.903009390894404,17.25719733882132,24.607313051887118,22.30305053511995,21.413432483669077,19.933858342497523,17.20876196080266,24.704023685560777,22.578507037010603,21.48967462170013,19.939318243134426,17.202540415454028,24.72875540748067,22.386546303067764,21.4970314288448,19.952941133986364,17.1103642082282,24.62922540661029,22.437137997828227,21.442156007646272,19.906385689385957,17.105905930384797,23.947850149583733,22.31099493499672,21.45822216326794,19.922190001687785,17.059986289345453,23.759728196321323,22.290167614395877,21.434052372795158,19.927288400123587,17.05148157979867,23.816596415747586,21.981165020257105,21.310964427840904,19.90470955566899,17.120904659045028
22.956810407122628,20.839621753134775,20.57839709519687,19.326340273191153,17.430471527155053,25.06754644293072,21.846265074162655,21.33175643212404,19.894164460515892,20.044162042015785,22.595616582693467,21.72806276306962,20.752810899575294,19.70615704080159,17.628083450267532,23.606472540430147,21.573730241402593,20.375663858057838,19.37115130255404,17.529251312222335,23.678413465185134,21.62228903294976,20.7280619891882,19.42981922784231,17.944975149262568,23.994909369010834,21.698624148306212,20.47567362814057,19.318912436653328,17.82817767862707,23.73955460670951,21.756857689792398,20.34177515620397,19.142136368555782,17.219849642009137,24.33877188894579,21.755227679580173,20.4056778867804,18.952712243437613,17.023986883495382,24.281034563268253,21.727508920030797,20.43778414063383,18.954749990459906,16.943892662642618,24.18689547903581,21.580400655066864,20.296493211591432,18.991661203053148,16.907662012677626,24.21241969868037,21.58032592817873,20.58774487071276,19.057204692864882,16.922285416852226,24.259930315213328,21.503449072475906,20.611491810774005,19.00588772822922,16.88686454937949,23.91287891594454,21.454890986178487,20.765184395166706,19.030019771028257,16.857209136157934,24.0193912275728,21.53562559044049,20.801028448199855,19.001256212695388,16.809497951832114,24.107590263794098,21.39287174702036,21.06390392835406,19.01845442244099,16.721415791329783,23.803143915502275,21.686549192901072,21.240390710793385,19.099649620235198,16.7335674595673,23.63097213186498,21.465849081756822,21.394795943095048,19.168664623378696,16.75538556049866,23.892753361853764,21.407163008774322,21.197621622665743,19.170158527774767,16.806708653883124,23.763550810846805,21.245957905668643,21.27646718323854,19.171222585932103,16.774425992301172,23.70913470549598,21.376969127022143,21.260617348543057,19.10272448164329,16.895323520005224,23.723695419492863,20.96758345093061,21.022662175462564,18.978687151995537,16.82248093247754,24.279843743826596,21.15940202880389,20.956057702412885,18.9766066999798,16.812883783384642,24.00391768029264,21.35940356436378,20.92101287220155,18.946868992247182,16.84904595572251,23.759274652053787,21.442916131100777,20.72120574583532,18.937657437648262,16.908397388190714,23.94436224977393,21.615924430882192,20.63490611810788,18.94008348283588,16.84816995832875,23.999574921138795,21.67360315927717,20.62809093730953,18.939335034669135,16.938922687269393,23.402972078019314,21.65213973958922,20.409246496004023,18.917617071976164,16.925388987178458,23.44597996877129,21.75790173927968,20.42105312435276,18.92568566677304,16.97611583846434,24.01000744560764,21.37888690529197,20.35044567507142,18.9225331050154,16.978813926477365,23.668081636565482,21.344410618871883,20.248089235666026,18.94765953903443,16.921368182731193,23.504468502796822,21.454975014256828,20.4370600693287,18.944798885444865,17.00221110213024,23.54000156265092,21.426880447691932,20.51392636458397,18.905403960436207,17.0337737102388,23.45282585305615,21.193762199619215,20.65440220286461,18.89246097597997,16.8629243165588,23.200969011183368,21.62794451406868,20.820865670122338,18.863021457313764,16.795895031469747,23.971411673595505,21.612137068478205,20.898644793818637,19.033315489215294,17.010110653590196,24.22487916344428,21.70230968501963,20.71575036938939,19.027972928230426,16.87539233971064,24.318797866397876,21.89477827407587,20.67381906514127,19.010107840072543,16.790425533678278,24.17555702798117,21.783127278335304,20.639815598291996,19.040003574976673,16.866883947526865,24.194371804180943,21.819195650705794,20.725397619329573,18.991215316827358,16.88352195737072,23.43700303131745,21.532059907355706,20.68006148383295,18.870795705603264,16.750844520509443,23.321750728418483,21.31516340650649,20.567227849099133,18.885417436119205,16.82332816912555,23.390590739176957,20.95925601247651,20.561759478720138,18.88359492138416,16.76242857729727
23.28662121610961,20.84054791474762,20.143897421480773,19.046553190164353,16.868219576757102,23.54281255324,21.7905862111063,20.556535235942206,19.15373517127011,18.766871015699,22.129860692372944,21.68560604187449,20.482231887136066,19.304312542630566,16.519598714510515,24.29517824662336,21.930904613188666,19.986334027990118,19.01676732252128,16.194316762404867,23.34630695796951,21.68115732905787,20.306690149237603,19.02661830206127,16.953922301732455,23.562511048720392,21.801173650668197,20.251098878105044,18.960493536119095,16.80897844379955,23.75126669936939,21.868882437439325,20.267495856716458,18.883676012146235,16.368237342253302,24.42433422000819,21.84817809854646,20.373513781778808,18.761256806162912,16.24612857641256,24.329468376174116,21.717794100180484,20.45604634763896,18.74251847364173,16.274659509805407,24.317938862271596,21.469391491593008,20.328354136320264,18.801701282498204,16.267433079705633,24.20317528175108,21.42803675473891,20.48919769998519,18.777109458767654,16.334882762967354,24.056932291001345,21.467419275786998,20.518804314637524,18.77712691889632,16.25486958882285,23.771563294202668,21.383660943629003,20.69213309192391,18.838178655014794,16.243824726948,23.853444760693698,21.5699930073781,20.745031948926993,18.869006321937732,16.224952072963298,23.84143748739744,21.534358995856167,21.02719119252971,18.853161081062268,16.228500777712334,23.681434092008917,21.705556693352992,21.19813428893932,18.964247705764706,16.233749732824585,23.487020591883617,21.46331472173401,21.390065801477146,18.978713739658097,16.32415416120104,23.70951787198512,21.530151456912108,21.231855985143063,18.90075150626068,16.374470862345614,23.407290511597086,21.357763311241897,21.330118449302738,18.881117068688752,16.34634220058748,23.292946254753808,21.447231559046525,21.311712873704764,18.877990042107555,16.282678992479397,23.25624020215844,21.104332527217462,21.150780628934164,18.835852645357367,16.20471042654965,23.80132735577599,21.166371838749477,21.007531566451735,18.906142246609363,16.173876419879942,23.562280254011046,21.241441480205303,20.89360171397343,18.970626191612915,16.220994661097905,23.81360448420877,21.248350824905756,20.708458022850202,18.973203802330325,16.32345082853854,24.209217056728924,21.406137635390586,20.581926031433476,18.95593515855468,16.283341101646318,24.333713087077175,21.611985922755515,20.489365597471245,18.962157098886216,16.296709340618,23.810422638702995,21.55764816574986,20.26283947725505,18.940053979914563,16.264705213388602,23.8214642140907,21.653725767816592,20.262453441115987,18.9079787527099,16.316500665269395,23.915275730827886,21.427018639988866,20.26085538846149,18.89042682514914,16.296516128821885,23.39494503173115,21.455232532824862,20.24144872195965,18.913103985308133,16.339376328318718,23.167765933613783,21.42364918263429,20.47266422098998,18.86080724261321,16.40858838649685,23.183091352561576,21.394897566235056,20.496581182132605,18.770887907014906,16.42276179831823,23.12522072984681,21.29422439681933,20.60268661842198,18.781863288002636,16.36598208184946,23.03396726008729,21.543780907595355,20.71354530130064,18.806259203130498,16.341772003733272,23.998504635853465,21.540669019789526,20.74524754753603,18.870379039854985,16.355001510893732,24.438616873447653,21.631829900247133,20.533116004079876,18.912974332179424,16.32850292458219,24.532132668890394,21.91971386561365,20.616879639963834,18.962551581468507,16.219817264785767,24.397749757063547,21.691395535726148,20.64531954274835,18.949326941065628,16.09321754258134,24.16080019632038,21.732446333514055,20.64518087568113,18.85540183598271,16.104843558626225,23.401387874743346,21.558628883686687,20.618587137422423,18.815107250849447,16.081919340114432,23.144007826236148,21.40132711080397,20.55120710209669,18.75224590743868,16.11096077923059,23.216174273163407,21.07770655902383,20.432315441669783,18.681571888149183,16.1804777557734
22.837419785339897,20.09863307328836,18.93738585988068,17.648380744205696,16.884575240293533,22.95122156230329,20.653847477329172,19.350098895595167,17.70062833469341,17.057140245229675,24.186085949123253,21.512087234930863,18.828181730649312,17.811502232206752,16.581803758494807,23.432198910259512,21.180251925666553,19.31062328605971,17.239288333579687,16.553749223356643,23.383097940919846,20.871620760566863,19.01229915565531,17.554744773298875,16.718524163898646,23.485991932872487,20.99786311112523,19.095177234191674,17.486996169448886,16.557887030365187,23.525284812683626,21.207639485143602,19.21727140460729,17.456454397451296,16.36883543189196,23.617816579960376,21.199197158000185,19.496781964928417,17.412825673773007,16.35400415591489,23.448138552574182,20.99359231660639,19.4947094560203,17.492006864476615,16.289780141469116,23.227099848407473,20.946571023694947,19.657835180225398,17.45538615545265,16.259311479751453,23.02419094963047,20.923569073602863,19.689504455148295,17.439070734510224,16.359315200493132,22.990127025357303,20.736482115920914,19.646745828142468,17.389633787736607,16.297987571252197,23.012794818932555,20.646513622703722,19.95397226688836,17.364461829113573,16.262023020878626,23.1874255607331,20.915528654015215,20.16174772865333,17.374237576649065,16.205172566473482,23.342571022045153,20.836943184461,20.214929369596597,17.378870825324704,16.122775779054198,23.50640959294325,21.00693674811221,20.613450250421153,17.441368472847707,16.068062510437837,23.507513558498097,20.91198555651805,20.997596925385217,17.42910620482368,16.19951379908374,23.190790405283757,20.80010594058853,20.71185433710517,17.54449014679701,16.158759874650798,22.881586682650983,20.5549019123535,20.62915756459416,17.454199147203205,16.28180241548095,22.61128738081118,20.619878483956203,20.758448430395692,17.554633707316142,16.26311724655373,22.199854377258685,20.33210605751632,20.449990234034658,17.532036848856897,16.2388400083146,22.355521180917485,20.419051156719675,20.13091821898138,17.7569852543056,16.2952874612078,22.686529150963864,20.640495458172914,20.107044907206085,17.67909748785893,16.391195977978473,22.792468030301915,20.771495796320025,19.9547536244164,17.65035718557858,16.362823566976523,23.269031818161302,20.833079010591682,19.79233606999791,17.57612297604327,16.399222922162643,23.684524904054786,20.966235575806458,19.726755106666722,17.617482890313394,16.467762950595844,23.48907965585861,20.91681480936881,19.605103086406164,17.42045982350982,16.24519893056244,23.133183351198333,20.619760428839893,19.533303594623582,17.212712940968906,16.165125527699878,23.163085679303922,20.590517314254416,19.660756146809238,17.37426088835668,16.106562842889964,22.764911818081412,20.498782093179226,19.6650554566352,17.304096698839984,16.021107422574225,22.41889909509034,20.4645141062283,19.933790601968433,17.309933890010274,15.927058251682904,22.512019956721566,20.280999952403555,19.92380501698081,17.20922771251389,15.971636921129312,22.7207064897941,20.467477439760636,19.929229793177708,17.338454243308963,15.95955592320384,23.113474610536294,20.32706183184846,19.95291376934755,17.238993888887155,16.069054630678217,23.811967787446616,20.36126631000653,20.20547167985834,17.3932000130841,16.265694782248424,24.269945615185357,20.499392793047008,19.89080686641043,17.337593015115246,16.272205388625302,24.147537265946994,20.832176212773426,20.04140929407618,17.423884232619187,16.286442485135773,23.6875621481338,20.643065280182153,19.901968053452254,17.417199512328672,16.17968391978823,23.035597945979667,20.873389445850364,19.833624323459812,17.393136079436154,16.024627396060644,22.410525316916143,20.72922022478172,19.72556046711994,17.265417457542544,15.885737081103603,22.14016515053631,20.501655243319952,19.67515937200417,17.329896843110483,15.808493754733803,22.16950754601736,20.243490919532764,19.582108784253357,17.237911411304978,15.630183238724294
22.848471730163475,20.077638941837616,18.91878681749706,17.638976685153995,16.825695340314347,22.98667044022685,20.698316192159304,19.462242461042504,17.639497760093597,16.87068252508885,24.156426449178007,21.55355506573212,18.907263612764527,17.809121124574837,16.595418114784813,23.468246209193914,21.174045596184534,19.397951237452528,17.163822549676674,16.30409052075675,23.397315628256603,20.865805299353767,19.076325526664085,17.517578739509027,16.611168351771095,23.503589348609285,20.995199811030897,19.16972076532767,17.45390839308219,16.44782954381866,23.54984612852615,21.194195783565004,19.293007580942025,17.420967065427725,16.3131623946616,23.65892505341008,21.183391989776748,19.553337490014368,17.411241777132794,16.28460056824799,23.489761774330056,20.989977021297,19.5074395725289,17.497208469476032,16.27345676331999,23.255822278047415,20.95211706814137,19.638240997612566,17.481453483662648,16.23719199344609,23.047606634719582,20.930773302262715,19.664362389467964,17.445303566465082,16.342705680462696,23.008461642332428,20.743455559305556,19.611264441975006,17.429400916207815,16.27737378801796,23.013720586372745,20.634212534332008,19.913935001410344,17.36695338630597,16.196258366107536,23.19968182609506,20.893238298820222,20.147186297575786,17.384082520298,16.108042231640656,23.358393260680444,20.839862893218132,20.243210477798986,17.38152596773252,16.087535187537554,23.51463460848809,21.005432723777414,20.637301012656412,17.471631886144944,16.05593908675911,23.50673262666581,20.924174838044827,21.01754669386066,17.437742997976585,16.156717974291716,23.208246158488972,20.82460487926013,20.74371618956502,17.543206013189852,16.191834514150663,22.888000581972886,20.582009801768884,20.661853974741735,17.43499980798152,16.318036354885503,22.627785436697053,20.64567687350242,20.750929353889973,17.540752899913294,16.264414285941502,22.219963350780365,20.36069164283682,20.438928274972955,17.488983881792812,16.2094554989914,22.389658499318024,20.44309826080332,20.116413564082595,17.718918972843376,16.285521097378606,22.706907212379274,20.657441346470197,20.09059328414327,17.667875484762213,16.324013071936402,22.809258274410794,20.79036168947228,19.935819412757827,17.672006808462953,16.33377851427155,23.286727225157488,20.851027671552103,19.79221246341501,17.601276761496603,16.364871859849114,23.716922917668498,20.99890393168303,19.745705144837352,17.671435629504018,16.4654056802284,23.519935291960003,20.95281320502159,19.60936702760636,17.47406866345048,16.245968067118117,23.16627911899512,20.696259965089798,19.54325309769687,17.24485927789285,16.18212715341922,23.203743824503526,20.66297607488668,19.662845563886663,17.388952685539344,16.093051536473364,22.79874422669099,20.559077633906053,19.673063783551232,17.28946549194309,15.985835693705216,22.45343612294667,20.52515857269794,19.93574065165368,17.284925075669687,15.875297759127218,22.535105693774973,20.33767462381258,19.950612784762658,17.18506922249502,15.937809161217194,22.744071078935757,20.510901977382602,19.94512612623212,17.31343210348851,15.922114774931405,23.12368436036519,20.368808005049836,19.994609196737642,17.2221305787859,16.07630213432917,23.823256130720722,20.418905646844994,20.23718139436091,17.37722166674399,16.245494103518,24.281916485401794,20.56605435508299,19.903906246920762,17.322510206917464,16.245404319552854,24.151767148718463,20.905039413125724,20.038213287312246,17.416945413086577,16.25253581907604,23.67140391854881,20.67467601894605,19.931638719411215,17.416311246341298,16.218897217018046,23.019802662819693,20.88444599196667,19.85535581135819,17.39308889349376,16.053059441767168,22.39382506571094,20.70715805213139,19.741476188124174,17.2960771319324,15.943466198456912,22.114102527020055,20.460833869650507,19.702129001064343,17.344759554060108,15.870308219893962,22.164970705384597,20.17936682732513,19.590781844033103,17.207179772234163,15.666465827781868
