0,1,2,3,4,5,6,7,8,9,10,11,12,13,14,15,16,17,18,19,20,21,22,23,24,25,26,27,28,29,30,31,32,33,34,35,36,37,38,39,40,41,42,43,44,45,46,47,48,49,50,51,52,53,54,55,56,57,58,59,60,61,62,63,64,65,66,67,68,69,70,71,72,73,74,75,76,77,78,79,80,81,82,83,84,85,86,87,88,89,90,91,92,93,94,95,96,97,98,99,100,101,102,103,104,105,106,107,108,109,110,111,112,113,114,115,116,117,118,119,120,121,122,123,124,125,126,127,128,129,130,131,132,133,134,135,136,137,138,139,140,141,142,143,144,145,146,147,148,149,150,151,152,153,154,155,156,157,158,159,160,161,162,163,164,165,166,167,168,169,170,171,172,173,174,175,176,177,178,179,180,181,182,183,184,185,186,187,188,189,190,191,192,193,194,195,196,197,198,199,200,201,202,203,204,205,206,207,208,209
27.873752923342334,25.310439578182464,23.369829108776532,23.468166700413647,23.35153030354901,29.544370299645525,27.04977398334016,24.941025581907557,23.474554495155292,22.705268367589614,28.397392362375307,26.305548304723672,24.438745552072852,23.081565799831267,23.243128372325003,30.05251460201826,28.18512007886956,24.48113553728074,23.49107978253528,22.925075108355912,29.023752452451383,26.815314952592104,24.338362771445308,23.455082412845925,23.12910248649497,29.216797278184266,27.11592814956495,24.422018226842283,23.346417043647726,23.087452822007336,29.2407598038317,27.15671368691401,24.254514324846788,23.265449830790836,23.093825233960775,29.41189813832194,27.180380278618667,24.126608336299338,23.274031414464403,22.979935771096027,29.135908561581214,26.87767406806659,24.13357101718413,23.171406594777654,23.043659059357665,29.091893616302542,26.80038725204833,24.067454056301578,23.106673501387636,22.925732258680007,29.24993663791613,26.889786264249885,24.312897138135014,23.138772119253243,22.857524348382945,29.173030424654826,26.73963771968915,24.357327438932234,23.134634282100752,22.883132568524907,29.137641427295172,26.89902716503454,24.611327218075505,23.145944932694338,23.087347490096878,29.42280327139279,27.151193098439375,24.82599625621292,23.24868384144376,23.138148404822214,29.560418586077397,27.254447868929283,24.88529950827426,23.204804701763102,23.122233222657258,29.59843393925832,27.22526562353549,24.885187734581248,23.274534007690182,23.134700241026618,29.766098928249885,27.640626466321898,24.969712618182637,23.2589175083176,23.176942967374096,29.809345460982193,27.506754172575835,24.74628791454067,23.306305094914038,23.00129671091471,29.505412735546162,27.217578594639587,24.46505624805097,23.118160066465652,22.942130089600152,29.56681621217009,27.26832500636658,24.46661184626264,23.145772745896743,22.874378903209113,29.38855740608451,27.22022507488329,24.37104158855989,23.060330165813134,22.869422628891442,29.222810124753117,27.00517970699612,24.389705963396278,23.15703618659038,22.848829920844384,29.359696184447728,27.238125801862754,24.52912770995397,23.138654043618203,22.797509702304183,29.514135357448833,27.45917657060344,24.608429568295612,23.23832144198969,22.726327748718145,29.585669836111578,27.579585924367564,24.807198427620573,23.192880816021745,22.826122696962024,29.66644444977525,27.682734821032813,24.716878811410588,23.306228503380694,22.887719010542323,29.904650860224102,27.518788885984513,24.362918086116316,23.236412911337787,22.84589040535858,29.909069265532917,27.58171994238802,24.34482585538178,23.237608757891167,22.854222203244017,29.991789918351174,27.517889729517503,24.1796197835462,23.217945365728177,22.878990273583753,29.77224301232051,27.23812648878921,24.01484661426943,23.07464866613981,22.85422264102998,29.499151541243045,26.934527844260153,23.907928962515513,23.097189534479746,22.776947007865356,29.3304738007447,27.03847640179501,24.072085942030473,23.20853558118081,22.878850849229693,28.9506834382713,26.684211326640416,23.942680252221216,23.231152839049084,22.91578239057182,29.08068641684124,26.90378778142258,24.118535991565853,23.332610440606583,22.978860542212335,29.213541547382903,27.110555507068636,24.170929725625285,23.639470278336255,23.078895512129616,29.617598925807677,27.55842497274577,24.35790269711554,23.432646128918126,23.077966646479123,29.649226922501423,27.497806265908604,24.476911135598442,23.229202856261782,22.95659907048801,29.994985535157365,27.62211745436739,24.406642270134853,23.17097779717893,22.921639350787963,30.090375288750046,27.476592396776205,24.360488408278997,23.10654643148297,22.760675054497085,30.050544219804284,27.43426187077763,24.296278435730247,22.922454239802214,22.645985927903943,30.176411535146723,27.36515951964528,24.238709994055277,23.028936070453923,22.701189417115206,30.160244662502578,27.48268523111568,24.149856264125056,23.14497428232466,22.5934194448159
27.64102815813219,25.22939509468186,22.807690369645318,23.182941782831943,22.93999790750883,29.474779175515792,27.05382282991816,24.557824558630625,23.1768915845067,22.7001163820486,28.62626825584986,26.291368867255976,23.9901807329753,22.50961304120263,23.10662128592657,30.2605514342667,28.218691756741084,24.12567852832427,23.194635726068103,22.214428028089326,29.029191906117312,26.792487710000973,23.90812322742962,23.000624741729872,22.784057442963807,29.277286542895695,27.12681976433379,24.100809828600774,22.966900669475752,22.72826902045241,29.33354402438095,27.174549470936444,23.984094892958026,22.923670440902107,22.7007928229,29.458787835215436,27.19095080701992,23.83143336147262,22.98110419331291,22.590488012180142,29.17268184971598,26.897287646181628,23.81367409229781,22.851500329006846,22.734268339913832,29.171471859462667,26.82123835853543,23.724650416514567,22.82485009299455,22.59696683824317,29.37910587523576,26.857872663574476,23.891022470103575,22.82048753283593,22.562098152944934,29.266915661215343,26.730065393737725,23.94338316123672,22.80062569225234,22.549605827257967,29.246333349697295,26.913869501825435,24.253438421961015,22.812259522086322,22.668344477101982,29.489974797775297,27.123831171020754,24.526843724459187,22.859646811120516,22.648535348550876,29.627654850622395,27.214173443553012,24.60151942563333,22.89162511501791,22.602209891975935,29.4834775927522,27.145209573513757,24.639866140481416,22.861728514986297,22.624737783907847,29.620033701436995,27.50112111491344,24.668290527162334,22.830201100462496,22.69779145724963,29.65918495049879,27.372092391261106,24.471113983145663,22.88492995854034,22.59414773376548,29.37546531130738,27.08880123751997,24.127487752491817,22.73245244864855,22.635417606941722,29.449453969212904,27.154852205661843,24.133007398829214,22.681833218411985,22.6327544478389,29.41344184748621,27.178634362875794,24.017756125519888,22.59600790863323,22.642411057902002,29.437581913530067,26.98963838552161,24.02370200521905,22.60749042986862,22.71015179309294,29.604061762914444,27.20920853776377,24.12470624288901,22.538481245724512,22.666309223406433,29.782475373105605,27.450564379114894,24.18107486038416,22.658753365430467,22.57257889387844,29.83292175527049,27.563508626002438,24.415610185203967,22.58365820406318,22.66102576433393,29.92563916794213,27.652245778039344,24.327227600891355,22.712763062728857,22.651982204696033,30.034057535908367,27.479237818244762,24.01757687316775,22.755835310186036,22.53565605239451,29.995011462881155,27.49573669835446,23.994430439807434,22.72603965666771,22.512851819692564,30.067915127332363,27.42134782761416,23.832669893274506,22.753038278645832,22.531302047376137,29.80938015399061,27.129721036799264,23.58529947652366,22.74098283413045,22.568424245399303,29.506459694128306,26.840389570699973,23.472152823580522,22.759957887959434,22.456996536442247,29.293870342464412,26.956998526338786,23.57082631364218,22.743640649622275,22.5916127839358,28.998428345821416,26.6502999240176,23.448043045950335,22.786228631928903,22.63307570176302,29.0992341171131,26.818525641410286,23.678190632317108,22.829390206520802,22.718180586307845,29.297678778257318,27.05380792978467,23.790189207714974,23.012293095030564,22.785164914601157,29.69841678608403,27.48217316384059,23.99503727964761,22.850559290986915,22.875644831966873,29.811802706095943,27.427471209564384,24.15979607677411,22.822753505133875,22.66606258664165,30.076524712226693,27.50407511298306,24.063582267248144,22.85703105338384,22.60809691434757,30.169601297166288,27.38019322872507,24.042915215938685,22.852248440686374,22.445557348735772,30.084136589972182,27.30218531489698,23.944355225908748,22.810978422370543,22.35224714362109,30.218097516294694,27.24774198259364,23.903881363765542,22.992942296390066,22.392928818324105,30.1807164613003,27.372387984285304,23.79495224978187,22.99291119777837,22.416935733556034
27.404872529825752,24.990526408150753,22.54105440648778,22.918397838512394,22.34929943538786,29.469276731447046,26.876418320917303,24.188363724793543,23.20554481911338,22.600715177263165,28.46225881083386,26.329270466482136,23.624294907219703,23.29934903341296,22.565962866754187,30.407014409365832,28.094071101766374,24.105164402686015,23.327967974926178,22.28436561005665,28.95082384343744,26.665704075284246,23.639926343596663,23.19416448508042,22.550634385190612,29.209075708358306,26.992515659393028,23.870497109533254,23.190158772246967,22.626285298507252,29.226396666450057,27.037599519344262,23.795942251957403,23.17017362730409,22.62120609580358,29.348163349191374,27.018921775678223,23.67161117232914,23.269496444366773,22.708220571335552,28.994470940079594,26.73271806420542,23.607785050226006,23.233778275617194,22.841882469445686,28.998282463879566,26.656292539454945,23.553821396894772,23.279856557351245,22.786196233065812,29.234417281202706,26.70471525625237,23.679770734673802,23.40915807484097,22.885811695557344,29.087971378523083,26.587512365364528,23.799257080290523,23.492288005440333,22.89350867470555,29.09838975171317,26.789391182704925,24.1614275248166,23.351624050265695,22.891627497656582,29.323212135620274,26.987279184680425,24.435284504585358,23.311574171119112,22.985490539484562,29.45195017136835,27.04305757918788,24.460506121482375,23.355858074345765,23.06395473416098,29.25235434312762,26.946503933615702,24.570019026646385,23.35412365345567,23.039155575085267,29.369347974532353,27.267548639910245,24.545546299496745,23.171589153259315,23.08691419347554,29.392240578606817,27.118379242340904,24.302161105482643,23.160917501207134,23.081670528939238,29.144478101678278,26.827489289250586,23.91698935607173,23.176018973452777,22.986759057580365,29.213355356825993,26.91984348175655,23.924922866320127,23.159745871244674,23.017921335520043,29.22510084774159,26.984183043007533,23.763559109651588,23.097055464252982,23.04414985657291,29.33146113253871,26.806002932128546,23.7118496430949,23.185101160702985,23.237200171391574,29.518528856117193,27.031556823598283,23.867959278329938,23.12377700229738,23.221999279515735,29.7037139772245,27.28813709446617,23.92780326422233,23.0951905709604,23.16123173330501,29.77361085784171,27.388222602113395,24.17121560261335,23.024077186290874,23.084461422465246,29.84026025274477,27.447678502161313,24.081554578853286,23.00424725985733,22.901377790581286,29.909434933446807,27.274354063031684,23.811087389116405,23.058060004434573,22.581258716399887,29.843108544216506,27.27079113695831,23.77897532616597,23.187709526808938,22.54964037190848,29.932730281189368,27.196031265651765,23.57477645672683,23.21341904125616,22.582345842293904,29.64908675336997,26.904603392065564,23.276375988259684,23.205893034725747,22.552617512693576,29.343455754473247,26.640019709442946,23.17102583201347,23.179921763971095,22.482528145791015,29.161089452488135,26.75674495442545,23.233180036409987,23.092980925800205,22.730878629311785,28.966599219136366,26.487343995729002,23.10757911482873,23.08483140698216,22.84395623516067,29.05420765382585,26.60075288539587,23.44221208542378,22.99229572924495,22.979780111795996,29.278545170426412,26.8654366478366,23.62833101885234,22.754122583851938,23.20641424442694,29.705327222538585,27.307401595475966,23.789192093698766,22.87158782131387,23.382465251757935,29.84785641186222,27.29545953362711,23.9713841802716,22.918971456685263,23.218507166546164,30.033846035860723,27.33498759019385,23.808585792875128,22.8287495551565,23.021826696063535,30.10420734026345,27.233909703881487,23.795431332784656,23.03933819796236,22.936375714381125,30.006730306152242,27.119508742607913,23.723466782799285,23.307279050581684,22.595996843174145,30.141711731306078,27.055781020878708,23.678826447219354,23.25210497630042,22.4743347270705,30.095423026664843,27.17783094835333,23.568023870103673,23.36083358478262,22.539341264607135
26.59182233150756,23.235175321973227,21.95793033429971,21.422958230618093,20.88763618500276,27.965855885844707,25.42851876779729,23.673316343793715,21.83139008434818,20.525799739330722,26.973257837595096,24.07947746282041,22.69919856277668,21.222420561500186,20.788910804265406,28.380334643116367,26.238802658434686,22.753989587341938,21.89380478138927,20.563902676107748,27.475876344644185,24.843582318592336,22.83475443162066,21.677031844803274,20.795121877392976,27.56934826845266,25.270857678681306,22.982684675278687,21.645292874252533,20.75911969638951,27.56377666236084,25.2568811269123,22.66899928938477,21.554647601366266,20.70548761422296,27.706548611908886,25.316384199927416,22.606160982079423,21.581876049878172,20.627744368338064,27.404626513292335,25.043879886161857,22.720382036451316,21.46580065379252,20.644064073878592,27.40507518650917,24.933507312814502,22.672439874762116,21.438640466679935,20.543093336242627,27.513766518600658,24.923300288707356,22.8486690044461,21.47644865000852,20.513481734457148,27.466659975003786,24.821145791979642,23.042069318054075,21.533653647137168,20.522729714817984,27.476828200626255,25.108930156133663,23.388162883123524,21.500666859757835,20.795407840905312,27.77338305398363,25.33744562271478,23.543913634313146,21.589508545442683,20.973437762570423,27.82981674495648,25.513866809768377,23.503902990252474,21.53202186399345,20.874689436739605,28.012004448861425,25.589508514242837,23.722391012934036,21.611921945418228,20.846488457699934,28.20028554043043,25.99652917416534,23.718620283602895,21.534555572151582,20.900449496614417,28.132253382076204,25.801889330605995,23.48609183167881,21.590935294677287,20.5929843302004,27.815264079734398,25.54730627798032,23.26873545856538,21.43656998835319,20.527209019883525,27.84924026761916,25.545337669166457,23.327314881018644,21.448629591334225,20.503673326392622,27.61050940685676,25.391653580549225,22.998787447592893,21.386708656052882,20.500367241482483,27.322660583963945,25.180911071819644,23.151294187417307,21.39205660336673,20.51486890639152,27.47151425275776,25.411465401858287,23.271406763347386,21.379407571336202,20.542521577782185,27.605403008300435,25.571135730197394,23.23334619814651,21.447856687427965,20.475161684591956,27.717892330489434,25.69741619069298,23.370930739166763,21.39221784686659,20.54896935528176,27.735017627509784,25.78798047851122,23.25441728337409,21.40328107332906,20.599812965406834,28.035864555510422,25.591289338341852,22.915436114970593,21.442174166765323,20.491939859463624,27.975475186649057,25.6284894652334,22.900901235630005,21.515943154727445,20.555846973747094,28.083440544760897,25.56874070706755,22.745598989444613,21.488183222574246,20.5022422574759,27.920425652954304,25.277028290313094,22.647833638729097,21.371949294179206,20.542774053236776,27.73276487070674,25.043812738191782,22.664084022474043,21.418655484217254,20.45900705540049,27.62180966097145,25.18549167538145,22.748277654609826,21.467290113265744,20.703443842557732,27.384805839397245,24.888069817079177,22.575807323293553,21.44022482389958,20.669270282488878,27.5391523398657,25.164739515118207,22.804264352070728,21.49429002755271,20.704224916617193,27.595857134970725,25.40608987045423,22.819684652019824,21.702127275670076,20.85546871482858,27.911968411964914,25.823259703310974,22.87128508824566,21.5684091393396,20.90280564887871,27.875937598624795,25.67763360938712,22.938680253843536,21.373865002523477,20.707072395651945,28.132302133152045,25.699301325744557,22.804304478480002,21.26926612967021,20.62572283143476,28.23748707178631,25.486733811454684,22.890613200987804,21.345950355418516,20.503527453940745,28.202326907303586,25.45374171889047,22.774661096916294,21.22981442708686,20.287431431060618,28.330048700684095,25.33367207918497,22.75345139425453,21.316623993586838,20.26358183818934,28.279787637400307,25.440757662210792,22.72127430088404,21.395322436251483,20.183793423453185
26.06229079761063,23.487158618139627,22.094330812609773,21.566971638126603,21.384177740768568,28.239297683962224,25.421734719985167,23.677420933106976,22.036645043222126,21.26424150921781,27.281012709778857,24.828017912548997,22.646244999240388,21.60244358833219,21.134044772536846,28.94999296779728,26.6012793740306,23.129614538750708,21.972660983821328,20.68615921670115,27.595378796157036,25.162939593338486,22.997122829740157,21.90536202735767,21.21117438928435,27.832275904514795,25.5486320065527,23.15828298637612,21.898951819224127,21.071673949417388,27.843591986802164,25.601413450057965,22.9802448455088,21.827370938541332,20.99944097539042,27.94780781218252,25.582348386276884,22.921333977188038,21.907578297518203,20.914460686044713,27.513728732785232,25.329092897406287,22.936020408023488,21.857119990391,20.940949325902807,27.551473701089087,25.258236048100397,22.875893793857962,21.709359859614878,20.78753386177642,27.78120753590025,25.27989559038913,23.080445939133227,21.767573478451563,20.868155910359594,27.64679064982324,25.18320842523829,23.223068054664136,21.869901798638107,20.868119850117644,27.653212074540164,25.432086619607464,23.575126571050596,21.80771055088982,20.993712517231423,27.960330261370302,25.62246231249721,23.80646943470254,21.804558666733477,21.14434274586032,28.09168146432649,25.757775228524935,23.798668562755587,21.872517841947815,21.11025282901528,27.96885081236174,25.685369121714263,23.919486460965253,21.94690535484841,21.123387209894315,28.041136804692492,26.016437410832065,23.876311569065923,21.848049768412217,21.00005031227908,28.042482741224852,25.833947191802956,23.67918165007493,21.85893886297865,20.89422926145964,27.801616480828823,25.576115869450017,23.340307480507526,21.860968327364773,20.78966612905542,27.8637440976804,25.634726575626132,23.28552251732436,21.822269246873358,20.76771063633175,27.8445670830459,25.670900775896666,23.09801363179395,21.772172659086046,20.76040415592628,27.96671222732376,25.48066343610985,23.211234163169884,21.865314465685067,21.059915998951915,28.177048106245458,25.71786647015705,23.365211873794074,21.875488679218158,21.1129606602197,28.35182748784998,25.873572612680483,23.43239110277377,21.823462910788184,21.10967057315228,28.404466716489775,25.92787556136181,23.671620002702426,21.77158757830118,21.139390375710263,28.444965228802005,25.981376933282583,23.525080999880295,21.78209494530762,21.02580310574054,28.481083879224713,25.80655510243407,23.232464093805838,21.708458756426115,20.719276002422088,28.302623544864446,25.77843746192055,23.154784819607393,21.705884848173167,20.67261261174489,28.391419606947046,25.74079674852254,22.93148499209757,21.714721778098973,20.666038976628176,28.101197597998304,25.475498104798895,22.708792667115432,21.72815405900249,20.630034360176236,27.77711573113722,25.187993544124275,22.699269758562036,21.74489281323003,20.507425480896902,27.62786521396713,25.328676298358722,22.71539842247272,21.742503602948567,20.742680590425273,27.611273209480764,25.102084167497694,22.548377300283818,21.772071956860685,20.712158431753288,27.735400876106127,25.244954180305704,22.85067769922775,21.774100539264957,20.65751694915589,27.95711786517923,25.492726670105117,22.900882528528435,21.82092656644422,20.882404602425787,28.34620724657613,25.96049671209797,22.94211449454016,21.698146164550703,21.04736918842174,28.480302467791365,25.873565683057713,23.09627783760539,21.638861067557496,20.827075643029808,28.563009332961336,25.85399129376346,22.94882896369802,21.397075832195508,20.7277747319377,28.613443479592025,25.71889663428334,22.97690457890624,21.436669752366452,20.673218179360266,28.514297007944116,25.61034162847352,22.92738004062915,21.4025626248795,20.422762035870925,28.682306864323827,25.494443091403156,22.90533512392532,21.49013376844042,20.286367819101415,28.57789461720414,25.636631098968575,22.81808245078303,21.492166240071164,20.27425135888253
25.933001820202172,22.79664558906429,22.247686558083167,21.46327752742502,20.468061030718477,28.36236805836884,24.82777500765166,23.358149848254612,21.5343442134964,20.851042985726146,26.397988955355142,22.9813032718687,21.724304670656267,21.27095654847949,20.93142589365619,28.38576886115205,25.227858261880236,22.14825769297417,21.845480258567598,20.602169575137705,27.34433363162112,24.002291948178765,22.40875941463333,21.546332251313,20.79194406733882,27.36467056433159,24.269066677658202,22.31180927319878,21.608983393320333,20.985561807228162,27.144465833910708,24.063787212819527,22.008178187618704,21.6340985562703,20.99127135237412,27.099626914714257,24.15198930845388,22.03601838996239,21.706573043192982,20.83352523303804,26.56198091110531,23.762813315775986,22.113840427208704,21.55518507232123,20.854357449551507,26.37369535426138,23.64319309601106,22.103532395419904,21.617789379284886,20.59365269968749,26.70992763422932,23.718654177971715,22.364871593898982,21.595758440251757,20.41150572688966,26.645447472197947,23.710770955574468,22.39868132343127,21.63205554484016,20.36298933403553,27.152283515790515,24.17478776932642,22.671063214668255,21.550259596975486,20.43014494232368,27.514279939317838,24.45374791574856,22.784339995471864,21.6592341197383,20.348218705399702,27.7774422612421,24.576008685841106,22.73326051658865,21.615925973367677,20.499912740045083,28.222142047776806,24.926376449834663,22.989516518782484,21.540508078667155,20.510971478849974,28.49594831079954,25.32091173035372,22.99910483611273,21.246447063469894,20.410632561803066,28.2217491467435,25.014930325913433,22.864636377158497,21.263416645211073,20.39983000874598,27.963208336068192,24.859704323704463,22.73368537372195,21.174379375269556,20.355433056059905,27.670805945950498,24.824242042691083,22.65049474370776,20.979234881572687,20.282159361596317,26.90539955206101,24.26920518077536,22.289518304233386,20.956343723628454,20.172129018196728,26.798262759951236,24.16813929439515,22.476517417688797,21.154099249264114,20.235671799502047,26.69710969019934,24.323629444021382,22.488274082569514,21.19105931717132,20.19818738443049,26.651956639782775,24.356172534640212,22.398146126133742,21.149406851275906,20.233648244907663,26.84890300746887,24.43098493317863,22.508404233272316,21.116654391236118,20.17311796299838,26.804610637300136,24.449898575095382,22.12457567917225,21.13196235843348,20.21822370277301,26.827964317290828,24.09456017424665,21.81768368769958,21.076837866567963,20.12412026595904,26.84760374284001,24.129895501581853,21.68079029251494,20.9712518554587,20.240810457648145,27.09144923561986,24.258813221791012,21.62719215665661,20.963406181884455,20.253751698706946,26.867117506142034,24.163233529724046,21.576260440353373,21.01022504807772,20.205342484720532,26.862079359905902,24.199478211349035,21.830438067289975,20.993397523906356,20.1395347445146,26.926057875811743,24.499077860437055,22.022383686044574,21.012442917367895,20.176768581647245,26.971059779232412,24.351576618886007,22.098532714961824,21.020430374014893,20.081586262974543,27.325459864986595,24.683523752732768,22.296271215394775,21.030445968186477,20.017211199694184,27.466869179726483,24.89678026034381,22.406223277144935,21.078726788622106,20.174498785367014,27.7285480308711,25.074774959758606,22.368479177147343,21.16011726633535,20.128127240958314,27.570437213621567,24.80752768279977,22.43063765545468,21.129763388053178,20.125959418697214,27.453336056078236,24.698400199987915,22.29220845853352,21.03287584444133,20.090483584329213,27.273645577820606,24.35675574280263,22.325545358927165,21.090993374043766,19.992779988360656,27.257967431849057,24.21757917393365,22.106098073570955,21.034606237878727,19.74498665073215,27.301133501574213,24.092322987463792,22.165051652982257,20.8533912628106,19.82767949611003,27.212792732735586,24.233852256269326,22.153442406458847,20.756145092486683,19.775367307096893
26.280751671003895,22.600922892114216,21.526134401312817,20.813383879791722,19.973489803899273,27.912598389730917,24.56869883720429,23.450206738431167,20.967854363887078,19.948495063528412,26.424015307989315,23.200316776626785,21.590556584916055,20.36188489922298,19.93970309408305,28.09002770317498,25.358170418679777,21.98339268511823,21.540453073262764,19.839184738112515,27.217507299959628,24.015329440213883,22.222743387271812,20.977997376596544,20.021829649008748,27.254268221974097,24.38914800424419,22.322974978729253,20.975553744593064,20.0764198839998,27.1053095481354,24.31875742961405,22.012851788561626,21.01922460973186,20.07246134320253,27.1773763764149,24.439339776890705,22.072563246313674,21.15536833999375,19.95780317057833,26.796979582523427,24.128467868746114,22.22913948973587,20.977889225594776,20.019128600855986,26.677324983748274,23.974185572904865,22.201554746834397,21.019265630321332,19.761197436547754,26.801567192159688,23.972115069864763,22.42875623146421,21.03175416483802,19.657933102763618,26.83606471853712,23.890872660892292,22.50937948877102,20.984793278221293,19.609738177382503,27.05285373663616,24.233060637443593,22.80213591276427,20.934912877015954,19.79832280781657,27.334578621860764,24.508029736928954,22.94205255020792,21.114394291421334,19.70242522520199,27.49475223575048,24.64320720969745,22.859111636385077,21.02239076480638,19.76918760947968,27.96355590776224,24.920874632061405,23.11019192796866,21.06725572086001,19.74111458304521,28.178001186106123,25.39635126573943,23.109515652732842,20.99167981533065,19.715594547972813,27.957445290515086,25.112604996978142,22.960154523168377,20.969521002389474,19.556214524196292,27.667037327684803,24.91547800376036,22.75237630571923,20.75057423887302,19.54163777110704,27.473816549816966,24.933545548772642,22.808704770757622,20.717326589051122,19.530814904693017,26.90571291612027,24.535172992823295,22.432180669305293,20.684947706696097,19.44731557951703,26.53694967583395,24.37743281119388,22.675223750187936,20.769148985749712,19.361450050341098,26.554380426547095,24.60387766878042,22.69432166120227,20.79247440807911,19.367058359032388,26.593979153454846,24.667527198693065,22.62371354569821,20.846721720166727,19.371135023682886,26.819344442966667,24.82025053124963,22.714008440538443,20.764687439143607,19.42483415746223,26.78667151641674,24.85490082493326,22.379026921926005,20.74716876357865,19.490709975032058,27.070266418763943,24.522304490230006,22.006404260054246,20.695954569173292,19.47358596125376,27.12399660824716,24.592286953440183,22.007285539569246,20.90310406689815,19.861826288153125,27.295507423181142,24.616033244721887,21.89227167176399,20.821070915378456,19.88141895511084,27.063005226938305,24.43427669647505,21.767622606215866,20.79493159859816,19.85193048106378,27.038646866831595,24.38472241504683,21.954980439687503,20.802056168613717,19.836582404414216,27.021782944443657,24.64631252162913,22.074440303529098,20.844186341238334,19.99131075908967,26.879802499864127,24.396517946594763,22.03776155216105,20.66777262644776,19.633315593479274,27.16560849533986,24.750923874961973,22.263362546890313,20.78361962832343,19.547658585767824,27.281870981241944,24.93943219012681,22.42162795027334,20.87911456765063,19.619682070579298,27.456248005961072,25.185694486452242,22.351079155712114,20.86159939524802,19.551024849877162,27.330793233569334,24.92329958142592,22.37064676811739,20.74703190909885,19.463101070878903,27.440271450374706,24.87899253601216,22.19040556679437,20.553350407946038,19.42403986615009,27.397745081935444,24.552331737508386,22.257092022238584,20.61842223137792,19.370451590910374,27.453190249333733,24.488028944261888,22.034674756653978,20.561647348885298,19.11030302794847,27.517311267513996,24.405357508818113,22.15493354392825,20.510127814871485,19.146126022122342,27.470733300470187,24.54018362124499,22.148860673837447,20.521514065117945,19.13835660234388
25.742243310227774,21.667214794899376,21.010758107403692,20.36093113546581,19.411230741047397,26.864065643181423,24.08783411819521,22.8146999549616,20.48690368671786,19.080310620705024,25.65266884866476,22.407561540560085,21.34844709943498,20.018331951471602,19.249357622095417,27.27860420863854,24.643972189500886,21.70371770207879,20.873771908939528,18.998344813409407,26.38245404813423,23.320628651932772,21.779868235182875,20.511846103431587,19.302443217447497,26.39326121862652,23.810003550701925,21.913538042822385,20.493922126947865,19.315847482074,26.3158410966342,23.733247509303116,21.61937243650797,20.465288890807187,19.28567566822624,26.51938999003072,23.904720006145386,21.705491363375224,20.54436974099388,19.19901853156751,26.162727549147785,23.70678494073359,21.814345670038147,20.426296710190634,19.19643760300358,26.130188001886484,23.567852152578034,21.795732498604227,20.46047698211307,18.982164584824847,26.239334480236643,23.535048032278485,22.033040774089404,20.505307719708306,18.89368193542458,26.253076972462644,23.478183392135072,22.259111314524084,20.540546827674035,18.886953507138966,26.29263214193569,23.81519949333216,22.54265348918449,20.47583687495365,19.090706131635844,26.609773967833558,23.993315568387246,22.748274004107,20.691111027334973,19.280008499664483,26.625342702762232,24.17840421209674,22.663358156805874,20.65586983798044,19.293565362266218,26.985425695907196,24.384671052676776,22.92744898910183,20.7092891497259,19.218788594684057,27.22923696160668,24.80504278761516,22.80727569042966,20.637435826616198,19.2388374877492,27.07612931071958,24.528560161023186,22.638329567807077,20.721416637937732,18.98308700230253,26.716684710936768,24.36918627636682,22.478802829974832,20.4989755949233,18.856910245291992,26.689468156263025,24.305298373715278,22.539407157833978,20.495397560657118,18.815585329934407,26.24402114166736,23.979499232073398,22.098602422140328,20.44930410637548,18.82038859983911,25.74234092696421,23.813254542131016,22.349026971071016,20.449771511519153,18.72773535824844,25.827035930583037,24.06640181380029,22.431009522452676,20.44583975825774,18.804259408255305,25.962302408509764,24.07642462117186,22.238057301587002,20.503766474056622,18.78534566923487,26.15607182960225,24.231765071556943,22.369530768413163,20.356320435850883,18.858492629893213,26.25430757797327,24.30471858121991,22.189848013166223,20.40671087485465,18.92279445827183,26.673651959844072,24.059476378444337,21.85312169153708,20.489095943954638,18.866113091565516,26.640838508675376,24.047919101731214,21.746695666817153,20.600157089719012,19.117976491108376,26.72531471029505,24.071087359777163,21.649827318689326,20.461504421162935,19.075777156748238,26.502239563205116,23.844383284660644,21.534645172794846,20.472759280398947,19.106057726087776,26.227304050637173,23.71868718286222,21.64699192938945,20.434921198088833,19.082728875864852,26.205319743038768,23.883886954578376,21.724932533861583,20.40960284251552,19.31701661691761,26.040908498452968,23.62854754750296,21.69361764367113,20.32960880423304,19.09193480447645,26.308353772214275,23.970327962449208,21.913462002408984,20.46369756013327,19.06317804372205,26.37182311794448,24.169971140671002,22.010094002011492,20.568031975345775,19.14910808617285,26.681935440076916,24.5035748574306,21.918103449663892,20.522918236824236,19.11499351353098,26.54454195599222,24.320390427437875,21.906054425276057,20.41309265799316,18.986945574149505,26.67726077461781,24.319007011236568,21.708890575324638,20.218172729831178,18.94434817093732,26.736987280062003,23.9942480773259,21.87382119417634,20.343901082387884,18.889742799597673,26.724728627171608,23.947764234891146,21.662236462622577,20.245715350354505,18.6586838956323,26.927753729337248,23.846411015751993,21.79092987932136,20.28595478991936,18.657147558312463,26.895225822911566,23.94088541610621,21.8076168816437,20.324682228322768,18.59106030608762
25.650332134843143,21.96563182362968,20.682414317742015,20.07698478404145,19.19368635935516,26.291372585241824,23.9047487629345,22.616804008558514,20.41658169587451,18.751660647747258,25.460012474044632,22.275968093093706,21.383469627587953,20.00792810549035,18.90187886596611,26.796075710098922,24.474702104956915,21.702022198518502,20.876940092007732,18.769644836992576,26.031165206272696,23.259284208430877,21.684878263346427,20.43974156434796,18.992252786133342,26.05102388079044,23.670802057634752,21.85919252665129,20.465709524637056,18.965247819153426,26.058298814856663,23.603623183054907,21.561673780521392,20.420111984867134,18.90044297256512,26.297721542391606,23.801162934396295,21.65691367094982,20.48970462100114,18.84685089876927,26.047643204396053,23.574329720799284,21.781719963739462,20.390802429239606,18.804280137565218,26.044197616178405,23.409071634289244,21.7824438604469,20.405123043659444,18.625317294660167,26.081270289397203,23.34416779996777,22.047688645745342,20.40359528410145,18.581224649471444,26.069915301123654,23.35780712594752,22.34034860313775,20.452387690806408,18.575220740895535,26.020613851530005,23.6210136766733,22.586191145762083,20.373763484274267,18.74980464108351,26.301318860583432,23.79970265585929,22.769269173942064,20.474811594038904,19.04761910940605,26.278625874529627,24.043607216695385,22.62780174165713,20.44584120711412,19.027554255383528,26.524093788806645,24.16229211850193,22.904575709298456,20.52734921659536,18.948284144944573,26.73444620069664,24.494041223222588,22.725418303695623,20.427979063200546,19.01660103649889,26.629603221755815,24.27475661409009,22.571432431896802,20.51325897388831,18.772602559547217,26.2627119480182,24.14575863963301,22.412987009590577,20.36174014104414,18.574492931228967,26.317176441322395,24.058468940679795,22.528992399165038,20.372069229768194,18.55004779002089,26.08481303443272,23.859530243296582,22.075784312996902,20.353043300835758,18.62637246573632,25.743020700757874,23.69419895095215,22.360335726496423,20.37679322287708,18.60030215090973,25.88975912176827,23.905835272002804,22.44157665947231,20.39277754910944,18.677352717386007,26.076929293264413,23.90355012752218,22.205800484854727,20.44214712408151,18.64792957184456,26.23060006577303,24.004345906291597,22.335397070646945,20.327117091451026,18.722037572889867,26.251275917401767,24.10828876106373,22.185780975698616,20.35567924115175,18.714193446778314,26.545749312303762,23.83218705061008,21.896543105702918,20.495786950564266,18.61378510926712,26.39476106400891,23.81088175433771,21.796587203159266,20.55821334461434,18.728237045840814,26.432717812805446,23.810769453462495,21.790694942190164,20.479943594286198,18.674768486142334,26.232713372791466,23.5931268363149,21.626943328361826,20.49440559904673,18.706526794342224,26.004914694854552,23.378315236651847,21.76450860377725,20.47880816271597,18.658272801584637,25.94996571448791,23.603296098403938,21.80753541137438,20.406820212649546,18.852171421323366,25.87869475425642,23.38184195327305,21.78761555035594,20.373049728845576,18.779025157223952,26.082945099992788,23.707844387394292,21.973555961401296,20.456415488233755,18.76122006466636,26.091933646468853,23.917055616272354,22.05435075009736,20.48591550403279,18.85221144736108,26.34863951081589,24.29690835675966,21.956321518703636,20.396957584984452,18.857918178510243,26.258103109997784,24.077071756435505,21.896719532044145,20.27458494166813,18.733534397899128,26.381237448393488,24.044319281591534,21.677881864843265,20.049208655473688,18.682146863317506,26.497658413300634,23.754995316224477,21.87041543376843,20.179002604237024,18.62161606649108,26.504923925967397,23.70753460049789,21.693611572216277,20.08293996165413,18.477732463097745,26.65018106384597,23.59337514072946,21.764698724105322,20.16580125399356,18.504576295502055,26.636963880697966,23.6840025447398,21.835953558964484,20.218117069876946,18.482860314080543
25.52001889336082,22.108208576111853,20.59484138456916,20.03661239597757,19.272553383581695,26.32831452979363,23.906237120281745,22.756699557144888,20.418016018937486,18.91729561056581,25.859983643892885,22.55271289882758,21.672274614729695,20.098487676781968,18.747147993576768,26.981296046944134,24.54453562612629,21.77717290389353,20.977062033281374,18.7209132266244,26.050060500123625,23.3774233679284,21.813473874516326,20.481456702243328,18.97409996791279,26.069580812319384,23.747913205183274,22.07442765627681,20.559888757328196,18.868684869840752,26.1135858037064,23.69571086243124,21.747164212019847,20.510285340342087,18.768704282981144,26.251587166473627,23.835411844054146,21.803029721576515,20.5700590502782,18.717345512865723,25.89445989996119,23.636082848127483,21.948520045171065,20.473293649163658,18.676031771855495,25.968935131114204,23.474704825635254,21.94811769400386,20.452644545021137,18.51824512608432,26.101335907020086,23.43695051912743,22.17327613754518,20.467126281781695,18.554650956779792,26.080073437572366,23.46587052421275,22.492667673604736,20.58052156255627,18.550369671223127,26.047961808746766,23.690832189791426,22.750744327032553,20.534825360198475,18.724757251537472,26.402368627411967,23.83509265644421,22.935979672284258,20.566537532723345,18.985788237051196,26.448470468885876,24.091584683753126,22.799268737554918,20.538228015689477,18.921987048293335,26.501097523205594,24.08384333040606,23.062695764749105,20.568449543091226,18.86883035292999,26.625667738896322,24.375452588195323,22.862445578356926,20.44398942711303,18.917131661257436,26.576113398897597,24.197169588892045,22.677442501067947,20.487555794113632,18.769145217131577,26.277702700560013,24.068811657552754,22.460194261196452,20.410009056068578,18.58016983358599,26.32025519732189,24.014267396963618,22.529895628052003,20.46762635470529,18.622150048301926,26.251326123464747,23.952980610791233,22.125584265921987,20.474310802394328,18.663296130281612,26.117887801374813,23.77649611077461,22.41679172193006,20.4810632309563,18.7155431012065,26.298138563658643,24.0009341855178,22.52237642387427,20.542330787041642,18.784536979314925,26.44589355540839,23.973307801615434,22.36227229072893,20.517693394024867,18.813201641564536,26.57074675302386,23.981867618784598,22.512067391021343,20.383596706945607,18.87141734278567,26.567964011441,24.101781000892238,22.374603738812606,20.39360997017723,18.87061661633292,26.71818958201964,23.84449993042307,22.14541750087277,20.543059928800396,18.71368046361646,26.44569290675375,23.787740453066036,22.04642245677844,20.509250741878056,18.703411290333428,26.46277950648629,23.790550803799864,22.04165416790571,20.509775280768952,18.636880849583708,26.24172239208117,23.619984016792408,21.895512466862453,20.562620475521932,18.670126224776745,25.99532866644065,23.380654652126662,22.016564671387947,20.548637330646574,18.59575733021191,25.852148522028973,23.631232832985667,22.011534442879174,20.430449701085852,18.801051972641716,25.971676202515614,23.445581984652613,21.97540097964334,20.449691055183187,18.77306214097021,26.163604355981846,23.74650148892767,22.119861480571096,20.51723369382941,18.755902799774024,26.212294575679984,23.946451990027708,22.149017668439633,20.47801965285487,18.85215673205948,26.486996551964218,24.332754588412946,22.094065740391294,20.375474941400384,18.898798644304815,26.496719376142984,24.093417979463084,22.04858448101435,20.300320497188782,18.716846530091765,26.489767052458898,24.025758814095873,21.89068852661554,20.069430712180495,18.64783518112915,26.583492048875172,23.795863040379892,22.105061427374217,20.154275673403408,18.572262219202024,26.582642727924785,23.731707414835807,22.024079711730664,20.106987063817012,18.444215966034314,26.71865086198264,23.619417848216848,22.00692152078251,20.217987583980314,18.449121514273436,26.684223966891714,23.75111145004432,22.07502605964242,20.276994865208387,18.490627172687223
24.981470172235174,22.232805995083307,20.69557134465082,20.0384773386427,19.51403715293711,26.734006713981213,23.980622796059563,23.001208944338735,20.60091768018026,19.406165774565057,26.137852184072567,23.096414271741484,21.752439381959853,20.25596010058324,19.311603241482974,27.386541244664706,24.70640765580971,21.94729670851843,21.2783799160908,19.12323315332877,26.187389567793993,23.565421095195642,21.886717731184326,20.6437038170299,19.405646132359017,26.372548728552736,23.945365241042648,22.12408262122674,20.76032760602452,19.28566614707632,26.3643883618383,23.934540744503952,21.769672621019538,20.740392768163254,19.244757372362518,26.466905963735844,23.993589527421367,21.809149133511745,20.811856912419785,19.15616494414669,26.05031624191385,23.846993611099858,21.938228430906765,20.676970072136704,19.095161898826472,26.164710608266216,23.79691449210622,22.00236946683424,20.62055674894519,19.000211924081054,26.27795439112241,23.75617377730619,22.281311746624436,20.617083107325588,19.07111810904267,26.24504837016324,23.783319960985832,22.61201408036551,20.738847315478832,19.043345613189054,26.188345847809916,24.03852227331086,22.868882597520905,20.70309189616101,19.217023477394857,26.532020516135923,24.130682873549684,23.0440679145062,20.718674146063783,19.44159138151371,26.57036009379717,24.297907086929083,22.981879369399756,20.73965573612606,19.414653174031297,26.563117700468542,24.26486996941166,23.127860281793485,20.809478044361168,19.391640856721597,26.59334765916548,24.50326945223505,22.946293219059672,20.674869937097448,19.35175827973458,26.567746433769674,24.306984148490674,22.752158239676515,20.733571740185294,19.23384220774623,26.278571387172388,24.15866196689328,22.52664383957348,20.718455358673175,19.087362555886525,26.378884065690386,24.15044702042664,22.424061676921276,20.73867065907956,19.0356003176519,26.40540968372509,24.082211141008315,22.14283498588019,20.70918658868886,19.025806597719093,26.472744868312457,23.897159909599264,22.383750135502787,20.72612792523601,19.152264104938826,26.638901766671086,24.109449354977166,22.527742427321773,20.739305584463203,19.18666905621533,26.797568679611413,24.102617836311687,22.393933973065785,20.609939130194505,19.196500245350347,26.856473373367873,24.070160165681315,22.652658491084185,20.483636236051538,19.204402058060587,26.76646480755023,24.187266755281243,22.438364332676976,20.47128010555189,19.166121611883888,26.802336461763524,24.017321016030344,22.156789521557943,20.580410712044245,18.98085814326269,26.597504770364925,23.942961406102427,22.02846340906221,20.548269799279698,19.03796006956228,26.622807024722782,23.974082278586348,21.952404360598937,20.612641449851594,18.961543191023814,26.302196408345186,23.768033165099798,21.751841936567644,20.643155697902312,19.003364811918182,26.092394621266276,23.525057810674205,21.903716256049485,20.668641370506066,18.94792520384305,25.93127217781314,23.737408678958253,21.92694110809155,20.51195134610559,19.13606059477788,26.04915734337996,23.573117841490706,21.852374650267443,20.544909261190508,19.000409929567105,26.21956098754881,23.76957869003514,22.06005757435659,20.604980330502112,19.035805060705904,26.362072205176297,24.01871331062801,22.126788774515333,20.581766297722858,19.161847063988663,26.59378578588865,24.4104473380644,22.018149639200537,20.45399568310221,19.260294416420244,26.707408824919696,24.216340901589305,22.04549016567742,20.4090800045997,19.06711914160088,26.695384130922964,24.197441338343737,21.90533780700907,20.151681129649635,19.018852336460533,26.821314827446496,24.01215737332159,22.057118372343997,20.13892992474897,18.9561731059726,26.84278842457487,23.897796702958654,21.923550341590914,20.14263179901302,18.7858033034062,27.058724535418207,23.785418310525195,21.96356699366617,20.272221561936995,18.71989967014116,26.970158172124627,23.914956715767268,22.03318084912092,20.29534778391193,18.767604928907737
24.852556173863157,22.354038942649055,21.22652353773846,20.535687024223215,20.272626457696393,27.48885232470114,24.282465785831636,23.061538549205444,20.98424012108893,20.105445446874498,26.159078044580806,23.821958008889748,21.65540001125396,20.72664452410317,19.931589629082005,28.235846471211577,25.220067677271327,21.949853330219483,21.153694024411617,19.997191723056734,26.642555124728666,23.95958725184108,22.118232919264308,20.969441523705704,20.157670215334036,26.839053755411573,24.342613048585214,22.33218299517378,21.04525715842194,20.03531056370361,26.74662329123428,24.34238437176567,22.09585964299493,21.05456628634341,20.01002986453316,26.845312072807115,24.318078702581367,22.100050275135565,21.11578195456665,19.943513676222736,26.23647478410594,24.08106842888922,22.22614494733274,21.0722557577349,19.836157279134287,26.208815158528317,24.061882610367473,22.186457741907823,20.970052738676976,19.717556771085576,26.523495485685782,24.107761868156327,22.35186495391315,20.94683284000058,19.776235598237736,26.445400983592652,24.07917065317301,22.57610849338983,21.067694000203435,19.778541687917276,26.55290728442756,24.362234224233834,22.92417793665814,21.06365204836468,19.904092343981382,26.920560769997472,24.553566851630098,23.11321140119049,21.047614283850244,20.09821701974093,27.159658441485483,24.687153042697247,23.11830143260716,21.05813360955272,20.061597375204663,27.20279484953546,24.572659493242092,23.282616571222153,21.173476532862473,20.079203404840634,27.2467630908856,24.87512703971563,23.18308747241462,20.992565399419195,19.930501712311234,27.149167880586383,24.695674594021753,23.02689565509311,20.980155929288806,19.86351188377445,26.94250060683794,24.523224353477826,22.6888245559198,21.004190044252947,19.763460747988965,26.914284411190145,24.55189264473656,22.554198222415366,21.01393013396108,19.708077088935166,26.726092215197507,24.53890241171517,22.34641752604303,20.933611665995414,19.660941254501413,26.896071224133674,24.368050863482846,22.511802104241294,21.062881680695074,19.92072943020373,27.139099637506654,24.528125906906645,22.604983836360695,21.082906088940824,19.966693648880785,27.325609642729592,24.58185146790339,22.646896025173966,21.014447020765584,19.966347434134846,27.413158983980843,24.59754064367589,22.902012903282976,20.91300850381328,19.964193766081614,27.415566193881954,24.678833980804022,22.6145786726805,20.96683264189509,19.880618647558663,27.350275696272384,24.521710842327472,22.317935682846745,20.912456564152485,19.56957838140398,27.04506932316705,24.435791875635328,22.186820451368206,20.94354180032827,19.69253432091393,27.169588431392082,24.446311986454333,22.066181311253665,20.936644965945266,19.62557503551772,26.811048651750998,24.21510169299204,21.840710451338243,20.977487516598025,19.61622976772095,26.46045079180564,24.006893879031313,22.027579302284234,20.957814100119315,19.54044064297298,26.405674176702995,24.141462405395096,22.0031765171367,20.905860548228812,19.788473764747867,26.594275353206264,24.0720909398949,21.883631469300077,20.884414088938293,19.5886352599913,26.73684187538307,24.171964621444666,22.118332260390364,20.92441698494454,19.613602346360302,26.962500022352067,24.407333811297384,22.214923889936273,20.960636146846475,19.821981972442433,27.326543313377407,24.810303139393724,22.11680496612717,20.79268314300109,19.95434126236366,27.43705171213253,24.687699998173805,22.262083598965273,20.745808694683433,19.792712856410326,27.369405031194766,24.534560824155392,22.19099705340491,20.52554422206891,19.69889404031183,27.311969346976333,24.41213755341293,22.232857011328633,20.479034634369533,19.668417034308405,27.267720893205535,24.2918945794747,22.07560004148602,20.462198435896955,19.441012437242748,27.48394578816383,24.160917972147125,22.1090064926185,20.659992129197864,19.324850889659977,27.374269548897097,24.325818463085604,22.108686756501875,20.612357314386642,19.309971367460015
24.861763731076508,22.394675473266936,21.295033874107094,20.524157269224894,20.276256827193173,27.516582108060753,24.291203011633108,23.06880642146934,20.953389458472827,20.128189870764352,26.142452896327022,23.83706804082552,21.737634471313253,20.73756795057753,19.94072119257534,28.233611242523335,25.22338968779181,21.92600650066285,21.136649681364588,20.00809121649222,26.65174321677095,23.968734422597976,22.14257243069645,20.965699753628012,20.169741292002982,26.845118967408546,24.35048413151472,22.338416399415117,21.050466044913758,20.048278891614427,26.745511077854637,24.35327304222586,22.10113452577533,21.06521989586937,20.028435697079086,26.848045218285762,24.315522549744102,22.08772794442631,21.12661985224137,19.961766427798416,26.237771113528048,24.083494565212632,22.226279246157358,21.083261611427282,19.842750824748855,26.20288485222601,24.07089178216585,22.195695812135863,20.973513900290698,19.72646771864226,26.522179013146022,24.106918908410712,22.37019279503975,20.94296073000776,19.78607327488685,26.44462318034426,24.07601908900305,22.597444082875874,21.064912038810824,19.78070803972913,26.553327167168995,24.368376564807807,22.94799352401812,21.05856424582506,19.900100650518624,26.923506044214527,24.559444911944873,23.12829174623947,21.04121079682606,20.10549823189148,27.16663646917513,24.694545496627747,23.12584071626427,21.052875672467486,20.06127015696159,27.21174817241688,24.584264954471415,23.284146565404136,21.17569632199308,20.078747962398133,27.253615286978356,24.888581016204814,23.170867286338996,20.99727949773441,19.93170754721916,27.15380031575562,24.712981867906215,23.012403020657874,20.98180632388617,19.867825873108576,26.947803511072287,24.53630099088384,22.670913381193355,21.005018645071296,19.767771924870534,26.91718026457781,24.55910436467263,22.536471220680674,21.017460282122464,19.72040472079902,26.724172020751592,24.54647395806426,22.32976930660008,20.930248930482218,19.67134615536519,26.898239835287445,24.3708009757571,22.499192546622194,21.055532886739286,19.922391928473985,27.142972550290164,24.527597867686502,22.591603741662958,21.07583846300275,19.967777118753826,27.329116207450312,24.578150039096265,22.639453259425956,21.00849862719469,19.96747012143393,27.418982908547235,24.59668516584825,22.896642131041737,20.901022209434633,19.961923923387907,27.42130468773389,24.67827602029978,22.60930017743682,20.955569313441707,19.879934317442114,27.351566986927246,24.52268008947977,22.31871211688604,20.899553563974052,19.57891689114096,27.04577748678985,24.43970016051515,22.19743686099846,20.930026928985207,19.712911253385553,27.17002729764439,24.45106397145455,22.06917450171996,20.93160997040464,19.654949650895468,26.80720403390992,24.218881183252044,21.843112879093113,20.987833006969925,19.65109038746147,26.459260346719113,24.009969819554684,22.02988446834885,20.962888365237305,19.578543209012345,26.412251504793453,24.147850357864577,21.997670150647117,20.915602348177778,19.820322540992045,26.602398118287716,24.075891218207015,21.873571995120173,20.901890315522643,19.62030729998378,26.745551429447914,24.175755021954465,22.11494821810413,20.94166229814564,19.643034822765582,26.972534315796906,24.41233863399257,22.21120512256637,20.967666296850545,19.849052764496086,27.33162063816452,24.814534278255874,22.11905443972695,20.806014912884493,19.984107270320237,27.438115340756575,24.691674906938257,22.272523809636166,20.74791528966312,19.823143114842416,27.36998990900248,24.54035869200137,22.19781280079912,20.51799723041462,19.733345825835237,27.31146281808271,24.418278488883054,22.23660350668228,20.45919163175501,19.684118548868344,27.267398922128145,24.297522553937142,22.07867586408023,20.43956820994095,19.445046690621165,27.489131222758253,24.164509787285546,22.104805386974885,20.63207662513513,19.324134881444373,27.378795604590607,24.328169460586935,22.106338124576144,20.59886635690388,19.301852442929835
26.01178389569105,23.525784378848943,21.89721281376839,20.53757435483403,20.390346756293933,28.6187174412496,24.390322547569255,23.16222143671764,21.081170895903945,20.670349934350234,26.70630020959917,24.32217816334582,22.168665829087676,21.113443286009534,20.097437517766203,29.295008437328285,25.799265942965658,22.329562815528842,21.56507331732671,20.33964160512022,27.534857013220865,24.4932586470081,22.418448902432576,21.049129609433706,20.394713360370794,27.44119119188764,24.54382035977624,22.42031595898289,21.15612533588025,20.36868265716176,27.21463724622354,24.632660277779813,22.260443299374277,21.18967619584735,20.542405046568053,27.209880384335122,24.49398287915493,22.045945399941992,21.1437801602878,20.497220827699532,26.623466451185642,24.23533818856395,22.103442930482494,21.016265491005477,20.410495506956757,26.54147746839672,24.191984687411242,22.095079603620537,21.102193984887187,20.432868028302998,27.097503804530152,24.391572261740787,22.230061710913894,21.09123281253237,20.416767988983665,27.06992299185984,24.434858158606417,22.441763960592688,21.134224460206685,20.251149969984432,27.422095211076915,24.900485306694343,22.92224617740352,21.21491937465778,20.295074093190568,27.577633540732148,25.002494153114238,23.101974568909498,21.231892356357072,20.41271618331394,27.86455655970293,25.123860242097003,23.1577526272952,21.14554670494136,20.357917839246205,28.0850806525333,25.24735407701211,23.46228392446708,21.210143626158533,20.401867411369764,28.190862663236352,25.407609766939668,23.403286956245182,21.034543936053577,20.17321483856209,27.90964182829676,25.10848919730942,23.306119070123643,20.95643074421237,20.222188885460334,27.806080983280957,24.984586505075594,22.901481723383995,20.94535223941524,20.08750419485018,27.804211337048997,24.960725099013068,22.798388257739155,21.020971847709763,19.999264594616854,27.28408356152723,24.657170641727454,22.68680085185479,20.966357459430757,19.878517475817738,27.433712203858782,24.58698486799125,22.51642672314536,21.076081254589713,20.033772579779136,27.765768258281856,24.775723282115454,22.547483649472525,21.00490795305577,20.039994860295273,27.942060961849315,24.821362858010456,22.631265253330124,20.947472263961014,20.027389797426927,27.971569534263484,24.8211453600341,22.737748934434215,20.814099325430345,19.954423435701532,28.18510495082154,24.916059810727234,22.3317584119635,20.846102561348978,19.929834462296874,27.979923381837086,24.599425277687327,22.3378993990101,20.89630456517408,19.830179035683944,27.621211420745375,24.470897178467766,22.290398874015743,21.094630001282702,20.04255381558234,27.788850536270992,24.56520797072597,22.284568945279783,21.214145133450096,20.027189389588905,27.373796547602364,24.449209300376275,22.10017122203377,21.24997303139328,20.03986764403458,27.09466964659295,24.358822613096606,22.292035351476407,21.221588701658174,20.054638134019324,27.346348614356053,24.586615708960927,22.22929370899273,21.071139093935663,20.101987095475284,27.652035136769314,24.628468684800954,22.154745431989475,21.024471242432092,19.882864185157132,27.903710333120223,24.618932032672642,22.39872827307918,21.008580483355114,19.940365293895315,28.31502535310102,24.951800439608014,22.6170136413717,21.041041130314056,20.139473921875286,28.44452525137559,25.23728449164196,22.54825496341431,20.924664775319435,20.139497342718478,28.379872114946767,25.21709400515278,22.674048075085675,20.978390970800096,20.095655526192424,28.2030130840021,25.000982029076116,22.39306962002286,20.824090651803346,20.003124313621733,27.820060296909237,24.91331756849577,22.302048125620047,20.690826875963218,20.028695123017204,27.62283712686829,24.66447389304521,22.097376154198017,20.70191895030852,19.807579372933173,27.801298627437056,24.528005734504365,22.147196955170745,20.796389209033617,19.774536549163788,27.70226924336847,24.64595990093462,22.211300067945096,20.711010701604323,19.757117758593175
25.928052411303824,22.803077537578606,22.22922186341952,21.44295915824424,20.455458768622304,28.360596793865035,24.809257181790922,23.36118085651223,21.513652416375297,20.867352455003445,26.413110863676824,22.983303016484133,21.69912455988352,21.27817666649303,20.89895903689854,28.387134401444367,25.241443449016483,22.189891528261477,21.816515773680575,20.599739505619386,27.34821176239067,24.00380932184486,22.410390501432715,21.537680563381706,20.785718509398233,27.367147187702052,24.267352856284795,22.31582447495211,21.60884079776427,20.984706010680384,27.147353483622215,24.067550417239115,22.002514259342174,21.637923332212885,20.984548927135773,27.103134334808868,24.151961333534175,22.035539276729487,21.705412764437757,20.833394941153287,26.565527022284336,23.77044543052347,22.10856870477602,21.561333768550742,20.849721104123425,26.374940259714588,23.652119705051227,22.094498457363176,21.617277795801574,20.58614862247346,26.714106508902802,23.730261883540766,22.361038450037302,21.58949492523095,20.399093328475363,26.650701664164057,23.722416962943257,22.40220227176211,21.629315131588758,20.358518317645853,27.153694902140625,24.191377836658283,22.672171627046648,21.555081437242073,20.42615258126434,27.514194307533415,24.464116439251292,22.77938026330435,21.66741592420987,20.344512784395263,27.778034461039237,24.586451108278837,22.73625490719317,21.628977524876987,20.491623571035284,28.22112613245897,24.935603756464406,22.986131135346263,21.556949664763195,20.501784605563667,28.492816582107565,25.327272753433483,22.988596610614167,21.263120473204815,20.398599878393547,28.21487789292656,25.024634026846723,22.858417229639237,21.28471747150586,20.387807861199725,27.956496381868067,24.860697719947716,22.725881638846438,21.192217900432897,20.351539913772,27.661951559589273,24.82062943804083,22.641362855985058,20.995353816075937,20.28709415728411,26.897030797676866,24.26893302814019,22.281023289043183,20.973988464258458,20.17951887236555,26.790093105585232,24.166459725497056,22.476973905031958,21.16703238248856,20.239473300607777,26.692862169031816,24.319780943494965,22.4889961962268,21.19577311936934,20.20301621251666,26.642738522189482,24.35841548310392,22.407033216421723,21.153462173355074,20.23279587589006,26.841844708351818,24.434040688238568,22.50674068816189,21.119985421082518,20.162706182914654,26.800886146671104,24.448198190095262,22.13247592723479,21.13527932464242,20.214504048466928,26.821474183914226,24.092876906890872,21.835591217675535,21.0802810685232,20.121084452315348,26.840958986804612,24.130941820764953,21.6986988692323,20.97259472323389,20.23873396115535,27.090294135923216,24.257087810976106,21.63618846134971,20.96233955563461,20.24933129151445,26.8641277197626,24.162291561853397,21.58566138916691,21.012923040300098,20.219274336578177,26.855474699570358,24.19624439956321,21.833099339898553,20.992960377337074,20.152553241494804,26.923088174793133,24.496291484565692,22.01131503261722,21.01254079409963,20.197212607324182,26.966897894767282,24.34364837222987,22.079429507771575,21.018203304854957,20.092039609382596,27.321540652996237,24.678710508972884,22.280215608598695,21.02403310800247,20.02753321292588,27.4633312843447,24.895174244558635,22.39414468521407,21.069806540744857,20.175436457896446,27.724067073168364,25.079202811461506,22.35475851092225,21.150651259050612,20.128983368818883,27.565574495619025,24.81280007745155,22.42619264900849,21.123620622170428,20.119812743933643,27.44963685337482,24.699942181168556,22.30145416958183,21.02846260023237,20.094326770612952,27.269257396707786,24.35169175254282,22.33286515915433,21.09459929689434,20.005500060003186,27.253900187193768,24.21110694657076,22.11745710470035,21.038042492602806,19.767320527688163,27.296152933250397,24.082021543332868,22.178764054328738,20.852968171677222,19.841007216778557,27.207756506603108,24.22676015355638,22.164619044518467,20.7508855492082,19.780779563570917
24.96133829553002,21.74049550723313,21.80234030414274,20.989233467291537,20.122301884742885,27.224480660980678,23.65428619490721,22.614552272971146,21.08808040339212,20.147285390014158,25.353520409872317,22.183662821147664,21.20076124680015,20.825008055897108,20.28917131058281,27.074196393973068,24.187219699459135,21.640869481451087,21.61246548787101,20.135658897725797,26.31352720310743,23.076039531188755,21.872819875248997,21.190394306985564,20.272017571096054,26.33572522286311,23.374063261052527,21.806924652644426,21.256258377391532,20.39568014779595,26.09460235911559,23.204469101653316,21.618629258615137,21.28626953179306,20.401205310864235,26.06134462169996,23.3331938984888,21.732368032364253,21.362684499799727,20.297101418532982,25.611744861318222,23.080772309928495,21.837306952573705,21.174113364605756,20.310332444554312,25.409909326534155,22.89289723052811,21.81319562675866,21.15978378407206,20.052381651662994,25.758263056174904,22.945086579049754,21.99750706436855,21.102166734609494,19.87248973222191,25.698065853610252,22.909648662240507,21.983872414136023,21.000302626643755,19.829120262348308,26.144203808433776,23.3307474215759,22.167349263110687,20.936161899781844,19.768166602940784,26.47620978927686,23.481945766487822,22.247915186909324,21.099098406618033,19.637533319965208,26.576912925447196,23.574320664910136,22.153914847346993,21.071554227882423,19.688680657094867,26.96312485551092,23.90919974770508,22.43405504838959,21.021570495152382,19.687581580219856,27.2750360603958,24.31838283370421,22.39171849650329,20.9502263595521,19.551050107800446,27.046863579570196,23.988454808595385,22.25557979795051,20.909387554447516,19.544733171491234,26.782041091504077,23.91290184310229,22.224140921229043,20.78502234162475,19.46175673448912,26.650794380692712,23.860301956853874,22.179924221084615,20.694763041829987,19.425055940658165,25.96566561690244,23.33940602585208,21.789739564975427,20.667076339791237,19.298886133500154,25.77409767151471,23.24040068916965,22.0565153520053,20.712509006660692,19.265448070267304,25.698930627921914,23.38804576472113,22.102824016300943,20.687981875359622,19.318244739132833,25.6332688445965,23.34752539085003,21.860894410251692,20.648666872471964,19.37717353476461,25.77333624009562,23.416154246329643,22.0195869770963,20.491566937113923,19.385558240208837,25.68739321422918,23.404054504565817,21.639018912496823,20.53401365102129,19.38553964116923,25.73676184132298,23.08412725734687,21.24247813278396,20.541368422842716,19.437630243061353,25.694507387103112,23.131321419860985,21.061304146163835,20.64689767579808,19.665926516678592,25.89018330632419,23.21500276538415,21.01435407013963,20.551815348786374,19.71119176384173,25.608614759649253,23.158425216006936,20.851201687029224,20.61576907879942,19.685570169397057,25.642407481777276,23.157225245794034,21.181373350461776,20.571733958268446,19.708243176566288,25.7621986985979,23.444465837569137,21.431206562663693,20.597499512826392,19.707345397008062,25.80490859819171,23.23329123276559,21.550910127563405,20.527628041435413,19.46612424017257,26.16495444698277,23.585405279953417,21.778453725332987,20.6665834859148,19.322649824789778,26.29298906982218,23.76461386870299,21.97613092517134,20.727951143414234,19.424983981049472,26.477466153931566,24.008535654950123,21.849439497145717,20.83700804583084,19.425165590139585,26.256687344877985,23.71897991097621,21.80342415611538,20.76491440870804,19.468411282057204,26.145980300663034,23.678707058869595,21.639794537105313,20.613386803420948,19.432863900804143,26.078695026137204,23.274654277920074,21.74267542077758,20.639959010202766,19.396038124172986,26.12469301818526,23.14270867956307,21.525914649289543,20.663079387542826,19.203186964613383,26.12237975835489,22.991185729358513,21.653815745067423,20.47292569257941,19.177065924380948,26.075758728291436,23.130890885587725,21.678677921830968,20.475009357918907,19.135166637356168
24.39563536733504,20.915411470282812,19.973712778574,19.50631196449448,18.36818623882045,25.722231409508314,22.791199190630028,22.1917724666108,19.584119947362765,18.028891659372082,24.593978768451887,21.26142069841092,20.25357398069315,19.550664002113578,18.283262268059993,25.959058481636745,23.268517868583427,20.852913155762995,20.180292801040594,17.84326566254329,25.15219366755314,22.185117892202243,20.89529189568419,19.77610426677782,18.206049350784753,25.24943609293891,22.61071772272694,21.066910458865205,19.835343664281964,18.237689377878304,25.100805450148886,22.587653946373173,20.841090888301512,19.826577467277346,18.208253834040345,25.289436018205418,22.87653762619948,21.10976342318205,19.902044377012103,18.13246637813381,24.971641441138978,22.739088779728267,21.197807476744167,19.816525880568104,18.139631431406798,24.91601325984352,22.542700913798818,21.156623532588338,19.84954143255263,17.948776970527415,24.976345107437755,22.523843669111848,21.430221461582637,19.86760103609095,17.872590270972587,25.02117201901237,22.49427458334726,21.609724502060445,19.90910850094781,17.890113437441876,25.014313442685296,22.78439729485633,21.80133955821804,19.800309231391783,17.94962373807645,25.31557249002416,22.91748788315008,22.086747581040008,20.023112676897416,18.17328290763508,25.271349098640215,23.12778733801312,22.045437295307806,20.007890246976334,18.19127363047654,25.637137832027207,23.307087363934155,22.34515012793149,20.027489976201228,18.108273932603726,25.8931784821414,23.606177580917027,22.17375779240242,19.98907803578886,18.088499585147613,25.78635932299221,23.321849297304375,21.97731673471197,20.066598490274014,17.93560305064363,25.447525289709898,23.268115069920157,21.815099974710144,19.805915254255382,17.716523785533106,25.423640945291098,23.19325099545458,21.866802544378636,19.83588484240785,17.75106319959243,24.987029176810413,22.892837881657506,21.319138843724172,19.802277102211715,17.746673493236568,24.51780678333126,22.776564221439177,21.599207977993807,19.798164559488303,17.6542071500614,24.5672439875588,22.929752081132744,21.714617760582325,19.79629229921025,17.74481764937099,24.75496618139868,22.771385347878457,21.43272575519804,19.908737217958294,17.761568980414218,24.977720576084256,22.835808501923694,21.574224222048205,19.730542873094763,17.776347539987125,25.008926475055656,22.85730856636357,21.46614771344831,19.792131304374443,17.833020141276197,25.392060550281663,22.585337176430095,21.112001116145258,19.868057808361073,17.849729593759978,25.290589442105322,22.58374236811535,20.948971654940188,19.98685707215684,18.092726648159605,25.254028544311232,22.73794762387909,20.9755817401261,19.812877891739713,18.08904210529031,25.006209948644123,22.658503281441895,20.762699756708365,19.862013849718117,18.12303168405373,24.76019070134887,22.611572691907252,20.91061830010196,19.819017158049355,18.09842877396172,24.791322871568447,22.854673992234808,21.033292519482053,19.757723052173656,18.21790957114431,24.712783647008074,22.622395301654933,21.156431032794845,19.69205508265026,18.016043332045367,24.997980727745837,22.892974086863017,21.3033558850693,19.79327398239028,17.917273015951587,25.034325941680464,23.005516369768543,21.478557122639316,19.86217036593544,17.9210327094083,25.329531512410462,23.26539940985311,21.349433077975146,19.84180071031141,17.918970979611014,25.12089039472861,23.004950736537815,21.22587307268196,19.791136707834365,17.843919240313713,25.215688676044284,22.965668740647434,20.93532809691306,19.561605424501643,17.845036874212706,25.289035624183423,22.581741149987124,21.184679719247406,19.69329204396393,17.856883925455314,25.36847432793356,22.468869500139448,21.026417100484,19.629621095264163,17.71227515279719,25.500164449647684,22.346529349908582,21.17593415052467,19.677214704467165,17.67170890716868,25.607459914269818,22.553834204430906,21.338754527739116,19.733838663054826,17.667842916919692
24.540396180281746,21.115066710773856,20.053668071617096,19.174701471809406,18.202895551783648,24.94580505684545,22.57887481232336,21.682964881986496,19.195892410906854,17.608449825255285,24.582737131327807,21.247798180394785,20.365063066254155,19.121702052124874,17.67103780619052,25.485591242859037,23.06718931416774,20.90627541826126,19.907039982834284,17.566166391690388,24.807493133941872,22.123898522336344,20.82110065726757,19.431027239924145,17.8015853230581,24.869714685465556,22.438578644412573,20.936433625495958,19.464190149232557,17.74030757688768,24.875234995985913,22.396977445680513,20.739013561191044,19.483898296661017,17.70687717341203,25.094852538189656,22.6697591020976,20.958933943195213,19.5958008156096,17.64068605220051,24.87797357130338,22.530592444881226,21.044054289906775,19.532068227546212,17.580454930749216,24.93523194450803,22.32278158021475,21.03469164749744,19.56014830779219,17.481479309806684,24.91272883265331,22.320366985579504,21.351429515328572,19.61637854513817,17.454364039555372,24.964445168042012,22.355936413815343,21.624039828038956,19.70103906622824,17.40402381776521,24.910987228898733,22.571217679261753,21.789150805849737,19.58304333412293,17.550426910612305,25.158959195121188,22.684111845819682,22.021578671239546,19.653694939738365,17.84819443857672,25.081874165550296,22.939510201950338,21.922244306022186,19.638438412041047,17.784856963392762,25.346334746185637,23.029369535564193,22.22312666218043,19.66019248293947,17.70669067953869,25.518662990053564,23.276877467035263,22.00129231431372,19.584392284459668,17.785274081406676,25.36870097959362,23.043145606519555,21.81807306470713,19.664630601629053,17.64198165636015,25.009518221409298,23.059529079554057,21.68060496369647,19.557845976297994,17.412206741392787,25.04872021634665,22.937347437467093,21.767893946592,19.636750042208398,17.445119240730328,24.79564348016164,22.789504068598216,21.229349568598927,19.613692226497545,17.481555988838128,24.51185997456995,22.651046712692487,21.54627465992547,19.64086629554793,17.444686968521182,24.617700933432946,22.808302184376398,21.678338476282402,19.691208078974103,17.519205569347225,24.85325954174744,22.625622969279153,21.39558997476024,19.71730243250828,17.480386434958778,25.03076839940456,22.66486906706643,21.546066906238913,19.56447374240127,17.511445568545685,25.077544120267163,22.689722525412986,21.440789603796453,19.587940905959545,17.53377888993153,25.30512026727647,22.43897537697803,21.160461148668013,19.70757834443138,17.477571779273188,25.10454978549537,22.38674277064772,20.978080702261078,19.729680128748683,17.596830456199264,25.013334668525516,22.50291546637902,20.991114469844494,19.61737736187289,17.60396153061932,24.783375060136834,22.38428674482097,20.77761293490211,19.654678365504747,17.66080338804476,24.539904379082436,22.271139169901,20.91545137295579,19.653435625616957,17.648733950681798,24.531171627495148,22.508616842056355,20.96245734476316,19.501533828897536,17.792596552882735,24.60918016904257,22.315981960616657,21.07584690780685,19.487291253807463,17.703627325282653,24.887323558262334,22.57627641727337,21.222182740057402,19.61987782973335,17.64514340772333,24.893197437232647,22.710195972534304,21.40866856602176,19.61843235170578,17.63243084153238,25.121185871153315,22.969292641968405,21.24664927719187,19.553802453393928,17.621814870516026,24.99339722308497,22.719884090315492,21.153888702414804,19.48931444168887,17.519338361845115,25.006609778912757,22.63044455935206,20.88969354954069,19.21144574806329,17.49709439695576,25.118442244802065,22.283112240653082,21.186726451243885,19.33876162143107,17.470154286644565,25.170826885024557,22.17927204103085,20.943046222962003,19.264243506644764,17.380758009783285,25.32376927662217,22.1167340363538,21.09527697169647,19.369314835380404,17.36715087356809,25.284266095665657,22.22111203769655,21.15202056563756,19.440634744825246,17.358557397926994
24.878461610928568,21.52541859057401,20.190574469449732,19.079457693354104,18.41679656563487,24.795241844310162,22.441321522699038,21.924291095172705,19.261277100509425,17.891439316300584,24.853272202567975,21.734620405053988,20.89796046416674,19.312661623993524,17.716734131716887,25.618599647732704,22.95461343343174,21.038192015372836,20.11832804194502,17.94673512101767,24.862446397457827,22.297224040200867,21.097891776336716,19.547678799116973,18.02296102167596,24.8402670726718,22.493003413744596,21.3025853788852,19.745329365127994,17.891838618351187,24.948430312378356,22.44117288557835,21.01962491371044,19.75086683678753,17.86022436542303,25.110283995946094,22.62228003415629,21.189837055645683,19.866181666327353,17.816326521964626,24.825756157229776,22.515416123712406,21.308959366595438,19.792373040903975,17.695381930946162,24.948113988965122,22.248159746346182,21.289817402897956,19.76315208773527,17.627743024850716,25.010532710951633,22.219079794519082,21.51904588881022,19.837481228433745,17.689592368668865,25.02069169272791,22.32975381593735,21.891143955445884,19.995231665049737,17.599115824923558,24.966407378560383,22.466677723878284,22.02406319437055,19.90989025978626,17.734606064886897,25.240710709313134,22.6330706455524,22.236578254866423,19.885760586911232,18.01911422387304,25.20217364668553,22.896143823655812,22.14614491578186,19.92774948170969,17.902733612756037,25.268520974771498,22.93951299764428,22.453403195315442,19.82027670506662,17.834869810392654,25.34501179876576,23.141128533450825,22.149326859921892,19.709531929382717,17.934918681037548,25.2727423261094,22.95935641159399,21.99688324367625,19.760841000575628,17.820008637159496,25.049152399006324,22.918079245916438,21.826029812041533,19.741387177242913,17.606517938636753,25.076138379507626,22.787555437497204,21.92931133173886,19.797002733564486,17.687471517671334,25.00667495322656,22.734242121965565,21.38130062249521,19.773062656431392,17.688252869798973,24.90783497139688,22.622542072336117,21.721788290568735,19.784175875912986,17.761110648455563,25.064172394134562,22.789689314151254,21.837875380823338,19.824258230406095,17.869174064157605,25.1706361994061,22.691162788356916,21.626549126229385,19.83300600059207,17.824180993181955,25.361053077345794,22.741442888647235,21.70390946007166,19.659713231167416,17.849319691530965,25.441706716793053,22.82970007593147,21.620228792754226,19.625657914443522,17.863361096905187,25.533958921183682,22.60916960908167,21.449144550399417,19.812860486454593,17.688273290418216,25.138897198787372,22.515810107827363,21.26394809853739,19.770797828198518,17.670766625086593,25.0216570664032,22.48800332196706,21.260614318632502,19.736756930695414,17.714315026631915,24.773197273461122,22.358926447918627,21.08334969168053,19.829943112440326,17.779014273596793,24.511153510844935,22.1718462592481,21.265221650090368,19.849816508169276,17.757566783541392,24.45153643976607,22.34074219138532,21.24351805304741,19.658258750549642,17.911453174243373,24.744673113007014,22.19796774375159,21.291593449631144,19.65184997176375,17.865253941319175,25.079384676909648,22.467643887972404,21.421700418562228,19.7398096315488,17.81266883014896,25.03425123151375,22.61122575566283,21.575607066453305,19.77029279307512,17.850753778597486,25.170541502392584,22.930400406167884,21.40274944235471,19.708533231419114,17.880686842136196,25.128473026952413,22.60380060930159,21.330177401359112,19.60016064532999,17.739782071211717,24.955645969750517,22.534721813346273,21.169225110285424,19.39842532085219,17.69912400563563,25.01716071969733,22.220070742940976,21.475065255669605,19.504786464284177,17.674424035768933,25.09923328076921,22.108936329390943,21.29292147821598,19.372635368786927,17.55872926660235,25.254923181438283,22.01683681973511,21.37598426862134,19.522469429705016,17.603298216755075,25.25922048950526,22.263770664578924,21.450731544308958,19.69611344976021,17.678701449033454
24.203813723663714,20.978755684835544,19.922112478515327,18.899624501277657,18.28745721977793,24.906514750084742,22.506763211874105,22.03473790483018,19.332421002734122,17.809224674034578,24.776743694727354,21.692167291541868,20.525260311988923,19.102134263370473,17.689204588328987,26.119090912153904,22.921777456914928,20.717880220636147,20.071066902524066,17.9578085014257,24.859219945242568,22.124250120179575,20.90089952225302,19.4596723607766,17.970440877831585,24.967921578935066,22.358125190677843,21.14368605744929,19.65461758862283,17.85110428691029,25.022364832731512,22.279001561338447,20.810030753813077,19.668397853652984,17.809077030462,25.12576946618541,22.31782769918754,20.968100518280476,19.772894713973038,17.79084283712263,24.63300975017638,22.210067831857547,21.16741288710816,19.677887846751467,17.671568143543873,24.74132213501866,22.07035084993999,21.2068111350665,19.610955300883052,17.613999620375857,24.832367220038776,22.157551462489117,21.433364193144797,19.58576806403646,17.64696795687633,24.861531943984268,22.23730169162451,21.80602938480671,19.730569617102663,17.614820278453454,24.89770156342276,22.542090930621804,22.001133504618107,19.69313533587072,17.699772574199503,25.244655471938803,22.702533216741205,22.17370886670433,19.657727617395228,17.914210770426756,25.26769919455132,22.93097852184042,22.077186808217593,19.70680476743391,17.79449965216956,25.30634643453925,22.863542424094668,22.29510149317931,19.729278666312815,17.760802395005943,25.26502406911509,23.085616761206,22.069875248056217,19.60446015323982,17.74665030592056,25.181319870582676,22.857663252429013,21.913642203550165,19.6759413027483,17.675995387557478,24.971472392892252,22.77434284752392,21.653814103243068,19.703165324492453,17.58290522359079,25.02351823177708,22.729284830911375,21.616610853365547,19.75370464224397,17.67629465674047,24.975597895513143,22.742648008106876,21.233172811172597,19.689978055684065,17.68390887791256,25.127716434082675,22.65023262420835,21.482435642952552,19.622531396906204,17.82671159471662,25.29090557639993,22.84459670325203,21.55219090821877,19.65638939085501,17.8787892403788,25.435855012739438,22.776215498314222,21.441994411984957,19.610792230130834,17.82084843688741,25.555905626702113,22.722693327740508,21.61642164615084,19.492860837244056,17.796027902845932,25.55998273582311,22.82194713384307,21.402065551391587,19.537055302983635,17.787262593184494,25.541084941991205,22.57242822101676,21.18187807644271,19.754968343940025,17.59768501632281,25.136628384191045,22.496770234247027,20.99072486818742,19.695997469993703,17.641962232059125,25.0908083663335,22.46137765163693,20.989908442804037,19.669370927886092,17.591699968157755,24.797850097057886,22.344726489154404,20.806908662920776,19.728679888343795,17.642548010435988,24.418761353023577,22.09607701077229,20.989884031763594,19.69818462694358,17.587411359258148,24.291977182046892,22.285976237786986,21.016155099697745,19.518891411454753,17.74233241543839,24.594576054911947,22.154561828396695,21.04882883902933,19.489857630916674,17.67960836610178,24.891418870540935,22.3869528958945,21.13030495779835,19.53488527035007,17.688110587003315,24.97027130703088,22.56304823805389,21.27838967380694,19.448372207020885,17.755399399079018,25.250954227358296,22.911647819311604,21.18064269982339,19.377231892718125,17.79995759659163,25.351416639013586,22.6994554407351,21.13773263351454,19.325590351136405,17.696804213471605,25.25919894624302,22.569659629900954,21.012459838952942,19.1379978381208,17.62092010050972,25.237473112843993,22.350453172993447,21.29453273174122,19.19965709011627,17.596193215122305,25.24287998656678,22.162384416420334,21.079089187294045,19.261645773680822,17.47235149501674,25.43989745361246,22.071873215788614,21.156823529439084,19.425511199980146,17.501251897462325,25.346814704351733,22.269201975786682,21.235988999904354,19.464428054673185,17.53864681128922
23.846037119604805,20.93757374082412,20.0325748300412,19.224020744938876,18.633460130967883,25.595884182514762,22.984794474396224,22.307682934887062,19.60784487016005,18.19609503717073,24.78937019550486,21.973057183536437,20.70321357918115,19.689880287212336,17.999309938825235,26.817857322225418,23.3790246025524,20.804413349146394,20.3564372645945,18.441621585358803,25.156816303144677,22.35433249235299,21.074116566317134,19.800900363905765,18.39274919167857,25.2413893511444,22.672524703921955,21.39088695338727,20.042379389729394,18.320816559849032,25.17224645377752,22.554396856359556,21.082208086723664,20.088255760405396,18.322173132575813,25.304018795246275,22.616732583205398,21.17704825990567,20.14938566125499,18.337163208108194,24.677092664136104,22.457991777108695,21.400296178450468,20.085189533828647,18.241565808551503,24.740399746207874,22.412795178999225,21.460400088279265,20.01571332513272,18.154785264733267,25.027103021074616,22.475977722053635,21.602281236172498,19.881916808863423,18.128072944649176,25.031780087993223,22.50856908089782,21.89299130808031,20.034242055065306,18.129214275117846,25.133828585349697,22.853939337703366,22.12685003612956,20.032069908467218,18.21372083118954,25.479093546449384,23.037947608282543,22.26866263199865,19.953354850843546,18.39766021402815,25.58107310374634,23.239216077931253,22.18137841917588,19.964719312586922,18.364061521012708,25.74336278805252,23.194241895861445,22.35531662044043,20.073968373429814,18.30840997390905,25.715222260228835,23.497682401776682,22.216575115556125,19.93001392570904,18.151755889991804,25.54414460944306,23.228571151555247,22.125842873032035,19.979176995349206,18.11501844989823,25.308085254043718,23.106314163746756,21.84319923216803,20.04033355710238,18.01454726125786,25.360375110184783,23.064339791257154,21.659607267327072,20.075669676129596,17.94141595183212,25.10316967360351,23.04187603180082,21.406368587751324,19.95470187508831,18.0102175494623,25.331946927164267,22.90282263720911,21.600572981533656,19.922108822450674,18.202591657901866,25.590834027752987,23.0409222323069,21.659871337040467,19.93132090740926,18.21994135139446,25.8258043999971,23.00654274075907,21.59273353470145,19.86632534056047,18.15470161141447,25.901553559705064,22.9334351732355,21.88586117683818,19.825604855634694,18.204978328790645,25.865832306790036,22.992769109711723,21.564295038273542,19.915798905495347,18.17857066770477,25.788964621881984,22.787887619463508,21.31586594010323,20.070940161291176,18.02690918762402,25.35461549957129,22.72521382144598,21.141040771092275,20.020446079836244,18.131196194815345,25.39194001270093,22.77515513039063,21.1245213496179,19.997744219850063,18.07070974916261,24.96209019339409,22.64336679629604,20.927769700194474,20.032256347844925,18.12279547802383,24.699214466988103,22.45997233355182,21.129134191932668,19.969385787090523,18.057271592211485,24.616950789527134,22.630548736884677,21.11900960387271,19.81105702577319,18.222651564592063,24.963234374218015,22.58794353399751,21.09364223687897,19.80344538592524,18.139039563662863,25.221765696229113,22.70874692410433,21.187615118152713,19.85892069663452,18.211153865895316,25.483374249021875,22.949751531850676,21.279981562488196,19.832083610410777,18.298927819843577,25.715345660756867,23.272001833116523,21.21358902592011,19.66353771011876,18.382001763404276,25.850847663185164,23.098794352845697,21.226503206997474,19.598312841127875,18.301405535180418,25.73620769128014,22.889773812433656,21.10987014267691,19.40940868464844,18.150553093414693,25.645027877888957,22.68794512101667,21.318199849007947,19.377220353409342,18.103988616519036,25.620968321894015,22.557048477925303,21.138053816056402,19.416423456104,17.977410782796746,25.898891177776914,22.44146969501428,21.21481156723048,19.68233012661118,17.935727220651483,25.814930573928933,22.63627387731582,21.355864106854753,19.70587395206167,17.93336286999405
23.8892911167226,21.574809659241208,20.911292039267643,19.780258075178235,19.81069978972741,27.18003077364339,23.197051516486873,22.588669582988526,20.452973004492694,19.58326118117803,25.245737638041646,22.856787532584256,21.258916337129445,20.576182160189695,19.52731734600727,27.7814298839982,24.094672323921102,20.941826808637202,20.875353887278525,19.657305687957297,25.934567257388682,22.886930295926994,21.563737225600768,20.426945685576204,19.650801723250673,26.07593157441363,23.099121797643228,21.69638498947443,20.582445698619154,19.5627664987397,25.773006502434377,23.036808573594158,21.464134325623363,20.626641105529654,19.675640812319052,25.78300466151519,22.966068965326187,21.373200224513614,20.62198216560362,19.676473082810457,24.95069244544758,22.752294176884433,21.642450514682462,20.56540585978586,19.597991680226322,24.927908403837257,22.79691032812692,21.635587436098504,20.621560516632638,19.61867198507361,25.3463969990842,22.95294644931778,21.758943283954927,20.569426740575672,19.683456301845787,25.398954646259504,23.03509477552773,21.987899831398718,20.652874294364626,19.59525805146351,25.664196528477056,23.43496921138714,22.312290846462922,20.680440439649356,19.6244289813816,26.02442932481157,23.57167033333579,22.39596122140113,20.620844408380545,19.70908273730758,26.199962016643905,23.69914918228384,22.340081297096752,20.520147805368502,19.670402162294803,26.408908230028754,23.750917558143453,22.551260437274333,20.595931877669965,19.584493315598813,26.442492786829565,24.007292895282955,22.459310946244585,20.39885755874791,19.329412515017687,26.212141376305436,23.797368734073537,22.425155000678618,20.391983425787657,19.33105351696323,26.102795273977335,23.72198093401044,22.051111868080255,20.407083134776222,19.236114854519208,26.119264232777528,23.729111501576664,21.87489405914549,20.473550939003996,19.075426044990113,25.69333291990437,23.52041300870932,21.701482261537294,20.42934905435326,19.049568024023976,25.86872015864983,23.364011115816698,21.7155907500146,20.52162379645005,19.25487443381302,26.164410987582386,23.470752468680484,21.728450878311893,20.41580282813225,19.207954075735692,26.33199021038388,23.456134574814765,21.816370398919382,20.358337947570746,19.159359648739176,26.38538850605351,23.343343220266178,22.008359203623115,20.27391205652697,19.177530958193206,26.370407053857058,23.348960403658605,21.557432827316063,20.314339206394667,19.181108862373904,26.218940489805693,23.108338343600234,21.43712807862517,20.369692082157044,19.05760092486732,25.882058503366892,22.963209630953713,21.296905149553496,20.474014322966624,19.17660241003237,26.08014143481297,23.015758004779087,21.307172513174322,20.504772252890625,19.201003897195523,25.625692958285946,22.931567247479528,21.20093905560848,20.5537700863775,19.2471897657772,25.392816785963713,22.895051952914528,21.46533226159692,20.50157111422366,19.164200419446455,25.503284477293402,23.1076876954156,21.36898558577656,20.395546279441437,19.33350670351136,25.809432085197678,23.184302872451216,21.327545501102144,20.406227201865363,19.21191004991602,25.996126298193513,23.209738707160025,21.436587528629854,20.419503441031516,19.23425971699036,26.35894440128205,23.46848153097753,21.538708747681135,20.42004803729351,19.34898891694234,26.515365867018954,23.757112253240827,21.52514557695921,20.283925818223572,19.406503011543215,26.512360647727263,23.640065801540644,21.635311788423945,20.262340023971785,19.297984556614352,26.325552979416774,23.38915367106248,21.477058430209105,20.111738526360693,19.230027248484166,26.05417551931678,23.29208648374263,21.48682578925774,20.036574857408972,19.2444798016764,25.942177223899925,23.103424325278393,21.28485331118416,20.054791516580103,19.121574675294045,26.218493675271418,22.886062668457885,21.280455402092805,20.23261885692701,19.125897821007083,26.09246200397133,23.078245531142795,21.418570001855322,20.16297268382759,19.163771521481518
24.887871089962726,22.315377926721062,21.686372159283497,20.54011677249453,20.7320636800871,28.09308646462208,23.435788023179708,22.590505069358276,21.110855916303397,20.541399286408883,25.645912154256294,23.55918263310532,21.706192280062236,20.9200571205157,20.005560901007325,28.59777137447576,24.388256219749056,21.894862977277164,21.798503494001253,20.614478870723463,26.715611944914407,23.268230843562463,22.132443963366033,21.065216610427616,20.603225474056035,26.7475904736507,23.349945450112195,22.095278337711868,21.145987267147525,20.54837771058896,26.364965210127302,23.3618511631121,22.03386742818425,21.197224155355183,20.691319758522628,26.288874970502917,23.211329877762047,21.791405683323,21.185918682239002,20.832824588880975,25.353048648104977,22.93790997610049,21.830560459158654,20.99033228287518,20.827258852679062,25.235073838906718,23.026849643976142,21.72910608828216,21.12991851177462,20.781481271374854,25.711887298793005,23.257806352208256,21.86020223442328,21.19596069810453,20.845132283032306,25.827522346698743,23.394783303000803,22.01317808539273,21.212037656516433,20.724502553893522,26.29865168450441,23.869080197094952,22.521912003419835,21.301139503505567,20.739512711432372,26.657073657439582,24.001238019442205,22.699700735071676,21.354348427727125,20.612252142698917,26.922378330663577,24.176982628843525,22.693461883798506,21.16019519592649,20.563054408755566,27.23057095641699,24.382794137900785,23.029372483621337,21.152588262551575,20.566370382515235,27.40062514349497,24.544544173545553,22.990260892015648,20.95913820761109,20.480306478549423,27.017308708607636,24.251078303572637,22.91969490269677,20.961522302308992,20.46634108116535,26.939383678937855,24.268950008731153,22.551891421452385,20.927499203358586,20.557185785460785,26.890339291032422,24.201093438789297,22.48814579512128,20.981821002228592,20.41935925258145,26.302804854097282,23.771921341600493,22.33588621778312,20.878618583695467,20.252100429630584,26.262124351885582,23.63214913873656,22.32567991130917,21.101491907378744,20.291056297770176,26.64546355923369,23.754388106887994,22.166572216369918,20.995747129351535,20.208209912809373,26.817039877893023,23.686646011845287,22.2456223448659,21.011540339801048,20.131346914636513,26.88380788906354,23.598802209196627,22.263303967717924,20.927795062638783,20.172520762432733,26.818061844926824,23.570368691842937,21.749360926270963,21.050026817490306,20.239215486793384,26.56370043512012,23.290437300051444,21.61748563560694,21.032867612129152,20.12905562964507,26.179004758244883,23.099134300915562,21.67242023171561,21.04699629748159,20.2659011171858,26.407943551720592,23.23586975508933,21.802836977057563,21.007906034218813,20.30293994470744,25.964380836055483,23.227712851978975,21.7515808793392,21.094373578909035,20.288599504326783,25.989863733705505,23.360817316936256,22.026318953876846,21.06791149562696,20.28677577694691,26.402462292635597,23.653731611469627,21.896552278189905,20.96985377705508,20.314832486498517,26.800136367013977,23.856181206081544,21.89763695380703,21.01227708958688,20.182192013935214,27.031176265432542,23.827121831325687,21.978184542519,21.050359965714865,20.189018470260883,27.453919867928697,24.05713893318397,22.12144034282387,21.011894163674068,20.283616806358598,27.36945165985249,24.24728686589116,22.09107748382764,20.887153305565697,20.21287583781511,27.21738665399269,24.080581756466003,22.16570787356479,20.800055315953625,20.224311485683604,26.863288311548665,23.77198128015747,21.934824790831293,20.678162566764527,20.09801311507738,26.39675705479532,23.70208843629404,21.86725941604622,20.533966339599704,20.036773249519015,26.176588603548755,23.535925987756233,21.6850868512511,20.529157901994076,19.904677889571868,26.441374769223152,23.16869421960118,21.677461296808225,20.5276135855915,19.918844647080213,26.324287799208303,23.35971980426812,21.88313033449854,20.49705656784293,19.966715910024494
24.58949810418193,22.429655765859184,22.59922213734951,24.007337637528284,23.309754238125798,26.6465200857744,23.172354528092395,23.096062750592033,24.087130745658403,23.39281583999136,24.19756585181899,22.59749215298196,22.017037583754043,23.902923846102833,23.357529801160513,26.754946987728868,23.261907658399423,21.729525489290936,23.920421316803846,23.418384299250476,25.71598587262406,22.84997366529695,22.36988589161306,24.00208691129659,23.4697039159324,25.512250307411456,22.8830352888877,22.239409452936957,24.100606835285113,23.58329449459648,25.327517972210902,22.639731082372688,22.062942042015997,24.085637327283777,23.551437303484917,25.341584681002633,22.627538808141743,22.041645435009993,24.079209328273453,23.50627290710465,24.91828887575372,22.370853096066476,22.150872244590467,24.06743560559376,23.388847575582695,24.652347850302455,22.242590844941326,22.05407721985649,23.974336627781675,23.275901374802853,25.370101730245267,22.40404319513083,22.23821927192422,23.821043990937312,23.096172264457614,25.261305975637526,22.61353071824025,22.21857363517802,23.713618313996665,23.019476938349758,25.85657197822062,23.068288958474334,22.450587489349978,23.53450023047513,22.7598287987154,26.064341887908768,23.287821113356408,22.478960176441717,23.428627339761118,22.765414355999845,26.46930279503321,23.451465621951673,22.500221344434628,23.278322498366112,22.532848836571397,26.76720482955585,23.77278654817665,22.659370675833017,23.047688405577603,22.39573799808168,26.995801928375506,23.950108181801383,22.65203647227523,22.756330847302856,22.22033827861446,26.91354406415335,23.611053528827966,22.573844380840033,22.653050472422184,22.284604062695923,26.810702487440295,23.509917088806986,22.581010390207002,22.61362262540528,22.166783492156434,26.41088543092282,23.39180359173023,22.61930796701269,22.63706411403217,22.15693667198828,25.49121289079644,22.740288927249736,22.38745720648229,22.68176348851576,22.126380775242446,25.72731828923167,22.764678499920485,22.518927138326823,22.8106721777009,22.125768047689572,25.54924052688313,22.911030158767336,22.414799445318756,22.796061322557286,22.08110075269828,25.37324246219183,22.767376027716807,22.205505493035588,22.763673841267725,22.08120279149262,25.48848001595297,22.40186353471065,22.200239208423916,22.781416829734955,22.09774925029178,25.26356743280322,22.181301660447055,21.989366888919374,22.905190324787565,22.142123223025948,24.82657729698632,21.776077962206653,21.82306446693782,22.987864058621,22.202623877810634,24.53741639174161,21.626885203585605,21.746811633895483,23.04048520677538,22.31995246650779,24.803836274673607,21.926021600456096,21.935964663101213,23.125992883643722,22.386530513797688,24.444435650059397,22.379080848817843,21.865416570114228,23.140219610624282,22.412501755624856,24.918764122951167,22.8226203357494,21.926117806876437,23.021299851809154,22.327446190232514,25.162172633854333,23.137260281690814,21.914586578225954,22.97890996324457,22.417950518477475,25.470947537839656,23.15008356624494,21.961165021007453,23.059716477600386,22.356461189057132,25.82619961700028,23.390983194310397,21.880142632035124,23.072239150391596,22.36516825601572,26.078164382651806,23.441423131679993,21.72791630368264,23.08454176204672,22.404515761738253,26.079329690150594,23.403391419048717,21.78070398166999,23.11020550041691,22.507226887667734,25.926680599755976,23.230242365269184,21.899394976210882,23.102217631426413,22.48256761608419,25.505031209253417,23.080122036515615,21.8162776043053,23.030234186825954,22.429344118961456,25.241196734287495,22.736661955936707,21.921920045636902,22.871433010691344,22.28969738320747,25.209013111508032,22.614891673639605,22.014760239108476,22.772783636544,22.229527863253388,25.151267693872885,22.545315927962758,22.08892704736365,22.70776201003864,22.190461047611024,25.08143406405142,22.600855738167965,22.043735704587654,22.679478291316876,22.121401612442327
24.12288169913223,21.236009010327347,21.378042507012882,19.711090676636076,18.2670334479634,25.845701591142646,22.594167718484464,21.939612229014536,19.567279154381897,18.51659519967711,24.12848262878576,21.924190535352825,20.455672064351923,19.47824655905267,18.294527305095322,25.153590969739813,22.664763636647855,20.67356464602826,20.71219496859636,18.289896073091633,24.951447614211496,22.1496599165037,21.104719865449354,19.831843691002504,18.40790746415993,24.802791774387064,22.334162747719922,20.90465208564683,19.834365556324848,18.462811600670808,24.570189251866744,22.173879455362457,20.74453777581831,19.821739366385362,18.38040124062625,24.5582649977272,22.18564107693826,20.96154848232324,19.86791086759536,18.338229011008387,24.34463621612548,22.038451582922157,21.115984348581144,19.658553246692293,18.297184547151513,24.073410393255376,21.892886676801783,21.13594020753974,19.724648408555844,18.146491943512242,24.58308002407686,21.999636094919058,21.445588068973812,19.726415167450607,18.114682478671696,24.52284948049632,22.043087174537195,21.423010457134733,19.703604140729556,18.14565084259717,24.94484932199969,22.44127583989881,21.528921413307618,19.692966194953453,18.15799159677801,25.2044691691216,22.547546218790394,21.647955318621005,19.803791743647963,18.05801517029594,25.513286614300966,22.67479533206744,21.692257357763115,19.748476024457847,18.165722412104575,25.8423693671195,22.984201162981215,21.92854223362149,19.718905667331185,18.130981057113615,26.081955129068525,23.26016376001071,21.90940574472193,19.69814877179378,18.0210204031064,26.009092621447394,22.94131994339661,21.805745899556438,19.715884485845343,17.921270261509854,25.76331137921976,22.9363424963591,21.820341834213956,19.634996733964062,17.91842572057017,25.51348570710159,22.854366055206025,21.716625750944864,19.663530067278167,17.765822122191068,24.65230763486005,22.2538203766636,21.332701378119616,19.61356468770424,17.713543805575647,24.691601632199593,22.19251536256304,21.483865410545576,19.665274202773254,17.674082703897778,24.517360584748026,22.359223909450282,21.508750233751137,19.727443959056323,17.74253349833722,24.430824579342378,22.145757385021668,21.245398648364414,19.642324054774402,17.81159845159663,24.455540338626022,21.949828545717274,21.37493663477653,19.456198241428336,17.888428625867867,24.408281488430937,21.88915159191776,21.13810624875338,19.439661507498425,17.84734668501202,24.28100745604994,21.54469117951242,20.976728696588864,19.421099362449787,17.864106486108852,24.099711739705327,21.589112536375357,20.821982649194315,19.4474953537431,18.16273932612929,24.336838461181465,21.878967013480356,20.93654740050858,19.357227947842997,18.183271013541795,24.137597596882806,22.177618112009103,20.834758457871907,19.437485823351043,18.12856061863831,24.337249747840666,22.38835871595061,21.033186788351976,19.505973155506847,18.118832129361472,24.528050535512925,22.72358211840086,21.08943510450888,19.55139408988671,18.19045223898761,24.794329988790363,22.631528190962563,21.234321204419775,19.48812600770198,17.90574125759927,25.07283521982445,22.898488550293678,21.233465050273026,19.619336806428745,17.914915281606618,25.22503086492853,22.893915196517373,21.24945147342725,19.678263290528896,18.01813556669344,25.302657355662365,22.945286746859665,21.256371256351024,19.814332056451033,18.05200386964367,24.96912121381347,22.71307969831034,21.273779892242096,19.71473887863401,18.044999821132286,24.69878692917162,22.465375613459805,21.014083988433747,19.514317987117963,18.001361838964364,24.591634685784015,22.059675435020758,21.160285407787235,19.645895216440056,17.9348765269215,24.619603481035412,21.881573213000827,21.21550696233754,19.622922668088684,17.83932399709522,24.637823501914106,21.872210730094405,21.296635912572782,19.456851019663397,17.79512951764889,24.600238623545103,22.009545688542026,21.308838921394134,19.553623254774617,17.70528657882428
23.11526122178142,20.536897347721222,20.18842341656385,19.190726235387746,17.456286895804173,24.325472933586628,21.978264994113133,21.37094453303299,18.866437616980967,17.151778718055827,22.730125860163028,20.711636996160596,19.445760618025634,19.082093428260034,17.4675820073517,24.707537674407206,22.37540514261444,20.364011155581927,19.36392473419936,16.884741639136163,23.910999444643046,21.508264676882213,20.40202869222312,19.08853894340246,17.34469731945315,23.976959404818057,21.830913769993614,20.390608079860733,19.09867392078411,17.34346239216622,23.91062074872419,21.747167012852596,20.272725658560237,19.175158515118284,17.348895733028435,24.23685612628993,22.018987481234095,20.599660830838683,19.217855444222156,17.257867224338217,23.94164458892722,21.885300164549903,20.634520927619644,19.197851227619115,17.280972904775602,23.734351235013303,21.760131166002076,20.561657473896496,19.314576215207662,17.11423233006562,24.02358199018547,21.73423125210378,20.815454415995642,19.361097337302215,17.074130815001592,23.94274186372487,21.720358286189363,20.889904652306175,19.276295278167737,17.13401754721442,24.07162573097077,22.006413853959987,21.014887288841443,19.249542707597204,17.161498576222478,24.304143984306272,22.084048717275557,21.315059831523143,19.3931813774147,17.244583042656508,24.315602568589178,22.212158678482258,21.416637303598225,19.326203049967493,17.311528774009492,24.592771400640988,22.45467650000443,21.69609175311733,19.263420722780115,17.287539283275308,24.967908632759617,22.75533258376549,21.572139336929247,19.320343356191174,17.196747175733538,24.778234504780762,22.426066138839953,21.481359049269287,19.231474253784285,17.198924221347873,24.593364082944337,22.446932595950265,21.36843399629612,19.064442250979038,17.065986660904496,24.41071544642002,22.329173355263173,21.306017585662296,19.137192994706613,17.003288525772206,23.851671567150994,21.904511408484826,20.741999436066532,19.070478309610657,16.980613227665636,23.39432572746647,21.771891177583605,20.929290686442233,19.12001150762329,16.977097448485413,23.295620411540966,21.858495878561,20.92379936864561,19.234806882188458,16.918200337188445,23.35407981594157,21.56544486638027,20.626607094021182,19.229093618380706,16.970231997786755,23.506208602954445,21.508384322046012,20.764681237085036,19.08071693386655,17.072465032885276,23.438322620540294,21.469005531000185,20.76021643419512,19.171006405018808,17.09977833076432,23.704141672241207,21.158693973895147,20.571399860492782,19.10309694218191,17.09511519079583,23.699832456984485,21.23920503545353,20.403552002089818,19.18061739030886,17.400027970430216,23.68469299391564,21.486359652828654,20.447133737537854,19.037312110585212,17.454568360892857,23.61123806509401,21.564666999007645,20.28276393590024,19.08456797525221,17.431002821058392,23.565457817149746,21.75586896921724,20.382147053962978,19.077166167435188,17.356471469119555,23.774214072672073,22.07351025352549,20.445917288217554,19.021473678874827,17.414066005093776,23.77460994646164,21.858238169525645,20.626017444159004,18.968004703974877,17.226414704769443,24.143572671635617,22.153301605518458,20.756364391511838,19.113316356715366,17.190501269808124,24.169181691657204,22.203070272626878,20.813461071254146,19.122806643505804,17.220138228470688,24.32095245982641,22.262920177775616,20.96398959426993,19.187763819145065,17.26296422445471,23.979073248248493,21.999871692968885,20.8036603127796,19.217065770292113,17.22737638910931,23.881072991618524,21.934545951832032,20.51185258510184,18.982709435137764,17.220934472227018,23.874596873767246,21.49353839655432,20.693563973922046,19.121773892660677,17.216385949225035,23.912025481706017,21.350592239139168,20.837914762322413,19.178184847816897,17.049619893339546,24.082655785418318,21.240040956153603,20.804119645873758,19.114496073633614,17.02758874043706,24.073097036892968,21.39202167479701,20.866917274642397,19.130753037828875,16.96905800572751
23.5822130995256,20.313842135044,19.758179667938467,18.13293382417951,16.969917923346753,23.757833491005943,20.991746039095247,20.828081140750566,18.22092521128003,16.76792991364863,23.17577395345935,19.812409269000824,19.129027369746506,17.981063252302935,16.523073176524193,24.201783496728602,21.541870925867922,20.06054597459867,18.555581287106456,16.53411794525984,24.437574127132663,21.263843014305586,20.341427564404277,18.59499415285049,17.126525541544503,24.370593940564746,21.530429445174878,20.305177652933672,18.702425632068003,17.07710799739992,24.37062113408252,21.61278172663237,20.109283601289043,18.751853790333286,17.086481920015753,24.537299224336145,22.01721820983871,20.41766959273033,18.92456213130304,17.0708699882095,24.23384111167829,21.890415649483064,20.40952366714995,18.900461982557154,17.06733575149885,23.374113375241915,21.31194373427963,19.96305744682596,18.646799722629645,16.587128531335857,23.410678345323014,21.24795162027111,20.307527244532732,18.703075978463392,16.632177369313787,23.447460896371567,21.23459530753126,20.559064673703922,18.753252878333353,16.564149983309726,23.49266291574196,21.39777689639839,20.64071737746468,18.684021774655704,16.636614288072035,23.809856954511613,21.495516194956302,20.97947283283613,18.762538985653567,16.783678828073203,23.75847206274512,21.65407224074703,21.05882827125397,18.730297288766174,16.738387208800013,24.094368640965506,21.810707253811742,21.315464563996503,18.739574805317027,16.625251466807704,24.272914439515215,21.99214993896962,21.072826874791065,18.709424701332217,16.700324885591122,24.124129917075727,21.746827290626822,20.97434160000615,18.68954312471214,16.660743352692037,23.874425022046854,21.890746548477143,20.824134735352548,18.59407367347606,16.535401633452445,23.884849116891246,21.73169436393287,20.825521173794762,18.678363786334845,16.612641045891966,23.51429519426186,21.573846241134458,20.276685798598685,18.575762871872485,16.649731918993666,23.22347009318672,21.49735644724391,20.6490882643264,18.648401547871675,16.60559087353913,23.31047063967255,21.64298321113318,20.744278774565892,18.716915495150214,16.67131106563151,23.455611492579788,21.323372730721637,20.40168955554874,18.786170562021553,16.664357530784976,23.590810134681522,21.408370320649645,20.498934192344006,18.669691139840154,16.665496753361253,23.643836765955495,21.375785818936237,20.459385727051036,18.704519515642026,16.735488799675885,23.853020209433243,21.193509333005814,20.067420262598564,18.694068884840878,16.68424156356425,23.70016519352128,21.14736448895932,19.87041869645825,18.724577677573627,16.802766012115093,23.51372206875815,21.39222584933284,19.88286586258595,18.60455490003053,16.80622651982929,23.329688087917745,21.201246368749786,19.689617890816415,18.585535022743187,16.8991976404617,23.197156975326454,21.18424088593026,19.788650172654634,18.640974957882797,16.906983491065727,23.221258344068076,21.331083436707065,19.967271566104152,18.54673128103398,17.027487418404867,23.250598033190716,21.13819777224434,20.147996207095943,18.54997117948496,16.89038192845528,23.606975249276758,21.33922639558265,20.337594355474792,18.68125958570521,16.871079225551174,23.61507850882959,21.573461914888355,20.508378686908657,18.719377032958327,16.8333732690993,23.744967066312462,21.719272722574246,20.603551298062467,18.672220275221633,16.740476147674823,23.554086954898207,21.502274463298637,20.49728948377335,18.671739434845144,16.59885253377427,23.632856650598246,21.50131100956208,20.18116468043406,18.469261685092107,16.60504548950388,23.771537982097847,21.06282743613437,20.511340693429627,18.54145151400683,16.647588827253013,23.751666454656025,20.82505652963849,20.552207420022945,18.58009478323823,16.616065943229486,23.957027983944744,20.82199309084153,20.51781224155888,18.586476380097075,16.63393052388642,24.053090909827592,20.963567786852646,20.47124073016658,18.615139016415363,16.66368069249173
22.915056467985906,20.328576836064904,19.33975244275916,17.764985707173963,17.151038722303955,23.499078014256103,21.299696014964532,21.200998211774753,18.384376142652766,17.07878682261333,23.288287101620103,21.171297816865142,20.048464704315435,18.41589697994958,17.08488052297798,24.497046749525058,21.66202955147265,20.142317857652078,18.964744453701524,16.68290846003836,23.562506868263952,21.222968086777115,20.22156351844337,18.49794812644561,17.03467598601148,23.70154663662182,21.36375713111305,20.423068083086786,18.720105199046692,17.042825487637902,23.89410319070236,21.36572804974415,20.13517031955857,18.752316467893166,17.064180806348954,24.13697975641897,21.3415878376352,20.246470212403487,18.84274985784669,17.050544636042908,23.88897452284809,21.236610363895956,20.410199492606516,18.790757424468246,17.017410870114816,23.88307294112339,21.140965138598744,20.397156660570282,18.770381445095243,16.96072889219104,24.08236218027801,21.264113718963298,20.605400756626643,18.81414786136998,16.938361942324804,24.161555598603464,21.24494938118316,20.934615320327566,18.85891268255799,16.885535245007077,24.0836717397498,21.484415535464066,21.049039899022425,18.768315015609303,16.914513016658084,24.291679313230016,21.593265538061452,21.179468385194365,18.74989942016122,17.05807651964279,24.297257401743046,21.765041126399154,21.138897903340755,18.816099342722083,16.97967299746223,24.03356594098085,21.65648836619853,21.364985063948257,18.826158536272494,16.95612780126575,23.92933110674735,21.796816754518677,21.100459776455104,18.833809397229892,16.95670613657874,23.981648211975557,21.610557428060734,20.891253047637704,18.885469533250014,16.949940586322867,23.882017348633504,21.695665410741654,20.72505909783505,18.85564992985126,16.859609733472475,23.809432061477317,21.531482970694555,20.69570426251661,18.838026802649615,16.99641051291849,23.8810661657474,21.55021300132144,20.190788588270994,18.728600921014706,16.979072486201364,23.717438404218857,21.519928721272585,20.49889465367925,18.710873434956284,17.070342864743775,23.633062929994846,21.632796235943733,20.67798448091813,18.721699259416646,17.051567426000865,23.590194959057815,21.466432852616173,20.4819459912647,18.713938026262042,17.059295317719837,23.751403429146524,21.353006768108468,20.66741768885803,18.63679977161079,16.99134054485959,23.80231857134474,21.49206877909361,20.715225904394966,18.639991676846176,16.95296155140987,24.07916390736724,21.41368686007339,20.514764364186572,18.798529214191987,16.825582847808356,23.822557919320936,21.441653410488463,20.279479121244652,18.80530359378303,16.79615419247654,23.796115286891347,21.489683998234618,20.213874253122015,18.793870187769507,16.801847072151407,23.690904675684088,21.442441290757564,20.074258139163177,18.804044845400657,16.902259770682413,23.61067310247675,21.245786684428225,20.089165550983722,18.810622993151743,16.9076770874561,23.447712388039992,21.242230059927493,20.10218296468306,18.62905175118067,16.957096903324146,23.651556293629802,20.999171561030355,20.223441307077827,18.602817004598148,16.969620310905928,23.94021648567465,21.139453226370943,20.380190566521698,18.641867513952203,16.94477598932151,23.526599595331746,21.2815197928803,20.50138162767086,18.678449165475502,16.884972954801366,23.468043442727073,21.558204759582438,20.46867355629176,18.626216069586327,16.830035297025404,23.441604134781514,21.457947919775176,20.46575307787294,18.57251526094408,16.729433076777443,23.448240048283335,21.38064503414937,20.298305514912034,18.515078304654462,16.69152726199389,23.4311503225967,21.13081227829089,20.656701379201486,18.566670439854978,16.652531620843913,23.72113382839543,21.006425011456482,20.460824728905145,18.471262994961865,16.62959558556458,23.95885524980128,20.959149809815653,20.423239282428135,18.591005851729626,16.713917263219866,23.969060978639753,21.050431770947558,20.449012607711403,18.643794990593566,16.775221635780895
22.383201096243866,19.989863539485732,19.63094946231892,17.82438256633831,16.888021691279476,23.95567460767288,20.983079139818553,21.359356640219087,18.532378982474455,16.648840772385146,23.02217668732025,20.515700964990817,19.577936395786978,18.2334288913772,16.34037837761541,24.910032475513912,21.56353748057328,19.78398241689131,19.120119476302484,16.906704978413817,23.512443668215354,20.84528545410206,20.12887373552749,18.573850739071037,16.81154024898155,23.694622982236954,21.055852057426126,20.31048388660185,18.86475485701258,16.79836340676041,23.523256721756283,20.972816174043665,20.07480206643644,18.943837043540576,16.812165396974528,23.771706915399157,21.12063971855425,20.21640591729917,19.06419583958266,16.90380435802275,23.299552172168568,21.04445501053508,20.321553079178116,18.957235472021683,16.869819139067708,23.25317212069582,20.859733047010472,20.326904623527547,18.786436986409512,16.807005553001652,23.36785524866656,20.94603206327567,20.467927150001884,18.706473614117648,16.810460151025495,23.523505473893884,21.036260453614783,20.683395937530893,18.759835580016247,16.741923139013984,23.52698754205614,21.24588537814619,20.839205935630265,18.701815263221896,16.719885251720097,23.731924716745944,21.357471574361085,21.015986584659373,18.699071199104196,16.80359884964306,23.872748828741983,21.630521842837815,20.898298730243972,18.731458255410608,16.72386705302275,24.034382341806985,21.618339170189408,21.064109864382555,18.77073327452125,16.644455165403784,23.985851253363165,21.819295735981036,20.853821489161483,18.664077269725414,16.70992412863102,23.79247771276352,21.5887132542024,20.7451423292246,18.75344615268419,16.675599614781156,23.695055552596028,21.55197539003634,20.538591957338365,18.80992813003839,16.587152566999602,23.85361453536825,21.491796768740027,20.47586587738909,18.871066598940338,16.59071755351048,23.649486640585835,21.449638343617714,20.168398213861046,18.72616530301582,16.653784717618453,23.873306597200234,21.39332032461671,20.404844272710417,18.66807983949731,16.690229707407294,23.9832243385592,21.53848441276915,20.514263337122234,18.754187964066826,16.759221018143943,24.141979847254362,21.517302406808973,20.50213947622054,18.715945861428576,16.679944497215793,24.073431265861036,21.46605929363472,20.705488463466196,18.688799006199282,16.694251255065534,24.101448824988562,21.518439881648096,20.402507729737344,18.76975093999561,16.66714493304641,23.965081729423837,21.321866184582273,20.19921375064074,18.98104250458596,16.544696933201188,23.717984318521218,21.31827379567659,19.89486762412723,18.863594853031323,16.664496122336246,23.599321422830407,21.260656762611784,19.823191507673933,18.77455017280376,16.72934368971699,23.309125075133828,21.034864190354526,19.696395163518964,18.792036993957144,16.81254297834616,22.94324464038491,20.660115552754924,19.93195246845447,18.759318497393927,16.781953645029095,22.773576601913703,20.740991140606052,19.97480427517396,18.593446409121505,16.898507376313443,23.25773121884871,20.6449144544063,20.15766075159478,18.573293794918655,16.78577807756171,23.5059595350934,20.796853479817837,20.198929665081465,18.578389256377232,16.758122271085433,23.562865589725234,21.051998192103678,20.38351078502339,18.506376807758905,16.734715142375695,23.654554931396078,21.555399426320747,20.394896992256456,18.454739155522706,16.793333611873983,23.801171181684527,21.4312964522238,20.37356874393857,18.372200424206206,16.728515073571195,23.497369217264417,21.221047317199464,20.14101613440598,18.2593338087963,16.67831761426446,23.510950390984856,21.02891054946553,20.392950806481863,18.334546919677866,16.633419195471856,23.577797292106503,20.87223933937502,20.240385016675873,18.38917556855836,16.612876124547824,23.934840823817908,20.759439354807064,20.227923943218173,18.56432035442591,16.71208377058892,23.89224861777449,20.904777721311326,20.310323490834765,18.587787608170448,16.807528310933467
21.216193582782445,19.94771349694615,19.26194244299621,18.209158632299932,17.409310071127383,24.77770883490818,21.60042815042015,21.54930911689223,18.994651512892553,17.12449240588934,23.055221338646962,20.700567767642426,19.993421873509888,18.803403348611518,16.920051239424858,25.740784695835046,22.062334650339803,19.577676657864146,19.449145402568835,17.564016191046775,23.69751493645104,21.137393674768905,20.19555588334689,18.878353420410928,17.296155721521753,24.05920771602763,21.351559940568528,20.49824466905078,19.1300050668764,17.276552692076535,23.871500160259806,21.244018436964602,20.26134352416508,19.210326805802083,17.33401252455002,23.96371798146763,21.413343244391477,20.233448928593386,19.31417590610405,17.357807658935148,23.196513086246878,21.26804316586409,20.521790357381,19.184894075682525,17.276434280475666,23.18374034794693,21.33061012017268,20.59479596236433,19.139180359486687,17.226546331433784,23.378087538568362,21.43216712676866,20.689150492359342,19.013256056006593,17.197570434984094,23.380226693616812,21.472559756988453,20.89258187893679,19.071162793869117,17.20108120364963,23.55419028527974,21.738361842878465,21.12904570659394,19.0337001691647,17.215673698937877,23.839642256530247,21.93438083417194,21.202021505733494,19.04526275856173,17.285614447116703,23.96289720875138,22.008231182003282,21.119521814891364,19.06412434495905,17.238553569735267,24.26042963662787,22.04518365767682,21.295029452977072,19.19222665821755,17.197443326604024,24.308860275984564,22.305516542347316,21.108899820451956,19.08779285423883,17.1219426218762,24.135834695067047,22.16963928510473,21.084501089981373,19.163219795683485,17.176894417276824,24.07432565195846,22.044959290823687,20.846895342802128,19.150360164240233,17.108072203668254,24.122846588066203,21.986636012697236,20.6196958022034,19.145920204000866,16.990642781343347,23.805474882862754,21.80769519145312,20.357664194236946,19.003038652972524,16.97764869606279,24.048702552517625,21.68479894132955,20.572838684535533,18.95446345807135,17.01700472918608,24.28327164213197,21.604594143949406,20.59396808000984,18.94670231466456,17.03688787425756,24.469302712097793,21.606732539532647,20.594732000426426,19.015614493699353,16.985940837740927,24.46346219818235,21.443276935308493,20.821205170086262,19.071420935846035,17.134309984731804,24.444189695106324,21.44657564425265,20.574294662949587,19.19483000265985,17.133779399190878,24.23424772170775,21.15744002447888,20.370409047348524,19.347846453997754,17.05745682289882,23.877261373617937,21.12674956914463,20.17384323930084,19.31201074564752,17.176351549665167,24.069520829769505,21.09320080141895,20.210992394348825,19.14862770092332,17.201697166571932,23.692865433074502,21.03721699714878,20.08938110906007,19.158843756038173,17.239568936486474,23.310166059526203,21.015723240141043,20.28652497103655,19.037669422363685,17.23939284961676,23.313885362811842,21.232275519004503,20.261253625342164,18.919839369237604,17.286199507853876,23.610578484431677,21.301674671575157,20.407087065286866,18.886656927179814,17.159278155513782,23.665508289680705,21.32574188011676,20.3857240231919,18.983759093147704,17.222894391465843,24.045631453355945,21.58672922968701,20.48304407337912,19.00342989333651,17.229846759862742,24.206175740823884,21.865887609771836,20.435324843890328,18.98752729647176,17.32394355041793,24.219785636009522,21.787286192326455,20.407131691534182,18.925766798970812,17.284863549744003,24.10183288129938,21.645114327146377,20.215441124644396,18.845330961154414,17.182291807308406,23.994871302967038,21.563430430718775,20.320160732757355,18.817335621042666,17.116026953096593,23.888277937171754,21.40005245437212,20.14835127361021,18.823391761701856,17.055454693504355,24.259460554876178,21.217646596258717,20.13908641371262,18.958507012678165,17.023025757057674,24.17902404459569,21.41152269175169,20.3245618477334,18.926982865630723,17.087733760661287
22.310041950191465,21.33869290731299,20.833627086977717,19.096613931263146,18.862909170943585,26.33156224457034,22.40471614725658,21.95696604426524,19.64923136332212,18.189742583786842,24.362554064012453,22.114948761314476,20.88816454675565,19.86313725277528,18.163121420586492,26.916528981724415,22.94162757196321,20.500448942598076,20.473605580038058,18.371422435631512,24.904084933334506,22.00538973681528,21.21040337060476,19.715614855314662,18.42482987514881,25.128283337887698,22.0541916469825,21.262455995099,19.841689948271334,18.33942111634993,24.751674941954512,21.946098111715187,21.15099120520027,19.971202758255373,18.481747793003372,24.69477353150574,21.846964412466313,21.012220940447566,19.979962926278112,18.550216536404754,23.845461690782933,21.663852959892772,21.230943341397698,19.82111077198335,18.578527527097858,23.782117438091962,21.8260387080322,21.205393350323853,19.88721193060687,18.62397184976854,24.221320407263086,22.016733662879425,21.310896028312914,19.80731152963811,18.603529482668048,24.339822486669295,22.106589074274385,21.443128207649046,19.84755965657823,18.52629717360407,24.67358156462052,22.501814132502222,21.773403182381543,19.81402059809322,18.555322013549972,24.93431239388097,22.619283511221408,21.856141569353547,19.762832259545355,18.5188782005175,25.07960010800054,22.767528851428278,21.7087829258325,19.65412107297946,18.436046695204645,25.375535849294405,22.877618580158348,21.933698889746616,19.80287159612596,18.419743528010336,25.44491087930772,23.07505425904727,21.821809791337706,19.592518130481448,18.28069664799574,25.089297448795765,22.841421231499304,21.799485277460718,19.7095284572472,18.300790532692076,25.014080288628627,22.8358045017592,21.479530037641602,19.71386251338249,18.290010411481113,25.01833108188405,22.65924681020439,21.46106507886669,19.7800067921244,18.159367721600283,24.448401964538522,22.2608504592871,21.30437126271076,19.666096547880393,18.21432468200168,24.489216165731527,22.14247081928453,21.396606134802916,19.823374859694386,18.321597468141086,24.70773770230279,22.197636362827062,21.273415307071325,19.694822652985813,18.261281284607634,24.880095264459886,22.11010471029587,21.270422597584805,19.789901097626444,18.225167387583156,24.936206832522867,21.99881740729942,21.254706539896027,19.73751773672239,18.41707189541628,24.93656109970134,21.923534056288883,20.7368806607894,19.846093854200628,18.365402301578673,24.75906220716023,21.64181473254101,20.643241911253472,19.87440178704192,18.29038580652909,24.611278758273407,21.442620450791996,20.536856635618292,19.99674041712293,18.56774452468277,24.776274426279507,21.504634202622036,20.722200603124666,19.856499923378152,18.599996996498916,24.3465506239527,21.59209519823949,20.772527156000187,19.92806757750457,18.564142964116975,24.262205787100072,21.88293044162173,21.099560732311495,19.8278471593976,18.521192305949047,24.49487688067087,22.185295843421528,20.958207991346292,19.666700873485432,18.624864885671442,24.78357776198947,22.437855746323407,21.096482936554285,19.594923142855553,18.3680036597758,24.991752015160422,22.463944093168152,21.008859592212428,19.722204393671838,18.388330696916718,25.37845957847202,22.65940409066351,21.046938746668612,19.781222201004525,18.466142374245358,25.277939639789185,22.806909011040347,21.08044530069936,19.73549628991035,18.539055268267454,25.2957040586846,22.64407819519258,21.188158343836353,19.730327864482458,18.419066705551494,25.10151082252534,22.32955791174918,20.986493027821034,19.668853814591795,18.30413642114025,24.801600480495075,22.251684251382088,21.105079026602898,19.53326004938993,18.345537695603895,24.659762814345022,22.045104329169497,20.980331564975288,19.504964792119033,18.19889732095976,25.010039195131753,21.748243877700205,20.93307648869368,19.590333444053396,18.248837123574674,24.755598185632103,21.911478635975577,21.084044576834835,19.569491344195267,18.379260243202637
24.761936384784562,22.21260192909284,22.19971996061863,23.075013049414302,23.030179723142002,27.10145121064686,22.913419663755345,22.127546915167084,23.20936291152346,23.286239799242104,25.180573914038792,22.87955696606537,21.907726977079783,23.623738156680215,22.86343337489738,27.2029823150833,23.393552777192838,21.666022721257022,23.98272423972602,22.846322765074632,26.045904210301206,22.635845517983032,22.147144121042903,23.354239144925014,23.048286907538824,26.07180181875457,22.570228643580727,22.021073031635048,23.50958606637511,23.036292717990147,25.560813322461527,22.411446048715845,22.085206894711614,23.570700966313336,22.98017686372735,25.382320145421016,22.188085768288808,22.005188100251942,23.49033181824481,23.03243644389442,24.635521385303395,21.852890552886894,22.103009946426738,23.289562358014688,23.06749512016542,24.48322326637686,21.90469301720473,22.00223788564012,23.442458908330067,23.099814550781975,24.824153562611905,22.16664431215966,22.107750100006946,23.317111682976012,23.1417172039934,25.07255492093234,22.340134095014836,22.177131461368532,23.324996953836546,23.235021496668956,25.546665725329998,22.845126344018006,22.455177428589558,23.36044757916629,23.2556760278254,25.821881201958483,22.966680742263158,22.56717950650799,23.51702837698363,23.21985463479765,26.073324933034588,23.153348508819057,22.49364423187388,23.326744736884187,23.145453270741747,26.37108659966814,23.30748796469783,22.75442710428485,23.416294818234938,23.1393472753384,26.61977312843077,23.472466343515574,22.65807582654542,23.2676091839407,22.993144311365093,26.305274371310066,23.221531287131835,22.641389530164798,23.233145423206924,22.915111511880188,26.172643812643166,23.36116174696858,22.380914247517502,23.13439233997259,22.910382370825708,25.895514882087646,23.132620758503947,22.387699331739405,23.25468391564428,22.895773391406625,25.279923928298302,22.697687207992395,22.285771959948455,23.144317729043006,22.76320705205907,25.125718388448654,22.684486421889268,22.405672592027827,23.240695534421597,22.825422921134695,25.221326291501136,22.762556577548107,22.251988793143685,23.145162597610987,22.83085246280218,25.302369606202546,22.560626035586974,22.29332040055861,23.214692547303848,22.78249000842091,25.509203606527365,22.58341699684646,22.25752867212526,23.10626869729935,22.676688914255664,25.387817077482786,22.488794864760813,21.80907286902549,23.265938030925263,22.742226388838876,24.865896348433168,22.183831244097778,21.706634302231485,23.18465847973367,22.64124058213481,24.688893979234372,21.875575129449892,21.74075759143769,23.168187835200428,22.554081967107315,24.91370532637718,22.072306281529574,21.922123633708832,23.046254911926468,22.60192586176516,24.62260052950486,22.113553876786582,21.91084713583877,23.143086517564797,22.69897277383094,24.854745802351097,22.447235728996937,22.124475161775727,23.03720278903649,22.693689797803586,25.456825416449657,22.71982835768367,21.86090107458228,23.08771734731263,22.68341445014446,25.83794309483403,23.06362266106785,21.89431681577121,23.233359650643855,22.725702607790165,26.17740746378333,23.112386189346353,21.789411180411953,23.282708642363033,22.7635718042234,26.3309916080806,23.25515914654826,21.896290129881404,23.090707107356206,22.72537593291419,26.0803230012091,23.237635181815165,21.958317404335453,22.937947840964185,22.539776875455676,25.960319827459593,23.004812409042007,21.987706537673,22.84185016835139,22.56223930110251,25.574158120861405,22.59059397393088,21.790126149562283,22.597656923630453,22.54069741770025,25.012833202558234,22.452356573712827,21.757728822415096,22.452343091712095,22.42668311287148,24.791150912692594,22.35775926735935,21.63350167919245,22.619522984508272,22.465070376975564,24.91795205902779,21.996954844004982,21.54520628161122,22.68712606603645,22.617654337678236,24.912986994411217,22.150161593007844,21.9106351058633,22.717252393543834,22.574348426301576
23.616073856222624,22.685092236725893,21.75473470262408,20.388669139829545,18.963785079623,25.18843496857308,22.37170984173123,22.239271400670813,20.42287950623141,19.304899818031316,23.590755974450698,22.715437799573486,21.276866662539337,20.571268853187313,19.16520096936187,25.244280168578896,22.53730271924619,20.657236707016235,21.02595559469257,19.277738946047833,24.654092720616518,22.478127241086245,21.464981006562795,20.54710053001738,19.30945156116084,24.72457260516035,22.152718303987974,21.2850006105054,20.55788191629515,19.44464272536606,24.713002729405808,22.037424095300235,21.119752949447623,20.580212724624516,19.448034356176976,24.736317814402234,21.878449891651464,21.17521709178978,20.46995756148101,19.464834634700214,24.58153391368465,21.739629636863754,21.42042080342288,20.338511226512527,19.391764629438182,24.26987369281868,21.692039493231526,21.426481849856344,20.409326256734634,19.309663023239207,24.749997173071655,22.061336438138675,21.639699928711995,20.404576450845916,19.249544215206676,24.6103878132818,22.180731070660393,21.58026146134407,20.340513567847886,19.178563138356193,25.04920506101938,22.593109185289045,21.704610595201608,20.267273009024713,19.042779046243133,25.068080163852585,22.726771662298525,21.694484461658945,20.31229372539267,19.0797076437671,25.545286131481255,22.916770840300597,21.76119453701442,20.100931092832237,18.915732602858743,25.714940890108288,23.108971045250364,21.98811074233774,20.072660086914027,18.703668128840967,25.560655908610325,23.04866724077835,22.001122578778173,19.90885845502722,18.59968810354957,25.63549588065653,22.764590511922876,21.992780990460005,20.029936431060314,18.60197446034033,25.626059200742198,22.69359253151282,21.982263118959974,20.010912451748126,18.509667155025063,25.198239272881324,22.507573327149295,21.868636199536414,20.14092976965444,18.49448581913617,24.33760660879261,21.999574119830065,21.560903539646056,19.995644438643726,18.48661909652467,24.963091549597785,22.157750883582857,21.74985508422647,20.17174371723622,18.50140997302821,24.8236628663583,22.32634426231879,21.679643737474183,20.251622021891524,18.465766901860416,24.653286659731574,22.190995061337258,21.540507156829257,20.171333415140914,18.484162738156478,24.654431950299955,22.067425043905313,21.662093896129214,20.122361210426032,18.501407186411193,24.821146992566337,21.999980179005714,21.49975263813368,20.223401596736444,18.56106670199136,24.314943308512593,21.832059579753814,21.41840214348493,20.126557332547964,18.527800305940723,24.019154059162894,21.59313475725183,21.214225471537873,20.122299430034523,18.743142135668563,24.323888731141317,21.8962712277101,21.35572197683345,20.110058045631597,18.76864192604085,24.02724304501009,22.014326423827292,21.281663189589914,20.113052940963463,18.721715878157443,24.195455713720428,22.338457789364472,21.424826253435235,20.08829681747149,18.553148329713956,24.31440877787227,22.518972554050126,21.376156806719145,20.12441377097611,18.66487354372623,24.54212147699669,22.644663575839637,21.48105005642573,20.067087855644445,18.49695371666216,24.705089492783905,22.725626601631483,21.376698773789165,20.07242421919936,18.526284399214166,25.12674096952963,22.762001000421503,21.253362207279118,20.113550161569233,18.62862735510215,25.187962140338392,22.617358529542933,21.269091810366064,20.220509417399263,18.823410104280207,25.090021465462165,22.535377350025236,21.419657008371814,20.242832235114484,18.75370547504071,24.764943782362565,22.358357212074804,21.28758203621961,20.07236900229289,18.73688902567963,24.427706556002768,22.073902136448574,21.446132096067323,20.150291327758975,18.609337178398615,24.15705890217613,21.950240017796197,21.54252842025795,20.078834558147776,18.461369003643775,23.86767778107814,22.040293844604864,21.521206968497054,19.964840839952114,18.417355661291808,23.897433860900613,22.054302489977232,21.448705110688746,19.957106541213985,18.326411069882994
23.300234442289142,21.50207328061018,20.983849855204287,19.35539133241098,17.63300688646221,24.402953021847207,21.845680592384195,21.8239252925397,19.215677417589532,18.012168719646507,23.297247859197544,21.918007829664877,20.208784063866716,19.153293817483092,17.724278044707464,24.61095758354511,21.36244627912572,20.52368681110251,19.92513876137958,17.964598256135126,24.165862612203085,21.74777418525435,20.9001657266824,19.28231475997696,17.92635074847775,24.17698028606172,21.681145980065594,20.773693405595594,19.283742614787386,17.948149145694934,23.991643820910078,21.467558917980917,20.600083282541394,19.280417727814317,17.887325230644834,23.87321776997908,21.351935541157292,20.74317399853185,19.262630902465816,17.919297384139714,23.587572389492717,21.35255675055341,20.80107023957677,19.144500373858307,17.81578656090027,23.259850403800776,21.133586767221214,20.817951866250183,19.291889862872676,17.755841402770102,23.59460717789894,21.26387709508844,21.01543814044995,19.245086698339,17.728568126572764,23.562416351864037,21.380419764624435,20.97352619563021,19.187023160645154,17.786633927245568,24.02195991775057,21.815579326899904,21.163134871937885,19.1976723948675,17.753307261304542,24.158132986072587,21.836211586364026,21.290763513782977,19.283010515345886,17.802065913611308,24.472426284053476,21.896071071163394,21.327847582147832,19.16988009322476,17.741486775235085,24.77073382537883,22.175354111565625,21.509957714989035,19.24884842082225,17.73961808568209,24.68570814082897,22.310774406009983,21.494885780482857,19.264939644111518,17.608219188159232,24.639210957111306,21.990510913505425,21.429036758730582,19.300845887320058,17.582475841657253,24.584683506773132,21.98181444467274,21.44892480297431,19.226300943458817,17.54636643630824,24.17581507356307,21.9563269657327,21.26721340547436,19.347189191459403,17.434138796107707,23.352391304839934,21.393570614878087,21.075981600062054,19.21501706021606,17.347216569948113,23.843517599658984,21.34277663675431,21.160439367679228,19.297827878878927,17.401871005202537,23.773694149117652,21.484120049953514,21.038277577944896,19.335480622560777,17.365657898780242,23.758091401010766,21.269267280724183,20.823812544012576,19.291966809919536,17.346322252773554,23.870314756203353,21.145506896032828,21.016744418393795,19.20440271945321,17.443735690039553,23.96411439386,21.213806533796134,20.845803896032365,19.215234283604623,17.483101095842592,23.605050628386415,21.097842771594998,20.87087877933526,19.108308569703347,17.40431331644352,23.23887253265294,21.043294909613973,20.78042197596519,19.12858763861893,17.571155035556483,23.394593914373594,21.467308686319893,20.983693982531754,19.089541123111314,17.58206743612043,23.116583537188852,21.640621364752043,20.91998840080502,19.115453120209384,17.533674939575924,23.191981067620606,21.88363821656086,20.972424324808348,19.1584740514646,17.354432848975517,23.420027364390663,22.13077069585544,20.84957895372144,19.266555422121414,17.417756318330586,23.809650742150854,22.141176346657367,20.979612517468098,19.224481870502256,17.211215783647795,23.941431657454483,22.262555381833586,20.822894094330543,19.269168101939925,17.287053961015793,24.199324058978654,22.3013099861431,20.64745310073416,19.271987461990154,17.32412417066926,24.266077408931032,22.26072976645027,20.79164699684304,19.417059043189976,17.500325728528175,23.912465380155346,22.06325060205075,20.87381324081978,19.31799426819233,17.437849860705164,23.64612438149671,21.812228389713113,20.679562565098692,19.1186423631871,17.405979942572277,23.436067650666605,21.51538031879046,20.874717207707004,19.22935466039265,17.252942575756418,23.36078138084283,21.445989397328088,21.068607984187654,19.236143715467808,17.16631456616672,23.210892484088482,21.446441559363187,20.962770248169836,19.106946373828844,17.20037448358658,23.32890034641057,21.562437176332473,20.90985302671714,19.13237230135805,17.098631566371054
23.303097786654828,20.920350003712763,20.350253812166045,18.715435991207396,16.94611914813892,23.607644499135354,20.86477166732098,21.12284609210019,18.596969135566937,16.922980002221777,22.8991625753859,21.061390822870813,19.654218800861084,18.815501327078298,16.42217935716893,23.301500470626433,21.220732395748296,19.96591312469266,18.812362138137665,16.969660965213425,23.421550935380047,21.05956736709129,20.326557764538876,18.607817975928263,16.92026344053864,23.170159261725377,21.15552159642244,20.29720312174394,18.560862254940865,16.893481954926393,23.069647331904854,21.072965065821705,20.208585409009796,18.588593545237877,16.84919540054481,22.921273686096377,20.927718205260366,20.338403345931013,18.534662649391002,16.968330853009647,22.969384671803766,20.90173618078987,20.284167011974866,18.518355128212434,16.9112957860892,22.882959174477698,20.624252114066508,20.30314135474591,18.738090442322225,16.791982522295076,23.07871428589391,20.581669134064605,20.434305869850057,18.849608611094425,16.76420552050097,22.99002579430458,20.718342385469917,20.44432641029535,18.76409867896824,16.758738619316325,23.32144425049359,21.22140106197004,20.5857517084222,18.848841215226173,16.69172377102103,23.059236570949274,21.17813876481742,20.911363158189612,18.95248938658223,16.7046748874304,23.089183398933727,21.31517602727929,20.893804023435244,18.869775554760984,16.713659295041527,23.55729662083439,21.539660144761392,21.007651837320584,18.84475538245843,16.78117447473764,23.663256468001077,21.703762535921026,20.8038026993761,18.933140984333022,16.873126915284324,23.57907027074173,21.28341402735259,20.808159549874784,18.883632093001875,16.945185146846118,23.73693504547802,21.285805705466267,20.742504541485555,18.759177700237405,16.852518994256847,23.48418203531897,21.38522313947187,20.538536098899993,18.779917588668173,16.807422853704605,22.914528153352517,21.03063360434599,20.42773949673144,18.691214195427097,16.749838912643025,22.935413192869895,20.892511914768566,20.536408702271565,18.7492003787903,16.723065946731815,22.786557491653404,21.066167786905144,20.481391455847792,18.755235164993685,16.59742726035795,22.565246675525117,20.89279714048818,20.165830288332323,18.743690297685568,16.6077492497652,22.694011856839456,20.725488819884212,20.378216261945862,18.667965237368144,16.705405677433262,22.56040713151167,20.684741643784974,20.19246685273456,18.72576239743201,16.768440547669513,22.446880884920628,20.559949317087387,20.111916337131476,18.656235721114932,16.733563457499304,22.23492421920859,20.604733351304738,20.07777194883281,18.727820368200984,16.988600212150665,22.481234194501965,20.771675181200624,20.263932412607723,18.658817068904796,17.05530726277353,22.218939992119438,20.958160824655266,20.264096280576645,18.717645743375947,16.985404071846652,22.384112712558366,21.1291090670549,20.34069229429504,18.686066777780773,16.861072696325426,22.660177490329364,21.32771295509885,20.375562502778006,18.673947568144882,16.82526304274716,22.7656894781153,21.27774680922921,20.391132869749118,18.60203267925664,16.61763753214689,23.01077630762452,21.57493677531223,20.395239536737854,18.678684259654993,16.6432902138588,23.04787703876654,21.595049961097708,20.20656783300098,18.612589944625363,16.635626425731818,23.04561471110622,21.59783329037551,20.452874386264725,18.798960543330892,16.686163676097202,22.502717174544937,21.492686619278143,20.43462027347049,18.804861659858187,16.70140348313651,22.343847078959055,21.311830959550555,20.082972726587187,18.71372345849194,16.724832828666575,22.29837022214124,20.976643073029337,20.288289817896185,18.76434366046652,16.753058795621904,22.39267703820139,20.862909532231896,20.709251979429677,18.87862776716791,16.813634822158,22.50571262349563,20.90237454013587,20.42361710147702,18.784103386664697,16.782858733811814,22.864782265156272,20.946551672436932,20.34883259430355,18.774991209812015,16.76681261916719
21.213519456647106,19.220629853613964,17.74489055783138,17.05866436537098,15.98197835767874,22.065331142391646,19.595183738539,19.11608499160894,17.578270172563112,15.82519339851815,21.212962484035145,19.13317140063023,18.149260665321396,17.263222122799988,15.5316116474422,21.496371639186474,19.317202370187957,18.261863166036918,17.51825877367559,15.366503369335598,21.658437814586105,19.42871660119672,18.53799483779049,17.272868114554825,15.715763048300875,21.68613712619389,19.33625042388915,18.764308203942722,17.328968653350106,15.707285145221798,21.68884186036663,19.42150001754883,18.592905446216054,17.404575099995537,15.7307514967767,21.317933527831705,19.425113410118566,18.725373616050955,17.486690393685183,15.758809663819495,21.171488630307294,19.418849306314762,18.8742469568516,17.45987454377392,15.81121579907789,21.004190678411366,19.3322936087828,18.701436529185507,17.620115503143985,15.756246488103084,21.049316378468365,19.411941669910068,18.754352530785788,17.712704923092087,15.674712068387436,20.98370937385062,19.191528015064083,18.931064479865242,17.52503457180028,15.613166137552946,21.45562226147102,19.376083756080682,18.873808449162045,17.51211911008656,15.626418463563377,21.737415826848526,19.232175755067022,19.06256308679347,17.58390173475217,15.634210867057671,21.690797570391236,19.18930585630053,19.132647827095944,17.525866200275164,15.648800549214414,22.05786724540822,19.304288133651898,19.356481429919953,17.521091304713885,15.72326920169732,22.168788398512795,19.388567642967153,19.215388150056445,17.63337004704001,15.776808963008083,22.097765630530255,19.292112074497542,19.47853619998487,17.721377621092806,15.799717710842476,21.964758187598797,19.574282039409514,19.394302002221224,17.575755586558767,15.76495446938346,21.81848572196518,19.481956929341468,19.348739063924068,17.574518204301924,15.6884752096228,21.19821016066431,19.416773127523733,19.235563156368535,17.50107776920969,15.65926009550287,21.02260287987878,19.1386303044099,19.484034731188835,17.589753917026314,15.610896940613667,21.03574631469731,19.120741898552854,19.383549370917983,17.554547089380794,15.531545619421564,21.04191498567615,18.850322396904687,19.07014402909026,17.615700583740338,15.542939541861719,21.083790639291937,18.940257152300298,19.08903347022686,17.524934390090348,15.687123425938381,21.251769835654986,18.91630845048567,18.88449960041897,17.58447475889212,15.668391787791808,21.103697830072797,19.064760373565086,18.73508108262006,17.56659899258773,15.709968124117333,21.049927807505476,19.00705290219206,18.63942642396455,17.51602594689164,15.856544800104114,21.082840899732936,19.109200640076416,18.640976541905964,17.447647201379944,15.899252280458914,21.278787031177593,19.138338175997266,18.792086357182903,17.56524556514644,15.856871174429447,21.361221509771525,19.18636009836118,18.75917830310789,17.483601686329457,15.755215659953171,21.766857196264784,19.30353256200969,18.61951450773989,17.31097584507741,15.775202551703938,21.79093945318861,19.32825151781119,18.66756734482378,17.33298263414203,15.702295790799743,21.89253748555904,19.68857928691826,18.938099412903345,17.41289111523529,15.600123496790705,21.81331278522174,19.6020206097271,18.57193029302932,17.392860953578886,15.51468655972882,21.704715021929267,19.606841484624503,18.971014754556034,17.539089403894053,15.530451622430466,21.32544989377576,19.613500689822988,19.02522890507218,17.567729262842615,15.432202552418048,21.327264007099608,19.565346069099544,18.730239345775296,17.435184861215536,15.433432845046315,21.431902783585212,19.078939029058933,18.855989366241,17.39877685306582,15.526986808376886,21.40487629899772,19.071468116732767,19.46525490278315,17.64546884316123,15.622505251811285,21.632924815351007,19.13707685913553,19.17656695911913,17.57811588614734,15.647722756654455,21.560765784477873,19.121198046129592,19.184678651653144,17.572426996489206,15.64889111314614
16.491884501503716,14.576693718078737,13.49903944714094,13.18384366051555,13.018540659301594,16.02604412473885,14.827983455926713,14.173648883362166,13.200518555250579,12.456924983680262,15.367449629214711,15.285796554022056,13.255377142058169,13.460976962158103,12.923876501814771,17.016924222172737,13.111018405603764,14.424438720211405,13.220711060066916,12.939022050447619,16.04875043525741,14.496601399325101,13.762144432081016,13.240583186135874,12.766086380893658,16.0665420265929,14.426749754458001,13.877275386110265,13.253045444058875,12.77198792671847,16.151706337117083,14.378059345378094,13.80152178943782,13.385173536266928,12.763890247627689,16.299869349703723,14.258814118983045,13.940983150406396,13.321643044485905,12.730465857663813,16.100338265943673,14.282801275884927,13.816775577588013,13.318534647271928,12.684150308201819,16.18528754586385,14.335627769700816,13.907278799040649,13.277870730421878,12.83460865880923,15.832427232196688,14.295673160592495,13.755662612811088,13.319179025466761,12.76140517028993,15.80795720718973,14.375231261722124,13.814358809329622,13.201795869238897,12.78420670224718,15.725754851167029,14.208885568124382,13.700537590607976,13.184707691309864,12.752388723436514,15.761893353870406,14.394371127897475,13.517015691172238,13.203215264595196,12.7943062163986,15.69898624355788,14.278365483303542,13.569598472449291,13.189105530208215,12.689260682434313,15.752975256181273,14.186170289994092,13.799964892749301,13.235039786089033,12.717733779346151,15.435013724390942,14.095042125151044,13.755462954650188,13.234940006315714,12.814985352788577,15.464260160052456,13.99417453263187,13.774979737697668,13.326162050469401,12.83845846287566,15.267353454738473,14.058728485625519,13.932115982400898,13.328615085432656,12.756115960703307,15.349641777393908,13.946951137004831,13.846189226008637,13.389984730111815,12.846755106134145,15.704944849336727,14.205253319803225,13.798074617198358,13.33981864449259,12.806140280317049,15.844035963222264,14.215931055990007,13.74180801045964,13.309585138646373,12.727895169215579,15.635010706649556,14.075669105527343,13.755621703373937,13.240468435735508,12.693551346701346,15.652436287794131,14.083077594839276,13.766548471549171,13.261970349637172,12.772045621630449,15.730780459268368,14.346388714185832,13.771808206136171,13.289732842028233,12.722146140734441,15.64224982377198,14.252535850393155,13.807068933811141,13.199990633787143,12.787932373603876,15.817545563671867,14.16308632701184,13.890839651708765,13.225282357447782,12.928848583991885,15.982092268818851,14.43682573268615,13.872248662846,13.322924396742703,12.952505543835326,16.096053821272545,14.497556302060351,13.892578411855169,13.241386272856033,12.888647532257119,15.958291202007512,14.381430436505145,13.903942087053872,13.261709933656046,12.797934904977343,15.777512540098877,14.353613195768792,13.754561118149292,13.255195429524496,12.7463651153451,15.4187255154503,14.292769365141236,13.692084768841557,13.201533430341609,12.633698661853035,15.282487852084193,14.357363619375278,13.705644168091556,13.13394838637588,12.597358667693133,15.266067092682956,14.308625614994053,13.76597406466713,13.226566992167761,12.643832938832157,15.464105594083009,14.240137317330081,13.789445438979598,13.13951406460736,12.677664812777296,15.285039375999299,14.348561840653502,13.778324438455929,13.21966149538441,12.753256181164325,15.296421199594997,14.531464721003355,13.813138112215693,13.273216132008281,12.78112662533648,15.598494371922163,14.427462774483612,13.913057684064205,13.281754592327854,12.86990039514354,15.599398601396121,14.43546012669072,13.804227200147029,13.19963323069005,12.925155232686944,15.513768800591071,14.368295693697036,13.822724212685364,13.22808313387117,12.963279849252194,15.672591028137537,14.273562008739713,13.857015648505216,13.227428464081317,12.834875016739307,15.762023074607182,14.204906275153567,13.84940674118026,13.133944164115581,12.808311358019845
21.769637078896615,19.11483362979553,18.356109643633598,17.50547621786628,16.71188900101831,22.972459983194014,19.417244589319615,19.224419712638518,17.96714729750774,16.79342866252341,21.386196634520026,19.777990289104718,18.53232452394045,17.272394966169898,16.743362645355905,22.19640356847399,19.735586648267045,18.867871460099863,17.6787484886473,16.89611359627671,22.38253184410952,19.518345643892623,18.8550286905496,17.733968473925085,16.794799459859995,22.420278105478356,19.674479086298458,18.976212540100082,17.871627882612486,16.841418678918593,21.844846828001117,19.697439567880274,18.894065533431498,17.861335869513326,16.77626644919209,21.93655728948345,19.62954536179746,18.876358780746564,17.9718112595963,16.831086664171877,21.854525284550615,19.726347994957003,18.8848601943059,17.99645062170591,16.710397833251413,21.59426348339977,19.71707824749586,18.87743925196931,17.889064967348993,16.645520108885883,21.77765873050725,19.81726000603289,18.888826480587642,17.85071483880416,16.541775891773717,22.02611392906187,19.92969034510066,19.018569820839264,17.816509511322412,16.607352246461687,22.374216804865142,20.15011939895241,19.092731027152276,17.7411149495395,16.51546900181169,22.383140073799247,20.027204855481823,19.223710899309154,17.7915214979763,16.497378865849015,22.609087018196668,20.082980217682092,19.191851564451298,17.810801506475975,16.54761034084365,22.659134930483813,20.004153467802258,19.320637246805507,17.79842926619394,16.553239287558466,22.608936406551774,20.075654958732,19.127900957597983,17.860945388813185,16.550411626244404,22.484131587679325,19.93198933738945,19.229193389135826,17.978638285580935,16.55977184794016,22.64950657468082,19.887829025591124,19.169130590201604,17.91944440454204,16.666253461507647,22.626579058976848,19.79747648092907,19.09379760467105,17.950450019781773,16.658545885040496,22.25023100777195,19.744527501724974,19.042284104762395,17.918814818745652,16.644558827458916,22.70430340115964,19.474438581282676,19.14465897099809,17.846845459600008,16.613882567997457,22.681304671144765,19.529417250354133,19.17039703023928,17.91172553853163,16.60892890179835,22.755103593768904,19.658234948596906,19.203605896175972,17.972645613540568,16.525397109808672,22.537493339983946,19.906167519446715,19.162165365149242,17.87295148609703,16.471695803656985,22.3486539813514,19.94623903659546,18.999168488155412,17.964259913642405,16.559118309434766,22.08982490809905,19.84041988361198,19.118072926120643,18.01476188570094,16.50532684023609,21.911972815269188,19.63846717054396,18.943177514929616,17.937361220076305,16.560395900734175,21.920513431997016,19.739819835300928,18.8354718680458,17.90660277402167,16.598917059038023,21.86530556654997,19.39779527726484,18.972928144560875,18.013757003436616,16.65788106991055,22.137400142201294,19.333063583902334,18.926182668079186,17.98449910691219,16.63169578097184,21.875670276022312,19.566047511500013,18.81784235221673,17.92812700103665,16.72811741104764,21.82662564324649,19.71097542064068,18.878455676734227,17.849742134995985,16.700114076668292,21.879185830869396,19.672400054116697,18.955074246667486,17.753509483319327,16.75361126886488,21.8447158142888,19.923716916785757,18.972300115444558,17.797988610444758,16.782032125109794,21.70841925084202,20.05222643775513,19.130685199482848,17.760030269451356,16.71259717204425,21.882928281454532,19.947269038827336,19.095079533973358,17.82373783401194,16.745333811475724,21.84406208033659,19.729264860005138,18.980199721866786,17.896923265961746,16.70827510085651,21.465273171365787,19.69421814280991,19.02659587278726,17.954658432732415,16.678722488917618,21.485881295386456,19.64843875760422,18.993283358151814,17.842855689236444,16.563391097577117,21.642113708816538,19.697454481813857,19.088543831239193,17.843766102541075,16.558105941397596,21.807440765983245,19.82267103691068,18.893360938636462,17.7339800867328,16.432775267068344
22.191714312463134,19.909970787934057,19.44707224601131,18.20104464478188,16.966206153362453,23.82961964770833,20.271036099927816,20.632650006813726,18.368652155427963,16.717668485680765,22.059199403309346,20.701798675056047,20.084862053223308,18.359453604796048,16.678438429191207,24.75197073662521,21.193705698495258,19.448391448970217,19.078027800047654,16.919667054870356,23.149717861472357,20.412603076504034,19.991478279016114,18.53461961094434,16.879808601441443,23.128200057083205,20.605893483493425,20.070388820977445,18.655055567677298,16.918818389079927,22.85041956445945,20.81633236933418,20.042598505317983,18.900233593308652,16.980329601905485,22.89802712210752,20.798425231239825,19.92591447492148,18.992643891963446,17.052009452121997,22.276001594794405,20.702610665340195,20.113894452979775,18.941553699043844,17.01125862396083,22.00953434420191,20.89713510757749,20.09740940844239,18.92022977573881,17.017776864680563,22.097256076934833,20.84884594634302,20.193625143493357,18.8723475891349,16.959102382288528,22.127408549711607,20.680945388011196,20.215557672652047,18.77231670493699,16.76607389965657,22.40233272009479,20.88836614689165,20.35390105346331,18.727420117520502,16.698747296819413,22.581700004969168,21.077511585818534,20.294977216555907,18.691962704136692,16.68630064440279,22.759275770025617,21.189714301031707,20.20405028241598,18.550976311424915,16.575299526235295,23.239613573800217,21.244506004945134,20.360343320035156,18.611067099202167,16.505515634891047,23.321520952941125,21.57118262255143,20.288281377331792,18.529412965526703,16.748086904680324,23.006891623453733,21.4879577657904,20.352001045142515,18.66146244992843,16.84178066070901,22.90592995276176,21.29274975435389,20.294304288018296,18.583840896952076,16.99713999840171,23.033539853652222,21.212595006271492,20.338813033864504,18.78300803938285,16.97157549337151,22.630225991519364,21.156278487815797,20.165516978312336,18.68788257742937,17.042341727850953,22.716417190499058,20.95313969376297,20.213342009965753,18.861010152966855,16.953694026111183,22.777752128789533,20.92888767958893,20.242853049402143,18.833043414882457,16.90949682845169,23.012468579394568,20.944985565138857,20.277272685060005,18.991796619821805,16.86558045412707,23.079448931497147,20.73772333575283,20.16024223578156,19.00476701030605,17.064953215276745,22.92899328186531,20.711128814916112,19.900800263734872,19.18582070054934,17.136267888216327,22.647370126609236,20.49715437124538,19.88312546472803,19.16231216453405,17.194197342672187,22.60567696997676,20.414114961776942,19.688189059518038,19.199528196157,17.417746318657315,22.50997262129228,20.55837502036471,19.766070350298293,19.07454640786607,17.46822760125111,22.16867345442689,20.691778466294338,19.992209483378332,19.080023495256295,17.504426279806104,22.088849968664235,20.63124768105923,20.208258762333884,18.976833854249158,17.49157582108634,22.085003740804943,20.893990656115744,20.233248388985807,18.93600526489226,17.49495224009221,22.32152135426186,21.258363643110307,20.359092987636878,18.82676305831719,17.409300696079804,22.398932717855644,21.21912767865011,20.052158496488776,18.88163001484656,17.33212299287777,22.51999708768175,21.43211387669685,20.10918878171928,18.98255547870937,17.276977033373143,22.780735538331044,21.73078945168117,20.199825516526978,19.012984047533898,17.180704454277127,22.934626542743302,21.85828000601372,20.112807531235024,18.97284286052379,17.136738703386815,22.931334301278365,21.285265608160497,19.88069001793193,18.972729363295255,17.020246647863566,22.870233926307087,21.452879137638217,20.156348742986395,19.015205545072483,16.958143641132857,22.978265667256075,21.156127501598526,20.02902141972607,18.964670446225995,16.94022795610689,22.942714912447144,20.950799226390618,19.883885023878623,19.07193631269575,17.007301835777575,23.03478993074685,20.80767724288802,19.94833735952682,19.044542305921524,17.032128254302343
22.92183719849894,21.571255296855988,20.291852654509395,18.693391705418513,17.913308511582105,24.861085860468716,20.912294431899493,20.9039431200892,19.06393911468998,17.702653258335836,23.283017768602175,21.55160468278969,20.50257977330814,19.33333291648739,17.00481199466716,25.66003683888105,21.87695511619958,20.084213680745755,19.92588741105266,17.57294332114278,24.127833123034332,21.244870637811704,20.72183415293162,19.23568451426292,17.625030837399134,24.275905051242965,21.05737732039627,20.659022825088805,19.406511027531828,17.629322821899706,23.7965428223226,21.14735892955563,20.693169187525726,19.581682401707983,17.634669130229053,23.613285701603385,21.06361029633906,20.501545929791813,19.51130700459683,17.788283752074882,23.016326454953777,20.911012778345942,20.747369298951423,19.395134660358785,17.769901962318027,22.942875575731975,21.164113677831644,20.592406631274677,19.412133556025644,17.738295671092917,23.0158390949421,21.387567299198945,20.757409243333328,19.300301653557387,17.67565678741406,23.292928425241087,21.389941831940483,20.78498708265758,19.255944300840376,17.56412920887407,23.807561834408283,21.658201771629418,21.071843686395887,19.338147716791603,17.51171838940984,23.997670127504072,21.75952502099206,21.07254865151736,19.291642275391233,17.462664668718446,23.99975486718242,21.877846616336484,20.982296032276103,19.204267912141447,17.43344409009335,24.298287685065553,21.942776897449864,21.237667803871755,19.368952674313846,17.36326574474347,24.33490780318859,22.122853156045565,21.115488001973176,19.23364206571658,17.43536078141468,23.923033728934943,22.062659918747112,21.095562644990856,19.309189831078232,17.402483633013755,23.788484944594362,22.054638638977003,20.877368584205538,19.217671707523074,17.436054845374734,23.68586537767684,21.784676691420998,20.85286960316393,19.309149556911102,17.293522835007213,23.14203014896648,21.481497584841968,20.715733144198925,19.1451959155207,17.206681205086074,23.09904811512154,21.367098446226123,20.991248109669613,19.38427464356763,17.25282280633885,23.23922675989401,21.30703881277762,20.914894253906215,19.28743336906615,17.274002970810795,23.531034665009813,21.313831408170167,21.06664418935332,19.486606787801396,17.258672239023074,23.682208713848915,21.36706219092912,20.961274537023026,19.415670690133805,17.401263649101033,23.67590998257115,21.289790796114264,20.424570651885197,19.59696390709694,17.536241307891366,23.307929918846106,21.125039687977456,20.272103475821467,19.48067053795828,17.454148685962622,23.1330964315218,20.876570032623356,20.07495295896969,19.537094226145335,17.648887664774968,22.81930478950057,20.913032207926584,20.12907883260683,19.37281334540851,17.737769778793883,22.624772719022236,20.928303005523155,20.257159304174472,19.452016352632043,17.79954432563308,22.766766493885296,21.242182937309924,20.518961126538663,19.257111181167023,17.722851136079917,23.28672338494736,21.451719246913775,20.416440223305678,19.15369907880038,17.713638990084952,23.526257587578197,21.87576880565117,20.72299254856813,19.087091899122427,17.512826144346956,23.984430862094825,21.894497471168894,20.502889097940194,19.166016744741267,17.513595983378,24.176454981127797,22.022170181011354,20.538805789273333,19.163281888396792,17.457410533206794,24.129362805231402,21.99444071136613,20.685562978180982,19.223946655998937,17.45728966462649,23.97840983420067,21.917822475788444,20.651131900696495,19.246595937117913,17.381697773959125,23.7705198175296,21.463060982086553,20.484088054320747,19.128318752493406,17.240911440426423,23.365762078357527,21.452242446720664,20.6442429779499,19.098465069563986,17.16071330702961,23.201616281171088,21.166157551387865,20.712603409731067,19.158407569006734,17.129065214777437,23.180736032404035,21.011496457689326,20.66332293864337,19.21143007505563,17.181258293399253,23.094833468381392,21.095301422703717,20.762367875008046,19.150602891034104,17.225058339371255
24.127577104060336,22.511677944708506,21.21856498633112,19.644264074122766,18.75895342864312,25.76306872068092,22.323534619651884,21.98668991086804,19.842982669804673,19.209524418748686,23.927734453237026,22.45384467267254,21.4801962016262,19.91874895234329,18.540704254828483,25.938428991879363,22.160178361016975,20.816387163186814,20.945312241746734,18.498317389291294,24.829238601916018,22.132743478385546,21.60462935465467,20.040872474661114,18.888136764134437,25.00378313578951,21.85689940222651,21.49091095624859,20.160954315082396,18.934788960403118,24.8384963907157,21.75465867350608,21.473185045383676,20.26802602585468,18.799480478781618,24.80020274536425,21.517906080952727,21.303023231224444,20.212948056136735,18.79841326409268,24.514848179514253,21.322269292912267,21.472207695203412,20.081770457102817,18.84583661851637,24.464220013159782,21.58543126822403,21.268529234972853,20.155948051460207,18.745663072438575,24.452057445562417,21.892522570740052,21.42308019674622,20.0614842674492,18.70952912245027,24.477887255529748,21.9617166035861,21.410492687050933,20.085668804953553,18.728619720387947,24.74762961615283,22.352100965223947,21.698394829726077,20.157365376665673,18.735304261438678,24.856531672362227,22.437024538637612,21.75660340286341,20.184811709779765,18.61107795255761,24.895395381418307,22.46928327467551,21.75302291008916,20.1012429512644,18.528394891168528,25.221137938685693,22.521658684251314,22.07188228370766,20.32870772389996,18.468218678126036,25.35663174010495,22.637703253682652,22.017410125276946,20.132521183341115,18.446835322739997,25.359281643158486,22.51081235177292,22.03697854090425,20.21948647701496,18.407708672141744,25.14189024568416,22.684840912976576,21.847266447088735,20.126994429187953,18.445912948250243,24.959198402991383,22.392257927726497,21.89527589296444,20.26752334372219,18.326276413463926,24.357928781116026,22.025944684624,21.746367305867015,20.037183045502637,18.178149321085016,24.10507785232431,21.958965090688476,22.044046389958115,20.3648863093505,18.226033134128162,24.002750248859606,22.054042943031106,21.864814512049783,20.210479584121416,18.252209643331174,24.009547043140095,21.974900238593257,21.882130347569387,20.270932229504826,18.208391813345504,24.170443403207575,22.280917166315433,21.84363993606909,20.12158535807906,18.362225087884962,24.324877652741172,22.3856971455043,21.284721401434435,20.311201733081518,18.521400803369538,24.186657897519837,22.33102038662363,21.114951651194723,20.117762318904916,18.432057915392868,24.115554074779684,22.044315932495298,21.057878270381487,20.226267994815498,18.562806756884264,24.111639277552182,22.076661305634225,21.266551932011893,20.145080870116963,18.683949555710967,24.110570647520362,21.810044256242314,21.22658033264262,20.12007478925207,18.702440621205003,24.22035786837872,22.078640127290328,21.625945696273412,19.966876869913023,18.69304557066088,24.65931565451903,22.22768216243008,21.356173609511423,19.886399491018196,18.679252568492025,24.799821711169727,22.49721824794345,21.46884414264924,19.87016852773113,18.52550907841643,25.21695834307509,22.555358822678414,21.272136082800962,19.923327218284633,18.531375782726716,25.375510043653982,22.65158165505642,21.258121424101095,19.988092893920292,18.51960447807707,25.16320585490811,22.39944166211705,21.247621484765112,20.029537380287262,18.32840378399632,24.80825976805226,22.26639743524056,21.30739780767284,20.07454810671792,18.336922264888877,24.536529909064967,21.930019240409088,21.235025392873897,19.848767148454257,18.270137383602066,23.951485676590046,21.75876692528339,21.36955405679616,19.789202885025787,18.232967824367456,23.627636328062675,21.754493351920814,21.50793597678694,19.83518852274201,18.22556077925585,23.67268772062831,21.721311306093593,21.410267951773175,19.816254459876546,18.398823423950272,23.571753483410927,21.70672474862115,21.647404512513546,19.798289602033385,18.34504381442293
23.91424718851354,22.168616459326522,21.196287813279085,18.933024385655255,17.246111174472873,24.173230608469584,21.470655399722993,21.75474327752008,19.406895254583265,17.840516775371167,22.58883984062527,22.25219870286499,20.810847522089023,19.30062575997937,17.665812830504443,23.686652683479593,21.915012175341325,20.58227783685485,19.846239719041726,17.977467805879833,23.781326524588398,21.97158495624406,21.121680214749976,19.296651016531378,17.77570573105421,23.70605074361343,21.696736056847676,20.930167473931586,19.335181836145562,18.01880852220831,23.70132917540809,21.662912508049466,20.805187979695862,19.332163974395023,18.07098739702281,23.91617957264499,21.49086400200569,20.860842650447587,19.222873638631786,18.20787352466192,23.97932363754945,21.39143520712453,20.972941726319327,19.035368329795546,18.144318033646034,23.778992491034366,21.19005376648152,20.97421354317425,19.101226562173935,18.220468601890218,24.15494475514151,21.46010816267015,21.193623806485334,19.15254911224768,18.07115799806923,24.21627591110206,21.53259185849774,21.12561835791523,19.08103796902348,18.054113624754013,24.42263883152483,21.909862539909774,21.214247873290194,19.158245396114182,17.91316417850688,24.464267116594847,21.964321169271216,21.221617928761653,19.33184139079816,17.972334777368832,24.883074383259885,22.263203248183384,21.24622026104779,19.344828674795277,17.850408788956123,24.957232608970806,22.362680575647527,21.39836519053024,19.394679286900054,17.863394219387434,24.69162402352078,22.280536462565987,21.336375869041287,19.34868808570912,17.789074636498373,24.889240519679824,22.0094151121317,21.255917838541556,19.43733316733749,17.881279482350838,24.748354970981048,21.890237063168748,21.246827996309968,19.37209134337005,17.789157106490098,24.32662384252105,21.574145975860777,21.019523891128113,19.44621071217117,17.751768128144057,23.72445473271619,21.25471645946773,20.84489009488247,19.278787021826655,17.67101135197438,24.29980325855896,21.38768690932189,21.02258531794538,19.425527510090454,17.800107599720736,24.08463100352005,21.587801594285715,20.969291667604228,19.42262186667949,17.730975374121265,24.172600954265853,21.643983035816422,20.959533010434786,19.375404201557973,17.787275606470008,24.212450667231824,21.86934472402086,21.25335534463042,19.26663662805864,17.7477120242097,24.55514399138259,21.90939252906673,21.060525832692484,19.23346846100346,17.74379273859782,24.092463153620763,21.909701705231026,21.19937187180233,19.09458691485231,17.549356779239904,23.850812682309805,21.709111282681,21.10661334059759,19.10819502303213,17.670528615226782,23.970350799000826,21.892163728827505,21.161419634992775,19.077627133166562,17.682213593761297,23.796183866926157,21.70089492250811,21.00736427351767,19.042561784970793,17.710665875248235,23.671700056895112,21.769882558005243,21.118187313525322,19.124466404386872,17.67369650484315,23.57974109297401,21.87898439556794,20.86241431774068,19.199173681476942,17.729711584820457,23.73665466713449,22.054329167783578,20.990983171272283,19.166736225797806,17.56726450309821,23.791933488271034,22.046887309993398,20.859419517269785,19.219109785082814,17.63550944006156,23.97738539832192,22.196901040275538,20.736141722526035,19.256105603659638,17.702021050080017,24.018726210453952,22.240716054086988,20.81653456745127,19.422307857955662,17.76628600550628,24.082848830043936,22.144031403506055,20.977806484775186,19.38862659646937,17.743955445482527,23.833225292992427,21.831432288028914,20.795121773732077,19.1868655911765,17.70611909517323,23.58923950070064,21.65849795143994,21.056525576283565,19.22200622994883,17.520484966213065,23.35628061532457,21.64574907893555,21.172135784616085,19.181451358001894,17.374930042109252,23.262036858310566,21.779968026715217,21.015807299121214,19.067199803886258,17.361385940780067,23.367690613554952,21.79812346461309,20.931562316526787,19.08174069203234,17.30456066444028
23.888913259216505,22.19587668714354,21.190736817953624,18.927093891776554,17.204424716027038,24.18181817456778,21.469376590355612,21.715605936459514,19.30576366221686,17.749091443325664,22.563706920285817,22.26916096001187,20.817825565057614,19.27594672657952,17.583054913750946,23.616872677654452,21.888727689400735,20.6418004614404,19.836831402296678,17.87567658168356,23.75380535936666,21.965900859293033,21.122412529027898,19.267210983939343,17.70355348141533,23.671926940489953,21.684432681014655,20.926406004897117,19.3137106260601,17.943588234563194,23.664155588833104,21.649650222805185,20.800255819705463,19.3324711100473,18.00479498965597,23.8778373770498,21.47396689552106,20.856788605856355,19.223980042322506,18.156453746603727,23.952333009439776,21.371519899936057,20.959598055184337,19.040867436479918,18.097370857416557,23.75204674289672,21.159267940343803,20.949504608608965,19.108046578294072,18.170506167717857,24.126271381304406,21.418158361658342,21.157269057417817,19.15055153335566,18.025647881058,24.174779937776144,21.491355351329453,21.104942755988912,19.070846877470522,18.014996679730757,24.377279622642696,21.870242271990858,21.18854855627419,19.145279906536906,17.863836010922054,24.412512184005056,21.93646407993451,21.190302001980818,19.31414855417821,17.92390267964879,24.829472289285878,22.254117841062786,21.219572618737587,19.31867045225195,17.775783766000806,24.915191042113168,22.365035669947883,21.391445122996295,19.35059191748503,17.81153750715874,24.666922644829445,22.28482577545903,21.321058788072417,19.321195527729436,17.739019631621918,24.858392481700207,22.017591568003148,21.253291714910723,19.413487010252243,17.839835489827617,24.715374892114106,21.892794671154153,21.243716661833155,19.352333036662976,17.776191917693602,24.29153217085865,21.574455403892188,21.028366407426233,19.424462909179155,17.75964529043587,23.682361393200758,21.231101591247782,20.85034778396138,19.265997425773516,17.656875742108525,24.245976779819323,21.347195779821913,21.031900026501035,19.393688302113453,17.77846665830776,24.03639568540326,21.53034939346709,20.960208476947138,19.390941988288272,17.69363399764152,24.122773611116422,21.57063803034694,20.952393522363458,19.354067186097218,17.760780618362432,24.166660690755307,21.77418117095797,21.23764463753789,19.247543079725922,17.72571661410479,24.51314551759719,21.836833232134673,21.06546103993747,19.219830874694402,17.727044457377296,24.053258277816617,21.84390059435748,21.211087067925007,19.078450362010436,17.54010469674249,23.817889175658127,21.65415593679902,21.129794450579272,19.09575536925707,17.653696596768917,23.942425382844664,21.850805226054597,21.195843039358813,19.05396457487571,17.63047920665402,23.76189301431768,21.701959671279873,21.070355328325924,19.033259226716986,17.67397601292575,23.634831376850208,21.783181972050247,21.153222034821972,19.11202706936536,17.640360997962595,23.54969311570354,21.902395930609877,20.892372664034934,19.176795563096437,17.694654108416987,23.70681099129613,22.067975044934865,21.012530349855087,19.142935553007867,17.550532950721163,23.75825325134118,22.062695174044954,20.87289330270221,19.1718976069025,17.613678727253152,23.941023122858134,22.188875207402855,20.734743485946623,19.192778489889612,17.671135746011117,23.986218616905767,22.213316252440855,20.82585051736793,19.374353012610463,17.74820896364722,24.044948709602142,22.104863393251925,20.977312276380445,19.370384004079156,17.7050230234661,23.802186726581816,21.79750870082765,20.798567894985784,19.16977809036786,17.64826733413681,23.566576444557402,21.61385815442431,21.053720764432285,19.227442137647806,17.477588528229926,23.329185782425164,21.601540232558058,21.145222205481993,19.195269280400034,17.34181843600621,23.23612760690886,21.73022559898769,20.982905180479,19.066266178304744,17.312483163359808,23.33764424210436,21.75976714149571,20.91104590920865,19.0587267705659,17.258806473949853
23.159775490287455,21.544004834096317,20.065812564784228,18.789527643981618,16.729765323044095,23.604318009206832,20.929628346221687,21.270561788147116,18.495956220087393,17.258199371599513,22.014677944396308,21.488774196466295,19.77064320321646,18.82420612031897,16.551098452041686,22.681468350927968,20.63747261749318,20.341220935977397,19.136669518396847,17.245195388186204,23.058022091941456,21.257237851125232,20.471670811372572,18.770954714704846,16.976808648596244,22.949496710159288,21.118740618759823,20.48056732993197,18.721108665914763,17.094023722335287,22.817003190339783,21.059587566526762,20.33079858426179,18.85752474367204,17.089211115513713,22.8853836619091,20.901948325387632,20.452423583007846,18.868216031596155,17.32650547937518,22.84395057913671,20.978033230527778,20.487210740406677,18.80594878682398,17.342053371180118,22.64639657776729,20.684145287089756,20.474568705415216,18.854692332529044,17.423403540109796,22.92447631510223,20.711545933462737,20.555612162839044,18.924158959316067,17.38673189706436,23.073685562774948,20.816774288671343,20.653353091618094,18.776368161759915,17.362247582294753,23.383470168508303,21.199202721607087,20.782806383719272,18.83216561740246,17.257618903078324,23.469142061718042,21.184681989577115,20.92441687125093,18.928825056792228,17.183968297240053,23.752898715255036,21.417873935082334,20.951987458514036,18.91589935554657,17.065601598530005,23.963407915086982,21.642546445451938,21.107553282398822,18.98660868073847,17.065436158739647,23.64754998262635,21.64744912816427,20.981966778232568,19.059371672273873,17.013963221536038,23.79284250949727,21.414537162690536,21.045504298225357,19.130262684781915,16.98636370473354,23.58230082823908,21.307493286145547,21.02618283288343,19.017331588506014,16.970348583848615,23.1502634546001,20.978674338785943,20.836358501798223,19.12307055102959,16.934049680666213,22.47608121954992,20.570442178096148,20.87915972492119,18.946124411519477,16.850111199334204,22.97209675726163,20.59569227311726,20.915960447740822,18.971495639949744,17.01335517369775,22.7372748518658,20.682191752615086,20.722960187703258,18.885483661362667,16.972184467977264,23.007824792232764,20.737122661599734,20.673617386914174,18.93001048427172,16.980678253898652,23.08191479440201,20.94463731859971,20.88837633853578,18.89300186068679,17.05682046166968,23.419940751590172,21.092841776756813,20.64901738313525,18.94651647893508,17.11438247818287,23.039949040650622,21.141672505889627,20.847358194405402,18.995144613926254,16.90197724653408,22.628513922926157,21.041781418865675,20.769256956544115,18.983240252904093,16.97241932239366,22.750075684962233,21.225417149275607,20.785584627790097,18.93840715793803,17.050140516425405,22.71006162998595,21.240516025994822,20.789148050905286,18.89101975748101,17.036006480556985,22.411776911072923,21.24989470472467,20.792855962520527,18.943698548784162,16.991947101453803,22.40662022956661,21.29303357956076,20.52164020110577,18.90798892281697,17.055736204247815,22.840188974245695,21.446991307254013,20.597024409463913,18.848813446853054,16.988227145570583,22.927082867466616,21.52362324926906,20.503215226906594,18.862938819969678,16.96566156451347,22.914640308096512,21.565068474440956,20.27424146486843,18.834851904521333,16.951791823427207,23.012998763564546,21.65057745415509,20.53818275385017,19.00352546058184,16.8736176997598,22.877335679306032,21.52752378168885,20.69078270505443,18.982148934413118,16.893452765827597,22.72382556209834,21.15743568150748,20.561372992137102,18.928520348511235,16.866159085682078,22.41555222049056,20.864025991220373,20.84297947649659,18.978029177139646,16.725445980977355,22.307826421404997,20.95337425329833,21.105683236009092,19.028757276045347,16.668730417708694,22.3143537467024,21.0435042167064,20.814928227054295,18.894390220733488,16.760858645952318,22.40510685273495,21.179960681854475,20.71332449204898,18.86035478880138,16.619096076805203
22.333478419589362,20.44781203730952,19.528396396845956,17.928581499118387,16.43279870020251,22.17548050382843,20.461851573898468,19.755209241451354,17.801938112705706,15.895832199764486,21.11795462168298,20.26485552135199,19.135175912078154,17.912674347544705,15.929442029703798,21.729440631754695,20.110451356127886,19.54069498813517,18.399812062638883,16.53284618230705,21.976235539337445,20.351351649551624,19.627292308189634,18.104318046280518,16.21868709727261,22.002560299482305,20.236048532006755,19.718289908315512,18.115344078330498,16.230478722212254,21.844069907877802,20.13778377521667,19.676328749392052,18.297929397887323,16.331485369896647,22.178018524397505,19.972909446993768,19.73292466661426,18.36303624107404,16.48849816772522,22.318051029661394,19.838887767202447,19.864407614926478,18.376636908039252,16.424969755670514,22.181162289019547,19.834602425931134,19.841069983970424,18.375288159428745,16.443926451194436,22.31770913508976,19.90656382886661,19.8173596525943,18.41457672236981,16.286287903771836,22.52516967039312,19.962106546003252,20.013324933891703,18.314590056278263,16.278564126428257,22.339865305384176,20.08004978535937,20.10198987749203,18.29240439546625,16.23298657384391,22.417826936219853,20.306869299952925,20.26884115931717,18.307255575725822,16.267942725207426,22.64837220481398,20.300645813874898,20.37794136343122,18.25338089824428,16.340301407182647,22.5070629098418,20.369426195500715,20.687128927416175,18.332643079166793,16.551088286853677,22.55533903266784,20.277291781034258,20.543989081931237,18.38375770649167,16.55529185747192,22.80972775210768,20.429202503658058,20.57751196909342,18.532501324104167,16.52966408012358,22.64157734960977,20.263495072511038,20.43296861780301,18.387309414967667,16.489068495500216,22.541664159457945,20.114748952847865,20.289092972529698,18.411237580477653,16.317939348832002,22.343181751185043,19.9174232239421,20.169368740573436,18.349952266415862,16.229660820016374,22.236286917721564,20.020907379088392,20.190967321171826,18.229433647580343,16.23928700904515,21.899722296339498,19.98959240658956,20.295541243975713,18.122209029981825,16.176054904755638,22.12034938968842,20.067283319137804,20.275763497767258,18.386744467788855,16.23703198553001,21.98450232164469,20.179586456289616,20.31995742934766,18.36568145540159,16.329223372643412,22.312808679599225,20.290183003834322,20.114832143537722,18.44476604109109,16.281801331194313,22.81781364781325,20.403220839449368,20.274502210046887,18.776528583830846,16.21987095372149,22.87401660237267,20.400610827788267,19.8614414110459,18.74656877326882,16.208273610519804,22.848480348191554,20.496793204544,19.56292589431818,18.566412573107364,16.217516033570313,22.90911548397284,20.372935516894263,19.620322606071657,18.58078725861978,16.29913188273779,22.672698235948097,20.161493111174405,19.64699804966444,18.486926132363358,16.321804926051993,22.102023259765282,19.963894926660544,19.322756994005136,18.235771370935456,16.375779280750994,22.21782661245021,19.9075750711627,19.32338100757289,18.05310907094646,16.47137564945391,22.089130146332135,19.860510608721405,19.544769047460967,18.10486719565491,16.4105653276477,21.872950385570988,19.831769843443276,19.5958498052023,18.082655689331773,16.374374873744053,22.081043333434042,20.179514557642005,19.689285612100015,18.210616558503983,16.309510761118528,22.121922611727484,20.29145607690731,19.970284502957774,18.202045017823792,16.26635604783552,22.106884060840166,20.099586426433525,20.11549734282663,18.228767044102206,16.217405383334437,22.12012776644162,20.01266217591804,20.383114873688644,18.17090860612465,16.21977779660198,22.434191878334076,20.16195248496509,20.298255945626785,18.30239338235376,16.062215375067566,22.14257190932592,20.216716049805346,20.14580117273529,18.29559375043302,16.14734675667466,22.180639126309767,20.17521274219922,19.988708199705002,18.248382877884332,16.125572193125954
16.73673857237045,14.705681533889447,13.1594684836189,13.069341666375434,13.003250965688052,16.32994777232616,14.047219634856408,13.96360375909515,13.351263332733502,12.985219634915177,16.023931245863338,14.249792588370347,13.736340744974433,13.317577762256304,12.612045697137486,17.222996686419748,13.517998062086424,14.66424239140611,13.350112614553103,12.421670942425688,16.335738718726844,14.173036050906983,13.827851432485502,13.175517793371535,12.737767976198754,16.23899469961408,14.119561645115954,14.049086197388316,13.179841024862295,12.62185899287963,16.348634866492564,14.108041886991838,13.976838524624217,13.232375381672266,12.55423377674795,16.399948311520546,14.056697362817806,13.988702034633036,13.278339823663682,12.566043640784647,16.15899850796982,14.184903027012748,13.740734996830088,13.164053756377271,12.65993801451421,16.228890842231188,14.235760997103366,13.813979224380784,13.201377347394901,12.709990034678311,15.79607711713274,14.023191522250562,13.589874329146573,13.175999726633284,12.744178211999834,15.586856811091451,14.163501296880648,13.619193178442469,13.112555407696837,12.60733254000477,15.363977050512556,14.124866172291155,13.622626537305724,13.011480475951819,12.577583171150861,15.340007534265865,14.040838144340308,13.554683594195273,13.038810262046777,12.486975585481181,15.31019897586641,14.095516159038354,13.655498846657423,13.060202458386765,12.424065890430919,15.55332195921132,14.209609992208701,13.786206084652978,13.121360100123914,12.500548927356665,15.448528681844081,14.257194783805897,13.832294479236932,13.06393331990221,12.695521851487264,15.716359052002066,14.216696417769546,13.74193755350782,12.98410008367963,12.750122717467587,15.58396834393325,14.370887259643407,13.791905343627452,12.929978339450887,12.86012808527621,15.592143535896767,14.125774234638516,13.652147283648478,12.964658979504582,12.898386714600587,15.77632823286296,14.326849190902681,13.602425448787566,12.98499796238536,12.878266086045164,15.907451398064632,14.227260505097394,13.483095814132525,13.070314639575695,12.802326970153024,15.720576666346286,14.180726364798726,13.598901447727139,13.222868898639124,12.782938642802055,15.893784952776418,14.08582533672506,13.596105489021493,13.309361424043407,12.699538910190403,16.01563009810913,14.241711216644822,13.705379546672521,13.244405479315555,12.74720348718373,16.028245414104862,14.318559607893647,13.777134672676349,13.222215022519373,12.69482842814978,16.15660465517683,14.232346340156374,13.830301839022638,13.090069500335266,12.74582373668584,16.22961571830858,14.2997625644061,13.825397074310382,13.038642900136228,12.649506415150372,16.14476877333616,14.455848844728063,13.814072955997577,13.064197146828871,12.583373484800129,15.940901168307239,14.40361648927148,13.724905025895549,13.196798188052657,12.501754765327679,15.894553602444706,14.240954960274786,13.629192980315299,13.177281044234325,12.510115193234077,15.352572519758414,14.344133930601476,13.573950410957513,13.184959071426533,12.45158496403449,15.028476574404115,14.607393364591235,13.577808818595395,13.240062747928885,12.558830714163374,14.940359186627234,14.58018126592043,13.715445949592183,13.239915296070132,12.660833314568158,15.092534884070812,14.535559499855406,13.692573249421462,13.193762096841771,12.662444423513135,14.839314567953807,14.588659471629029,13.772945417204886,13.156550447234503,12.599907706291802,14.979675573253868,14.60203940108226,13.903603091834423,13.225481032401017,12.630525123591656,15.460743173991279,14.314728394618651,13.783891834151413,13.140140890299653,12.656764503992779,15.630163073667074,14.302685645254158,13.786343299899704,13.033841295906822,12.698856658492929,15.612265089641005,14.101767145103679,13.837420804972998,12.95206232068096,12.57061873205864,15.855526891829005,13.96731871989088,13.809665990247982,12.981441155640805,12.560359423218713,16.001975546997375,13.78586771486529,13.726549315802497,12.943222260706932,12.481450804341716
23.053350878494708,19.230483323595774,18.123319548287807,18.107846056604057,16.822959583479403,22.87149405822864,20.62343809881366,19.449281020631414,18.300544245172837,16.384432731437588,22.810703994054656,20.276997005218504,18.98280394867733,18.045408506607878,15.765995640727034,23.146393729651596,20.35523028495439,19.75936666817156,18.49926437245545,17.029678640990014,22.91551307846201,20.152597024950023,19.264750679016345,18.2893904899369,16.61455418496447,22.653921305610375,20.072068400490977,19.46418599009673,18.28177796815519,16.565369344477386,22.538543953105,20.124982087966224,19.405665597693293,18.347140177927628,16.560417583003453,22.56152885167925,20.261912455883383,19.656902763069258,18.445383372566702,16.644088252855838,22.35015586052188,20.338259079527937,19.608613670799762,18.406161549571106,16.566151294193634,22.345795628893153,20.264093910398625,19.491754983952625,18.395382669487443,16.469843121510696,22.485404207783777,20.48235229943206,19.626694102360183,18.495915217418066,16.51055500833983,22.423653289208914,20.39493525777614,19.580452448072844,18.34961341126501,16.524793597180526,22.435264599627168,20.415508359722118,19.535746765329684,18.287067632697095,16.602495278768835,22.78537998895656,20.458361669463255,19.70841260033738,18.384277001046105,16.513363911725598,22.778673843194444,20.453414969479365,19.880683409994184,18.470271793534927,16.472548663657896,23.117116698442114,20.445772829857795,20.07782282416351,18.41304757291199,16.40419558623122,23.189926184438946,20.5925410215454,20.16078988727946,18.4401728563819,16.45981358077073,22.96542142968648,20.45466449790481,20.113525048659618,18.361929605858826,16.408173193493873,22.67359914266052,20.401739673067382,19.98915702903605,18.16981505535431,16.437286598241375,22.41083052395977,20.33419169991327,19.83650816848793,18.19139562240942,16.514113444095614,22.101712614353705,20.27229889726471,19.574118919906066,18.073102806158282,16.42294528375413,21.96862781847087,20.212934499423238,19.808388647288638,18.31492720963868,16.36977761777763,22.02501253521411,20.148837983551786,19.89154588199652,18.455970453991576,16.357868290026452,22.222013234106722,20.01309381732033,19.662632060324615,18.452789135997023,16.353301032960793,22.438670845168772,20.10106387984023,19.70218739421068,18.286012081580605,16.419558272404895,22.398635565623415,20.197287375715124,19.664888913012334,18.472897020783353,16.606683835992715,22.914276472336898,19.988990822029063,19.497439797763526,18.216062113413752,16.67583949211413,22.979254754467746,19.934407940883474,19.249310849732854,18.247257869745575,16.708412348914994,22.713079967917714,20.01832619525271,19.458578577743292,18.34914156727914,16.670935633782186,22.58463464607325,20.053781970835853,19.456158576446718,18.298435555441408,16.61169881572964,22.634449593435626,20.044549133242548,19.42658206324578,18.295843206089994,16.507985381189606,22.474216628395613,20.25480927182962,19.511470483699245,18.30620848512155,16.50052866086433,22.46939124267368,20.455069787138587,19.494646827628134,18.184453416063423,16.598144897865005,22.62694876688362,20.51867004873686,19.381840379151516,18.08837395625108,16.719087332317493,22.55195322435056,20.511717206970296,19.457963542666903,18.282573260875274,16.743402810861113,22.682604202793556,20.618144593127408,19.483702888604505,18.285756183121798,16.74473603193072,22.414334429992387,20.52506392906754,19.274845661737224,18.352093187337054,16.623569517992046,22.43719994169226,20.259631140556742,19.384066517472615,18.402813608611684,16.57971411762367,22.333392318443526,20.374698727305425,19.757334514544617,18.523627512572467,16.63849578836113,22.542040371486976,20.12719423297328,19.645282322043716,18.407568411858726,16.62523895114326,22.479130417471463,20.17013529963461,19.713066816015175,18.411972735700722,16.650825748209527,22.71515398177265,20.159876177572,19.820541345430563,18.408787803222914,16.679057118411162
23.561410782412764,21.67624734375232,19.870216763474332,18.897531766528317,17.246880217753343,24.388440452405227,20.55456605594215,21.15130689320243,18.663858516770702,17.579825204597984,22.46160941177744,21.49907259548636,20.480318541768884,19.016115670013086,16.86954870569759,24.172077826544776,21.90946283578886,20.78421793127444,19.5933311681518,17.26103149700917,23.603867531784932,21.287671882735218,20.86422384673971,19.095007116252628,17.37886573835398,23.635068619641352,21.06061437419626,20.854605112886976,19.176683094478896,17.47873886630849,23.57947098845668,21.317870159931385,20.76662502096995,19.470940459669578,17.471342314234867,23.71389918878139,21.17747595007408,20.771886335471,19.471965268466512,17.593954672300974,23.621975870636174,20.975081339239928,20.822585957957884,19.466175776959734,17.639985359307726,23.632818770250886,21.142344913736387,20.552078723185197,19.414469374425757,17.51672428962765,23.41353763977973,21.374991275466993,20.800223252935666,19.390936959923813,17.444407759925276,23.36560177265988,21.270590799610975,20.777576191015793,19.264598136281297,17.357835548541193,23.47413737662543,21.50319269018427,20.87176239238675,19.30169646381674,17.31310082562777,23.56263872944686,21.590335067109326,20.876195483758956,19.187324362907905,17.24863894369571,23.595479004355166,21.600912812450616,20.86046289998324,19.210582971106014,17.219208738384765,23.91773176679788,21.59133261967124,21.061304747743378,19.336227413587302,17.180453652443088,24.083976440903285,21.766856117619476,21.093863661209735,19.203003846566475,17.196882354648288,24.06446468465263,21.703086104296467,21.120483664170504,19.24222658633022,17.184753040327216,23.954396780314017,21.69987486584497,20.982412382289194,19.148140637842463,17.20010941970383,23.495751943237497,21.481210082684683,21.054644641877566,19.306224015042343,17.120359081499494,23.18968763857351,21.206260337345515,20.918889454684482,19.168179398023575,17.021500589170284,22.99403424002619,21.05027278098459,21.249860092821883,19.50752580222069,17.11744534157586,23.0368916398156,21.052586509146973,21.169862826824158,19.47648089081102,17.092300878485396,23.094340058083,21.117334682666787,21.09940054826853,19.61088756353295,17.134564809673833,23.416556584297158,21.361347375106654,21.102430326832057,19.406632611834233,17.313190356000064,23.52717314701118,21.376946724205165,20.646327491674594,19.571095178223672,17.49132668310317,23.442434803192164,21.254494402277693,20.463079185593777,19.40419702245892,17.400216219144443,23.246417282582147,20.999862569328684,20.315026576038303,19.41424495658693,17.555948047934297,22.805719988972623,20.933959827279796,20.48133385587555,19.338363341609746,17.598354755218146,22.867316262837203,20.832088328176056,20.4758568666336,19.439350519422323,17.708874620517243,22.948953689742417,21.086824097758633,20.63784195323683,19.217245893229826,17.577584470297843,23.083790268566702,21.27933187852803,20.556982706408384,19.087301296247013,17.610044684566972,23.131053088152548,21.730608720509082,20.736045228777193,19.098648672744382,17.53311328925989,23.674106830799595,21.805887335966652,20.62584864806057,19.168667058555076,17.51401466117133,24.011106408674685,21.887077761784216,20.778274381273217,19.24799763926187,17.412417818742757,24.04802894681943,21.819100286777196,21.023944059125046,19.38781795206455,17.462824171723142,23.874860059458562,21.9147566271265,20.943475473783465,19.46297402847958,17.323019390202298,23.787391829812968,21.592512259557257,20.829739233517213,19.325068303185684,17.224687483037247,23.574343448914686,21.593219445922728,21.265029913746822,19.375789933734225,17.230649752175914,23.118869745967025,21.357331280511836,21.29536832350297,19.438072186808242,17.24581897304217,22.982474812316553,21.390991243814902,21.202646862032083,19.419646183770887,17.234723008738154,22.965838979278693,21.22336552816633,21.241176259596962,19.36039540000466,17.35443208505625
23.622386948642866,21.705081628632662,19.927448032039393,18.95890437898301,17.189229173141392,24.412564446629663,20.626263423637337,21.18416429518036,18.676555315765803,17.6179583826791,22.451313340462168,21.486316726547066,20.518928127976416,18.939998667509006,16.902271507645438,24.206813307003202,21.949875176541276,20.711297215645413,19.543684598666207,17.354523630444966,23.624154252461217,21.299338368785396,20.88349942004448,19.099352561717662,17.3910726373542,23.63382050306776,21.059132746292562,20.872243391510544,19.169606324273047,17.517450432748586,23.573170279304737,21.2983781983361,20.771847840780936,19.470401142708518,17.5083829589536,23.701450564662306,21.169786916451546,20.77404635944673,19.497526208040842,17.630073984148538,23.600609270436102,20.951205948416845,20.841988684569,19.501442035988347,17.658608655020846,23.615399582336902,21.136366572506013,20.54851309909969,19.439451553076815,17.56135516825899,23.405464691685236,21.385177803519614,20.78017954145883,19.413490573876153,17.494781584887512,23.35811148963997,21.285755304745713,20.758289717724303,19.272462117739547,17.43270471937545,23.475766251267384,21.509459751712953,20.854433441337555,19.282955520041796,17.390163444013,23.56530224276282,21.594123710961586,20.853675384415165,19.17516075399136,17.32066993435938,23.61191400193366,21.602587366917618,20.86014453350847,19.20021462625217,17.268212352908737,23.932156599915295,21.58525880954,21.072980182670367,19.33664170371281,17.21396840028824,24.10624643213813,21.760886470666634,21.11331208751132,19.216084357434717,17.218434037308448,24.099574106304612,21.702147489126865,21.136752322675896,19.2809786642026,17.214046131682768,23.987341054790477,21.713982231298388,21.012458215651808,19.19582738425977,17.23443668805124,23.50414313915868,21.501264586759046,21.082506674273365,19.35566125989229,17.174323605085974,23.205745378372388,21.228730196473354,20.948713415869133,19.209359390655305,17.094976645673036,23.002647457535698,21.080901306074207,21.27659112849347,19.548083083897914,17.18651325052766,23.03458480663639,21.08478046429971,21.20056821819707,19.499303606099122,17.169345324889917,23.097490390180276,21.14136835796959,21.11767608956584,19.60803189992104,17.214802624558665,23.435619458396168,21.37735634904818,21.110613971170473,19.41210017216509,17.380968746805337,23.55051476673588,21.391723812460704,20.61056383005213,19.56975588175413,17.54075147421903,23.458449174599433,21.259591164540026,20.43495367504379,19.38779393077351,17.457248395548287,23.26571743946995,20.99108785410154,20.282872049677458,19.40616230484316,17.610206190597232,22.82956409385609,20.926773169470472,20.45545681968276,19.340364752320813,17.64843951228553,22.89006620283866,20.83568592700971,20.457276624824054,19.421525975562457,17.755650547535254,22.96945383632535,21.093773174488273,20.654721208765583,19.197550906694804,17.636704497831946,23.108064898480688,21.28940678782438,20.570903001807594,19.07303350926465,17.643213832145392,23.153038723824903,21.750869589000654,20.74213265470403,19.08950714087704,17.529392122474523,23.694467037746396,21.822510898009206,20.629721400671084,19.165500374531717,17.485866834678557,24.036503794644897,21.89114663774357,20.783709099476237,19.25111945974152,17.38248211930183,24.06594643688557,21.8093120353032,21.02642792456073,19.412453955615952,17.388722946573267,23.88776047397934,21.896290847828094,20.96485271727671,19.5102715391124,17.258798246211185,23.8099696791904,21.579370075779234,20.87648689622622,19.353519743726505,17.17521365616359,23.59582558971473,21.57891645405258,21.320075083883925,19.393130572578137,17.18505315858198,23.133894837054942,21.377813282408063,21.35189950027667,19.45115668913053,17.20680287429788,23.014789997506856,21.42580341633082,21.26272369469531,19.417428151441793,17.226840013481144,23.022983129213042,21.260835116239498,21.294479515606863,19.335194664665497,17.32308049428207
24.501445701352107,22.2934739327816,20.88856430755435,19.597035315695702,18.282343985105932,24.960551922888357,21.697586274128817,21.67079934673899,19.370019922334134,18.97941726360352,22.935588118243643,22.24380926760375,21.215338303879555,19.85216976635422,18.151315220644193,24.938798967954348,22.160607498692617,21.140290223375825,20.537575306228035,18.1848130615609,24.36222902787965,22.03161195092212,21.528536842676594,19.798265153863888,18.579754056601608,24.377231190841925,21.695890826082017,21.460687464928856,19.902317299217877,18.68546871679262,24.37914816241659,21.750204386163826,21.453546548256053,20.096347882034898,18.549181097883675,24.525434436440054,21.607976767500517,21.225528568674758,20.0286351577632,18.597155215072057,24.452393790731303,21.520176578386565,21.30044797565558,19.952114927906642,18.64119831128809,24.336015512474972,21.57398930220877,21.10467780588197,19.94684053513557,18.518260657601875,24.308494959858695,21.952495716991713,21.23595226247739,19.82282369418562,18.499654020898653,24.357928188046415,21.95641984085794,21.199954983236136,19.75959456808328,18.537546233337064,24.555022034411294,22.26325022146966,21.56270135510907,19.824955799985407,18.49569854103969,24.653965228738922,22.271292960530275,21.613219381635517,19.764351441185,18.44008195730833,24.872133634375718,22.428926355494042,21.56205662379404,19.83388228178792,18.39116040158174,24.963086528500646,22.437412055387476,21.850044697096443,20.0312832052389,18.264984263737453,25.06044072931159,22.51122815168845,21.839405457492386,19.95334618354861,18.220910591445634,25.133073548690007,22.299190686976527,21.79131593123565,20.028305694436614,18.243941921262124,24.943209291344317,22.269347337608828,21.647205666650315,19.983856946570462,18.303477703074428,24.58246243436887,22.02966648836344,21.67505775407367,20.10965298620217,18.19730262735868,24.413718276813103,21.947324249527284,21.6102492368189,19.977499045249196,18.217755562257103,24.333364381860985,21.88730698709267,21.864424971312847,20.2477172850852,18.297001181290753,24.300660994729732,22.138787360398723,21.818193022030414,20.150316625156808,18.362570332849184,24.295278473618275,22.199169451190546,21.83026004149151,20.17549436758773,18.391678913215152,24.565676561590685,22.43966308871878,21.84580032230312,19.968394562097053,18.519133801106726,24.7113045367387,22.413180022811922,21.42288523817748,20.01879600211514,18.580785082936178,24.400248970909036,22.4429442674352,21.29054990779461,19.843218519947456,18.46169289843027,24.255196018319754,22.067636742342764,21.15719859822557,19.879615342224962,18.635743748827103,24.202775544016426,22.15975109448615,21.293542882427147,19.908877927447527,18.609356007214128,24.241668040439095,21.95558546345314,21.249837369740156,19.875232807766306,18.624345417331284,24.224596095656867,22.08645546704999,21.40953683530638,19.839233237747987,18.60347154663875,24.56347125743529,22.193942546024182,21.222512099947444,19.72899775803221,18.610914291373017,24.521548620798978,22.51451303637017,21.320866878801702,19.757973735610605,18.440972215575233,24.728413075706385,22.449077408268106,21.170016996241923,19.81074213034313,18.467837889091744,24.761206883022304,22.47120160195368,21.12095380007731,19.9126829541783,18.46768975208264,24.767446576559795,22.327207688888297,21.265290707672644,19.92584671663542,18.505432425065344,24.557324414350152,22.287225768541642,21.376471569845922,20.032940685830134,18.491394073569904,24.57001767480127,22.013412397423913,21.31976216065565,19.861485287502006,18.397425739684373,24.411203773059142,21.992175521688136,21.5731352410124,19.8135843564364,18.35445659041183,24.189104024900512,21.968043222692234,21.746276706283055,19.934416928040996,18.38004491452653,24.15655839423822,21.97145823046655,21.485993470884022,19.918235492877493,18.353203567409803,24.0442874515616,21.825865793176522,21.553654812453708,19.80415081830079,18.48387372700373
24.346420912073484,22.64757593756119,21.43434262248802,19.46487845772334,18.6304561802431,24.281108126801286,21.863705357549716,21.623602816871923,20.103305874575874,18.767005825559632,23.45712380973762,22.36021292536125,20.96377827609955,19.898412559700926,18.766246737776882,23.890135133960896,22.532742719859083,20.915752883735248,20.295144429033076,18.97117534718084,24.235434658890572,22.313681946224893,21.364395828603303,19.986587319341307,18.937853276311785,24.285043906090227,22.063992387680468,21.170069079810368,20.162546610367077,19.25189420574904,24.486198785491823,22.107027871255866,21.11907469377328,20.160429424545516,19.457504954251707,24.64539566058838,21.98947012633615,21.26262383615229,20.0531011881354,19.703985644047446,24.69522213172096,21.858129550626792,21.438286345118776,19.952758735783526,19.77778904666679,24.53053754973667,21.697164460487887,21.475763618023898,19.933500220965385,19.870994118678247,24.74413441924243,21.870056523400798,21.765512825611427,19.888834929448755,19.63513193000832,24.737835153822083,21.85726300697888,21.75767369663846,19.88113859075903,19.522104789828127,24.908612182413965,22.130265951205153,21.742706211336962,19.96679972574199,19.358316266222186,25.07973861755052,22.225603739747914,21.673226035551533,20.063499087008974,19.35020012470407,25.380905663913843,22.492506026661893,21.61660946459088,20.036556030978886,19.161988581595043,25.295888296873333,22.544681618343752,21.692950752897005,19.960803504658934,19.21572999156496,25.13726065554452,22.50931057352698,21.63413910568592,19.845205651097878,19.19089634642245,25.280928075631266,22.30667435415298,21.471990734884614,19.89012035923186,19.26688841473279,25.108665691178498,22.139360172545956,21.384197150631316,19.844538128334698,19.206836951782094,24.802380742464724,22.000927697016294,21.17653582111891,19.911575235412094,19.235069518961314,24.517492696638776,21.81676763933874,21.023774038058846,19.907475681529284,19.18223166530642,24.910292150316025,21.872832410754295,21.21491644957988,20.014774423503166,19.28371070803766,24.811983514471486,22.136789206429956,21.264438733958148,20.02383916547206,19.228371782549342,24.969719258554843,22.28900436073107,21.384094464153463,19.958809880872753,19.349089005480742,24.996333486480516,22.451840350391564,21.636887093555295,19.871494858731907,19.286549964610934,25.234875893635056,22.523974090008547,21.540253310358363,19.770426149034588,19.225876087404853,24.730162857374445,22.611402354306595,21.596057286611863,19.618092373729368,19.087546503784523,24.588229318357673,22.355967732671505,21.577638308376134,19.673541202459987,19.18369026468971,24.81800168405516,22.38021675514105,21.545587413500954,19.745577546800885,19.17331138601337,25.003741263138398,22.060902409050136,21.369697375642133,19.741201268637536,19.240034415725404,24.874654678623386,22.018672216133922,21.42570972878752,19.85497198421367,19.32431624468756,24.75073146401465,21.960710512803043,21.213292851264196,20.015891266336318,19.369773643334213,24.69055800655849,22.16803199245677,21.303089864971895,19.967970242744563,19.290011453229237,24.403726686992588,22.11956757034014,21.148596246202423,19.973391830702028,19.30595301763939,24.256474127521344,22.36056330952629,21.157677821400533,19.98176635566647,19.42577569749006,24.37377500293862,22.380344287846714,21.145028607767863,20.08033982009954,19.419159617790193,24.59585825115699,22.366910746668488,21.260313084459177,20.045175883110765,19.41575786647713,24.533875672983292,22.0857836464922,21.08533240938751,19.915998342862075,19.399241277260426,24.56684325371625,22.06714141207606,21.419208358005402,19.91069360445813,19.197829377066807,24.300245935973138,21.94265756759902,21.45122244060763,19.829403902833505,19.00675351679594,24.272701952735037,22.14895289836803,21.308591045292456,19.80347702599776,18.981413264366,24.30963250790638,22.176039506895698,21.29304232510536,19.812383209431655,18.96168706351154
23.926167334372533,22.586814417333215,21.083324812565188,19.25817256559949,18.71888694201434,24.313423043745463,21.354692992654517,21.430361593020834,19.832468213731516,18.606669084500698,23.604596597761347,22.222413571109307,20.678685245963187,19.37409119591301,18.508538637873528,24.012704806978775,22.49680122279927,20.996283384144032,20.115324627241304,18.8825825447606,24.101270897465675,22.159763333939868,21.18464902417465,19.74568681195065,18.83613354517862,24.168304684152893,21.837179974002417,21.10411279772974,19.92940172240017,19.08989420047012,24.206202787786808,21.8077326663458,21.088228400446546,19.95063584473878,19.282885611017296,24.266467568035843,21.695550543515047,21.250761066454267,19.954573166856395,19.571391713404335,24.276594679535876,21.541472572784944,21.31485744536973,19.83486799777301,19.598296444047516,24.083945814725865,21.32498158464646,21.356971585157606,19.765431375835682,19.632850508787932,24.318143856289534,21.555975234617478,21.545318106011536,19.745124681393257,19.46273616662075,24.392961775737632,21.69320620101177,21.514407144150265,19.73521901020567,19.369466522678923,24.760063002227003,21.930084307886624,21.521461017988734,19.77251900990043,19.156578524054297,24.90318108709337,21.962816049122335,21.537311219146495,19.897463022917954,19.169420144248,25.29899874759878,22.27269179900828,21.461463320359215,19.887861386522083,19.00892491432813,25.142526074618893,22.205163910742492,21.541005352086877,19.804561005728328,18.935160364810336,25.04991461450744,22.176529968396167,21.491182199338603,19.69066818927679,18.86672387222628,25.033471772650707,21.960164632738636,21.297924954709703,19.749645132417886,18.947149877955997,24.92830953348979,21.86492912535709,21.206277267064355,19.65566437961524,18.919474754011297,24.568899396426456,21.6832680104857,20.93490947518349,19.733763218850626,18.947596259628757,24.437100088631375,21.632719052973243,20.79557045592713,19.67352770628164,18.959315069459556,24.727108730766215,21.667766165645148,20.949271854440664,19.793530033499586,19.09523282427438,24.601669526326337,21.863770354776477,20.996608059751576,19.813216442487022,19.023613940453014,24.72654099355926,21.983798647771035,21.056545012129256,19.78870083554231,19.09771751547607,24.824478848372344,22.187101110455085,21.385013208362395,19.658950760968214,19.05450400601844,24.989958202609568,22.279576996660136,21.32384873361293,19.5727813852217,19.0153853386183,24.56620928299352,22.347453489751874,21.430217298917704,19.405843498921616,18.845831920307248,24.427612426526682,22.177631510378927,21.37245467681361,19.469859536892873,18.96597856569334,24.490577995280287,22.260069097170167,21.3918035835337,19.520667207429113,19.00050076152545,24.73169925320607,21.97420308734779,21.202962971362346,19.538947402615527,19.046190677569353,24.65642479237631,21.84342828455216,21.18609537385198,19.633508740120956,19.055065498108608,24.581174447371716,21.780916067176197,20.946266564428676,19.841961670639318,19.113666352169048,24.572159060661395,21.947398250036866,21.080574007294878,19.75908441079207,19.024277067262215,24.432705627817917,21.798020673216044,20.987065061264268,19.794760661739094,19.01962016158148,24.182592686354525,21.99016916299766,21.000132878599672,19.827613188983364,19.111374381331935,24.197575001593854,22.11342818235051,21.09760884703888,19.99506487918038,19.16641467261568,24.35528466236105,22.13495605938758,21.204707923611956,19.928377900974514,19.22436035225096,24.30060573256838,21.87969176807868,21.04458431368061,19.832985890302115,19.228027045425243,24.33716507140876,21.913512991059452,21.29636933272843,19.803012108614798,19.089894206179213,24.11973020901808,21.79521970220842,21.308984627553706,19.748815524547393,18.968792893558646,24.127486910665816,21.896899716745605,21.122389714219217,19.70916085511616,18.970640767423788,24.19766370885184,21.89887796335582,21.153228489212246,19.69555019306747,18.912160529076278
24.155546142909767,22.192364043715223,20.8638674899311,18.672047115094774,17.49573534818972,23.85348752375099,21.45015633498671,21.072010518488224,19.27337242489002,17.726569177537026,23.755377704711204,22.38677263593706,20.630582150115806,19.099892310802044,17.109559383134847,24.199858527816854,22.52217535698773,20.690730261600315,19.802059801627436,17.58164536785818,24.137555004282625,22.110593756480124,20.97045748428935,19.237277300997945,17.593628622045863,24.22945203120207,21.89054842112485,20.83478644130009,19.368781375048542,17.798547951299412,24.459897189961843,21.889652781505823,20.85669753186345,19.39007924918476,17.92358684673476,24.580066229607237,21.701894944700314,20.927161671420087,19.246163932254724,18.166637471412287,24.769339197396626,21.46354784374488,20.938819181466858,19.08701733292228,18.160611917484072,24.508051017581543,21.32573174454628,20.916120322415964,18.97927123122188,18.257444686925897,24.70311255013922,21.519458032524742,21.07646355126645,18.97421572204039,18.10929388048195,24.686983230789032,21.58701513310152,20.93479129273556,18.949356554363714,18.073783333377683,24.756647695246436,21.82516006862168,20.993002589794095,19.022912163672906,17.883770733319626,24.735967885045085,21.98330994524928,21.05946288254865,19.12174177443606,17.94103105821403,25.198565533791555,22.261332874249796,21.043761098881664,19.1892985769033,17.79359693043001,24.85460058076758,22.230498998501503,21.204834236590976,19.218084130648442,17.79711470983464,24.856864214647523,22.18290093515022,21.280850038919176,19.09883385313363,17.685916626500433,25.065988508993467,22.04279461605265,21.12023163152142,19.174678676126508,17.81558441488287,24.856045321335614,21.89176479989943,20.9971624237015,19.144028278587307,17.811162065175807,24.50341552475513,21.70369728024748,20.771830547159116,19.25696647049895,17.79819593917922,24.45289787846309,21.669295787730654,20.69045519832352,19.12870579009958,17.765425780070565,24.67509350464143,21.763379371454285,20.869304329245104,19.330165570589692,17.853129393797023,24.50944874679485,21.936133468583893,20.8346401609959,19.35265619653942,17.791862004180974,24.700797514795816,22.086037357763917,20.95155703455928,19.29492752221541,17.817167454935674,24.791858871800063,22.3252220827017,21.214462912080272,19.14893220164831,17.813529848254632,25.035273866085255,22.38630009512797,21.049545634808972,19.090788592756574,17.74796096800363,24.750697918266923,22.40557205592111,21.049124961103548,18.922228215468444,17.66626757018315,24.68309616191645,22.249743632314726,21.035465108233986,19.038398200608746,17.794099295805758,24.602027888285868,22.313448350661556,20.999677132742086,19.05651064423407,17.85567943285284,24.577440194593954,21.890373520793542,20.87261882121616,19.035973914476966,17.863742423284823,24.545997906294165,21.674386977193773,20.95553648374719,19.152103920746477,17.884283333917928,24.368571125233963,21.64084309241166,20.74497200699897,19.25037867327128,17.914188662396903,24.237032301936427,21.74477552667782,20.88264429509507,19.17025428917113,17.790366080928614,24.305485499934388,21.54959410102045,20.737656425575288,19.17486757212789,17.79870499538321,24.625071894573242,21.84749258487185,20.734020447433657,19.23366413988216,17.846690848851143,24.62400424657288,21.99387073896016,20.73901447791045,19.325169432795057,17.870386494716023,24.774177056827334,22.09506902535617,20.9152436711857,19.27844734645374,17.896237398493987,24.802053655382895,21.91010077700725,20.748086842899138,19.07517772692362,17.916592060686895,24.805240106381515,21.953491903402362,21.13525317859678,19.048120531963534,17.76203201319833,24.331647730197723,21.845827653681635,21.161717086547828,18.958833027518388,17.606889300848014,24.305413377916956,22.05429969168197,21.03867590238732,18.882496798072346,17.616946340894298,24.309047840464178,21.9573849309747,21.03259539030538,18.829262337867227,17.528854539642662
16.9061088474526,14.818785381898344,13.619824500993854,13.276052310031522,12.542321993117197,15.80926733827203,14.67138544870067,14.275232560183541,13.500759932411496,12.837240406440362,16.118228097962422,14.896409929196908,13.649057041883353,13.694181836512227,12.252822116840697,17.450137165663865,13.370317441002017,14.045428523789994,13.532713299116756,12.668718286065655,16.42000999956536,14.45284804703341,13.826369307675401,13.447753150409023,12.582212606119143,16.39474694776079,14.413007398604876,13.841232804623862,13.415184737952753,12.64040720460062,16.652048897247784,14.397957309608225,13.689466769496585,13.443490621512556,12.567595377161698,16.65816799087601,14.176596697441799,13.716851577041831,13.374332426013206,12.682324552573405,16.575394684390297,14.341690388395898,13.59551200532268,13.31190815541172,12.677886841555235,16.619601431235676,14.308410752574218,13.668131194790949,13.267587914345125,12.638344070272272,16.399475486821302,14.138593211323052,13.689226875387666,13.317683171219329,12.566973428315997,16.050954504606977,14.16915004199451,13.827663959285838,13.243672073340335,12.566835879191201,15.955785658533767,14.241567970832566,13.868887616738016,13.17668400344283,12.505439247248527,15.845499005337732,14.218322647124328,13.877472449226275,13.120680850344428,12.48959277211031,15.798507827115557,14.307493910803155,14.093243881049148,13.170608117527674,12.493594185641047,15.792630578265394,14.25255683157486,14.166689040448173,13.24522728004771,12.58646198629867,15.858255034430737,14.314594675427141,14.173590642129577,13.261952079624436,12.678881212715472,16.1164647357945,14.178848200642221,14.191753690043987,13.165114658416638,12.634187744774108,15.964690009552317,14.161434198839348,14.266916660190745,13.175737181896187,12.725361414307088,15.983912888562909,13.956383246783844,14.161311883016879,13.234865192676946,12.784926107661272,16.155402608102953,14.20013926579449,14.132590763111953,13.150496842413412,12.699806874430733,16.24910444233173,14.03751537693498,14.116388200449299,13.104413608629542,12.639275288532819,16.007292266080935,14.029432465453093,13.987736413480388,13.280129281597672,12.72338926551427,16.19113702935756,14.182275434461294,14.039584786178732,13.32558048574153,12.720831714815517,16.311809566176763,14.468339731110794,13.997758844193111,13.296713962646882,12.751635745980021,16.464841825431442,14.491039200271842,13.992566669227656,13.273402837447975,12.876191913044911,16.666888602794053,14.416903615864381,14.076946721294613,13.339707585357408,12.904600377506474,16.77676884839233,14.42057701439784,14.069730332702784,13.291662758526252,12.908668589126393,16.47256888332239,14.495105251622999,13.864332824177847,13.285116844880644,12.822838516132146,16.235672106634652,14.358545328932351,13.746107028468856,13.28461122149512,12.775900648365333,16.073525010686232,14.243709295079062,13.622273999355041,13.290239581026091,12.698991543861496,15.585621632331222,14.482146271517195,13.426259185313722,13.202373380979115,12.695448904518283,15.413282598248918,14.747300032126114,13.47269401130938,13.326355693126322,12.686661687016684,15.456409103900992,14.657024267716144,13.47715863120143,13.360200833538595,12.78218888615304,15.624010652151693,14.716513431489513,13.56410255169369,13.365241317782443,12.80635108263333,15.37008331520667,14.895208684635548,13.648786142382628,13.346499689485182,12.82986544938366,15.40622217236454,14.826865403026147,13.725554581424456,13.432490159386765,12.886254980614769,15.691479982569437,14.652993695262989,13.806448427992933,13.359287457231568,12.89810481150225,15.951498850091763,14.715653736264079,13.897619285149712,13.209676573630173,12.88603469530415,15.918880743251211,14.630005272793312,13.843699977916188,13.098649106758387,12.808974596283855,16.143859271703793,14.425188397436951,13.860122222121209,13.066211565630681,12.712086526265375,16.317259003134353,14.369570305862847,13.76833992365231,13.036019445625731,12.605518576227952
23.557213946016567,22.05964118730672,20.298191680527854,18.504121963425934,17.311049693805632,24.121067328971872,20.488462439508368,20.883706283191643,18.883004588411037,17.616428747169515,23.20515305579539,21.473869191997853,20.12257703502591,18.808502043389606,17.109104121267904,24.30623339162672,21.773753320719592,20.746148498808463,19.346326823387606,17.206902008170918,23.854961083517736,21.427233972432063,20.761962559064248,18.82795816002666,17.4198283090876,23.948394899628646,21.175673986321264,20.624715200638057,18.909494003540388,17.47680897529679,23.95534695211527,21.432273466524794,20.5578564216095,19.027394984609288,17.46416449071707,23.975620899761473,21.355696068684022,20.591391319554063,18.992804928442162,17.483010163896015,24.04517205135081,21.24721094126896,20.617921373034278,18.943448003594078,17.523214633929047,23.99810994748214,21.33161196117025,20.423284778951842,18.99431629760202,17.433816400157063,24.018954275438826,21.47598959618191,20.671152344011368,19.020561754980616,17.393791277297783,24.13881952998316,21.39650829824138,20.629188609622943,18.99537989479223,17.4104904368662,24.315397890330654,21.553281735951025,20.82698962130278,19.07020034004417,17.432825025089073,24.256992927651304,21.491721447127926,20.88203122066685,19.073649872564552,17.39345536206313,24.357160230094955,21.41330586174651,20.889390460000833,19.0877457976205,17.479032576783332,24.213275693683322,21.47386497208432,21.03952293040046,19.20659599252849,17.457114031498662,24.248331543072617,21.45867113008384,21.072902904810924,19.0921483456789,17.42564409710315,24.21711793725977,21.337498680891898,20.946203861255178,19.06927065524829,17.464389519528716,24.123483159981507,21.43277748400734,20.769432161570823,18.97297961444527,17.45371471423107,23.900515792542773,21.363090719430414,20.652097602350842,19.08677658228694,17.275449825876102,24.099077943150842,21.193575218920948,20.465595401591298,18.925591026499077,17.26286484287087,24.063331817663034,21.241198073515978,20.747661079193243,19.09531715126145,17.334595423086547,24.19827334495882,21.378469969531153,20.676370514133975,19.050740838794695,17.219629756521638,24.256256510693778,21.492194615558994,20.672312715337128,19.079436675277197,17.360048648788005,24.27166694728309,21.80958160040647,20.858479852149372,18.876665042677907,17.454175387986485,24.323895841070147,21.840067628505075,20.559872073713418,18.997639236233574,17.514217673279482,24.13119082687515,21.851035222309292,20.49220792971878,18.889921486018018,17.400568715171033,24.03874456430558,21.693409361140553,20.350501277083687,18.96780063476926,17.620388550691388,23.892659485688817,21.730244819635224,20.419270923935425,18.967027019100975,17.56493930222839,23.914204552389855,21.39596771421869,20.368254235965896,19.017080983997264,17.6292316026607,23.77826305852792,21.3799747610534,20.635881023553075,18.936808031906025,17.586045188169685,23.82129247567335,21.43106799192818,20.529277439813097,18.876039841291195,17.565316989359296,23.606592479370555,21.566678392375394,20.710041298553172,18.954842478561183,17.46497234646707,23.803737511023634,21.41630219929085,20.640584239237047,18.97515695865528,17.528965206263553,23.779623415316227,21.540861425403325,20.636916117268278,19.084944339517,17.48004754749919,23.82161169494497,21.559331794255236,20.682181254081126,19.117473284270467,17.405792953577134,23.804224695798418,21.582006665953564,20.682401306759978,19.154617730753348,17.392724757386354,23.799892011052464,21.395728622069917,20.634113490691515,18.984500967724838,17.37190590480003,23.851847350384098,21.49861946937718,21.05941058940226,18.961178222000274,17.343743398948,24.007641829619253,21.390016601305746,21.102615575583407,19.017271129318985,17.36532966912739,23.992651829086338,21.597939693630504,20.91219324538228,18.987125110956605,17.368056813924817,23.97046527893369,21.308035133620535,20.889076974425386,18.929230024151916,17.43989611534098
24.11356351796049,22.06612615048508,20.360294346033314,18.697597238479993,17.72889753264939,23.948094269006603,21.016566960449268,21.048394622855234,18.933031847150616,17.787195893702396,23.306227919390917,21.792201534728306,20.42309288479342,19.103375410329328,16.97408143256812,24.36251874998988,22.36110929084884,20.71768074051147,19.768859663255927,17.42262434288931,23.930496042360154,21.73187069245098,20.95582577174139,19.169354864183028,17.730465545220028,23.964665525514576,21.502471844315338,20.879580187982395,19.313002690128563,17.79347402104826,24.143790462869397,21.67205819321002,20.905409080950957,19.473436694047827,17.858140112685724,24.321387865347113,21.570614566495077,20.882200327407737,19.404164148398813,18.03839927839846,24.38467445285169,21.32246891576994,20.970125578545808,19.36998765734533,18.193571345067298,24.3801829629434,21.351601508057122,20.76728763452606,19.29796742709967,18.01343348607608,24.400525897127086,21.5066652805512,20.98813146305114,19.262895135648485,17.98579655987322,24.438254417941497,21.442199218251538,20.940235482825578,19.253168360563585,17.933462699388322,24.456853553210824,21.604790299384405,21.128898196791205,19.346513945653186,17.94382313426241,24.5169535459673,21.66345766383221,21.131224043550475,19.23239328505782,17.835393482702365,24.72211952682118,21.768018154586077,21.11156888863198,19.301950432234,17.84362477135168,24.645270225117265,21.80956041358389,21.333141037225364,19.435820491157667,17.8343365659258,24.67999873330479,21.878230997619834,21.358492693453424,19.246892693108617,17.813006254448435,24.91839293039474,21.7699351614428,21.30663770851486,19.310003091459286,17.830466890491248,24.703267270737925,21.78684942584254,21.124230463279254,19.30319232265853,17.885003717748937,24.242938833226273,21.605278006138143,21.112251168874575,19.41239604622265,17.79771607839399,24.177144978304618,21.41746108790045,21.033764116715542,19.315263084577303,17.764474261506244,24.17198993680777,21.34918491973504,21.245146453139284,19.64705497201285,17.85682108429371,24.00126162886309,21.57765880862243,21.23990599811552,19.61195995655462,17.90955515658019,24.101469940087295,21.67208716763495,21.249608911122976,19.646051451189702,18.028527861294844,24.401075699879666,22.02335795069306,21.289929445714158,19.476386159220517,18.177510308257474,24.5138486200582,22.158035871580932,20.91815515770586,19.54866091696682,18.26964297376258,24.40685617620931,22.21107217769519,20.86467917597516,19.362391490968538,18.13650414234655,24.35990007771047,21.939197608529756,20.746094278406783,19.35309312318331,18.308092526278692,24.274806834476948,21.95338783245154,20.956457121795125,19.35495594381743,18.27537962119687,24.28062135099679,21.587931166812385,20.95648782127243,19.374515946504637,18.331144495503256,24.34168179295488,21.526058617651852,21.074091216450274,19.242889466841383,18.278132517093056,24.32536456398941,21.530320103533676,20.881233118051888,19.196832429605216,18.367266410803012,24.14915952101203,21.79407523933356,20.978522537563304,19.2575935181086,18.21043733342065,24.295910958312795,21.766702880155083,20.879424454179457,19.373995970044,18.273765410439356,24.337084116186624,21.892782999214013,20.89955732661742,19.443193513550135,18.218287659389084,24.38324477407217,21.909722374993972,21.04538769368524,19.510491904250685,18.290490695770863,24.28694958722667,22.00383434155226,21.14242146265804,19.530462603091877,18.235678372256405,24.41119661859714,21.776841735678428,21.10435425667279,19.36584640423453,18.156435509340366,24.386903546968913,21.636667651003684,21.419588422434163,19.30468791184264,18.10396695821742,24.302872183577012,21.51690905701171,21.502195302326978,19.449312079803796,18.147136896103945,24.227808389819977,21.677730516827744,21.378184114416353,19.47120167768734,18.08189084361242,24.328563766251452,21.529422362746057,21.39362463296402,19.39503897725321,18.201263416857973
24.247950328372166,22.235470184734588,20.57729079672541,18.928089472506517,17.989887826756057,24.305399232275583,21.137199243233205,21.282673117879945,19.112824805893343,18.17500013158751,23.56385569539868,22.184245435849206,20.83713526618579,19.449905920466982,17.27771739934483,24.49698445799285,22.569829740280635,20.804530363212947,19.986801853695056,17.75433855054128,24.14269439299054,21.931474437683516,21.17988236339759,19.424244672348706,18.04508626422558,24.194456757447504,21.70281782041489,21.098507049029685,19.576803773221876,18.112572668798233,24.303476969217563,21.873087639269187,21.1247059655297,19.718466248569268,18.15173994995697,24.426967454587235,21.732559058996436,21.02572157315055,19.612790010028522,18.326678758407706,24.46488390470993,21.45433324477181,21.098047221212664,19.566034006943077,18.478654443014307,24.45601948678631,21.51747462919528,20.917406015778774,19.483129110062414,18.29711709705792,24.467957008890565,21.694695069349393,21.13850037452058,19.42117749801411,18.275198122753135,24.5270333166011,21.634557358688564,21.08558945072391,19.43515097725891,18.241535611095284,24.58744453813123,21.81697374869546,21.318107773777662,19.508366400898897,18.256261225300303,24.6944340006389,21.8893205929339,21.36888809634649,19.410377463390553,18.162722323571728,24.906203164603163,21.983656816857014,21.312576442013757,19.456691651139426,18.207945722020135,24.83378188953365,22.00793768032454,21.53538707273779,19.60707691079235,18.211206713691315,24.872069837580213,22.05980278048921,21.55652321127729,19.425421390598252,18.199522203812,25.105855381396733,21.971341363401315,21.465160101820814,19.529681950015224,18.202024320934633,24.914743024457913,22.019411777754907,21.28521670665212,19.52076016699734,18.2869240269738,24.51248722183947,21.894153916347925,21.30031589962922,19.651060811834874,18.195324853661244,24.45297517393262,21.72890167479177,21.23728685334777,19.54469516119631,18.173231126236153,24.44208804616546,21.662265456142983,21.430932914811994,19.87852662372018,18.282615433192966,24.28005069780387,21.85137980593704,21.47899868970911,19.85408732198626,18.363199160019207,24.332782243734233,21.870062279739834,21.481921162558173,19.895262453242406,18.418344589633335,24.58357139100939,22.17256606444861,21.5121843431895,19.716929306628362,18.538777440492442,24.71447938377987,22.319954238965842,21.138444569419136,19.76959582286796,18.604336765627863,24.647964547164413,22.38900764566965,21.071099460617255,19.56505476990645,18.435845521323643,24.629460952621454,22.07445955573973,20.95694275350916,19.5740710093217,18.604936864597487,24.498485360308834,22.135667311433618,21.182494546112828,19.588787639081563,18.607242842914246,24.539062295197528,21.762007141773946,21.176125052710468,19.60681988668908,18.67130067668105,24.572730739204705,21.701140693064836,21.260817023896035,19.503552091290207,18.64858158968555,24.53560770619082,21.73438527222519,21.06392990363083,19.44803098262306,18.751071240845,24.34589702792367,22.02294594837461,21.132198410558992,19.460063613442053,18.579812949315215,24.550210709157238,21.95626711086474,21.012506637701552,19.556630228981838,18.61972550630623,24.567551372209646,22.051644508260043,21.01895853586629,19.63815169488525,18.566425173279754,24.68347875322413,22.031095975004018,21.183703842150987,19.69596063345713,18.633541627187107,24.59170513248217,22.102931221928294,21.310899256511824,19.75848922204897,18.58528643652424,24.660531555292714,21.875004816462297,21.27635264535925,19.59955045739026,18.507373399529918,24.61262010906082,21.78603252103539,21.54933229738984,19.571366743285576,18.48224508921735,24.53858422838038,21.6452778460201,21.62621906765353,19.68994477576903,18.50953394980366,24.395434501317105,21.789007685806926,21.45863602486611,19.740424890989924,18.4435408121867,24.514722147270362,21.712607907427007,21.4867077347434,19.639000499804904,18.552385450651812
24.179593825708608,22.247242807202305,20.857644307380596,18.629841736971255,17.481360535501775,23.85415626097857,21.45530872365684,21.036596562362526,19.269474279789563,17.801751652630514,23.806843914179414,22.38191248828727,20.634510713582856,19.073512454897216,17.10350530591712,24.22639793378661,22.53760269107628,20.625580511470673,19.86584980206579,17.564872632947523,24.163204151798325,22.129913285628486,20.95023389889623,19.242732148735385,17.593667130656687,24.257272340492477,21.90051771913071,20.818975297751187,19.369897401800422,17.794912046550266,24.488930629904758,21.905743044704348,20.85852452144197,19.385699468005555,17.887460203037406,24.600666834497204,21.734443515294963,20.91801359174678,19.236022682584455,18.13148462979155,24.7906993527519,21.488068937995887,20.944026664849552,19.062763036319755,18.136665238481147,24.533566368345145,21.344276918344214,20.92675157548033,18.9393419017375,18.244240380494304,24.7264582517769,21.535546258215295,21.074466928691052,18.947111239651413,18.08619527920641,24.716651273189818,21.589362362071263,20.92826481806135,18.936906814874472,18.077740539386294,24.791670008969653,21.81007395256904,21.0012450781911,19.030207511373373,17.89545464904393,24.7734933818329,21.98449465431045,21.074987602330925,19.14971918180021,17.950309149385667,25.228313883920087,22.274333570291795,21.050934212459843,19.231766902475567,17.785906218779385,24.87685172192235,22.246092126613163,21.222510740912895,19.25760111326389,17.81641303583482,24.877253071943716,22.222976854512304,21.292783148061268,19.126997104126463,17.682450512435345,25.08091853665848,22.093708986175084,21.130419432354483,19.19011900041368,17.81419154226266,24.86874886249027,21.928722467790074,20.99489204897778,19.143822883669888,17.821024112123705,24.522423133336126,21.72490037740245,20.763344791100835,19.249447058744476,17.800206961748124,24.481949874193578,21.693351172097483,20.67803632930771,19.12600789169492,17.760219128515075,24.69940574800442,21.77881432747045,20.860558065498225,19.331380841177427,17.876774085237667,24.5445742600598,21.93948178659325,20.84589785178356,19.349236944897047,17.81068024434101,24.73642926960945,22.098836743315864,20.955953941447564,19.30080047559534,17.796606418648025,24.823191203249923,22.33797922365344,21.22710269663144,19.166672603996698,17.80172607909946,25.0655243427126,22.395926145895196,21.0630094094061,19.11301383131181,17.7463419279108,24.78020196888974,22.406981939928507,21.060476387458845,18.949667362833882,17.6483837127197,24.707303262576175,22.25140606587754,21.036516004755665,19.07671666692867,17.77139061599058,24.61967135777947,22.303847994187596,21.01817862819629,19.069136212958103,17.84376361983997,24.60192427351322,21.89967292682355,20.891617111597256,19.0459155508967,17.873229241678892,24.570090445009537,21.674983066366504,20.974640161162874,19.176867755527972,17.882641716794865,24.391221254003103,21.635797659228793,20.754530416384533,19.266259514994225,17.916301784142426,24.251561137592283,21.741750100458937,20.87730401104131,19.18314848219412,17.784547959740735,24.327892508693985,21.55740296309032,20.726886027467344,19.19686351555307,17.814078904922365,24.628595190790982,21.85051360722321,20.723588445478185,19.246033962898775,17.857210027861253,24.626206900701415,22.01368056305957,20.733650114469974,19.32198005701158,17.865391593160645,24.784869177933437,22.124246865635147,20.913409031885344,19.288919288298754,17.892832499290925,24.80876585650396,21.935834157957522,20.766754417627226,19.095855864695192,17.92093668098896,24.80225380226413,21.966288010900634,21.155850291318963,19.075974643757327,17.755167307093608,24.338420496906334,21.848096986772113,21.19556136867938,18.996083233179395,17.58698577083485,24.31501263261952,22.051925022597327,21.069000302478617,18.922770318460866,17.59479269916631,24.32166205140777,21.937558007372814,21.068757874969357,18.862623404653093,17.52574950439163
24.142522493754033,22.211085773420862,20.89059491357916,18.664925896570246,17.49640390572999,23.82900471575527,21.3906417605219,20.99585858912787,19.27440390446819,17.746101526497274,23.773863878797023,22.37519433676724,20.65926834263816,18.993874299545773,17.209630250004395,24.23616216046402,22.551178340783697,20.653006002868864,19.78109838664988,17.623217498078628,24.139658979015298,22.118890956992235,20.95836882110258,19.210388106159023,17.6047791950012,24.236244944773755,21.890503802469834,20.823357353645143,19.333320262161475,17.819314554328,24.472619274574082,21.90377651313496,20.862701519639913,19.344441279814276,17.944693841219834,24.58807119785786,21.73432441777619,20.923519602517867,19.222009253895074,18.183502088063314,24.77443539007891,21.49168425712838,20.93798262177443,19.068802700731116,18.1624225120592,24.51949026364942,21.333467848201952,20.92718717679865,18.95628138790071,18.276515925160606,24.711787371903633,21.531209763630066,21.08450314821484,18.962412701789674,18.09565708269077,24.69734461227451,21.587577058082612,20.946517355910352,18.967987060357068,18.04990545418548,24.772701637381214,21.809135719393797,21.011436835930077,19.043676629211166,17.858303312780308,24.748429192051617,21.96505619347062,21.087292202797517,19.15557582647252,17.926544201528305,25.20797983444137,22.25637280662266,21.05309741480783,19.229241419742678,17.79470269183499,24.860906706229358,22.23129385430979,21.21058590194956,19.250649297921598,17.82117163956206,24.861949773799434,22.200297220035004,21.27613434548423,19.108110963266142,17.71249876655803,25.068975653689716,22.06258881951591,21.1042115302264,19.180930423630002,17.83280536469045,24.86194800666547,21.902556682234312,20.986677325948342,19.1442818613609,17.835652173457706,24.512315207671527,21.704636755083875,20.757248152941138,19.25568536654989,17.82798323745147,24.4717835939474,21.677158601819784,20.66902719441044,19.13755216423365,17.793643074438357,24.688790204973014,21.77005825386913,20.857264202383647,19.338639344060145,17.907269861256548,24.528172201852776,21.93950163020183,20.84492890175147,19.35481060719559,17.865131747555562,24.71700858974581,22.10225166748959,20.93903625151632,19.298201904067728,17.876245605740113,24.802542735954866,22.34956508909365,21.203125345920306,19.160900018664865,17.84205084626747,25.04460700379528,22.389961429288185,21.03808874543309,19.1077473752079,17.785632069307145,24.76247020716138,22.410029638218774,21.040957583850833,18.93806380006827,17.658732205881385,24.688013829591327,22.255935127105182,21.02255001766629,19.062309199694504,17.762252549094434,24.604284393481585,22.31611543133119,20.998889875002913,19.06920055777375,17.82071494502078,24.583834050909356,21.894998682472238,20.882200093042435,19.040519713722,17.833780675495355,24.551251226435955,21.692312887800348,20.9662351888287,19.150951194089004,17.84958314787354,24.373826170409828,21.650140101285473,20.747794372826633,19.247430734332003,17.90314777984131,24.24005556258481,21.747771389262216,20.871719069605653,19.167133936885634,17.761305229862394,24.315501601615857,21.55666809495048,20.74601379937486,19.175849580543108,17.780648381258068,24.62747144505561,21.847861384717483,20.742037217348354,19.233486283314214,17.84022841736266,24.624919878628845,21.9930003627579,20.748206815807528,19.31973154049935,17.846860349465025,24.776573763001075,22.09501845895207,20.927203219364408,19.29097512350222,17.863660515939937,24.79635826422112,21.92485083960984,20.774920496096208,19.09606407629796,17.915721344183748,24.793273127249698,21.961607455294853,21.136753981927125,19.074600353224064,17.732004978692135,24.325225388106688,21.86030127428919,21.17060079323051,18.99693222938958,17.586942890729276,24.298588525386698,22.061236563697133,21.064774068370138,18.912937324933665,17.581079703863885,24.3042186360276,21.962510601133502,21.056189292207172,18.853289972365797,17.50388501345945
24.300071259516994,22.07780234912882,21.061536308478967,18.59156868655968,17.330918411238194,24.62520011621116,21.130439402136126,21.393576605854623,19.105590469063998,17.375065109848798,23.91123724741609,22.02512137956485,20.67472020105539,19.07090416047803,16.522798600894486,24.45424986503183,22.868964200037485,20.670159103155928,19.821594561816656,17.412026837082887,24.35201594755842,21.98042426791794,21.137211543035157,19.136744468400387,17.237972895427202,24.503855652676865,21.846751383849245,20.9286314999122,19.287682693585374,17.323247582807674,24.624937179618307,21.98780761237749,20.92527361962368,19.29498170402807,17.417854505046186,24.756390449117678,22.000807927916274,20.94068486900191,19.158560149618133,17.65775579264102,24.915917038119506,21.769819261920592,20.984474777969858,19.04639598260884,17.61009004031081,24.88147597153137,21.760469802161943,20.89457076207852,18.969424551458445,17.712893115012236,24.979120961484497,21.99435998309859,21.12433806805256,18.973830374386033,17.641270685825084,25.006311874181666,22.00970433248861,20.96877606122616,19.099733327379653,17.652148466887873,25.017042006142212,22.12535765989649,21.10331230221275,19.20223921594696,17.559187988514786,25.03960385487627,22.287593519181065,21.15794564542444,19.255071103740008,17.57877308288476,25.305878713536323,22.466217708768838,21.128318968156048,19.38897974485937,17.506208567254873,24.9211908406156,22.353855013084814,21.302431209094973,19.47179609633309,17.528107423791283,24.866207432510826,22.32566223944456,21.39452869256545,19.300370219192114,17.381642632999366,25.086447070339823,22.158991338356465,21.28757219642454,19.2941300113485,17.43718225571581,24.868158959162205,22.007067952527922,21.15055168188219,19.283237997820102,17.440535955196616,24.59170744625331,21.894751111646762,21.102727380151673,19.343289856934778,17.40007262915795,24.659555599159567,21.820336331862002,21.021580505349657,19.180630250107914,17.358709046436235,24.80964404903129,21.892865400158644,21.214939730703527,19.385496606624162,17.452089098824747,24.767550732332985,22.172445707169263,21.206457948454066,19.4477111274561,17.427627424000498,25.050375811588207,22.268593598125555,21.285163408336505,19.37069221448212,17.49608316613917,25.095501101765016,22.541327155246798,21.355853164035395,19.23442739861907,17.439589343023968,25.29867555812399,22.637826341958167,21.133866967557054,19.298081806806294,17.436912730203744,25.14385456628189,22.643851438447307,21.023901793205056,19.129594933192884,17.378815465784175,25.114819093668874,22.44728856072937,20.99671436165162,19.215981504263567,17.482783593510998,24.981708205493927,22.554744710651175,21.02357302000571,19.274079711617688,17.467866362019542,25.008810932769286,22.074132297340782,20.946341594126647,19.300271960473765,17.522955535378834,25.003584655000775,21.911769819534054,21.053341084620378,19.266973988400288,17.43962190040942,24.89635032758608,21.889689158494626,20.856596662901033,19.30417694084661,17.516978435189102,24.56082705634802,21.88445064432228,20.910147361942897,19.28040938113231,17.40759815606606,24.451088003993032,21.7107324399692,20.7868258902788,19.24388362436274,17.489004528212085,24.494145365241348,21.937766704671485,20.823360970632155,19.25773033113893,17.497585673791114,24.559086021086177,22.031523367845065,20.846545495560814,19.36827479668226,17.547608774731913,24.589664472695947,22.120314856058155,21.083462333996216,19.29194758499228,17.441681372076857,24.75884928885399,21.960528521650254,20.954054176713708,19.124739598446116,17.459564331560777,24.900843962325638,21.96156869234971,21.293737821659693,19.104831465610737,17.33470045529661,24.838958975263502,21.833151917628378,21.326535073441086,19.05479995117464,17.228615439464328,24.70939437439957,21.976607343567522,21.13546262886634,18.921076607623228,17.296722978426825,24.64277219175766,21.87416260018109,21.135064081466933,18.9084003895119,17.31806830741465
24.38236899304369,22.40268485658762,20.573386367021484,18.62097051598909,17.661253948663717,24.641732019826545,21.198810169319415,21.209284724064375,19.28048716120307,17.568537459335797,23.280178887009853,21.868249990445925,20.599963046188503,19.23193506600561,16.946153114394598,24.343916682897774,22.41133989173919,20.523870378562098,19.691308947625508,17.770311777499266,24.232115259070564,21.933833673277785,20.9963049058048,19.1759133225099,17.572641664322397,24.269601980121674,21.684965324843454,20.925649835119778,19.228871256003252,17.511718332550082,24.275987468141857,21.772002518057246,20.988938852246413,19.24260870170491,17.55798676261374,24.48334872549088,21.738643862119226,20.985027268566494,19.080530353379608,17.69550571400556,24.590220343471067,21.57387195825745,21.10874267221778,19.00704304404062,17.616808369385197,24.54027152224654,21.553060966142546,20.93590644470532,18.91612722959467,17.509308620020555,24.729415420558254,21.71048051143825,21.163634937782277,18.960114799433637,17.533506029947038,24.90189757175792,21.779078407937916,21.010418535327023,19.039416940578732,17.529869516355973,24.920802260545805,21.93149291651614,21.205642239404717,19.115085662477366,17.488804317763293,25.0500761833502,22.067518726432247,21.197700342486094,19.143133442048025,17.520831162272646,25.29375747897233,22.23416518632552,21.180648715094996,19.257819320103238,17.58882378491227,25.012871444682645,22.18414557159949,21.331418103781246,19.406211036642635,17.57795047130508,24.959571903671666,22.202769011682157,21.37173348712763,19.22969938605376,17.469484233467437,25.21945639693074,22.092702805062014,21.255327893571728,19.308556423584406,17.55743867290275,24.916174084093605,21.943378742303317,21.07205125515305,19.237396200625643,17.505793465156188,24.59838400566003,21.850223859397975,21.01790905786013,19.307268408290064,17.381759652421245,24.491553650658865,21.922896765752036,20.95987036904121,19.17310539760723,17.343185195778737,24.590583262467284,21.971680939259507,21.13172953090068,19.423895923374186,17.448973167184956,24.476073151883238,22.208016926328312,21.11746721625307,19.394980823954825,17.3453187066986,24.686655885275947,22.295783394260475,21.178029797531032,19.399867920180856,17.455099512379526,24.82165020825564,22.548471200023016,21.295782243237547,19.223699135005504,17.474487825577754,25.102229634577306,22.606378638515384,20.990769947840796,19.258653538681227,17.484113220262024,24.894010129025514,22.62391576005379,20.9823678473221,19.127960361863398,17.364111681913386,24.946921419103894,22.40067834129232,20.90965750564571,19.178511044625207,17.508049246770288,24.846880849557557,22.492235980364423,21.010173361841208,19.164797460272304,17.446760924518863,24.830689626052543,22.01219900868076,20.947684561542086,19.260554861895695,17.568836122681198,24.77078648294966,21.86297940874828,21.056580647460873,19.245454427342036,17.603586270997464,24.82735597435712,21.761414029921603,20.82876121677733,19.195550260540173,17.678527574732552,24.57638559854111,21.8464543003352,20.89871242801767,19.230474479686734,17.573617689248074,24.597729584370647,21.740166665690687,20.910759647225753,19.263502681177073,17.614050639795863,24.586707279981816,21.9556556970554,20.896298604705986,19.28105464322862,17.54707970255122,24.591722660314662,21.99465776357037,20.949807203954293,19.321205576293934,17.488439014151943,24.466498586844708,22.11574955176975,21.140558004302072,19.277266712826492,17.417578329254876,24.525729425660806,21.990105613682495,21.025054845079474,19.12655192451251,17.432749451926547,24.58792273989498,21.99335096811696,21.28241134091915,19.120637099928604,17.469918772396543,24.62016615620866,21.866181695734486,21.380272636752416,19.177389062313217,17.39933427267455,24.58687477337551,22.043537964348225,21.225191960336453,19.10511851216113,17.425963337085882,24.64062738084974,21.93114855523395,21.21914136769704,19.031401411659637,17.420724419020583
24.642916995466244,22.88215561402452,20.994824029245397,19.32420707474009,18.001714349068273,24.648395771341583,21.974812376190226,21.53721587037993,19.78038282435567,18.448448674504718,23.997664331736328,22.257434208441573,21.376224920494522,19.83756805293199,17.504143295043384,25.23578068427764,23.057132149419623,20.87753368459005,20.043093392342342,18.381101203758785,24.72630801749431,22.49096745804377,21.42900186472097,19.62594711881808,18.184730466243156,24.896306614107544,22.211123380154802,21.36407881994807,19.649486998683567,18.200895474051393,25.060448607926983,22.271320012332193,21.466661923582272,19.67208243760902,18.11686718320457,25.140048833824558,22.26722255226516,21.417469037244793,19.534694241900226,18.275951458368418,25.156256528943455,22.143966327997067,21.537004071744725,19.50823992453252,18.232345336640446,25.075935107875615,22.120620155928812,21.38094558594105,19.540284524250115,18.14821136457703,25.075658909897196,22.36335297390126,21.606734287361586,19.604487213476386,18.152468841831727,25.109434205108805,22.3556675388729,21.378866710269406,19.68409065448821,18.188283646327697,25.193449615489317,22.537661201249374,21.53961063883714,19.784988596384714,18.173571708205053,25.323222395266548,22.669966678933186,21.510857338639187,19.79676744367665,18.120052421717634,25.553809341451792,22.791735910924462,21.467280645685012,19.862880301271264,18.1745281958288,25.421385958479156,22.678901191431372,21.601022471134982,19.91335006255189,18.187619728346085,25.463889485257965,22.731332711819643,21.646484351313408,19.723086364719634,18.108048034733386,25.78650599282047,22.684239895132443,21.511114442856456,19.68161649895485,18.100918856989505,25.53167429305887,22.48458194681128,21.458553354450537,19.593788812035985,18.030862251407978,25.240316665015648,22.546095109694324,21.432409788744103,19.617594207711754,17.955327114962067,25.036023235033895,22.601178897261086,21.374477080623294,19.54383569049894,17.888257707584945,25.109865606021895,22.63878480750944,21.60228992767552,19.754534602127116,17.927002944715916,24.996999378091683,22.790236831503996,21.61363082749097,19.77396361939376,17.948374052354765,25.15401128703136,22.887572698502574,21.648920457811624,19.80223628277236,18.119757336106478,25.26739595604755,23.07111975694745,21.779258068176343,19.703737117899745,18.110689197311046,25.600483225712804,23.063569624521197,21.557799105635087,19.707497369362525,18.036550050995377,25.428585519548655,23.148328421993032,21.46298059819251,19.610481202421248,17.970712509277405,25.411504557340937,22.977588648764787,21.456207920690495,19.72116398022306,18.01567047535521,25.256055800193074,23.047868300625755,21.474826149918535,19.75687186633434,17.829491334595648,25.253809718110325,22.52791358690199,21.40237169576894,19.779516801359264,17.81134408190895,25.221929299787295,22.43151715209928,21.466243764675614,19.81243046669351,17.877601213227518,25.14753080587224,22.25992645308808,21.266940493551992,19.778228093224946,17.972341970906403,25.017494251881125,22.31057590157442,21.27120171536356,19.747424890025908,17.803219263431703,25.189550888759577,22.21508380801835,21.282963573983807,19.67476590689197,17.98752101184736,25.191861869460233,22.495148995620145,21.29299997592581,19.73731659354953,17.965980332539356,25.207771396411523,22.59614657722713,21.32647106500732,19.751614377660264,17.949810544091502,25.267469857569733,22.726322919859378,21.544470203920927,19.657664613403448,17.851937769462193,25.182940717132944,22.578938134882755,21.423547882771185,19.50907684531951,17.901302266178494,25.136365746135443,22.518955931171547,21.613188460561517,19.581013496588625,17.877215912432384,25.144173504331622,22.374245811332628,21.663325915037394,19.5696195032828,17.90292284538184,25.082300106638588,22.536237636705344,21.48388938756674,19.47037719098783,17.940121890130087,25.01731208854921,22.4925637325047,21.531424501464127,19.502139179710987,17.953750595282465
