0,1,2,3,4,5,6,7,8,9,10,11,12,13,14,15,16,17,18,19,20,21,22,23,24,25,26,27,28,29,30,31,32,33,34,35,36,37,38,39,40,41,42,43,44,45,46,47,48,49,50,51,52,53,54,55,56,57,58,59,60,61,62,63,64,65,66,67,68,69,70,71,72,73,74,75,76,77,78,79,80,81,82,83,84,85,86,87,88,89,90,91,92,93,94,95,96,97,98,99,100,101,102,103,104,105,106,107,108,109,110,111,112,113,114,115,116,117,118,119,120,121,122,123,124,125,126,127,128,129,130,131,132,133,134,135,136,137,138,139,140,141,142,143,144,145,146,147,148,149,150,151,152,153,154,155,156,157,158,159,160,161,162,163,164,165,166,167,168,169,170,171,172,173,174,175,176,177,178,179,180,181,182,183,184,185,186,187,188,189,190,191,192,193,194,195,196,197,198,199,200,201,202,203,204,205,206,207,208,209
24.985031033354694,23.569650083353324,23.312121056281978,21.243943204657015,20.289867736004528,26.10316038444664,23.54539938617081,22.253444143297436,21.357410709202437,20.417554768628687,26.255429552293787,23.740465643676448,24.070193258284515,21.832223437205222,19.95818630204367,26.807430841437665,22.963665581016784,23.51351262999876,21.780039168550772,20.535244326316104,26.06179281075585,23.51829761187666,23.351798974579335,21.551874683661616,20.314777271893043,26.564617036846453,23.68459581695152,23.405716462053267,21.687311961734945,20.32409267743045,26.257822599871155,23.70980332184695,23.685124370201855,21.794118191242028,20.286817058883347,26.622748675148166,23.918838301718825,23.695632609989882,21.924713245777674,20.383158936286094,26.464944497228156,24.0254871393035,23.725676748015587,21.80034527919819,20.302949108897227,25.946100236368864,23.97016973551254,23.81121650865392,21.76755089670989,20.259567659104242,25.79491216647985,24.051116249760916,23.68631432257994,21.703124476894665,20.286940341435503,26.1646576717098,24.20492229955603,23.69021691975808,21.61208667281293,20.3160814923538,26.144192743020103,24.37849812571574,23.544808369663404,21.51112894192665,20.33301981353521,25.964626585362794,24.42269241745253,23.428703314191573,21.73177663521603,20.392097564089834,26.061892991856602,24.284058223529097,23.0725828146737,21.73689914190247,20.32584126904704,26.254775116357443,24.285398480891956,23.224558441303817,21.854634750658654,20.35961527160756,26.68190077883951,24.47400900024859,23.19867668492982,21.958050110882922,20.316859753984,26.421945207626685,24.32612334906441,23.212576805953454,21.919937316271405,20.18880714779312,26.550808938915793,24.303812904496738,23.422706760521695,21.891728110220264,20.244472369384948,26.877793543845712,24.43707043521126,23.504443228341696,21.83904611795304,20.38578679054793,26.43470210747079,24.083619794958963,23.37496524237698,21.63302945679205,20.261463784645354,26.56253364743572,23.872449046661423,23.134077880897,21.587370369899954,20.23758689031109,26.964544346046814,24.126604382532165,23.15835979728366,21.66052159839507,20.30770568287131,26.966958639050613,24.07467727392713,23.03447977364527,21.55932228944758,20.32615797482046,27.38304251632369,24.364887420557107,23.17723624304794,21.63311872589221,20.344076496395207,27.66266096253729,24.573561343784213,23.152003798739692,21.607222283925676,20.38493458300649,26.98654403203846,24.472873736788465,23.34126596237762,21.48987798109067,20.41641011682965,26.218000354831304,23.876239399498623,23.13967604115516,21.328735294753084,20.393839272359635,26.412233053303687,23.921366184984322,23.1350855742504,21.41484887483877,20.316873697380167,26.08581442038751,23.577120583713178,23.290738363402323,21.408720454386724,20.234279247638096,26.12280003763301,23.594561974256656,23.26001425545241,21.49192761829947,20.192070831259812,26.50439286311127,23.923682474504908,23.226245453490048,21.535096901527208,20.260121870332668,26.61496227271315,23.657908835095647,23.421855415174115,21.50140340554532,20.265395562266242,26.446920949982115,23.743721905981168,23.210084998266687,21.380985679264384,20.16861676488142,26.086678491839926,23.837352569093202,22.93882568337123,21.41571861923609,20.14563838497877,26.601630652455924,23.967774495091597,23.240852063285228,21.498696239343655,20.20319190502821,26.79922420228009,23.84911243424572,23.109747276109953,21.52598724812152,20.14346649917541,27.13177510181679,24.385132794489884,23.24565038141343,21.626496435160714,20.136720695323106,27.67136435153149,24.544982496231725,23.50977904086292,21.730964176831556,20.248229952215762,28.22916452469061,24.766989585496496,23.557463178632197,21.684723626290943,20.30319190081532,27.696620930856437,24.69560498435395,23.247190124644266,21.639866559526542,20.307775841965782,27.52377237094163,24.504853239485787,23.339067150871767,21.64228701504034,20.27152099342953
24.886311032578277,23.226676659471956,23.486405744551046,21.08952464734829,19.21962209108584,25.79547444057134,23.122675376602558,22.661400784459886,20.55705946441092,19.06430587099727,26.49671970831883,23.492198855258586,24.037229487313077,21.636804576419735,19.3409421829362,25.152538651440892,23.65092937293167,23.18355443557037,21.556046810777563,19.238245823086974,25.718480576984586,23.5751562931708,23.373031221373786,21.15832605713897,19.23517630406549,26.314925529291408,23.9026249817108,23.396227235001398,21.233046339630015,19.128536073140143,26.020500994139894,24.018854739487477,23.591214685803134,21.48791219347043,19.203652918760582,26.384376909621693,24.312200154667966,23.616229430608147,21.599802027087275,19.189518084100772,26.488692083460627,24.209123266845637,23.721021959051185,21.45758873825207,19.110443779100116,26.267190013500784,24.042434448276158,23.858184518953795,21.492743182601707,19.138946009017484,26.15631611484548,24.0445513536774,23.711306047876654,21.49001157833512,19.360843609617092,26.500035889156266,24.230357872493258,23.74032766491586,21.438483889087934,19.345896847467348,26.306035206167042,24.270358208689753,23.576708280025183,21.334887535029175,19.296408873566428,26.15899323581717,24.39003327982722,23.471207182646655,21.544263319774686,19.37258000915787,26.023767424897933,24.284668667854586,23.141223566974027,21.44863172098268,19.250332979249098,25.896475071695942,24.171427344651846,23.376429248427876,21.55778203291009,19.05717698751338,26.371687060521953,24.316738140354193,23.321567905644834,21.55856074347475,19.030257306212054,26.284419849613094,24.301578786528562,23.35512966586617,21.530612668776428,18.982884124126034,26.492642777791325,24.380977846471588,23.537256262074198,21.440947969716486,19.028747149633016,26.831020071785087,24.549149942301177,23.540628651019894,21.44909815510125,19.034645755131447,26.60244886841623,24.245615675809265,23.38007908488671,21.255318981093275,19.15961794203461,26.829201736508573,24.15600721406487,23.224226770007807,21.257583492264565,19.068643595364858,27.137260683310398,24.334754642571532,23.290079635863172,21.357684476903877,19.148065697311996,27.03688074420355,24.14180395130149,23.14119157471537,21.245085695449614,19.110864019470927,27.380469183834908,24.325456291838357,23.336441870402336,21.400275927780676,19.21398308432442,27.66131414674074,24.64859441242645,23.237395552094053,21.176319581286414,19.15640781556271,26.75641861810386,24.368818567913312,23.318958418747084,21.0712977540058,19.19708787649814,25.986868896463015,23.811254948244237,22.996287001699024,20.824668781621874,19.114942189985907,26.196772225831523,23.965440100463493,22.94783510984456,21.049694261992748,19.098472025441698,25.8889013438366,23.80914001917375,23.045649543445492,21.004279335052097,18.959134113408435,25.92891835015734,23.766079473988665,23.03335129931052,21.268565136967197,18.813240285707025,26.61331478002859,24.25786315413794,22.982865158662978,21.2740702089919,18.870752021692617,26.88837418413443,24.038219543152124,23.206768920314623,21.305225491002705,18.894590328283755,26.776579154543533,24.044054021262426,23.082256278101593,21.083583336477915,18.857777888639497,26.580405101265093,24.112390664674997,22.752737932161505,21.033042021732648,18.924875147201227,26.992235833488046,24.303071405035688,23.08985109245938,21.08816122835437,19.100849016759703,27.0246626537329,24.064617324139007,22.982920425647357,21.047007939310298,18.93725613577123,27.29235568165513,24.513319510903763,23.14104107769598,21.14776888079233,18.936325319482247,27.852758141170664,24.693895511046616,23.41567186547294,21.252018931407267,19.03900581612158,28.218131519786333,24.782509721807365,23.450253177285695,21.267722579039706,19.04283908243108,27.691581041381273,24.584895836306693,23.145353714785085,21.228721956163064,19.004854382820636,27.59695005920107,24.437034398519906,23.269950473393624,21.277162036007862,19.118193528417436
24.540405204203463,23.195371235138925,23.61716521367979,21.389911250429265,19.826445067564734,25.905331921632733,22.901695661781144,22.720226107770596,20.84898403270885,19.983226832843194,26.60572518539264,23.45099596746809,24.082073628703107,21.938871130920933,20.165633913296382,25.04615048530878,23.805642960987957,23.310025258982122,21.88359916365061,19.63802483809628,25.69252961066199,23.502252583216325,23.43889271148969,21.44417672080625,19.861264535955122,26.363850536562808,23.827782175481133,23.446570904041568,21.539576338745377,19.90629644854754,26.129292455629145,23.938912931952657,23.637802130915833,21.76051345485275,19.86601416767803,26.471729419432613,24.199334386801834,23.623324732694655,21.787083858566195,19.856751547084382,26.753304244689833,24.16912437725349,23.704819353146142,21.680930959306494,19.819938013689573,26.676929701072417,24.05971807418158,23.82644246776409,21.670250506002255,19.82051709863556,26.507839953736045,24.056350377554473,23.70977400787755,21.624232512937205,19.90349533932715,26.73017076333135,24.30547043517285,23.75432986874406,21.59956595079397,19.830574032975154,26.530787376016036,24.269781321694875,23.652155873120925,21.535664456979966,19.766557742640092,26.17986632342401,24.256434946972682,23.568853170010204,21.650737784084846,19.844699748208438,25.85081248824879,24.190136275230177,23.23228431668802,21.59843302112803,19.826869611865096,25.827400286209844,24.066072224952862,23.47350874084823,21.717860903309703,19.664876383262726,26.246869010886336,24.096594404629666,23.424324020507697,21.735769639688296,19.690761848536567,26.12588340276964,24.15037938142184,23.361569021432185,21.678711003726285,19.598493512888947,26.472059100222577,24.308657717370874,23.50730551837431,21.643375137592308,19.675523912540406,26.8557333967726,24.376593740366406,23.533800956366363,21.701651812055964,19.65268496781327,26.761163225646175,24.111038922608053,23.34204737868191,21.461989518336335,19.684219684430577,27.048363816077636,24.104099653785386,23.127093143109946,21.411297257923145,19.634876740495127,27.33008752624503,24.230247956185515,23.239026111592764,21.495855597580935,19.684591438158908,27.183766985389457,23.98609197593941,23.112919281385913,21.408765464957224,19.58240939764474,27.507125266045882,24.148301898727293,23.31496569023232,21.51340246271725,19.641463890999734,27.606688016950244,24.489030269673414,23.195353100462892,21.395159425425483,19.626445300620386,26.696545829908246,24.23231769921767,23.267363574173395,21.289136012111783,19.609706998528473,25.876075016663982,23.731010278535667,22.999668285248482,21.209785611972606,19.613554885866087,25.965007677055883,23.8465186737241,22.88078477674577,21.369572243613582,19.585058519234053,25.712472825143852,23.76918760661158,22.954134272112064,21.29683793174139,19.52262162685578,25.686986198851468,23.737031503040534,23.023238518305497,21.47433776429107,19.50167082348046,26.45000305219559,24.213325587653845,22.97815478820765,21.459396653223745,19.61820237845113,26.688709379549,24.01325327950554,23.179244467030703,21.371076467791585,19.62705257462134,26.72491141180413,24.143629636570786,23.11736730602457,21.128077443944246,19.672092601833874,26.564149060659126,24.236677617829844,22.878956380409118,21.14859059571261,19.7138370344177,26.940939324266328,24.38686593251805,23.149330385184616,21.28649263550176,19.77581096779389,26.867054246465955,24.113990706729606,23.027152596448,21.3532798133175,19.635607880849907,27.27904683780857,24.592689798288415,23.09533985584961,21.48100822230339,19.56571617934396,27.6977219070312,24.68947844806874,23.34907857986491,21.599548848726354,19.47936221744513,27.915035252678557,24.761660286617406,23.303148866427204,21.587927537226143,19.482389368649528,27.533485231135103,24.479099287352533,23.008352185592585,21.525018474756784,19.437457911837868,27.48761615643477,24.310517849018687,23.187577773135438,21.532924043774344,19.563477984395686
24.52057629771166,23.026008146061276,23.32227928519377,20.88115263933671,18.742719261265822,25.35021807829143,22.377249050350546,22.286557867949345,20.455190259265027,19.102102434721314,25.378867345778644,23.145091601130208,23.698844490835285,21.62166742796959,19.08396997753002,26.51191341337371,22.767731263228352,23.146010795634677,21.709647215899988,19.09198453462835,25.463056365593186,22.993271172496573,23.186481753690117,21.0410005065238,19.049442628127633,25.861106055601205,23.0855733010688,23.154165304512617,21.154836503232527,19.185211662590206,25.519151623557825,23.197041677962936,23.436031031547135,21.359235140478017,19.231652709684333,25.76073503387039,23.308932067997038,23.509969163272256,21.457474099071703,19.2619802645738,25.576773982045847,23.367985871356403,23.578942633752312,21.27255992568275,19.157244209381453,25.306811241600325,23.264744085474298,23.691119734570858,21.370922001125486,19.14360371138398,25.16197433960908,23.391094379314193,23.560852522880136,21.34266437578834,19.155768370288307,25.450959407442845,23.519774240963525,23.51008221043487,21.330763011621634,19.119398178762292,25.503690473986005,23.751703039879832,23.24332637420567,21.17056002775436,19.045680070495536,25.293482030259593,23.727749744359,23.1572644409974,21.35729192754019,19.06412234326035,25.235191407363267,23.594696658333685,22.740702225332676,21.25622690487318,18.901716433702553,25.452230544193448,23.578520346635166,22.994895240579687,21.361331434622674,18.775057318256433,25.904005003210624,23.77399954294077,22.927269033686308,21.33310781954668,18.68804450291669,25.62266689093959,23.558037026997756,23.02913759811309,21.31371606560426,18.628397697490083,25.795069169450137,23.572446299017685,23.177926041677882,21.246997568442332,18.650753583001013,25.97931222375511,23.598282476648862,23.25183240203068,21.265333782494316,18.696520402252997,25.60870134676515,23.238380672244837,23.02026069889638,21.07783767236503,18.759337821469142,25.735838987374102,22.90478470663199,22.8999406530439,21.097221006435227,18.744824858959223,26.142104826869264,23.162808777982082,22.897876037752134,21.23300834235877,18.77998269803721,26.22901197835418,23.107786636524402,22.788040136907483,21.110468453520166,18.804639617964654,26.485369205087807,23.3321457064903,22.98592494255904,21.248078567919727,18.862173059254822,26.646177839952976,23.600625927634333,23.040019388584152,21.113816800639434,18.859230154200638,25.911158582795274,23.629514287395352,23.16356208181103,21.04597028123538,18.837558192717967,25.291500774874816,23.107919963863672,22.90664863260124,20.784661130262457,18.76017619131608,25.123841602254295,23.224842305168334,22.809064195100284,20.914913216348925,18.703582446214362,24.894211955789082,23.074381757409583,22.90982581874127,20.871133145989663,18.671242101827424,24.836580198202903,22.95170380802401,22.76417387055282,20.97447137516045,18.524228132089558,25.162780550924403,23.193248426676323,22.675085848077757,20.86002199971277,18.56725666948835,25.361174167625045,23.02143979112717,22.90860216364138,20.908719033124115,18.610619020116385,25.33566881664221,23.03203537332586,22.81095008163721,20.833653360071747,18.58025197015266,25.29636044540754,22.915842434424594,22.456046084665335,20.726539758279433,18.55532229568164,25.81391639819041,23.00613368697039,22.87295246587162,20.859452784677195,18.60221489725031,26.09165037679518,22.921667407169167,22.778337481445686,20.950837991499405,18.55685360778481,26.19602700667799,23.35134179463201,22.953640113337862,21.018683284229418,18.484508203632636,26.6955783005671,23.41267342552922,23.225030170542446,21.07306859392029,18.561507404794853,26.92180782138079,23.646116370084254,23.374626949453862,21.15319281665094,18.54368057579112,26.55689641869044,23.737206350329533,23.059149725130244,21.132585364000747,18.56387107143973,26.3790645403712,23.513192301886242,23.139060824680335,21.127387479093493,18.52392202931076
24.442213838966346,23.083449498914177,23.27469183635864,21.214813811683385,19.688301012806146,25.474705949349996,22.822152900667003,22.65785050568974,20.46905298476533,19.988156490826245,25.739481424721188,22.71765371970558,23.8488418881818,21.623426278805276,19.397240670653684,24.31287872357246,23.806229907711323,23.292811715592194,21.464035054675165,19.91088845369813,25.092047853273648,23.184299764334533,23.276643441409142,21.185156845530884,19.751009983271373,25.602600631153187,23.35165503777827,23.22806612751732,21.25156222481904,19.79645334198173,25.137915449120413,23.35676281381555,23.409785424468247,21.47107316918372,19.808658167600367,25.346809730818613,23.57372544366814,23.42519880316853,21.58618571675964,19.91496555534436,25.693557534589008,23.455077321664838,23.47947016187872,21.46823495489359,19.849584036755644,25.725784986593407,23.448493406809646,23.64778106005398,21.463861630267832,19.83465270054772,25.554423754227663,23.48285341865154,23.555684193220028,21.46060107169816,19.913757655140802,25.82127669182254,23.740911000784703,23.57759873989831,21.430837779757148,19.770895586056483,25.758983117824233,23.79677819540368,23.382613377326855,21.276281408074734,19.536114894563536,25.42434820702624,23.745355922495822,23.2619359017354,21.488682946745325,19.41968112145903,25.128799325166575,23.5563413778857,22.92187184175968,21.356998141196648,19.21421391872837,25.196763444480574,23.38916458711599,23.22581606556313,21.436335373285342,18.906079160420543,25.61037524847446,23.307491196810222,23.159876135061904,21.432609784586774,18.803286606959112,25.34429084710644,23.25545694695184,23.231148680146937,21.41327010012136,18.77665275158541,25.589361976133574,23.46690425409692,23.430503455958494,21.280321465623036,18.761900025578647,25.78386492925219,23.554829356961278,23.359258121449887,21.287210969380663,18.67946499048869,25.658642647257956,23.433691990313303,23.16627655316411,21.09842124804267,18.706078962416264,25.976479998701837,23.306993227060154,22.924943143115176,21.105377956574372,18.67108864305481,26.340091321227966,23.424462129469244,22.925485823348474,21.18470990471085,18.6966987339749,26.310928067379383,23.20009898668394,22.77554139002932,21.105887569239496,18.748541408576145,26.598803335787295,23.25720161423498,23.05374299113522,21.276273791990782,18.906175524328482,26.580321707662666,23.515340314711118,22.941198210006537,21.0913715659993,18.976500156834224,25.73757582856171,23.53199578392495,23.125760480772826,20.879253431708158,18.964875077544328,25.145864397093664,23.061782568697375,22.849046555300482,20.681067238552334,18.897905827983735,25.093151580944458,23.151790206601103,22.724582721746636,20.831333775400008,18.87040781431168,24.848176675929956,23.15153803190329,22.79208361338375,20.80149893363967,18.758782555938605,24.810383128751177,23.05779172450962,22.818053884856447,20.9913945274827,18.56885880986553,25.432510311464434,23.338945967799983,22.701525538224473,21.04806320614876,18.574357490318036,25.657293907218367,23.333085766367127,22.944381466226915,21.06679974284029,18.642097756390115,25.694079619077627,23.36274700688995,22.825540459298892,20.923216121732565,18.621833718759696,25.736685744221084,23.478282672220494,22.51401475702969,20.86363535543598,18.719203425313843,26.07962852758974,23.602780086052228,22.845959166371692,20.969442020167882,18.88382464904202,26.045492036408387,23.41944983583395,22.759368834110113,21.031506942060375,18.842154783011857,26.292627171668904,23.797882353699627,22.872143866722205,21.179982302882433,18.767948153685207,26.62650793418827,23.850992256668274,23.177652282292694,21.264242456863364,18.77642657428384,26.67858579985194,23.933970470612397,23.20885110165097,21.25484882232147,18.713263757129795,26.44032522412324,23.77797220488296,22.897232669882783,21.23002994087183,18.638633729848962,26.38015891335393,23.599231251585817,23.058619687378872,21.27285082129852,18.749028334152243
24.415875003304564,22.97045894612705,23.208319387271686,21.090836807274535,19.158099554400184,25.017372760030078,22.52266188200259,21.865097543203614,20.580345616685374,19.641565380861493,25.45681599442603,23.56841944014551,23.57397020580306,21.82911310021251,19.811491860463228,27.45295421543934,22.4717049565608,23.048877019671906,21.85837271667604,19.57506796764356,25.688579945945072,22.93860526175712,23.035345740102724,21.1284064674129,19.612679629260523,25.936887459913113,22.870137985915992,22.961871732613503,21.20619491293665,19.76887139262883,25.7346442883453,22.87790991538518,23.335920338407874,21.42540091711533,19.777906946797913,25.742528276537342,22.783434385482426,23.343615381859752,21.407779090648354,19.763551690689738,25.57320202589143,22.857738557186565,23.40914420529717,21.209022495149846,19.661663030509217,25.158241098766293,22.879720183309995,23.473939039616972,21.343448880728396,19.530818662855108,25.09015667849824,23.143519172183822,23.379093365112777,21.277577819058987,19.53974096824783,25.266641635989032,23.288388098596755,23.271270721892964,21.19728488950212,19.508435003139112,25.674942498310905,23.67915514862697,22.983309004158063,21.097095394018876,19.34750598053487,25.27353958140133,23.725661278758793,22.840411922481795,21.186638776563814,19.29007286621362,25.167269414946173,23.47958051058722,22.27060957393333,21.087635719430757,19.116122716000266,25.596682114025015,23.54014544366673,22.44577869356249,21.235110213936416,18.849809916928585,26.08358999579039,23.768298166977434,22.414506956066386,21.272753604093722,18.597814730341916,25.613116341136312,23.413560028804984,22.557223849478792,21.25713575796431,18.46800264120553,25.917752117777788,23.271710925461925,22.707212363951026,21.272128353352315,18.43741796493658,26.13325803760324,23.21199588451231,23.06489114606849,21.300086411449975,18.40313092923215,25.859621622365502,23.031469256119983,22.87448521642043,21.074892691534846,18.490706528260183,25.84342711864671,22.528106156107306,22.801375059293697,21.014374497231504,18.495496256262935,26.418235397854552,22.884951941412602,22.797142994393823,21.189005664650367,18.50808164470735,26.33376886350012,23.045475610524587,22.743769997066632,21.029486221698498,18.520079665694585,26.510331749983163,23.29308281419366,22.77176604902963,21.12944567908598,18.56588711917403,26.355467169757567,23.22083081413366,22.813707434968467,20.969225648924805,18.523689204681222,25.70802649003868,23.504623965837038,22.882784887487862,20.918649062808306,18.494089076903215,25.15129542725506,22.9709277960968,22.69145690957617,20.590850448454987,18.431980122727648,24.86533647547927,22.874067987467413,22.58975895630902,20.75001510716134,18.3300758588143,24.76113306158912,22.783961680586188,22.726010794066127,20.68265507961916,18.32714326084575,24.66628270274618,22.71008437609229,22.740720581420867,20.777074711899527,18.18527930489301,25.028143655171807,22.746104837928858,22.620072526499662,20.676707726038437,18.23343804820434,25.0469266587454,22.62275872932465,22.831401645443883,20.812209474428133,18.265810962933074,25.119460136940436,22.76992673240924,22.882543109739117,20.673043263799467,18.261339605824183,25.305562665174005,22.666844571031152,22.590207298278955,20.593009572773745,18.245680655576127,26.020787953589,22.729812325359482,22.853551823180858,20.7279062106832,18.298887478028142,26.284707242017483,22.806100901839123,22.72942966574349,20.770735237527184,18.21840536134991,26.294501773495206,23.264298289183035,22.89944783098803,20.748642382085954,18.124787146867558,26.686902927932415,23.173815530967424,22.987685347199058,20.818831499463904,18.184780997951325,26.688550051087418,23.38367767234687,23.12167505203995,20.8661213136086,18.12742311687622,26.40556977955208,23.648719679557253,22.875245093440235,20.933021510305785,18.161435437595475,26.16735939561667,23.27545162374302,23.035971426321947,20.88142792051944,18.25054239275211
24.462983279303906,22.989934528172466,23.20835487592649,21.06801095925549,19.1967520228569,24.99396287925728,22.515193462188698,21.911632150795693,20.563910368696877,19.673394353993913,25.411958769463517,23.529123017527297,23.559754596894063,21.838294647299737,19.841487095318666,27.391962148572027,22.478011051872258,23.050999692083924,21.838576216450207,19.65241071214544,25.662197708497008,22.945266868428448,23.046308549955558,21.124227389701684,19.65466946052664,25.89502352755997,22.868810681364,22.96588640004209,21.206006082024707,19.810558974308044,25.692317203986374,22.883780363827487,23.329253824294625,21.43065985321421,19.81564870437596,25.704924079436847,22.796814371707846,23.336877131621325,21.411040097446328,19.802954549664612,25.5374798980857,22.8645672552269,23.401619796660892,21.21527011738242,19.70337220540923,25.12523367962801,22.865704048292685,23.46259655223765,21.339368356030786,19.571226117138373,25.05361501477105,23.126846523948522,23.367372895500306,21.27471967297169,19.581852214953848,25.230592240990436,23.260168962452298,23.255882478640636,21.186554325010356,19.55766931080379,25.631930596947786,23.641690722304453,22.956709897384677,21.078723732824496,19.38190757313202,25.23182915896993,23.69407779319951,22.811649652482682,21.159321544765877,19.304268934338733,25.127613807844334,23.44385905590776,22.231159915799036,21.05655201247462,19.127017320171664,25.55295880493958,23.508485461414555,22.410872757787217,21.203605319998733,18.856980673425596,26.03580434818797,23.734869073173893,22.382694472423935,21.243766378780293,18.599612018556318,25.569118838660394,23.38582754257255,22.542581383102863,21.23585865029035,18.480097789829518,25.87451730341502,23.24056072554161,22.698362921203984,21.26496595225887,18.43402770779344,26.08047329207157,23.18751777341501,23.063081497997793,21.295088674239793,18.39998057086877,25.805361153413422,23.0015546273465,22.86819215829184,21.064309435345017,18.472410885851637,25.79184416186461,22.49813445082308,22.80164341499701,21.00552210703612,18.47513098816886,26.361006001378446,22.850074276340443,22.792091075485025,21.182188169592678,18.474695463528278,26.271279977877793,23.006780716150153,22.73071119927385,21.017363709200037,18.49668524829191,26.45803306824203,23.263438831291676,22.76084602072126,21.1246407523662,18.534972601618566,26.311786771813104,23.193721194179744,22.80370794887067,20.967260779194223,18.504801293534896,25.650376684583478,23.476329540182512,22.869969498997214,20.92909235231895,18.452452597467783,25.09906139932658,22.946033921424977,22.67104448672128,20.591748610701792,18.408637995999808,24.82477217091484,22.85868588160276,22.573962098158656,20.751781010257567,18.309392914951694,24.721911468869056,22.767037631821044,22.708200093710282,20.68316615509828,18.314738814149877,24.630919271196333,22.68964558515038,22.726302557840977,20.79580325211767,18.166443457060666,25.004347190642402,22.727010526199297,22.605376957475553,20.67743290677351,18.23515428594657,25.027372767855052,22.624248381208645,22.826832901372974,20.823713121642566,18.264409676109352,25.097225986734305,22.7669616295029,22.88358283102884,20.685496352788793,18.25142889946114,25.272198984780626,22.654736434576165,22.587722824400515,20.600947336592128,18.218417263029473,25.97769812799573,22.721058484861253,22.856683714045104,20.72016863897577,18.277743126029645,26.242346280114457,22.795378797429997,22.722077315971834,20.766072676578325,18.19934556589785,26.246174909962132,23.23595007146409,22.89006759838777,20.738521833658325,18.110083894992364,26.63796305118467,23.143834233328636,22.97354297015612,20.80906748416883,18.207724700273538,26.644213364734934,23.355043150158746,23.114578385857154,20.860662780066228,18.1652710064679,26.368292349930915,23.616074171714835,22.870711651128573,20.927986012898174,18.179091389706997,26.122905773421287,23.24649028616764,23.04053531361045,20.88270799035892,18.266680368390382
24.456880494648487,22.990204130784498,23.205059298488408,21.090869090940174,19.165986895357534,24.975044479894276,22.497280932162454,21.870898937372537,20.56782046141368,19.629044289238596,25.422072650803592,23.55622078479131,23.53867277277758,21.82315828060552,19.806256780461656,27.41707652724904,22.500625539031116,23.077198085822705,21.857149789264582,19.619232590686245,25.66455763095367,22.95445674767617,23.037612871659796,21.13302379384431,19.62020440619538,25.90037234846801,22.86956820196278,22.952969723493396,21.209284447399465,19.789975783407726,25.70288219687783,22.881703774583166,23.324519594113003,21.432296268774103,19.812188286693917,25.717145864526334,22.784906310620016,23.333766463575813,21.414716892650496,19.80962350089187,25.539559753187188,22.84849694162005,23.394044848342762,21.212632058210374,19.72255827264515,25.13054919114142,22.854229487264487,23.45688570608251,21.33287073801866,19.607827616974465,25.057514149810096,23.121074242240873,23.362805978236672,21.269326278542188,19.60869919309647,25.23451301269663,23.256760334012547,23.25017205650505,21.183091591282942,19.581467850242056,25.630864093632646,23.64678723685723,22.954520597219833,21.085341485339413,19.400208985604873,25.240280634837113,23.69568050551075,22.804200575765083,21.175079610075027,19.30542606309848,25.126940357035174,23.440617459595643,22.23002148739402,21.07794288252743,19.109266017253482,25.55029649951316,23.504663845803226,22.407461188651002,21.224693741040355,18.83877217163559,26.030133766665607,23.736691036023092,22.379798121351918,21.265797288216937,18.568848620992533,25.56350415285859,23.377635588964267,22.53552053746079,21.24503655880681,18.44209686607207,25.86220745904875,23.22880512466748,22.693892524974387,21.266249328639542,18.419426408552802,26.07703638716448,23.17287924320741,23.051026563376784,21.301297754206406,18.387655553139588,25.795287765203607,22.988883692502803,22.864843005692038,21.075589428819534,18.46801175516928,25.78151314697562,22.49213519912986,22.797446493762926,21.01784249496994,18.471915683286433,26.349168647072407,22.842777646359288,22.790398011397976,21.1991483184972,18.48587906233527,26.263128978859633,23.014881928394452,22.730594246236866,21.029344006909984,18.486782695895425,26.447139404470306,23.276556718658558,22.759674621242755,21.134529185885373,18.55087204375713,26.316555080521027,23.20104551076136,22.791585833938147,20.97350939313223,18.506426045795315,25.664734212221667,23.472391177978878,22.858509860119256,20.925224885233906,18.454324768849222,25.109552577152375,22.94754108905107,22.65903539068653,20.583560057751544,18.405908999998168,24.839655102799536,22.848682749581638,22.56050208383866,20.750889359994567,18.320384358529264,24.731822314033217,22.754870484482012,22.694854951304627,20.672602096073522,18.30470027044405,24.635152426859428,22.67932021216476,22.723878019694236,20.77437111561812,18.174447326697788,24.99643965973312,22.715608315959578,22.61529994824513,20.656769432762697,18.248706710239272,25.02641991277452,22.61614295586549,22.8352985383508,20.80415872230228,18.2763372147487,25.0865423534162,22.75358584474699,22.88957331429777,20.663887319219675,18.258897892919716,25.261658599833886,22.64475963699434,22.59710732572238,20.58159636683643,18.23903591036522,25.96340614362897,22.71158116334529,22.862239710644825,20.71219446178095,18.28635372545723,26.228029955061043,22.79146110236223,22.720187605837,20.765967734448537,18.2038545827244,26.23427371503515,23.228145329690356,22.89223812622761,20.739793867801684,18.095586609236115,26.62822906043716,23.146742606311193,22.98252920958122,20.820419314484443,18.178097075867665,26.637704510382218,23.349540660904466,23.11336898541054,20.867713629104333,18.10966017283139,26.359629752996558,23.609949903152444,22.86604592552944,20.93371026659084,18.133828645071286,26.118645178273578,23.23630226520452,23.034788432508446,20.884354077958896,18.236317236179776
23.699225384721004,22.735405445214642,23.166396826951413,20.761783189297127,18.590869078891274,24.923535117052236,21.954248593132334,22.13479617788846,20.174805440979977,18.804764640199537,24.922408088585527,22.447188984949783,23.293679823086936,21.282843668494838,18.82251190418886,26.339349081570287,22.140548862485627,22.947976357358904,21.378700403288676,18.535361689536906,25.04683712037793,22.55507092244253,22.98154254045645,20.785932662281574,18.652837351378466,25.503879234274613,22.43154355144013,22.88629315538243,20.863261076031215,18.720881538295373,25.19848678982317,22.550288770372028,23.123045746063262,21.09459476822547,18.74565927930661,25.291865133422565,22.54284789374949,23.232218079683115,21.194672659169306,18.769460455326975,25.059464135554002,22.700389731053928,23.300985078964622,21.05201877660097,18.701258556320045,24.744966285397627,22.519522405257653,23.3741437557534,21.088755887519433,18.781342904122763,24.59308043321626,22.790752548894698,23.21945140595499,21.07492071112109,18.776076834952658,24.71160166892621,22.92831573534,23.191499873514744,21.01816981903975,18.814855305280545,24.765512737282716,23.340505845073306,22.856679330302534,20.821105852260924,18.684802524843327,24.544184112381117,23.27821131983984,22.744017472355683,20.96036043577339,18.712108909483746,24.58334311172711,23.120812816076107,22.29536442094544,20.89201874032703,18.499651045475225,24.65179228397542,23.080893405941985,22.60907452892574,20.955432200997723,18.326814244136507,25.016870278349206,23.236673649042906,22.557712565584758,20.923222893112495,18.143434534596295,24.721632208602024,22.966331980896975,22.742863727612466,20.948897630985687,18.081988110723948,24.86312424676733,22.92710426072471,22.886076854840134,20.90120250682191,18.036308269106193,24.859015325114612,22.938623120939482,23.0138461969513,20.97776284911234,18.015446685415544,24.671977498998455,22.644792288872033,22.71906451768138,20.79583030601388,18.065169783077515,24.87729839675153,22.22999682329427,22.6536939654941,20.818865654919595,18.12170089401652,25.257480217741154,22.346055512976626,22.603200546880572,20.936055306568644,18.103116546244237,25.42948271634819,22.41464776735532,22.482966402172543,20.792687889032536,18.1321149757734,25.495837862753593,22.63516904919408,22.665879454958766,20.8789674773406,18.233539221292734,25.682322159205796,22.87205785267321,22.79540597702895,20.776780709841937,18.290998000512577,25.018574435807544,22.96785728806497,22.889974679117266,20.752325902452675,18.184357868314798,24.556961149253706,22.54037720226065,22.63370183350778,20.469378755207707,18.100421868977428,24.19714813923547,22.570973298768344,22.53302619379028,20.621188086531816,18.050375364267623,24.276675810256986,22.551523088484867,22.66068450761549,20.577839115712983,18.04032886470869,24.192590474492675,22.41084362575321,22.518084401359776,20.71737654657783,17.885339171413968,24.35974543708544,22.576556219365333,22.373065010347513,20.568755062632327,17.91293126536291,24.578770541110636,22.652415467820777,22.590704555301674,20.731768613729187,18.002418290286663,24.518060239273744,22.581106667444963,22.538847593394568,20.661037947642047,18.047802962970376,24.535200396780343,22.26100885414376,22.168349399478355,20.52249129514629,18.026330952575986,24.825891583620844,22.284494600789152,22.559901534218668,20.59381515439598,18.122230400999626,25.1672656913157,22.210004806638857,22.47121120452075,20.680343704329267,18.02599286629157,25.238586300463336,22.53407088136772,22.66740475524481,20.709544738491054,17.975629663963694,25.75399022302892,22.63182247965427,22.927304066967412,20.745701772635073,18.023868291680195,25.77220789037696,22.904740932526316,23.090619757798187,20.86580161013827,18.01426778353568,25.689830823878744,23.082280061985806,22.83342935958393,20.835529585464148,17.929402913090705,25.51304667442342,22.890445200469472,22.883990754813375,20.886310927641613,18.05650209589782
23.453939506248016,22.712146298125976,23.15248444910405,20.823437664485226,18.189355077317693,24.31947923243156,21.742353712945743,22.407696236520895,20.14180468600425,18.663466955963347,25.119382789123758,21.91877735937042,23.470202066134696,21.092881652731226,18.29962813326244,24.357883633627537,22.75881082506838,23.014623674686984,21.163478262619485,18.148839488600583,24.454966563964742,22.498174981186132,23.053740734058934,20.774181029577015,18.291683436164693,24.971741409342503,22.47640077514628,22.969228234811876,20.743289481488365,18.37620661017501,24.86453034239618,22.69805696748451,23.15475198218646,20.960009471027934,18.364438738901644,24.949542313534607,22.993188704410343,23.26353972244274,21.102090152324656,18.434580511213518,25.09818919667129,22.984418949613666,23.27696933257327,20.913837000007003,18.420576994982998,24.880039574336045,22.82218425680358,23.397503949491387,20.89746230625254,18.476279127038207,24.8029816903491,23.034460417932017,23.241018979868418,21.0178927553387,18.467414591391254,24.86490548919073,23.126921635190136,23.219343982928823,20.993493018937848,18.421051719301914,24.8378033155994,23.27219921508282,22.897765658629687,20.79770002613096,18.33976943491104,24.505943168468324,23.281517743540057,22.840932795829534,21.102719112359104,18.35430072956712,24.405705703620537,23.07164466567455,22.565295511679512,21.050186487088784,18.242179337561016,24.336231334229797,22.92427178242425,22.927270241182384,21.04380657542262,18.10823634496568,24.549177641964338,22.919335099692425,22.880860384652753,20.98158441640898,18.056022463398627,24.30104323429717,22.651785193272506,23.01653805043916,20.993913481859344,17.906518483011816,24.434695488447012,22.687133977315966,23.188315944913718,20.851492312499026,17.85609776812391,24.44942599975702,22.79809018978633,23.02591098035176,20.8345049411329,17.792794787103567,24.291233939929747,22.64764345395719,22.787017131337564,20.720082683426504,17.768797754167327,24.612989476448167,22.40381498732283,22.637427231369166,20.772744700160466,17.790951200389024,24.91772524803982,22.55185318540249,22.59056605082078,20.866520374242874,17.85598232664298,25.136243867261804,22.427547879259528,22.428601850591093,20.785133805112757,17.8638034959805,25.44790626421301,22.521154017576485,22.727593916813483,20.91954649463255,17.96736296077316,25.50329360559748,22.702036639891894,22.71580304932005,20.735244604746264,18.040333010291892,24.903099821322208,22.73623693463652,22.880311877248587,20.60894236768566,17.972152951471763,24.48524954704881,22.333649975831456,22.614557947222675,20.312507425655077,17.893030437345196,24.170284619857068,22.457163911128934,22.51061997640496,20.421282286668745,17.87590080680866,24.034360614940695,22.486470554780965,22.614274922121563,20.41322153810264,17.847652214954948,24.10436936184776,22.38818157456194,22.483547177755487,20.600373499061586,17.725327334911544,24.273687329150608,22.52543425041891,22.35245258861524,20.59697654188031,17.6565243790102,24.485549843858813,22.644131726414496,22.60726225601952,20.74038974265587,17.758866665085993,24.587692581607325,22.57130872613318,22.503089369787812,20.660858865789727,17.786066495733735,24.648003075326812,22.436485294700763,22.157546391207042,20.5331280950004,17.787379446490455,24.78997171564595,22.446219530527042,22.6242357154121,20.638598979190913,17.94329674719523,25.031355521907976,22.401457007414574,22.5160442251505,20.681470628303433,17.96424389736229,25.20758496880685,22.708148748773205,22.66639458257327,20.77601607527201,17.896179931848184,25.53653350630229,22.77170586604483,22.99740925538482,20.84986753420115,17.984352887457277,25.580029629292095,22.987180576879787,23.144845938196596,20.931213311400306,17.98835640670521,25.544081838578897,23.07902485980306,22.81896938633832,20.87767407053313,17.904859259295513,25.37164662988301,22.98165517180462,22.91908509645466,20.92902648194019,17.960738936801864
23.78558457383048,22.280765412939783,23.005747156994733,20.81066105837913,19.016975784999357,24.461187853914783,21.328077829634502,22.317041870945417,20.28507129866535,19.37555225175569,24.76146352654447,21.98789962735172,23.438774610832137,21.127980558480726,19.004967274593444,23.795972590560183,22.972391178971503,22.86659782027057,21.015333312217535,19.332696889305737,24.31425269601781,22.342959546205275,22.93449794490106,20.82298105900655,19.157503319830223,24.72328805421031,22.462006579950714,22.86056856653318,20.77639006569718,19.22765968695417,24.459476682582444,22.68707363878491,23.002053291249275,20.97860228428406,19.21323121931284,24.581114391510305,22.950816820501164,23.08511525255473,21.124336692315186,19.293496869052273,24.897358539466904,22.934422948079437,23.12297578363281,20.993190501622323,19.216233804468253,24.85008366304753,22.830962942960824,23.26935763670332,20.94404253379175,19.20629742389001,24.743672446480684,22.981040359408645,23.138364289843317,21.077877216348316,19.247846368546227,24.812485678078808,23.189818323897804,23.15500540512472,21.014313088839817,19.120025159184884,24.761984433436716,23.25383266799593,22.86014567747535,20.83006658858225,18.819517208627985,24.49178846860375,23.178727694363236,22.83411177173632,21.07209156207729,18.694865163890324,24.302092632638825,22.996821177902152,22.562052445269078,20.980478162709932,18.44421044257661,24.418065640172735,22.78696422876019,22.905646133186256,20.923272559952487,18.104200300016686,24.77674488175899,22.647532872422214,22.921937009789268,20.904285878704087,17.99424010975169,24.54263551203694,22.48351419103287,23.052546253798926,20.90558199820628,17.945695542330157,24.56504098065246,22.605584558283134,23.21660453898145,20.78162841716041,17.879707645366455,24.578539117333474,22.65676200789222,23.036986923265403,20.815463799662307,17.83637625357602,24.37996829345294,22.643319015343263,22.854459776615993,20.736927012752016,17.849405367450096,24.68922661417049,22.554087963755563,22.626523255490547,20.7637762471117,17.840863047372,25.056244047254722,22.718478876872922,22.612277555617545,20.839625191450537,17.933392323401396,25.212424363642857,22.53564173483378,22.442296164199178,20.799977199276935,17.95367800745726,25.536846149909827,22.641266711496534,22.71582457796942,20.91233958774082,18.084730356371523,25.473513789001146,22.842295582636176,22.545679463630744,20.74131515489227,18.142920728686033,24.841690364839888,22.88218816708488,22.67908627404115,20.58402500630357,18.082355605005933,24.427702780810353,22.469948881584227,22.38598639334565,20.298696210734384,17.9381807196274,24.261802956604065,22.56279505432329,22.237072017720802,20.361454039602144,17.956520106917345,23.999309852105856,22.6150391954405,22.366376314988365,20.363389235994724,17.94048616122484,24.054674594359515,22.472447437422648,22.40740048561747,20.56827290239703,17.81896661529452,24.33829243653258,22.54676995071814,22.327587268652557,20.57313281350209,17.77493267554368,24.45553710081338,22.595423537985234,22.573890023854812,20.692625149093402,17.9361048709917,24.577160307923414,22.65734353733085,22.48302141916377,20.578548595976102,17.94890688744985,24.694825284339032,22.629154353818656,22.151270519086957,20.449406890700153,17.951480032625295,24.8474287985516,22.62759073009564,22.548771270360827,20.51046387919156,18.08007574817977,24.95771040796395,22.6172406035868,22.405862814593778,20.53491214221946,18.043468995015456,25.209500278561617,22.94081532683707,22.52498588619687,20.632053728885573,17.895377164343785,25.381470125435023,22.869053216417647,22.80742013807066,20.73977085629733,17.880708273591793,25.450311675145578,23.011639872671825,22.843556852450586,20.793380919563596,17.885565477671253,25.42014733538404,23.037228230216336,22.526701946287318,20.814651663934242,17.79593216850514,25.30713706137213,22.88725017985601,22.611966567700236,20.926465933417226,17.930898021081315
24.292873531488286,22.38375410307907,23.137442171481176,21.923207418869517,21.86733510322797,25.23066373846548,21.957185875565376,22.4855125264201,21.633716717948626,22.04657650584006,25.27591392588597,22.808332491060636,23.666628973946118,21.850126288517124,21.425852563702477,24.708836391764574,23.49917317399133,23.059353812808247,21.789596701754817,22.171208698835144,25.059422473746704,22.79217321367852,23.1150878880339,21.82185354145733,21.90161101798761,25.421316771119486,23.03567594505001,23.04011781961487,21.822206725729615,21.98046558362773,24.86836108245866,23.08637326854673,23.247655967386347,21.985207125002482,21.983057641123985,24.933247177223866,23.20626366653238,23.158294896837578,22.186196254316904,22.07861536282144,25.330744700109218,23.192505518988746,23.222262735577722,22.133181506516298,21.954140533811085,25.256038976523527,23.186826719281523,23.317294164818453,22.129355903766132,21.890930127564673,25.190654977605647,23.215791053938283,23.17381689851879,22.177791931027983,21.8884121159618,25.441782031452952,23.501749818248165,23.131579179809517,22.065873692683937,21.635245477641316,25.648281820686197,23.554190597861336,23.020605353392376,21.774092688847865,21.028627332032233,25.15021359426227,23.30857925708837,22.874592141064607,21.809133639149472,20.523157012721654,24.776344611844973,23.18057905561425,22.622048452401206,21.51997622887805,19.83218451708212,25.07313875034538,23.015841145574,22.97703807320446,21.322923730102374,19.054358860688943,25.54447067414278,22.864352671196947,22.99523742021708,21.181796000333055,18.66536686796878,25.086858242700508,22.737371929486784,23.10163528600753,21.142603517730954,18.518440550412297,25.39946438652952,23.096559603899124,23.3543662979288,21.031010310781888,18.402651095280593,25.578532783483716,22.937080127120197,23.31106739363162,21.052507070540756,18.389220517317217,25.42937366256319,22.936127194489394,23.153976904943466,20.958922831386587,18.380910975990354,25.65662863406136,22.851940509993874,22.800308729711706,20.971307725774484,18.324709964189204,26.140413513133616,23.02998830396388,22.859286424310937,21.085635950060333,18.416248773154827,25.998782466706945,22.816393954903578,22.70539760273578,21.070827674893867,18.438747741484146,26.32967575912903,22.948393794655377,22.834517858432655,21.172168268778357,18.530766086020755,26.023231415000545,23.132883755848667,22.544680081803005,20.96214168500505,18.610820804089606,25.40161934698299,23.264585279854305,22.658181806992395,20.686413656713874,18.513095062026945,24.751416943242827,22.934722631015195,22.33041705301439,20.426337046316032,18.42680981969216,24.723475872299847,22.880124818900505,22.15948913562961,20.3810439290793,18.454343058438536,24.45764017845745,22.9341216355158,22.292165851173117,20.38321314364123,18.36530810469758,24.440818219221406,22.77244931793848,22.538843708314023,20.607881096332935,18.207277082297104,24.79817074427234,22.880730774461654,22.592729082340558,20.698337803211853,18.194409020034648,25.015780732191104,22.769649726855302,22.813890141727605,20.744559253548378,18.218978162447172,25.034782739475123,22.970161505540656,22.70328387017486,20.640284414883244,18.163009413065005,25.23423584420808,23.135841865165197,22.391304575902303,20.534633964897296,18.244324685502924,25.470049643365808,23.197111229560967,22.652313214529645,20.60053123178942,18.417863780626778,25.461232022927504,23.076692923120767,22.406459318329908,20.673823055451674,18.408394527418718,25.748650269790694,23.453188342045955,22.462646099154355,20.746755952821434,18.354552037864075,25.87841893548932,23.31912759692015,22.70502719029262,20.89940572628018,18.343486073143886,25.822451622654643,23.40231748096987,22.635900596268222,20.90024784001498,18.298145986397223,25.786789975235145,23.376441596602337,22.284479415078568,20.957076876655,18.174760082271803,25.743161301451075,23.225759948653696,22.6154265935558,21.023803500265824,18.215977416465904
24.316660492721418,22.37954221129963,23.14593642601087,21.928367323227217,21.85742037907487,25.25787902553114,21.959437864521995,22.489891890215663,21.643938806867897,22.04731859046885,25.263275393509,22.842546142659327,23.66366768030156,21.835718584618398,21.431769850243995,24.730968395856525,23.479709252722273,23.061004291139486,21.79810687662449,22.1658009263869,25.07283647809125,22.800198394209428,23.12122310284014,21.825036760662094,21.899021220621435,25.431333583558818,23.042179701027244,23.047981387819526,21.824863194894718,21.980928107550238,24.872687386705067,23.081945041116143,23.256977674439632,21.98271845176376,21.9853663724366,24.93985669860595,23.195288352125726,23.168065689846593,22.18668387111529,22.084459582217164,25.331705852243335,23.18693161264912,23.23337610283169,22.13118780324565,21.96256216275369,25.254120229631063,23.176528113065917,23.32631931561499,22.127274522907978,21.900583522792733,25.189150691187642,23.209352084275675,23.186429259726733,22.176624899280267,21.895634554896283,25.436757179306444,23.51190886996485,23.13959500029628,22.06255934510896,21.64588937992499,25.642015274035753,23.560092638107598,23.025159436855112,21.774830362169943,21.02355514869036,25.14590444266549,23.3131542776459,22.870693096492552,21.80727054319433,20.515801903951235,24.77832898226132,23.188883204972978,22.616990519322478,21.517879905592203,19.83512801400863,25.07278870001777,23.0192743426292,22.964284147381118,21.321592955525936,19.07305422684723,25.54917177426073,22.867243291917788,22.989845602184957,21.183782583849815,18.67125484899247,25.091562850165914,22.745459217827133,23.0992659920635,21.136950122652852,18.529281283790713,25.404151081855314,23.104062227884253,23.35506903627343,21.024755959888097,18.393869489184535,25.576884073513064,22.941006536490658,23.31180458086643,21.038415416072603,18.352468951501812,25.42884461035053,22.947409814471982,23.15743096236571,20.94359374507132,18.333663507258397,25.654540557745673,22.857268608598975,22.79990021748349,20.955235421812677,18.285206726090706,26.14047444805534,23.039703901419607,22.858297787152665,21.073970735781376,18.3728696908601,26.000260780216813,22.82691621956341,22.70891883975843,21.06984639808007,18.425397290140275,26.3359172691732,22.951602488893236,22.833292611657704,21.182140910012983,18.523917033939625,26.025116612532923,23.135953187902324,22.538865968124533,20.978534177878604,18.614080908304615,25.394765865441993,23.26453754338846,22.64758010308645,20.705905941817736,18.513862941761737,24.74174749923551,22.937174040504935,22.331264401785845,20.450613499198955,18.433099578099537,24.714192739749656,22.87239287974371,22.15439955884329,20.39466860369999,18.452729194891123,24.446553021173948,22.93135730176984,22.294709679159343,20.391447017341985,18.37983326512978,24.433448397227746,22.766106287387025,22.543900259471826,20.598148626307548,18.20504005231161,24.797962711335416,22.879969068401124,22.60818952435891,20.677407763273504,18.19958606637313,25.01713073147598,22.765196978533506,22.82455070823503,20.724021105481935,18.230605348675358,25.03529724598646,22.975684980242274,22.71981972356989,20.629782309412143,18.162455816296593,25.236150558958222,23.14434231497892,22.40015240720619,20.52363577608431,18.217823150843273,25.472761045746765,23.20330084154234,22.660180422293386,20.60266343665385,18.39650248571727,25.46551444489983,23.081261119370275,22.408295359974165,20.695243471318275,18.385484655475427,25.753952348800453,23.451305453857223,22.46220632096541,20.76026974911522,18.33287583989159,25.881271667238156,23.319138387318056,22.69781880524041,20.904409089987467,18.334000268342262,25.823226724831933,23.40144277252255,22.632525621999104,20.912426820906752,18.298952575324083,25.78861236678273,23.377367078174764,22.283969508968383,20.96695256507464,18.179969242389664,25.743188574069798,23.219621951505665,22.612801185631213,21.031496615651474,18.224988465399253
25.267528426511465,23.171470126336043,23.460850228707454,21.536864199355765,21.52735534551509,25.631288427376116,22.65818028466929,22.204969990930966,21.49305122478434,21.69533778406626,25.807019871787283,23.188547671303798,23.849175480885986,22.064595562042662,21.591375048970967,26.571199454418448,23.609720507029067,22.78880759497118,22.21632564233017,21.565214417422983,25.85443528219086,23.17818577756683,23.054133632652828,21.74500998000405,21.645253935329126,26.06487852456696,23.236131167084814,23.02547025945286,21.868493355682503,21.619620364409464,25.697054261053573,23.206446910910856,23.347908357721455,22.023688841368973,21.52544972185357,25.631468020988486,23.233374877861372,23.24208423444457,22.072235323463246,21.52521126244042,25.855737528512424,23.32770809026637,23.401008659708683,22.017748618184534,21.404889192319796,25.902394364367762,23.392688033547575,23.56106181293834,22.092798973324754,21.244475247902585,25.782515493177584,23.457540919337294,23.428996147560973,21.975083192118312,21.286677393603718,25.90553390912951,23.661808607126492,23.345882993090413,21.849492461593815,21.266673068202543,26.386744894120675,23.818934138965353,23.292394692755337,21.67200008132639,20.80415772137598,25.82343808899399,23.32977456451273,23.060813705932247,21.641152254316545,20.328522985558894,25.258213112014364,23.139015258680068,22.66701973130755,21.403335926227843,19.804556218586733,25.752317140433654,23.164198674436157,22.912288043740443,21.384381546172143,19.232265529049744,26.412462493486778,23.21676816293746,22.960608722548155,21.334803166870586,18.715616449072577,25.61664770066439,22.946958105526015,22.945930568406393,21.287423479555176,18.4600334165495,25.99381825921038,23.49805645780562,23.207671116652584,21.169456271947045,18.45885904233756,26.309022013000522,23.355296947663255,23.332861884625657,21.139013084546953,18.348907885781554,26.112786788006645,23.285383495810386,23.24764672640923,21.026036055986076,18.316422799430907,25.968138389860798,22.906055929697466,22.849356144431482,20.91898262325483,18.302473914995804,26.66250883974154,23.126178459359398,23.012970761595128,20.938345711545075,18.503782829025546,26.429826975187893,22.921848561945964,22.931580207306972,20.919673234196544,18.56826270181643,26.70070605727262,23.04058086702693,23.012786827631476,21.042929122195545,18.698784674130188,26.28986247505719,23.17063658033981,22.690065958254415,20.969604060764922,18.76229541816234,25.706474038735525,23.555104929599423,22.80393112431919,20.833201357510013,18.72359512529247,25.09878353500238,23.418246751233244,22.400640874207085,20.716773723904087,18.507221394807534,25.219783883448596,23.372078750205795,22.211086972604527,20.75541693892698,18.48774829880988,25.040650662636217,23.534750264454807,22.35377327067048,20.76974921463033,18.41468845184047,24.80200916129676,23.367039946778068,22.579562094306908,20.83036618327186,18.251991213008786,25.26476415531202,23.354694863530266,22.54861509047916,20.87738072193905,18.287360914220706,25.4101835762705,23.148913773765447,22.859268757378437,20.877302904176595,18.334341494280444,25.2326245974725,23.305802992589065,22.713842224291152,20.726708915917932,18.276914919231196,25.451764203914667,23.46585055442685,22.617867341096918,20.644803346590457,18.404204499093375,26.12993822599598,23.516189928432617,22.832343692479082,20.704310797467805,18.543432837922733,26.070586661869434,23.424730764535354,22.75415778877442,20.783885713256154,18.49873445174047,26.333575358998115,23.722926194596624,22.74556039944189,20.906619455601046,18.594028142890288,26.30909842275593,23.51117539026192,23.054755330850092,20.948351512704875,18.655908640086462,26.140795035327574,23.53231387169251,22.8359012109329,20.930080757854004,18.563040826185983,26.143960273315383,23.54683236543051,22.46691014892175,20.97416594921822,18.531339043799953,26.01141625708533,23.318592674910235,22.759552119476393,21.06036453955765,18.58880899824998
24.58000350343318,23.331408007992373,23.167384378100007,21.9858396019592,20.632335079051057,24.65189289213929,23.1589164631422,22.41619297556334,21.174779108849084,20.54266623571412,26.09790168480911,23.89757317811075,24.051882141677318,22.10291023370223,20.553528290559747,28.039298993470027,22.28760328797406,22.997236649712054,22.215102493504343,20.61614322181549,26.04336183755683,23.137623485301077,23.230975178480723,21.64660691970996,20.601327274246007,26.18917615698595,22.96355819811235,23.24430780612108,21.681359279965054,20.590365092117597,26.279293250682446,22.927441214566727,23.553617435867192,21.817339319896668,20.47776267017249,25.874339981720556,22.78760326048249,23.48435089390651,21.78762390906102,20.43948122866964,25.646711816733916,22.98510322649997,23.51037833125353,21.569982646575948,20.307996832402374,25.247107298413106,23.087275041928354,23.558814977331483,21.689411982574264,20.187265731795602,25.399460037710906,23.47834641556461,23.5071022087753,21.539867689598395,20.126352883725808,25.496234825625326,23.56999211721965,23.34609612470397,21.4761954749343,20.15455226768982,26.26782142724367,23.935626902137646,23.133841329038155,21.426309575455416,19.917764252456948,25.911665506169204,24.01721511762583,23.05833223859039,21.47736046114006,19.648688320041565,25.61483159400111,23.841066035495437,22.578912153402328,21.303013839966805,19.290030026756348,25.992972636609352,23.849326709069196,22.627375249231278,21.423606722861198,19.02200477328693,26.292379962903546,24.024900709468945,22.623561395057635,21.478819376640285,18.826621257639186,25.78435095672317,23.650225873029022,22.656486438488066,21.419135883985472,18.56900441071506,26.061586638399,23.470972307158384,22.782905470923588,21.44476092227473,18.55736954955977,26.422510927986103,23.415096439525776,23.13809273347768,21.557776494931474,18.650189111828126,26.247058472887137,23.23333092945897,23.05361316047987,21.362752961952516,18.744758152925556,26.101144791321655,22.866233903092795,22.91226945801158,21.263376298544298,18.610495635434855,26.70344824529574,23.30138529359819,22.894389919355092,21.411667374888204,18.84281463399814,26.590536286466925,23.385625124944248,22.880970450433466,21.25970675422376,18.847026473999996,26.58402945194002,23.404590981375897,22.83639587819088,21.329415985919866,18.885466721863775,26.231690032093486,23.283940233884486,22.742418100158385,21.109838152734984,18.779150865206507,25.74162017487767,23.555010828840615,22.824251315721195,21.052249480909556,18.778796062170876,25.17290678431968,23.16347623347003,22.748881708374874,20.742606803951634,18.670118127520123,24.892801901451172,23.05014463965684,22.660859943174096,20.941645242908002,18.64888794460374,24.93523020834376,23.016503273965547,22.74244024042156,20.859974086458944,18.599559000618683,24.79967844081218,23.076382221412263,22.841053308952944,21.004099701231375,18.571755223444253,25.350315848837482,23.022891163177015,22.75556300974484,20.950817831351355,18.6293854309343,25.345236655651245,22.801708493890636,22.932801787911878,21.07160998931932,18.58321279533165,25.487537781668653,23.001444101570183,22.986095585565785,20.885151314927136,18.567956036084336,25.61410764896932,23.098983772527667,22.888106436232484,20.799610032468543,18.52919975215449,26.409989536642694,23.0054766791779,23.078002375963464,20.926145432671344,18.522984704272982,26.4750990673427,23.08963875193867,22.9376264500939,20.910579875622194,18.492329231926984,26.39353362482292,23.532492221697495,23.0586331512723,20.942135316755394,18.503871818153872,26.60161090899693,23.298179216053704,23.075405669240702,20.977847385649145,18.526714514991927,26.632404268830964,23.44528817026885,23.111300239396037,20.972890016385605,18.539767064238454,26.350524863784756,23.829630109669374,22.940154884463034,21.0237243963325,18.616226891962093,26.148552057932807,23.56223261665614,23.181613742619128,21.051725030514298,18.661518590936844
23.971737463773753,22.638405144925706,23.072757383234404,22.288792644995613,20.304369630363606,24.85211570610893,22.526838314799157,22.80386397164213,21.001784298007564,20.10714181857693,25.37221630927003,23.745655276604904,24.19677075111078,22.298515095490032,20.261879794782992,27.184031018929893,22.029660405489274,23.220145918711466,21.895252029604077,20.208624650457843,25.48247095000337,22.78901597993821,23.440817769230467,21.67211148516241,20.253612106640446,25.672817012176314,22.654010711342004,23.475972175065966,21.589986518993616,20.306804842110544,25.61972229704253,22.693441859117986,23.7493376691027,21.847104283404438,20.359389063446383,25.341295261692345,22.46463964923844,23.68902288587597,21.776005542499618,20.317529451065287,25.12024052011628,22.628307813317132,23.707494587317278,21.631730068390514,20.315877936407365,24.891963157899703,22.661103199843502,23.720699200928173,21.794953800837796,20.257007206176688,24.994785444799852,22.925159689897193,23.641221359552556,21.783496974631117,20.264426384653756,25.0148458302696,23.073364936642474,23.51975906259195,21.612937307430588,20.133767188222293,25.605113806710598,23.448368639548384,23.186016021354106,21.58373282222982,19.894981730573143,25.390440874618786,23.57709550998752,23.10953301737718,21.66325593456773,19.634263178177907,25.25652897086809,23.52346933245613,22.757384832173905,21.486058050444772,19.30494253967246,25.53327222101978,23.693805762970612,22.827724607895153,21.53001731106021,18.920558068077995,25.841418887955133,23.715981297603623,22.785048758890532,21.56321256146742,18.6444463967761,25.3800885116649,23.334640299552127,22.89789620783582,21.481191258743074,18.533118400131457,25.442758000725696,23.097478067005994,23.098296505776375,21.54669482218564,18.41638780376263,25.442487524546504,22.828159028623862,23.300766970629574,21.572667067416468,18.50857630958891,25.195929711034918,22.63710663944803,23.207587152352428,21.426915856162044,18.59156933431695,25.096636737682722,22.35809619458986,23.10600464979502,21.361208042945645,18.58486568662589,25.643248216055497,22.76162013610395,23.147894404633696,21.577195083835324,18.63494611635941,25.689363543930096,22.823947193525647,22.957399048090043,21.36367074744414,18.683004833927388,25.7646573423469,22.926657603680333,22.93850315813567,21.408196027178484,18.641009481622465,25.63755123899993,22.82142242409217,22.932978014112837,21.221693895219847,18.602000913021147,25.25229177392468,23.08832998610578,23.018162852716706,21.16332048379179,18.595229083579085,24.784913701550558,22.732945174456876,22.767104645557477,20.742637290043255,18.534803599593737,24.5625120196355,22.716025165945787,22.658648447162125,20.98779481340991,18.426923540721713,24.640472986244404,22.75265484495177,22.735213075136407,20.923025310021423,18.378945262651314,24.382452514294375,22.746366770426512,22.79958194181298,21.04184831373287,18.323802146173254,24.782606293836096,22.562084673445124,22.720857402645724,21.019830197540223,18.425830658519068,24.829936363127974,22.5707424006038,23.102670510436116,21.32337252464219,18.520782292131898,24.915827386323304,22.71894889030321,23.312159128552697,21.050125708447446,18.605462915167575,25.085172422399676,22.712808333035944,23.162411208734824,21.097411973115218,18.59663583055785,25.882695787609983,22.592573702310965,23.38349046404677,21.168972079760543,18.582260408787555,25.970131849153752,22.725889289294535,23.075800153223874,21.02062806706305,18.49618705439277,25.898969054450117,22.954346040529636,23.05428237987021,20.90912122896707,18.377952871609317,25.994780368640278,22.784542723273997,23.031885155784487,20.99308462385213,18.4121679549091,25.785391370621454,22.94257066316363,23.092250062797415,20.8561317924608,18.36739132677991,25.61323420488432,23.37129321585389,22.927853862384552,20.927865483938152,18.356279343446868,25.389677032786494,23.22788820570181,23.28257658994596,21.033036989408124,18.46965572893918
23.40590633344509,22.28202395169284,22.81758622255374,22.347563901079333,19.29253995905097,22.963806241868834,22.64308732142301,22.684816403569243,20.599960411713763,19.17079708185297,24.257722434568887,23.176299156796684,24.042991056999206,21.90566216430119,19.33967438744818,25.813367733956202,21.599251696149498,23.063663362071612,21.438578608324207,19.18684095496043,24.264050762753538,22.48925701174651,23.30960941832652,21.424073589833846,19.19291849584318,24.463428788978476,22.308014300473467,23.29575253056825,21.19809746588482,19.265338282099528,24.60477721884733,22.17364581192407,23.572417908703393,21.506509493039072,19.382186980785473,24.59271584458664,21.858923208853763,23.471757174882825,21.406697543220197,19.413041333164678,24.372015369499298,22.017752010464868,23.570940669423372,21.27666489813364,19.390859750691412,24.104488885951206,21.99688334427366,23.561332829516537,21.406487176754236,19.45257781120632,24.057587176032992,22.26473828322633,23.555062063876864,21.53036043873267,19.36637580390752,24.140518433636178,22.464837632465255,23.427120364205997,21.27875473684268,19.229264643544543,24.489434196166304,22.898723786851498,23.147745862967447,21.320841000879398,18.97879254640774,24.29369335594109,23.005513808753772,22.963182988012125,21.48173990585962,18.80759804714289,24.317750938588947,22.84519618088898,22.634463764677164,21.284241396631757,18.543685161375734,24.559517777336914,23.04424195622374,22.722448650484306,21.30856332014961,18.292700122516614,24.751238920753984,23.023851485767683,22.702281475363588,21.28530961148916,17.979409227772262,24.389895323894773,22.772795376287938,22.914759213031658,21.200113412275357,17.9400346492606,24.624912778700512,22.683237002557227,23.0927596869177,21.213438173017245,17.80209557362932,24.53377425715208,22.74655668103113,23.132462698790086,21.218341289920364,17.74022105224993,24.31185781172926,22.481788488485037,22.98705785061672,21.104169416139946,17.74565977865027,24.379996984454174,22.22802427090353,22.931575580105246,21.154294004387825,17.82133455752203,24.62457390729606,22.429966297525763,22.897633724107614,21.440550130564134,17.80583156414854,24.648417564914997,22.325551389517198,22.728614644536826,21.238560170659543,17.872237760585406,24.772734604621107,22.281680734605985,22.883311683733357,21.369178445305856,17.95134023776486,24.850429409842747,22.345289721701498,22.99958860986079,21.15005677498194,18.02592614375006,24.198774671965054,22.460775284777874,23.074482773881186,21.171244033794324,18.033238258311034,23.963521818275833,22.057416532496866,22.696223296241083,20.623600083489443,17.987699884599397,23.717110578021476,22.108673318669346,22.566048121941716,20.908087510689768,17.988779761631527,23.79171496287523,22.17179716017387,22.588721694116344,20.811707773739364,17.934822767706116,23.691240891592415,22.026400464943766,22.647691569911224,21.000224235886918,17.8616266364592,24.17902366989467,21.908282414932742,22.562436009591437,20.907147918703775,17.899024452346264,24.218253456320852,22.159446741342794,23.03314101559379,21.303778629335774,17.94348661097977,24.223272717770715,22.208408667199414,23.37246824178793,20.995908650305797,17.986970301677136,24.102135444891235,22.133923962069925,23.27343559052995,21.062612261362293,18.07280626252326,24.512909313463815,22.31965157809186,23.471530575752134,21.075986251963425,18.12014083114763,24.599490252617805,22.44227838531073,23.223358000155102,20.962672706186126,18.036320813653465,24.533388442298907,22.534375006798914,23.197632215687253,20.790794520925495,17.937396903038074,24.740247625702537,22.481885620246253,23.19515380001163,20.924357578873394,17.96449309199926,24.86027801724257,22.57398201552022,23.220927498978938,20.803146168115973,17.871513958086304,24.750158946941742,22.643536512380617,23.071098731603165,20.786185610207394,17.77803327893492,24.736485662416214,22.60651134242604,23.23698246316992,20.827814927321725,17.848845340644242
23.13576677318837,21.729703910098017,22.656733799804623,20.588741797326776,18.248534512582864,23.281417955584537,22.08104868467592,21.0495675170573,19.36704991430734,18.34991075884937,24.251493482200203,21.826684810274394,22.716525741386032,20.96613251058512,17.943924967626284,24.617438566144724,21.245998798520855,22.159440101810514,20.841318753681993,18.331904393186868,23.966328701288948,21.97954701137661,22.28545138376808,20.350107307183805,18.159995152929945,24.356159207472423,22.008341797833015,22.156361680211262,20.37351713987763,18.211286496857802,24.178268431912166,21.86954375061014,22.495216130115715,20.63010356268712,18.25786832221497,24.22553903760122,21.95101716514206,22.517891472264083,20.649072774649856,18.370367949034506,23.99469580713855,22.143786092520283,22.582431028912556,20.51992135193509,18.316556596565164,23.699696647662794,21.981272676907984,22.559894994443535,20.554433563156397,18.407262140130335,23.482999625764585,22.016951163100458,22.438516699555585,20.55034147481432,18.32803128113199,23.723709511974057,22.321569161647403,22.42130921922244,20.507630010679456,18.31964567801706,23.811052677587575,22.60977391682531,22.080483529816767,20.31614213919219,18.17665898959183,23.888956380648317,22.63747957025682,21.946267942252113,20.38851446503893,18.133093721171747,23.805373498423215,22.491217491391097,21.436278650231284,20.29316951917364,18.036786241573658,23.943892677387492,22.692217088124693,21.66114959562524,20.358012798584237,17.961596371999303,24.172669048273168,22.681711011850872,21.605313933928386,20.30777876273711,17.743144531515306,23.901923986283272,22.33809218216472,21.856106674433857,20.369565999616125,17.718035254365223,23.84455272523909,22.259086789880698,21.963811165485048,20.355761160494165,17.627880007912786,23.813678743911318,22.227440070887372,22.245519995999068,20.481660733259673,17.555069336235633,23.639176922572602,21.99757515887172,22.083505606866666,20.309493321067293,17.49264911698811,23.69265199907577,21.54914541103688,22.03715498974497,20.41569163123329,17.55156408116144,23.915211001234248,21.697008885050213,22.01996562429451,20.62544231741291,17.58334307947056,24.059294215604737,21.617739655962687,21.96422896374546,20.51359357725753,17.650542111110457,24.248147180035073,21.734855853776555,22.066669001615914,20.550369881282247,17.685649308773215,24.451964709684958,21.828404958641705,22.076511959723412,20.406303380968815,17.771950098670025,23.910848608587962,21.960248980211503,22.15070432913207,20.330968498230856,17.673958598418984,23.726716175527407,21.602299834610797,21.94465996452484,19.894121830127567,17.64398117474104,23.431962333245966,21.75105423572984,21.858958755506997,20.064764275115362,17.72958132914876,23.64065613854521,21.849498992782827,21.948361660965976,19.9450880244526,17.737844172982523,23.56183287971702,21.671760935266633,21.996915177330102,20.03397754959729,17.733792589540805,23.76885767542811,21.717086249482264,21.829533236670663,19.94187493017257,17.867430969151393,23.871487932234324,21.951756484512803,21.867439312904416,20.237956341078164,17.90738082355814,24.07820931249724,21.91284834483776,21.933444117135906,20.070288576440806,17.81151850284315,23.90546166359989,21.65920617281885,21.742385202153493,20.099337829592777,17.770902564616847,24.085458051410235,21.627159280516185,22.02674756182982,20.234573710077324,17.74088111743739,24.33031988665381,21.743157555473438,21.891344538385958,20.25268383758989,17.59116281433484,24.37628942906284,21.958423171240696,22.242798310151745,20.191943063635545,17.39288857165041,24.4135234357693,21.858143939538742,22.420993681176032,20.284844256540264,17.429442138901948,24.483381694906715,22.01902339449366,22.494592059463,20.30833204424779,17.422615531770255,24.49137241550688,22.260769380015653,22.202718571724894,20.282022294619015,17.39021074870173,24.353645195836865,22.167918982049713,22.346652210568482,20.258517271322297,17.47594444937616
22.840924535646906,22.065876789717628,22.263132224383643,20.31078816692934,17.738882996520807,23.504611898343157,20.73093124230546,21.806406633710427,19.748541185111282,17.962246419505508,24.73262637019914,20.876740755722167,22.792868941854664,20.42287415744627,17.55745534079936,23.07106833789268,22.209057977952757,22.018581300602328,20.472901348245845,17.85656099222438,23.68917808721545,21.69908398407902,22.285725051105523,20.204392122930194,17.69610091974011,24.057761608522366,21.616282373989506,22.179126600944034,20.114073862025883,17.75021350882736,24.017925728489594,21.87729188896489,22.306691418410423,20.288148351985015,17.69279261068333,23.93207714883916,22.171725744356454,22.385625985526268,20.43154628287849,17.727283247730384,24.25671790536317,22.114063068279187,22.447090446366524,20.237986963173917,17.645677784938037,24.039820621535164,21.968827336355854,22.529441316662698,20.180971049472852,17.71691805374508,23.973959480463645,22.15203968547882,22.416331753270743,20.351196386530766,17.654724599019012,23.969202167578054,22.279940294498708,22.388225711870366,20.28158816859352,17.692433013439903,23.845897238569606,22.429717601750767,22.1045958635953,20.084813721205204,17.695987303680056,23.63625429297764,22.398960333102103,22.089304053862683,20.401753179173863,17.71105295237451,23.46528579320033,22.166395816694624,21.838446778957596,20.31374235004634,17.63033055887556,23.517184359068068,22.05829953965256,22.186426985910767,20.229046693051245,17.549138171482557,23.653917566395332,21.996183957942034,22.126548252761758,20.15238284682839,17.424564099094795,23.53986569048994,21.729229663712538,22.222167637277664,20.18565121583012,17.296636128409844,23.380624916466346,21.745941431712797,22.314027967077816,20.056751096467746,17.180245542541567,23.41083230488126,21.76617318935136,22.12119064199212,20.147361821072472,17.12670396829498,23.194690953612614,21.737547697821885,21.918634705182388,20.10991170854509,17.103334715344864,23.47771220682099,21.475273603518566,21.77453079291021,20.235255295022746,17.15689474267328,23.694791482576495,21.680482959789693,21.787086364517958,20.31188557691848,17.247277780432434,24.018660474462052,21.712953943119096,21.642336015004382,20.26113050597501,17.28268629261088,24.252889321783204,21.816492309344447,21.882035328372716,20.288103095535448,17.342689007082395,24.491513015221138,21.915627632826073,21.82796464084535,20.10842271799878,17.403546354990862,24.024620107468287,22.088036759970514,22.02377966035743,19.992541402067047,17.357337050179883,23.765702993429663,21.62814720453148,21.73149037465064,19.659492993183342,17.24949816611448,23.496476111416815,21.540474645561112,21.68496688781746,19.693323006965574,17.327503472998178,23.467664037104367,21.664456633037688,21.83597168362867,19.70163748893621,17.409673646475596,23.447133311267287,21.568365716972757,21.68999246342083,19.891717170440078,17.34993913786523,23.466147127230112,21.563403585424727,21.546457810251855,19.851085168497015,17.30071650305603,23.676708751027626,21.834326829474286,21.755218158289996,20.071560470622085,17.430082161935292,23.765907813713667,21.899124685765265,21.55212505495943,19.96836418998123,17.39349571185385,23.89551659705048,21.742847685298102,21.278918348117156,19.892828250535935,17.381421569762047,23.922121442519096,21.70334131290998,21.77526477671889,19.882833362624723,17.479106391642233,24.21882084418956,21.693432178317998,21.69047969235728,19.907057937864174,17.443052938706636,24.31795411641769,21.875675792814718,21.86770005567477,19.92698488860579,17.24454088749055,24.42399510167593,21.830475684116326,22.204531794648254,20.038325420925474,17.325450846869977,24.403267877440584,22.06063622379743,22.310428484699592,20.03743042686838,17.272538947950515,24.48924178879982,22.203460911883287,21.984389411078585,20.063993825119013,17.225247494526187,24.27558517168749,22.07787445081281,22.081645257905798,20.15021860654727,17.300755398549718
23.63598361101561,21.265681844553463,22.495288423742206,20.844194524757942,18.637621632786065,23.90290458384832,21.65273005986353,22.288570848537155,20.41881996854643,18.706658939770495,24.00099009009907,21.332121760610946,23.105511783110206,20.436188702329908,18.57092013292007,22.613563284731622,22.37246637939852,22.07837608681219,20.055441112511634,18.8394422651518,23.832100208921595,21.828132695985875,22.52301579196482,20.41697704473179,18.717192928711867,24.237477859718503,22.080441109524937,22.4203396016905,20.255004379733172,18.76278619305268,24.157827037435915,22.094181171848824,22.522026590190645,20.367990577843006,18.709104052745058,24.29771872760975,22.411921523691372,22.481666597673474,20.519664346658914,18.710027793898504,24.565601592975266,22.40330332127587,22.533387683739925,20.486943902474366,18.59119408679933,24.290113833228972,22.18536605985569,22.553881278883257,20.47441990617048,18.442578467865953,24.067854919321192,22.242984654597294,22.4548349857025,20.63009785349168,18.46479265537385,23.86595888412267,22.43729939053997,22.311907077797795,20.531235778976587,18.37933635481624,23.82571852257566,22.442279086760763,22.100541684094004,20.37333630862602,18.29988573134242,23.722863400374028,22.412155630319468,22.150575666855616,20.616784629014052,18.20355538574554,23.63741327140665,22.48122072617216,22.06143835560511,20.53675263131804,18.189344208307965,23.777195788073442,22.34717502137999,22.373839175513513,20.393223228992746,17.920901547965173,23.994564013885917,22.207378063145953,22.48651561183248,20.305397991369375,17.87942876966803,23.63544709125722,22.1223048379722,22.66630213924406,20.292793619830693,17.76993089153413,23.657982635837694,22.28811943776008,22.78588443948438,20.168069874038608,17.74652599926917,23.694533325005125,22.294160944321312,22.554000852176777,20.203676250356565,17.685575822127465,23.549613472972485,22.16148087674964,22.400706658911872,20.24910724159684,17.718826855496484,23.86638956591698,22.250157054680226,22.136701501452517,20.416168432403435,17.71768501262264,24.207250847635745,22.344525022867824,22.142278856829154,20.553857373524426,17.71760399780318,24.519929636362697,22.130323203676532,21.988744078805794,20.550774079525283,17.65346007338083,24.928439186084724,22.17215608817738,22.09475560616046,20.49728652867791,17.7359372198019,24.900662759680642,22.371806148124698,21.917953418534548,20.323272743871417,17.774890667406854,24.52148759686758,22.296031876742774,21.949220879159657,20.095447600851276,17.70111045850716,24.567929118389323,22.05724517631318,21.61017065708558,19.765861454136036,17.59940021964934,24.23495742790124,22.093638720740195,21.46987900490079,19.70640118881348,17.726887090532838,23.833246666243873,22.201564646511493,21.6104873965686,19.75473274862005,17.627323355881522,23.81660972249714,22.20043605003141,21.77946872292589,19.996217176459616,17.45760977566465,23.89653150652915,22.308429925594076,21.877388963578277,20.065845363728723,17.46225091963371,23.646708674290167,22.30153487414092,22.076948437185234,20.284220475781222,17.638542893592454,23.707722785619275,22.479769709730085,21.933321735605414,20.189861184495573,17.568953127173543,23.9162972930578,22.28782991194532,21.63659088437569,20.181127790534116,17.60597188876978,23.92924024958601,22.18145548107737,21.897250149451494,20.134179132427327,17.76891290987285,24.06472736040759,22.08805811747885,21.703562132469713,20.12462444224716,17.76959599098373,24.37874157847037,22.267685621536685,21.78278917130327,20.071740331853732,17.71041014877502,24.82677738851627,22.142708045041395,21.967342871924913,20.230799753635132,17.756451598668395,24.863448753429687,22.385529878356756,22.02762157645744,20.115955947624265,17.77622378234576,24.82410522823866,22.45371522182086,21.636137091609264,20.171473296048617,17.74109362920825,24.793696042492115,22.390589032506686,21.854064299203152,20.25367583993821,17.829100843530718
24.29192471568886,21.73529517807191,22.886358271976267,21.193878733306637,19.932768613049003,24.212993068566416,21.32233144114125,22.538832174878415,20.72783688390493,20.27740527984687,24.152394968505714,22.139441608101745,23.43706379540214,20.946113845349778,19.97402264249199,24.626561672549492,22.911120963653037,23.0441177726885,20.93716809389909,20.51304944982666,24.166671735711855,22.05767861908447,23.050530618215237,20.989593170550794,20.19853581797936,24.292025071689228,22.227032328337366,22.882303392780035,20.912870723256656,20.273846710101513,24.039016845253332,22.398198753986915,23.02756382296575,21.1716797806489,20.191362413531042,24.119458711661018,22.65798349263398,22.887596724924002,21.33360921713497,20.182823572888744,24.200746252459027,22.634194826645235,22.908213129993975,21.345721461145132,20.067563437531067,24.242894167049997,22.7036517155453,22.841536958802614,21.292645639487112,19.982426450094145,24.250410289425886,22.75428666203564,22.849410739460275,21.41691020327411,20.01780455830148,24.328558980398018,22.951060599696365,22.760137957127938,21.219695540422286,19.878159388868323,24.503079373342388,22.785749762979936,22.693475697658766,21.041709791534725,19.48681244662705,24.20570895997175,22.624654635242994,22.6526323495827,21.14856286600038,19.188938381651774,24.222837241329984,22.690262804514028,22.622088783031604,21.072254355527534,18.83955488361996,24.400001069399426,22.506128333899817,22.922828205730365,20.927903455752286,18.35775344017919,24.781168012949546,22.337483986859038,23.02483036334209,20.937399196744394,18.265197776195336,24.44950146549062,22.367108274924767,23.240651688108642,21.009257063613614,18.208080389242078,24.67032878924623,22.65121368337108,23.47501849637283,20.868375771257707,18.100287513890486,24.607408886867113,22.605503461078104,23.360559682855925,20.844504015635323,18.051621941075563,24.507622436198936,22.74809627347785,23.21941291960524,20.869079892444965,18.093125964489552,24.682479568351113,22.697571093618325,22.92698730902415,20.87989010646763,17.994855106951334,24.87937690971249,22.843691690085205,22.9550123665719,20.99116898841038,18.17669469591317,24.916649820664848,22.731783638886014,22.66807287286455,21.041155123796386,18.258464657644893,25.331051066481557,22.600830721440506,22.62147324500004,21.111062948930627,18.27626870807645,25.025203063027767,22.7481191055044,22.426259074283067,20.991089838150295,18.263087659833413,24.511327144051386,22.844763727272717,22.411020824350903,20.846968131825538,18.233115572759388,24.227236671672717,22.52086347149272,22.092856116335547,20.52804778115758,18.048049113192743,24.179568178068415,22.313245010799125,21.979602793334763,20.382453063616286,18.079519869125043,23.869187542663397,22.515452544059265,22.215616211657384,20.37269085128594,18.00282949898151,24.255549665426138,22.359458814171653,22.48299817010514,20.43749776385318,17.835189059413665,24.32584137981585,22.524208235262726,22.715991238575356,20.446443987030698,17.824469235009552,24.33073988182345,22.466516092282752,22.944168874141774,20.705980352818898,17.89584670554823,24.367365510592926,22.676052901831376,22.971000527604797,20.70312963015025,17.80709894103314,24.617065180124687,22.629072748121644,22.660520045933982,20.70924475651822,17.905418343979516,24.26803283765829,22.57095123475591,22.82142473773697,20.851309150573524,18.076232728006115,24.350849647778052,22.345451794044788,22.38843653077971,20.8008120611761,18.119606420828823,24.651843265987935,22.633162060623068,22.308993894695003,20.638953428347072,18.13119240450522,24.561600427617755,22.614423444901075,22.471578009002656,20.788932860742726,18.167548975074066,24.367579009170978,22.845817318524762,22.478933406081,20.66782123861883,18.1364263258596,24.485131693498325,22.910396617838252,22.29805076664219,20.656184554152624,18.10063961315081,24.507766725776776,22.828409120020734,22.612385578142096,20.781781575543512,18.03492367906149
24.753194493202997,22.424213353861827,23.070132960922706,21.338084777222345,20.52145367214066,24.896297460056886,21.589404877994223,22.53176835513706,21.162183683653087,20.732168851275695,24.95827530958263,23.10219166036936,23.412337518649604,21.147575236730425,20.578173104322765,25.064409194773503,23.119025758573773,22.806372708238307,21.47353690539323,21.024788670649862,24.973368772052734,22.671144809765742,22.983003011211533,21.331949992603647,20.7379029756039,25.18500151955335,22.84779707197459,22.880218844919863,21.434506252671984,20.853018425450944,24.838474031109932,22.952884290962704,23.13428024100781,21.64744773758781,20.81381454162248,24.844736929810445,22.985026539886935,22.982095307457104,21.82134658657856,20.8214312234552,25.15513162833165,23.11704089583738,23.091882988554865,21.85414567340493,20.740695574622514,25.255703288046426,23.124953256365927,23.160236196071814,21.730385531509643,20.665324026543903,25.131601952195876,23.12302075369115,23.041575022492744,21.675922061403497,20.675280650968592,25.25412052213347,23.39646784691493,22.894139299615677,21.62742433352752,20.57685850692643,25.622373936137013,23.398346912215423,22.957137141677258,21.468346534393596,20.16877520317906,25.00466226432415,22.929147586207485,22.865592248332057,21.490832316801708,19.838455027805036,24.581040028402175,22.78688003679911,22.678621669869198,21.434372283049505,19.375950576072103,24.9866100845266,22.727515596261714,23.039814359905982,21.322443890548158,18.750764192569804,25.55064986927761,22.569285621489335,23.142510968621814,21.195510204620852,18.4742416630267,24.985648402466797,22.54213172080145,23.211478715670104,21.18618371956672,18.292857692829138,25.41002741469017,23.034966796626076,23.47302282261531,21.10313109752987,18.124080208903855,25.476919662451728,22.9729311275406,23.500932563512002,21.081593507301328,18.040360735280558,25.327861889749204,22.981458805183962,23.358136344322425,21.095566645953223,18.150766733872462,25.240780408291094,22.871628110951697,23.00853892078468,21.05558960077166,18.10429551456152,25.7326516329355,22.98968117297158,23.133758965382253,21.19707654389546,18.25231395617954,25.71589119733874,22.829843382046498,22.911569535214834,21.183990737850518,18.339248975064233,26.07024999184197,22.82403706115383,22.881101135300128,21.26947545927503,18.4053883477548,25.6953647163859,22.928135379025264,22.598948007103022,21.120813846166232,18.39552655595621,25.242626179950378,23.076657840317825,22.640413443948198,20.933167145464562,18.2744681760234,24.738929312470344,22.858799560929885,22.22484595697258,20.651772904431084,18.138696885740863,24.61669424325095,22.69271436838509,22.090495337884228,20.55379721491089,18.154099949961836,24.426327372189398,22.84495204292285,22.284078204313694,20.52978361581295,18.166900173837014,24.267584307311974,22.7042493227037,22.59064831310294,20.63649329399938,18.025368485746544,24.56197262220196,22.856087229266127,22.783286434346355,20.678029949345696,18.133266897688827,24.655505544314146,22.64881833315502,23.074664313352176,20.83005544434455,18.214031100744002,24.676477203550302,22.938398581007622,22.968221112889843,20.79863568910181,18.07379843750207,24.893746596857827,23.037196615949362,22.750455240028476,20.770113908802767,18.133532146830213,25.370258216195456,22.98314909425478,22.97662173663541,20.885348332614786,18.287659028387544,25.410561647275028,22.810348214625087,22.705295788624777,20.95139274152938,18.194798752103974,25.66352339177006,23.169726785503308,22.636299930688004,20.881746084525474,18.1355089603613,25.60177987105423,22.985746953477772,22.84345476141535,21.008183468683598,18.201567108697805,25.601512800713948,23.107515087892285,22.813205018158293,21.05101605545905,18.097009710674794,25.550187095725352,23.28779028644134,22.443355618459552,21.03484964729874,18.022142812055137,25.457798837802063,23.20358633867221,22.729665378157193,21.142924232835227,18.1237559544004
25.244526287439317,23.190735060844258,23.471337925664486,21.548097654662957,21.5275680124328,25.633029433916217,22.658843893133565,22.20845558971485,21.46624061643262,21.688607645113805,25.819475697447896,23.188066725140132,23.850146464088304,22.046348743803627,21.57748193809151,26.57904246583727,23.61565425568643,22.791921858569488,22.196979123599178,21.57196618950625,25.85287057845042,23.179502472552336,23.056874891745785,21.734957406884128,21.642505731778023,26.069505341391043,23.234325186667448,23.02250207271149,21.859966447244794,21.608566082542904,25.703269564613187,23.203906973601956,23.348308186722626,22.018039430291616,21.516383076493533,25.63237820824299,23.222003898784585,23.24167602552248,22.07014709544887,21.51489555992494,25.853716002579624,23.313688819465206,23.40469327190381,22.014769406778832,21.39016492487008,25.89599348367991,23.37642461436625,23.570964537315085,22.089547417930138,21.21879564028432,25.77277267833524,23.438487173657972,23.439475680698077,21.974877115780714,21.26918581418972,25.891166385138852,23.639011998376454,23.355138746541094,21.850463383332368,21.245277920955026,26.3761364757005,23.80086301409985,23.299026670135177,21.675104841103437,20.784686792218864,25.810455792280244,23.323422961255027,23.05503406320543,21.651874135900293,20.300411719240067,25.251863637201478,23.136322624934312,22.659692481317343,21.411176079180283,19.788722424708833,25.74773149817573,23.155198442941547,22.906347312867343,21.38413329144864,19.21186087342665,26.412660670271965,23.211335082510583,22.95528081782198,21.333527860708614,18.701228571178195,25.61881253459368,22.93465391997592,22.944860644991007,21.288032784228932,18.442986794437093,25.998337345742232,23.471998280170595,23.210088357356334,21.16918091146863,18.446884105348904,26.307965668275664,23.31859190940739,23.334211163018697,21.14070941242318,18.32320483182335,26.110050549903747,23.258392099453836,23.244276827940357,21.034515080895513,18.31296293545133,25.960095700693028,22.886356136622176,22.845322710531324,20.93435996821373,18.29080298168392,26.65034152295509,23.116771317641934,23.009384034546667,20.94598964393968,18.50115392202496,26.421843745280768,22.917211794556923,22.92918476913142,20.92687183156732,18.5805736298097,26.698938331536624,23.04053899481575,23.00000310539956,21.055466414287206,18.711330050212773,26.29183373698543,23.1694758262241,22.679391739539618,20.974293504741635,18.74343905596923,25.69905261543952,23.545201002665937,22.78979511371114,20.842920644516532,18.713717349798117,25.08812045260679,23.41043737486282,22.39291771789229,20.725830226168267,18.505385484201206,25.20287804600618,23.36064820255459,22.21144832524841,20.766593636122145,18.488200194895967,25.023316078367326,23.526575433312722,22.360269714300365,20.7770652755947,18.44062541152951,24.78126820120267,23.36247724045898,22.588412696600418,20.836519009403595,18.285037029537364,25.25529016796978,23.354527342633496,22.55787696032951,20.873187380102816,18.332461778166998,25.407136554790334,23.142596128917234,22.857984856899737,20.871902346521644,18.3860844003376,25.233989264603764,23.29391172310204,22.704989822029457,20.711398601903618,18.321992114291977,25.45294618717939,23.456329650128886,22.621120995404148,20.632383872169683,18.43011057333006,26.131626783243924,23.499898153878387,22.836498056296843,20.691047067896054,18.57971560457152,26.071145420113133,23.405327663822305,22.76715728041281,20.773363585564486,18.519290556033276,26.328968172600376,23.71173161087878,22.76388206202161,20.897980136208577,18.57991578410249,26.310103693348406,23.51322046944417,23.075586007039355,20.951224615412077,18.651203686449026,26.133972766098413,23.536452359487424,22.852569288517078,20.927994906801263,18.56056485864289,26.135855580389556,23.551700347581455,22.491435435288764,20.980825797592264,18.516468016569306,26.00569428524154,23.31818004509055,22.77971343122572,21.06112987330684,18.584630643194977
24.355366561134105,23.170536870694935,23.162635874119456,22.19284437266797,19.9275040333131,24.54433438526996,23.169826046864188,22.337839676166748,21.13595781859077,20.169018420752106,25.396755831006956,23.939758695466853,24.081744249483766,22.13711724169124,20.10783806393957,27.132001684721416,21.88347141318041,22.857897085741975,22.136459210570706,19.87561590141665,25.488171203089617,23.072672406881622,23.205883512868684,21.65240487498309,19.917930328099978,25.539232635915653,22.786034974415234,23.156103031661004,21.661648316182166,19.92908913430605,25.76380308083278,22.765866011396668,23.509486561754777,21.865590716706116,19.832243295919476,25.553416609798298,22.61327454913237,23.413178587051856,21.877962366303944,19.80130895657391,25.305091300098137,22.845029958371505,23.491028703337054,21.708880383819427,19.737138474891005,25.080380590911382,22.883596362863607,23.506673000993366,21.916960411658927,19.692824273836823,25.33634208226904,23.355772395766866,23.51228130303548,21.775587531370952,19.724974905532314,25.000689834544865,23.4037211176445,23.35807058307117,21.603736187053038,19.798085994585396,25.57294773072597,23.632908268119213,23.104110271472557,21.54074365676286,19.70698614234175,25.489045890572648,23.748767327861067,23.01856761038448,21.59378783873806,19.570333542053582,25.409320503497828,23.574488784570683,22.603328779885548,21.379778522856448,19.48291757608539,25.661226497364765,23.48104133397378,22.61105380409822,21.47249527705167,19.211479188652802,26.047756459672275,23.53021227606718,22.594729295709044,21.598827924841654,19.00046962937125,25.59821820662207,23.17177090550491,22.711832463679524,21.518825643912997,18.794365918965518,25.682651238881654,22.910710841004608,22.814658188215653,21.524337217057205,18.696294304393383,25.899161512153626,22.793480646176004,23.146915858056282,21.665897907474832,18.708685648036212,25.715720019588264,22.76600741756564,23.09356268099475,21.56005213113133,18.82561110982396,25.5540893684091,22.604832551615527,22.99437749080766,21.489905013248848,18.789685682678627,26.01021527242097,23.072636434883876,22.972678771656987,21.59915919721315,18.918836699256385,26.001034356330432,23.26009566121272,22.969796749153193,21.434681435165025,19.011464536987255,25.91102995250216,23.301010749645144,22.942263013750868,21.430586765621964,19.046728914040845,25.70638101180639,23.16732344114778,22.87484112665813,21.200539358388355,19.049085636637933,25.495742319934234,23.359738783538116,22.9050988203662,21.11102911918637,19.092681427347905,25.07457361453516,23.09258708551281,22.784391397673264,20.794135690057242,19.041866232447852,24.89365312696902,23.008702405486417,22.695579101496815,21.06561539520066,18.956698834235986,24.92820884122395,23.02255730966124,22.71047946250403,21.084831911045722,18.92461420061843,24.83286511754488,23.092372412600547,22.80667102598618,21.163358086351266,18.87568733330054,25.274891485032846,23.025654421836553,22.709176561597445,21.181083954687875,18.918656183348904,25.34140448063405,22.804771784190297,22.925686424659176,21.410234523066563,18.90592249061431,25.383869444500345,22.85619076121217,23.003502323679815,21.125173508593512,19.024230396516412,25.357695073252653,22.98138819291347,22.96621724998038,21.03931441445056,19.10640475467858,25.95754216731321,22.83516163234539,23.15629709516515,21.18754729646419,19.1489135849449,25.831563560159747,22.841548194340675,22.992419750300666,21.13308661874883,19.099535848643523,25.571153322343747,23.227354201041223,23.02422742414783,21.139901525734906,19.09850420177505,25.61145818156615,23.185498418009768,23.012122412453074,21.247170477250403,19.124711515788995,25.653755127540983,23.285710181895872,22.997686076079113,21.215975380864798,19.093402519003682,25.38711489839829,23.65026894526138,22.832474056155718,21.20543902214739,19.089034142044447,25.377017197132737,23.5447637211084,23.101046116592936,21.284790074812342,19.113824886357996
23.633026861610293,23.169854043666103,23.025938558905008,22.30037341125849,19.063405677387674,23.609311430194456,22.985312927844983,23.27207523680959,20.956714805755734,19.07269807516799,24.57456098582637,23.718674491951997,24.31621034070482,22.13936705611725,19.118981692732337,26.575505557862456,21.37914962837771,23.030877165851226,21.63105170332077,18.983628852726802,24.775251587579632,22.822652855977218,23.517441792769016,21.56417536884045,19.088194495575234,24.85285334178899,22.47144311140783,23.5219732329844,21.404894234764654,19.120823759456556,24.969295633222494,22.37674890298767,23.720278608090855,21.682370134523786,19.11505131530678,24.701800834278384,22.13880689631872,23.654458220845036,21.686423799737668,19.06542007843916,24.45067902069458,22.439774199063464,23.689824168999454,21.56492514913123,19.07714530603015,24.364386424118727,22.45229993936606,23.720724078584713,21.677756792775586,18.994110707068828,24.65251478014891,22.830980982343203,23.705168289680987,21.731682058745214,19.018670020676996,24.688234034625932,23.059807089922806,23.548054583303813,21.49070397770779,18.986145647951133,25.387766130502378,23.351891316892896,23.199449278205254,21.443269247648793,18.889965621966496,25.30596173232761,23.410368970869065,23.206810697020376,21.610166355372648,18.768323297723672,24.98523416197356,23.3400209238276,22.86607186138108,21.495621979250796,18.676509716187365,25.218159411445967,23.421181547863295,22.95312318906652,21.54740458978039,18.554377138430798,25.252075559125327,23.313890601639777,22.882761094072162,21.64045110733924,18.3744350885139,24.785214343234657,22.957267257261044,23.034010953820093,21.586166530456268,18.34568890738432,24.80875853202412,22.841303501491403,23.218431878722583,21.56600129799481,18.341034099899332,24.98908535728162,22.711731706341176,23.41082471434245,21.557963215678686,18.408703990019653,24.671911420215825,22.512641856314467,23.355299767425652,21.495827548093324,18.38695816298106,24.589224580326288,22.27595656712385,23.25976776910486,21.427551919565992,18.40620624593742,24.977317870056293,22.685685232492652,23.30161803741935,21.59791855004334,18.497566301539386,24.844444065116253,22.62983855533269,23.0564785108398,21.459687633370827,18.388906915688597,24.821835956469105,22.722272952290524,23.01072819931322,21.6033586123826,18.309196846013748,24.731096578228495,22.63813996237176,22.887761327833818,21.33682874466947,18.350622020275072,24.527993422094877,22.914175635315473,22.972306485031872,21.282627864551767,18.42500529838071,24.284595034652664,22.624100714049398,22.718748447232066,20.851767671943175,18.38507867214262,24.39671730287438,22.63879444915695,22.575452737092938,21.083570512383332,18.460146122147023,24.57978680915799,22.5200288170801,22.54231486178765,20.92764887973758,18.45697289649818,24.457145112141028,22.584300613182673,22.669399233724345,21.027184296315173,18.406759344355663,25.072380297238496,22.511609431663253,22.66246926280312,21.0646056105442,18.465529660000684,25.057885149231485,22.512556576381705,22.987856913677582,21.36059231465852,18.51596879450623,24.989427457557053,22.619363019171768,23.27193925927021,21.029397483979036,18.55893275443083,24.71541130989374,22.630385150518727,23.27490459039471,21.121613232707443,18.602914905821404,25.250212552244488,22.415444221985744,23.52001033414473,21.249965508818512,18.62542978633924,25.08586142913626,22.377067597548976,23.202219305700304,21.061632061003678,18.54553836002492,24.65703049690506,22.54523298327731,23.148650914759692,21.007148837265408,18.53614058021081,24.95545122863959,22.433499066199165,23.120776455290688,21.12729226326442,18.557259379916317,25.078043393759405,22.5544886043915,23.141074849256853,20.962591414066676,18.516697804958433,24.91448924977529,23.021618711074574,22.97862839601125,21.015888464408455,18.50953807506628,24.8906841707429,23.09834060875001,23.338522431869613,21.120527606835786,18.60679800330039
23.520047402309583,22.000625782239506,22.596728752479216,22.596870384843523,18.96890560365505,22.236996440382402,22.81777024404972,23.441768511216665,21.17558369111146,18.665848772256258,23.346945127516374,24.032381787943223,24.718252705205646,22.35553973018755,18.90726312157572,25.44024635330848,20.898540196213855,22.75062732792265,21.187106683578993,18.80448178851242,23.69479940895309,22.534172049987458,23.557911091665176,21.660043862659858,18.852220062595396,23.6047579935433,22.466536918078702,23.676782243566358,21.436955734446162,18.843465823922735,23.95994886666841,22.413456745145997,23.890846462888497,21.664078366755337,18.9218195164438,24.10605152696486,22.16561325917822,23.77490869041077,21.601621954904633,18.94900684606224,23.922193505677562,22.502017362277684,23.945989270545226,21.535264253847608,18.87842135068886,24.07785976463302,22.388780132427307,23.94649262476458,21.7555635591633,18.81237440068211,24.13614473447596,22.528847699362938,24.00933468452615,21.862835863492748,18.792140530459083,23.903082388641145,22.645879045680026,23.817501834167697,21.608603283303275,18.669728728113263,24.217625284520924,22.763439667900478,23.58356028033979,21.57504075720283,18.513646557204602,24.212851078796497,22.888902191567862,23.48262947269763,21.886314413677344,18.497317963092165,24.052780560147813,22.93010952263823,23.330307089874346,21.695700311661074,18.407466209562347,24.353339142688235,23.111169064119405,23.376077408743466,21.698380114183063,18.24411157828276,24.800305915499553,23.008278063254473,23.399520929112402,21.69725236798091,18.098264837619478,24.37972734911964,22.765067313906467,23.487225598740917,21.65743964570143,18.08325637450431,24.101773432005313,22.69886073049428,23.774054359978113,21.546454602223104,17.980601897707665,23.93370630389014,22.46042426386861,23.639492803529276,21.49657196465628,17.90995520399509,24.01710109289732,22.40355519381386,23.563958054981853,21.499920683581486,18.02907762160915,23.78242348469164,22.169628636538917,23.403773208862663,21.526215790274918,18.029072811229614,23.985747746000776,22.489669457649654,23.453795694618144,21.768900889207625,18.03803665863303,24.21870231771183,22.419975604696397,23.102574668786332,21.65584727522987,18.059343335069215,24.341373026234166,22.39004158714352,23.241338506829617,21.702040991161088,18.11737457563337,23.907519129792874,22.228707112407285,23.211572294215152,21.319812676107013,18.0596457327296,23.659033817596146,22.46996096747546,23.301174394539082,21.294479002978285,18.131556711991173,23.599508448368,22.147359501271467,22.89343359121721,20.695543296930673,18.07687428782676,23.514006105926235,22.193843238662602,22.779525736334318,20.95888489295741,18.115976283580018,23.710138779801063,22.216129615903704,22.686827353679337,20.8611581952955,18.11775626271629,23.91135818098992,22.239257600724375,22.73051943234327,21.150963653121426,18.08597860046975,24.230544920286885,22.23733283945443,22.848995133384282,21.22611363473933,18.140302470952285,24.2092753821653,22.474744874956446,23.33131849528784,21.63344731829584,18.222211725585716,24.347232063039687,22.437509328160097,23.68657870102096,21.2756892323582,18.225813810328496,23.77111207676645,22.629882768562382,23.731811949924026,21.433761839757487,18.163423597818607,24.012848260878705,22.604233411546886,23.997068140879712,21.407446067196457,18.154769862418455,24.09499904682636,22.443456292922832,23.548099681449166,21.136039812988912,18.022459066156607,23.976116321140932,22.41334236948949,23.406227764988685,21.065145591273875,17.923743709825732,23.84391221136189,22.281941722091794,23.372739374270054,21.147310986798026,17.87808377275715,24.322470589711852,22.1060631626423,23.29464098619308,20.896638473039605,17.907302442060224,24.370238555303196,22.34487840646457,23.130897471446165,20.905972233138833,17.862060121109604,24.446970500877136,22.46649454107714,23.343808896927793,21.020170994609998,17.908071975679626
22.39948176742597,21.736600788938443,21.612497212382053,20.952015486150007,17.575114511877057,20.930038536138806,21.498043012633655,21.5791656013813,19.839272437494998,17.495591811374517,22.89616821620914,22.026458162362193,22.908736426639898,20.685103587670117,17.292394150456538,24.447759588759816,21.144562677427864,21.34896919942199,19.873325087239472,17.15444986617539,22.741730630126444,21.53741892332464,21.990791768213178,20.207109834492435,17.38309751820631,22.906246298980765,21.248682480625362,22.025268722532644,19.96681115292364,17.43408214764243,23.219764918060513,21.07587581523809,22.289725364060995,20.102050069641894,17.492939075080084,23.324270387035522,20.911543810635294,22.17296019110672,20.056983682386214,17.59397697542201,23.077423715328575,21.034146082181916,22.266450205310036,20.03272780579444,17.632484785811595,23.221709595295568,21.118398357634327,22.31610422910272,20.20304421323139,17.669908525530264,23.129211838303533,21.26828549218227,22.357491442867758,20.348472919086426,17.57002785364528,23.218426719111925,21.566268625052892,22.136607177253996,20.228656601012407,17.54777324624472,23.330633581267644,21.820480541860988,21.91288738991829,20.170829360780807,17.415846715115265,23.53875290672824,21.9698988409747,21.82165435441979,20.291160439036027,17.444870601877057,23.344709960163417,21.859905494169958,21.572177139100138,20.110794240043997,17.32096076394423,23.517415574231915,22.093617902318996,21.60655936322915,20.181627922494528,17.279938275453112,23.606072604494106,21.824988725263918,21.706259545727995,20.11937767563837,17.0855352570617,23.408115635753543,21.598826963556803,21.906907300865477,20.149981908723632,17.126226448101665,23.397501444315914,21.469792102418324,22.29730293685757,20.20088523691685,17.09178777625226,23.523366391586414,21.558562907894167,22.349911038995167,20.20411149024042,17.10684326298584,23.312689682636055,21.419166791934583,22.2660300965755,20.162846685176863,17.160303361894897,23.25351481164586,21.4451186664497,22.14684230249936,20.26751263528395,17.3107470585689,23.5014158313398,21.729066104099577,22.12599119980181,20.52851385067693,17.339056685496523,23.310176861409367,21.525084297481506,21.805445611085236,20.40654621442232,17.343350506072582,23.215571961971172,21.468616171298542,21.83331736626108,20.42816386659235,17.341396765192897,23.53540093469734,21.442659150783953,21.89899358428705,20.149581335802715,17.35986084663019,23.23407564299137,21.48762911604947,21.98735701804958,20.094473905628398,17.296243307412656,23.145373939902516,21.16427842008495,21.65878784297633,19.609564287821712,17.243969172255454,23.011614163079734,21.32719550705709,21.543482304909606,19.77763379878831,17.22382986736074,23.03242703833641,21.25097408528161,21.494953860609634,19.692254737033817,17.240562128937835,22.838185194080015,21.228651544265848,21.458645355424505,19.810573059476706,17.208786022682553,23.188888026339917,21.141702578033595,21.537997414700904,19.78981021916612,17.256516808184024,23.09531405039268,21.288122984157454,21.832889486600962,20.036239688723672,17.283202171670467,23.208784241088093,21.314199824576516,22.06476070332563,19.84791859454416,17.224472732306335,23.01625661912618,21.23446535065457,22.08384043428835,19.9728038303358,17.230184770305076,23.189867746066742,21.179158771483312,22.323529370998695,20.028181409307756,17.23888772741123,23.34554213155912,21.104634139234854,21.916648500156597,19.904993702931748,17.192879462672256,23.372173353021925,21.152587372883495,22.025949334035413,19.773152729605066,17.15927961305581,23.240514067158635,20.942279518583668,22.052938955828203,19.754755875263577,17.193396710020245,23.396444791483617,20.991303954146197,21.90682573786187,19.67007711759436,17.255544274208667,23.53843327590866,21.30169990171003,21.74391443545425,19.6347541877571,17.166194143370785,23.27406478547913,21.457404100251917,21.886761793878755,19.684649660270182,17.133410387378213
22.12033346165127,20.470885703216826,19.76505814327198,18.371516049091188,16.95512874425511,21.568835141789233,20.285042909922122,19.840177228061798,18.747634635629673,16.568587059132852,23.003973355825586,20.49843487680919,20.968765759864997,19.101628961243186,16.503687660252435,22.24450603048889,20.15457968134986,20.24311575842217,19.026862353984388,16.99526607677491,22.460035997702985,20.378665471482474,20.249929928732616,18.830680454129034,16.706830841731794,22.69625537883632,20.264612220137124,20.26208582385873,18.843700877633967,16.71149572186616,22.900595796679966,20.385577899656365,20.355172644208448,18.85810639931949,16.810043487705382,22.80532204782051,20.44954416023939,20.398392408488583,18.938455761616833,16.838073963957218,22.949725314229873,20.64198626077425,20.41120797888294,18.854805532420247,16.67819593020173,22.83193381934934,20.863196951590837,20.48038141140499,18.72511794842425,16.699117321374203,22.754224057844652,21.191597890550497,20.497819245432588,18.929674405594664,16.704668950987404,22.799158276724054,21.230680282430733,20.461386635632294,18.9585236390743,16.701545768966326,23.014454047630597,21.27406693806738,20.207211528046123,18.782894572916963,16.76655033753612,22.809671017145362,21.24328272959024,20.22364120604602,18.959536544370813,16.93406266617466,22.598147249593502,20.992391930425462,19.99406841832619,18.898848273038453,16.9717233316325,22.61970836622413,20.884093000699018,20.129689176873637,18.764080159095275,16.813376941310928,22.471252261154387,20.84042963208357,20.18858304943318,18.653507274344474,16.737227113600646,22.12599030631113,20.802021344226848,20.349911319916195,18.768303226267133,16.66944239725886,21.954237738676,20.65861028499826,20.37517166014103,18.706663784746606,16.516110360136985,21.922932864153296,20.64494076198911,20.386616284802844,18.818006056920247,16.481932673459834,21.678891653478402,20.627778452993635,20.343688110884692,18.76114393058547,16.540497502146486,21.94726276049822,20.39031583698509,20.25863176682364,18.871446253019677,16.56562489202019,22.115916380786288,20.46566149761312,20.28244865582865,18.89773904864565,16.636421584726744,22.451625908242715,20.54655518693981,20.249603878718975,18.77696027020018,16.67629931619646,22.653961690259088,20.476285075740936,20.348719235598946,18.791906403110804,16.706556333815172,22.87358513934209,20.550430914404508,20.12951966222629,18.7120409393092,16.81772259731418,22.531117551253743,20.682521471361884,20.15875079296771,18.57227597821792,16.709030577590518,22.39426137198753,20.51963201486054,19.915556756238963,18.316331392740977,16.68035815623921,22.294019572266645,20.44707094037874,19.99102445782733,18.370511190005338,16.735635018521425,22.34842689279204,20.635956997794125,20.044508391448165,18.37266539227641,16.641026074371258,22.431167322575288,20.38053217102044,20.15938723006993,18.509179193991457,16.59399493661972,22.385813736611613,20.32549520753865,20.106525741392478,18.525331389938014,16.72812767774179,22.49352906627438,20.39090279204794,20.103683747718623,18.686183003958472,16.746860073336556,22.558537056559185,20.474010505212576,19.916555043727836,18.596845603246,16.697074611714335,22.843717532002522,20.462529361495502,19.807143027388225,18.646189396680832,16.80248868152797,22.9329784117989,20.624717738200054,20.046784574849863,18.645967908683538,16.74674830267034,23.09344520819379,20.61600621762174,20.043320455926626,18.682120637157812,16.629921985613663,23.252601701562988,20.78718769527452,20.41795772230117,18.698101532184346,16.56854283245377,23.11619170694597,20.654253479194704,20.497650767241474,18.77513133580038,16.608257645348857,22.77652279990011,20.776666584965007,20.411150272015583,18.721412284094935,16.540857597769083,22.705726488036326,20.87818744842795,20.154929383397455,18.636780276025117,16.5293537267542,22.767933158742142,20.78482545862,20.183885162812764,18.68440857859131,16.58203106143435
23.688804268514133,22.75013733776837,22.190629252428913,20.716589220826528,18.53543186100035,23.780134406332326,21.709231671863307,22.110517416255274,20.52090299345915,18.91572770515064,23.775441925925943,23.5201866231374,22.246781746413824,20.172735083892217,18.687707153008756,24.138560979480708,22.625116458645664,22.05019942223497,20.598737907282892,18.782616284938815,23.844360974654872,22.621038822965,22.211266326604477,20.487255138914673,18.713786455125806,23.574335512490805,22.583350342596095,22.064037219724117,20.446862758439817,18.848274510825693,23.57941396303054,22.74973743601614,22.10443197599185,20.551322815022946,18.80994347931348,23.58687167638061,22.699614459355956,22.19880689678728,20.712706012033408,18.811827118252598,23.722428232274513,22.602415492846582,22.17695838425154,20.67354355922174,18.767376428086276,23.75342914558999,22.656662534694387,22.074929776215022,20.683829131049237,18.785456828344298,23.96973860052801,22.755536254594,22.113715301605602,20.658707486153403,18.64078909650639,24.00602056857611,22.781100758638114,22.172557356697865,20.544490857056868,18.500300369462355,24.04531638755863,22.66988435096733,22.046692727525812,20.403859047167973,18.43699163513515,23.93873635398627,22.829357149542016,22.073743547192898,20.51115741832143,18.38344247072109,23.8651353000121,22.834261644398715,22.148931683333593,20.4675748628458,18.303727288767785,24.07241667629229,22.715807992459343,22.352495069824414,20.567036735437647,18.27347803575961,24.39890756052401,22.601538547551378,22.232755078769845,20.544723789390652,18.36814733133074,24.410101227629422,22.6618946956297,22.307894037245312,20.58487586589326,18.273341018402856,24.0893083119031,22.591251001781593,22.46550607520889,20.47895969782361,18.289610661512313,24.16178359368292,22.570027408089977,22.380955859467583,20.531186128117703,18.269385257389782,24.044233874989928,22.677977305001047,22.1738882341253,20.354542136830272,18.24458365727823,24.342657096387857,22.830783825245597,22.050956874934553,20.383326364168955,18.163442476758437,24.261843152410364,22.71171451144092,22.09121679222708,20.50776133741879,18.254649163030983,24.48384078985176,22.899938004620925,21.964167823279425,20.4958353313202,18.2041235736825,24.332700645030837,22.64093703204397,21.791452848029202,20.400242656023927,18.154188759756558,24.276979489574906,22.62563488648517,21.924362875598057,20.332607736778627,18.15164204490723,23.657421308814747,22.45306474725167,21.72974354942827,20.343713006215342,18.067967664619857,23.732175166006588,22.40861112882593,21.491306806680967,20.043417700295226,18.058117656246342,23.886680499988536,22.05669260822898,21.511367193519476,19.939106362840413,18.11358597086323,24.15784559110777,22.34628485664276,21.651466643323428,19.929579500044973,18.19855171496199,24.39043858072738,22.3848239888555,21.648050634758537,20.062634503462778,18.156018679580434,24.238035105519106,22.38801515741866,22.017550261578393,19.88763694818719,18.33116065553711,24.372118985717513,22.387822464138274,22.010054318954474,20.191403471865108,18.305616522573775,24.212417732180384,22.502972392581494,21.92565823926456,20.316525106677194,18.245097921769414,24.530231420290498,22.413437100755193,21.83881748093958,20.417858022707055,18.26111062210141,24.224168386297645,22.29797844380971,21.95413025528941,20.489582777673306,18.346126864797544,24.575415771669803,22.54229357016818,21.655110752456704,20.48041945715058,18.291093419435377,24.448465216832066,22.679269427720406,21.636524045830228,20.25953182802167,18.29595599454246,24.530377779383937,22.702408272331674,21.655585860733826,20.283266103304054,18.398634314485815,24.1380839481209,22.727624416056614,21.626758649516127,20.24905538932834,18.30487533902979,24.412504584571366,22.477911180515996,21.384875708223294,20.188963205468497,18.304242409301043,24.27138148369168,22.315462024146537,21.62458300079583,20.331425689097603,18.253344117004612
23.996853667949722,22.440106477677258,22.710212127086514,21.08695964206498,19.30314887974993,23.277750526585994,20.492093338028983,22.181206479182492,20.58040514696094,19.42497008282767,24.061680431637846,21.880780388835138,23.05443955572771,20.12464548312283,19.44731786763185,24.90312735779873,21.88862446451412,22.216427030931087,20.94894982921178,19.53483661026168,24.1016716066447,21.730574612547784,22.609192770834888,20.69347054112523,19.45801194375519,24.075874316279716,21.639459319597456,22.197488385693216,20.650875609771163,19.535199656897895,24.195537721009334,21.89341581978959,22.450269349648604,20.833164723344336,19.54376770453215,24.267303888599145,22.023718305158845,22.256267532043086,21.039028915716486,19.538537204476043,24.29219288324444,22.092607925651457,22.343029891445948,21.054244569021066,19.419577059574845,24.20542275507933,22.301550647060505,22.220532069416343,21.0394904595779,19.329660739279042,24.297552490731313,22.456771298694214,22.459386231691663,21.041727773925196,19.277689723116207,24.218286881527547,22.696640717098436,22.260655702724726,20.921078498325688,19.094060741919552,24.301888725292095,22.555374195756496,22.311762034653793,20.812443020020446,18.801629133531474,23.987825095118538,22.27182972124988,22.406322542151067,20.821873542488834,18.700067659491754,23.943519042210156,22.36143301349827,22.436271131417964,20.707719356977087,18.501404017503482,24.084951806591956,22.197463917269868,22.745242055024697,20.721373269088797,18.160398897134783,24.414422674667883,21.988128248429646,22.854997285333678,20.69395523796486,18.148133006955923,24.23623221226548,22.063626305723048,23.009571342031208,20.679646135536988,18.094410273525487,24.337671094009202,22.511456070146647,23.15450895478629,20.614216402531994,18.044254002303678,24.38073639157066,22.302425440653927,23.239464236739757,20.667144487731086,17.912172395845275,24.13636784976668,22.404783560392914,23.09425582951644,20.584098911611488,17.942126939973523,23.77235605432078,22.346859118021023,22.838735665414394,20.585438978663237,17.77855187530748,23.92273295872175,22.535889003658635,22.977157251353407,20.819854870700468,17.856770953117287,23.838203273047277,22.391527504501976,22.72341767914663,20.826537431552264,17.83621999672254,23.840790312040394,22.26185221101532,22.53272685785811,20.803617778577994,17.94661928342322,23.858124767251546,22.31361749529414,22.394470436394336,20.674305098036104,17.925067846705105,23.869010353102997,22.472695859835667,22.387471298507215,20.604173838228803,17.93686074352339,23.71334668122546,22.364042748653823,21.922775424353794,20.199073337225457,17.81709169619772,23.698202673623786,22.231213625138047,21.92142573616683,20.139206278547974,17.797531422074567,23.54712626883843,22.44664088558348,22.113565372345658,20.12785215221711,17.757435104747962,23.440388234456638,22.26691936156016,22.295756072199442,20.262179781824898,17.722961753308258,23.475646864585975,22.343643321542263,22.54111334128691,20.174793884117292,17.697097624647036,23.352184410667896,21.911485620906873,22.787419650511474,20.506612925524642,17.8192082401404,23.572359799920232,22.13094818774938,22.785832258125275,20.42718036022446,17.682297184017322,24.02720137101246,22.213340262141607,22.489506603283935,20.39010287219108,17.723348240696723,24.16993280849395,22.145347475451683,22.650164785186487,20.502832435125242,17.883755657757938,24.10065558886205,21.979332823919712,22.3727437281084,20.52340567586567,17.96734518196097,24.291854687043816,22.407087409930902,22.25986105827756,20.262671665905124,17.931942777144503,24.082471863256877,22.207820082064547,22.409858056971537,20.416397202591103,17.976443426829924,23.868336785348127,22.171838893444317,22.656389374215987,20.404256878683388,17.925608854237392,23.87640791967186,22.425895069592134,22.48433626605245,20.306072656059378,17.835295166101915,23.994954226419786,22.299950119374397,22.64110476004914,20.400274142108366,17.864828607967603
23.842636405610648,22.773121277609196,23.05203381628946,21.213900632992285,20.80016569144428,25.258088951657292,22.79928082816188,22.453138117246404,21.127965693012754,20.840113957273836,24.84545340809579,22.628597842908427,22.855790354797655,21.27813983146197,20.936146694817996,25.181193944161212,22.83035134092307,22.467896777937803,21.80258525726281,21.198221722917513,24.792852729077318,22.60894462382345,22.767267568670114,21.342684838813796,20.91381905097043,25.036251185497218,22.6615558103641,22.595086288266465,21.50805978485589,20.96735816554702,24.704833459429338,22.62052936820504,22.873961203889912,21.694204162141254,21.011340269058458,24.659692310916224,22.705455820022916,22.90858217003403,21.813158890830884,20.99989640090204,24.770260091667957,22.823836133550163,23.052367816923066,21.797184746430013,20.87225964923168,24.804941826486246,22.99292212745206,23.114232218924563,21.799081225317728,20.857672067233562,24.762832401759646,23.04358760351648,23.17661507734593,21.661333616498705,20.753494447145613,24.917279738235248,23.177753902760013,22.99219905182381,21.566866592643663,20.537097563776808,25.28747451772975,23.23257327770451,22.945126426943624,21.46203103770872,20.155569212324014,24.90346418095778,22.93853452584748,22.8391093901326,21.434540052854707,19.70711961755393,24.896754268049023,22.883019250386432,22.533375814247634,21.28788557843223,19.233606459014673,25.295150461289744,22.832269180079084,22.725386006302998,21.266990434570232,18.762549280269628,25.77450630441512,22.802467290964596,22.81226664003706,21.251032951084312,18.481913372136,25.31901679410887,22.680369973823325,22.90839092878649,21.172538683604706,18.231926722592828,25.612205191508394,23.03650281425361,23.207962158170915,21.129174889156573,18.232181808713634,25.440306404539633,22.896900882102447,23.389872999126585,21.108936410645647,18.15598650175641,25.268596980611115,22.822571831111695,23.27293922960494,21.100489484087618,18.216940361808287,24.927681561657856,22.60884045202829,22.93882002629587,20.957711053629065,18.201106550287108,25.26634048163279,22.79657098015938,23.034306439028754,21.009302972322836,18.334026853905748,25.174077510331028,22.566017713084012,22.786292531462866,20.926619916832067,18.3759851659564,25.264795733838024,22.740243368533793,22.724115933500592,21.040996257829196,18.428300565818848,25.015117512424972,23.03024277390321,22.629984119034383,20.897972814244902,18.46731821105812,24.671511839654183,23.351910520971686,22.63282892855352,20.82114498285592,18.40137766934269,24.30741204995868,23.241608908701828,22.195617839531444,20.587691288860007,18.41052461108306,24.321854691860658,23.10249204539419,22.00076038533265,20.590454248498606,18.444168836021454,24.431553067932576,23.269310018295617,22.1250618098665,20.501279679941042,18.43328714837001,24.346399503945257,23.003199991365552,22.25952055665125,20.59427479598683,18.264263672112712,24.629518527412017,22.773238689544442,22.452832298560445,20.6011396247944,18.334130178711263,24.679993491564126,22.473230698609093,22.740541180280424,20.808555918175408,18.30873291305495,24.734093294380084,22.643009720367353,22.764609243728483,20.718400585057378,18.201221770775074,24.757908667441974,22.50855683229184,22.699613302429867,20.736941913272737,18.302739508725733,25.085363850581594,22.419921565615013,22.880844098778756,20.79877670203029,18.50549054366884,25.31275491515802,22.424915966384262,22.688099667546474,20.87159212545444,18.418090321458095,25.542143665341985,22.842492718741546,22.606562533321373,20.77383748316151,18.44221710496753,25.446071038644426,22.90378108537316,22.846976107853877,20.870605230652,18.50620453198573,25.61551555869162,23.079570522895626,22.90482635703345,20.860164106897017,18.415182185245065,25.47980959137923,23.245414862070724,22.6570274965187,20.830453068853043,18.27960926445056,25.177502603361866,23.365602772046383,22.94673734037093,20.93532855121846,18.40518012093672
25.262196406217218,23.196877090235034,23.470259083132508,21.54137138303365,21.486046050643775,25.62708136574234,22.64286337419185,22.190018529027164,21.488340623799427,21.667122303784772,25.789940496276277,23.2016103680416,23.822317479231852,22.04202145575241,21.57095312387704,26.567819451081004,23.58346373750183,22.78734568784551,22.212983975696154,21.53914002666098,25.844850850783537,23.16842716944428,23.043029540127225,21.733973043247847,21.617598861686595,26.05448402805291,23.221035348173704,23.01552592905302,21.856459704450113,21.591720698047567,25.694661678036475,23.19751129872273,23.347616782007936,22.00652886995128,21.50045960084544,25.63250891438785,23.212328408794132,23.238483350383728,22.060451184777225,21.499037777406972,25.855904118746146,23.31279275229556,23.396977156057766,22.00329914280818,21.376721517234717,25.90105799450299,23.382477584793268,23.565097925095767,22.077881887374463,21.213458610162,25.77979296170771,23.437876638504726,23.43220633820787,21.962016661865473,21.267704600783304,25.90131810343747,23.638362232389444,23.34807781329716,21.844739164335948,21.245473367759367,26.38191851704974,23.807078381563695,23.3024144267121,21.666331938730238,20.785710150150955,25.81910150833312,23.31940714031692,23.070602786262352,21.639639805745748,20.32151004721801,25.26378394500025,23.13740161387599,22.665790641611164,21.406547903600462,19.81512977714702,25.76206270898634,23.167168096822365,22.90313350096435,21.385250800427613,19.23797917493659,26.417656720878398,23.226414766755383,22.95138517973706,21.330180420366478,18.740233168431512,25.62123874704259,22.948113340670048,22.93530987755097,21.281326194001867,18.47151356201504,25.99960917862773,23.49456476776688,23.193640074899843,21.169799521421385,18.455609772144243,26.305425666856888,23.346712134856975,23.32943832283157,21.147655009365096,18.332894331911085,26.106374078635838,23.283864235826947,23.249745200994575,21.041709291550188,18.312813677646794,25.956039693244396,22.897144544553107,22.845183937220554,20.942720497515086,18.28116437345075,26.650576884817678,23.121145797829016,23.01012613194129,20.96164759124206,18.489245777531885,26.41686785803422,22.92165605519215,22.932898099086987,20.942427278142652,18.56730598783623,26.69395463026126,23.037322879402247,23.00497833806741,21.064568930507,18.703695017540156,26.28190078840486,23.160886129287487,22.680963829778438,20.98677951532293,18.760120628435796,25.690674150192137,23.546494110604318,22.788506711012666,20.845943372309584,18.714204998117904,25.082291053808294,23.408541056794572,22.38493354090956,20.734047722892896,18.51065662183699,25.204092310826557,23.359686106922357,22.201217430335024,20.762289058328967,18.496392098073485,25.024760358458302,23.52696221760104,22.346834839888803,20.768621224421288,18.424288172854034,24.780584556024525,23.360315206138036,22.573832440179373,20.827058271495417,18.259477051243817,25.250911317212328,23.346699581370775,22.541544835165134,20.870539512154334,18.31380296850411,25.396407443327167,23.14133917416688,22.849242424686455,20.866997015211364,18.377019788516343,25.215090165599275,23.289469486140646,22.691404695964383,20.717760485566977,18.308793848830796,25.434412697243676,23.448501787445053,22.609888387953653,20.640912940164398,18.427836520003773,26.12103224300389,23.49709160161102,22.822215172581473,20.702313086971532,18.558585872424693,26.063224326710277,23.40910499699323,22.758510182157444,20.790825365298467,18.51957072962581,26.325975689806604,23.71057759625273,22.759327059236053,20.917345507037016,18.5815508251682,26.30522577908435,23.5085071798648,23.07696046591004,20.967825799672966,18.65387197109654,26.13003820458423,23.52754440487207,22.853255569706434,20.937964975499092,18.58005289901641,26.133088158226666,23.545687520270928,22.486907396860992,20.981624542966195,18.556820148247997,25.997983551595695,23.30866215430433,22.77639612746434,21.06171637832723,18.609466346835593
24.503917278587227,23.438100439589526,23.18592060907802,21.832768537160398,19.252015516285162,24.093225836199597,22.902712911367896,22.409310016813667,20.817029753348134,19.299873766638562,25.313712825596852,23.78269518205158,24.286937386422387,21.968794465628292,19.242333301784992,26.3550211190629,21.726275482346228,22.908854943454763,21.93533915654194,19.1922690899666,25.156282619577407,22.95822692670047,23.214300303805434,21.417084920553684,19.166043248015047,25.09191541849771,22.576211054821762,23.1981408099957,21.467842149135464,19.173008104948234,25.33042370858386,22.63591889056351,23.534838411453954,21.722261487562058,19.16548435047085,24.977352173398014,22.49234921238283,23.34341601552212,21.831052234352747,19.179363571728672,24.892335552244138,22.65424784988148,23.384043287368446,21.656186862488923,19.151328231011256,24.53411852949269,22.638410820592583,23.456700795654974,21.833404008368976,19.070570783559887,24.879300153975883,23.144074394654176,23.436249099717497,21.696435199099547,19.097816650620413,24.704364256933992,23.170628794910858,23.25669471125104,21.543741688982813,19.121362694768102,25.24878909879597,23.298179010500967,22.992354963939462,21.439710463979257,19.061808934020466,24.98489727338444,23.530514807665366,22.89225247565858,21.58286151105007,18.990630036163672,25.03164191902965,23.576845847610265,22.432446309338506,21.388518579791473,19.074211160505932,25.16568606646016,23.320598972753874,22.434224299267093,21.475584840107484,18.88139068754674,25.16107689240546,23.289955954911765,22.362369943376116,21.602797474644753,18.747711526041055,24.807819503361877,23.045169535339305,22.50245069249994,21.492507754892422,18.595691333408965,24.88582953644968,22.7913335103222,22.646044191369604,21.47913268652883,18.4877176343284,25.08093819462567,22.660103116532362,23.05930715628117,21.60038323330214,18.45089555251328,24.826740722233346,22.73244596900262,23.034073639547067,21.54423778208298,18.615643488043652,24.79853412058501,22.684555570156014,22.982560443000104,21.44128080200586,18.596142053308732,25.224587694589676,23.059049670086388,22.938220900462078,21.54025828320414,18.738752438286305,25.300254695817355,23.135158357013015,22.876671129575143,21.339079694814323,18.891202349434042,25.25986980836041,23.12563626585946,22.803798824940586,21.331399981906234,18.927887355815436,24.999015633557786,23.058446616343513,22.685234116670166,21.109286827754232,18.953674989616356,24.798244053875095,23.250033082540504,22.69241919676427,21.007686924594168,19.000958190183958,24.49066462084008,23.08149315830883,22.602458486066304,20.68042831034489,18.956172841784586,24.327816993274894,23.031812558428534,22.601798976940945,20.96700242751479,18.901999309846683,24.4001671616841,23.089274448380305,22.583211772404372,21.080661771285754,18.890664813809916,24.533159747911473,23.115657453704955,22.723426994625232,21.15267558938192,18.865598832145388,25.13693441872802,22.99931908236568,22.687881395954868,21.155238230913955,18.880414749072443,25.203441948968095,22.789917361188948,22.914895960538495,21.401514237085273,18.892636351684395,25.44062413430741,22.893241414469216,22.953310812727857,21.07251810042477,18.93257233716549,25.241751153173688,22.824071220405024,23.023575844100172,21.000422175709843,19.028086659451407,25.633969869737076,22.573479683203917,23.19408817611348,21.153556469794694,19.022780729385026,25.267424297705524,22.495147228377142,23.096306716858326,21.145180664160787,18.98144362300921,24.97110152685541,22.803113462804987,23.13433676177209,21.20199763599151,18.998353058967638,24.76484191125427,22.749881307889403,23.083994055358698,21.327752475750287,19.027122552368997,24.85046466162766,22.923716434460978,22.965495402413666,21.186052808134768,18.96602659803478,24.817469637946353,23.358034349109523,22.698093625849886,21.169878255818016,18.89041977458359,24.93302244869679,23.32955861445041,22.876227985962277,21.255802789860557,18.94453052184331
23.56341121032686,22.674739283540074,22.853089485937264,22.03861936738181,18.125143022793285,23.088529990940987,22.525386690346984,22.67272789005901,20.623896276034465,18.411644379843302,24.12477221066295,23.69785041443089,24.107615140196103,21.78357769163126,18.2873760828805,25.796005945653704,21.36915009004843,22.8713663048905,21.50501341285218,18.166638841568133,24.328749222343532,22.592210092271124,23.191811424027396,21.30031656822699,18.30188074258995,24.31671487393326,22.285824473694408,23.189009835057046,21.24374638660953,18.36795054949301,24.653199770742333,22.327874647547542,23.46969598267878,21.502267357478026,18.363823727189292,24.543937766627035,22.11403624520674,23.371277602788144,21.5919553366319,18.354096785049883,24.291520238996632,22.30429288069569,23.348764463207328,21.396811436181064,18.29788019853286,24.04175967794974,22.219010111930775,23.40478764365644,21.527392681726667,18.22641868312527,24.322178557942433,22.651533634276326,23.43144318837577,21.45350102622715,18.23794437866694,24.091573899998743,22.656652928408676,23.247643955622113,21.246369765555336,18.1504263270215,24.52962496946315,22.744738057124817,22.91125997021459,21.134940491512175,18.12047434236012,24.474252351170385,22.914860179483547,22.890830196123083,21.333668925053274,18.17887252432091,24.20467055222601,22.899571791044593,22.574162716599684,21.17713638998143,18.14901979431327,24.281197201945368,22.73123567023112,22.612364544203785,21.251263249187907,18.020054218022548,24.299227940326908,22.755655495716862,22.51334983577494,21.346542385932214,17.895186888734568,23.890594066983862,22.503686843389957,22.6790081033773,21.30309649816321,17.782399967938428,23.812275930602624,22.242211571973893,22.918252520548027,21.304402180734332,17.70264517779761,24.131522766824407,22.121565794236652,23.15343306710758,21.433266913603255,17.69376557434759,23.89136527786207,22.218806848227082,23.08554511193296,21.34305103739614,17.804411712109317,23.878417828786745,22.06935887737712,23.01588914098848,21.2852219708172,17.98400184707264,24.240883272309574,22.436880612769492,23.02809667684307,21.41358665858853,18.11577773438261,24.472342549830966,22.488167695907503,22.798503568481852,21.25496595244966,18.01193491409935,24.49622943079704,22.4498186315201,22.681318169683674,21.214451438513102,17.994679446106186,24.422437407708884,22.231340416339933,22.576449383171216,20.950930106803355,17.925011995574504,24.151719888040653,22.470101429248224,22.633997973141057,20.83314466256615,17.807316999367245,24.049737543085314,22.377489988412,22.442397335365143,20.3708884378611,17.716752143089014,23.835260419247952,22.351850183010136,22.365119511446643,20.642956194193786,17.751811147201263,23.869269427099436,22.47733540573916,22.32524510890898,20.5745813444374,17.718642371231176,23.90274923304826,22.628338691838138,22.453741313331832,20.640610031422348,17.753413745546474,24.495705653907844,22.537515569704816,22.520943710891125,20.732443271699026,17.885479935666048,24.352019112385996,22.360851506623078,22.829193109955177,21.03423755929929,17.91178484987097,24.447448452130576,22.43925756574954,22.985071219654635,20.660232385131845,17.983692713041542,24.081113944693293,22.423691849482886,23.081091124395265,20.758442443715342,18.08425976074401,24.373157372216788,22.221554432823744,23.309445284124088,20.951718144940465,18.004323414540483,24.104244463983107,22.108851306833913,23.02843157777695,20.81529147643802,17.8921985901191,23.58446941578294,22.35220824612724,22.906235842358633,20.847888260668924,17.94406135115382,23.505261172050332,22.219932067855108,22.860523396687558,20.97955014753244,17.92992326239701,23.89332988960723,22.307521993454827,22.804591524610196,20.775249356946006,17.825614926631708,23.81314147170997,22.667960769763,22.617977413334458,20.75178412622693,17.8674512450662,23.926888311015254,22.73923067402846,22.85786560922562,20.866485318429874,17.961049293118272
23.529123063378226,23.091005290553383,22.337555554085586,22.15406194290855,18.684468810726283,23.64855091433067,23.061801466448486,23.235365058371844,20.69480629431354,18.19135915797103,24.33986791646785,23.665401620577214,24.13444735320694,22.04683664689416,18.50948750651612,24.57678652137708,22.029752808811093,22.46711169224154,21.188503115655553,18.545199301988696,23.9968896798043,22.76667525567836,23.21246157464808,21.326008062592834,18.533604903964328,24.161979944817197,22.491360710868104,23.32386905631116,21.207146702875754,18.457431635717775,24.21867061145726,22.387764011669226,23.54263420516009,21.479825498168143,18.55414160896876,24.281176152105967,22.219212004669004,23.47184182611608,21.485021262755524,18.563056848469017,24.0685271081137,22.27075869036175,23.549102218169327,21.314703490529546,18.571421360485406,24.06838702941912,22.382639841455237,23.55646895295887,21.53897256805592,18.488249837841845,23.959902943623426,22.609194308167012,23.60529610177063,21.57852166666641,18.59439881092916,24.06477800154049,22.667788586871893,23.36336836645717,21.375090557283336,18.464201613277517,24.266560735751113,22.649079167083052,23.069298650035574,21.25689265922144,18.40760655759083,24.289037655982934,22.88276840038356,23.091949882352214,21.538323756340475,18.493196457136488,24.241700329900674,22.871194122461468,22.87622547275507,21.330584034623477,18.515269304410715,24.524736313383528,22.954830776268686,22.9025981569059,21.325842247121194,18.43424436293274,24.31909057151521,22.95249751855019,22.87616239817988,21.326921157332215,18.336568777371053,23.99026280074282,22.96547151980575,23.04678504860004,21.319320992156864,18.294466280465823,23.969086269452426,22.650245984378213,23.316459407459668,21.321827467856657,18.114133271472415,24.023838394584246,22.5572859514738,23.362961623588756,21.37494305628244,18.12527639468817,23.945640353734113,22.314914323449035,23.29102054215972,21.31181970401223,18.03650943613269,23.807255373743136,22.01098704419033,23.202588439318642,21.338231814395836,18.189969701923186,23.93880872113531,22.060479832321242,23.246634491827628,21.467402689532936,18.23662136277865,23.99161023137109,22.121060729599453,22.953516708349305,21.332525343410072,18.23234590119342,24.08723457838088,22.166542875762538,22.94900248355174,21.359815471941484,18.171061305073923,23.626815305559138,22.24521549189152,22.823114347330765,21.10701998163858,18.208734481306475,23.984606435595822,22.482472841725517,22.849271420802904,21.001371927206566,18.200999984682483,23.90389014424859,22.325789707938462,22.53016174616263,20.56597181467971,18.10152249900597,24.040246553340076,22.574028930002882,22.44678331980593,20.81705947223498,18.156739915022392,23.983867250579745,22.527073215327654,22.380742761526427,20.729916590827013,18.22624579840533,24.257745371909845,22.54097963115931,22.402118709067736,20.856559405974338,18.341430033019755,24.448380933599147,22.512817439459287,22.58624246295601,20.97557497878595,18.384042889164032,24.49092948346793,22.530433259084695,22.89787751795256,21.215437463029314,18.52886542330182,24.399984742965206,22.32801460145938,23.023022664747355,20.873308744027497,18.475170394773773,24.038826972174142,22.426094538954562,23.039884586922916,20.996485164752222,18.50883334718016,24.411055512804403,22.345947701898815,23.429358110587668,21.067182299924248,18.45771873111297,24.093427751754213,22.26601112364167,23.016321117092854,20.873649610159514,18.339506454294945,23.93324159406762,22.32616956008338,22.88326726512569,20.943755466207445,18.298507552007116,23.875167079991122,22.31846392048758,22.837804909327783,21.003700296380504,18.41694176381575,24.306495544038984,22.07342266541662,22.806705748125072,20.779317370465698,18.326889865509905,24.354376538209884,22.27388691604327,22.626255703503652,20.73865007378904,18.331458081370766,24.455664852474882,22.506900599048514,22.812390975275036,20.820118636375966,18.384365871127056
24.24594875898552,21.965736329487996,21.41067625521858,20.77922903153949,18.136696952697843,22.457187584135976,21.874786603030984,21.71929618000453,20.03872129071108,17.704113746947876,23.305304313797127,22.547059958736266,22.8202694651482,20.547501163881332,17.819171855103047,22.900307567451332,21.70034933991117,21.05679662179937,19.480085788979743,17.912063921519174,23.304301717807924,21.83158384019836,21.931213952149747,20.200470406108018,17.859073382719235,22.992667413359875,21.600890836132553,21.922861061662545,20.10920221448096,17.845769080800522,23.108486097552223,21.545686156865692,22.10732846894771,20.225950811450353,17.868130355876726,22.96303900419582,21.40208882349127,22.087791430693187,20.216919863617385,17.871241887297447,23.155597869010514,21.306784337768327,22.236443647568432,20.19746646576532,17.849537119874228,23.186676999492068,21.382385520708457,22.26311170858853,20.32405539727923,17.87487837568247,23.221513019058442,21.42963337678941,22.31118410013725,20.205014855519153,17.835919610888546,23.141423465364234,21.29714106102456,22.118487237075808,19.95911933675393,17.83104849677877,23.52540214039918,21.260642412568924,21.90885330378252,19.89588503504402,17.88991048554343,23.22648553556794,21.418171923602017,21.865424793728607,20.07281497778764,17.864711653620528,22.817445060562065,21.414395817458466,21.54529026956706,19.89239126611512,17.78713957556755,22.935871531783246,21.70096599086984,21.54335282753606,20.058259886356023,17.748462160039498,23.02458929563473,21.923058295332204,21.497747282028946,20.103435599961085,17.691743369087263,22.85210667961177,21.917903143967674,21.572140633360004,20.14085274992417,17.628350466873375,22.95870549803825,21.768338854826432,21.910713580057934,20.187645324733467,17.678613053770754,23.36072947585984,21.72731969488093,22.06600676638484,20.229057308972,17.607895972885984,23.321183948061606,21.61757825370799,22.17717497698593,20.1600652042687,17.55537241315191,23.091228738300607,21.589603379613187,22.086363781658253,20.22853880911021,17.538004596883805,23.497325124039786,21.463235344616947,22.14809227107326,20.391334288460783,17.58944717865912,23.14829009280316,21.436882220850663,21.754705813848158,20.221595906025144,17.49733528289628,22.876903369921543,21.449742995785478,21.666889089720236,20.154464489494817,17.548649033876693,22.920426116772624,21.36637380671487,21.509047840068213,19.959660841135868,17.574160115836836,22.86468387484416,21.265561396518404,21.5286042807804,19.811439914092283,17.648698353347406,22.355633693608247,21.52389807870741,21.414831423748666,19.340715922894663,17.54712569071952,22.830302093768502,21.564521547829976,21.264559410229914,19.466368376060426,17.66405704196048,22.745593851557437,21.61003864231474,21.13546206802563,19.44514660037195,17.70313949358285,22.756670270695558,21.667421395155763,21.14209544934547,19.637321512056502,17.773644611900828,22.916615531885547,21.7436875963327,21.438409554235687,19.871237133198292,17.791858297827602,23.005941290380967,21.543524507708035,21.37471844741099,20.1257382033073,17.932056501364833,22.93798061246664,21.598992267392532,21.59837971378986,20.04799429015068,17.839876756523047,23.415713995193716,21.621908664984552,21.724633679512763,20.1247256326374,17.921176348221195,23.486920892003774,21.72232132728888,22.088955815069948,20.10644887747462,17.884504702338972,23.628374778722144,21.41598979126395,21.672992443436044,19.928093395792512,17.827299362642187,23.386989206625824,21.508869651472658,21.56414933216993,19.902296763123985,17.71341977450624,23.306758026401045,21.308145879417214,21.54621825399743,19.858849029830502,17.728677142015993,22.920870322211762,21.1996615395889,21.546941653288606,19.75189269668075,17.607677802126762,22.851452429177627,21.051737830563802,21.333156122821897,19.66880207156346,17.593317815938025,22.797616275647492,21.271903024840235,21.504178321835248,19.67781279528075,17.545620144898052
15.916881890091739,14.396386876250453,12.647600014375612,13.181318365689549,12.304930450806943,16.836452799064098,15.029534032539484,13.574763664650755,13.120233103340809,12.67777723320441,15.221307485217455,13.897973933335633,14.048623180118675,13.393059680678144,12.947660236808296,16.85996540643872,14.543803028094487,14.099402737265823,13.4439026548839,12.693411804755568,16.018897714718506,14.43919572447042,13.701429210316263,13.309624355487472,12.714737776293102,15.7268931551579,14.471899730121464,13.825621168623602,13.421274458529576,12.831147300407405,15.411568077101313,14.341903614297882,13.799319000672426,13.421466692530618,12.90165451659735,15.472713649437315,14.452700640217369,13.739802554921681,13.431705774782666,12.842842405862228,15.297311186365146,14.428806262842405,13.688281765556471,13.404829623598937,12.885077717895319,15.613858281298775,14.424774963440958,13.859034507383473,13.390339605464026,12.90327286710909,15.799381375958117,14.196834569074241,14.057994644302847,13.267565626896268,12.857514429513937,15.84210395621506,14.276563922243696,14.044914483020303,13.250864821007877,12.872088122900669,15.913662805703414,14.10772877181067,14.238966402183422,13.27380226688189,12.915735500165994,15.912623675027344,14.22306699350566,14.33504467307919,13.264002914916011,12.981816668632984,15.74552689228392,14.270681825709058,14.136997322697122,13.342732223794869,12.991103246998108,15.910205437936298,14.510172034546155,14.093560504268956,13.410724701967112,13.02554430873119,15.989167887909176,14.471237526287132,14.115401706637803,13.388505605552826,12.95381894881795,15.914855855139404,14.710544473749119,13.913188693165793,13.361301002728911,12.96278886197399,15.737668675970742,14.603362922275855,13.652994715415725,13.374307306322104,12.919733066931604,15.591113378684776,14.392521351480223,13.701291420401024,13.311609636908605,12.849439423408816,15.632388957356529,14.258724399094017,13.70467232280669,13.279922882102124,12.848803226135846,15.544143453381603,14.19629258932568,13.702839958659041,13.46105022497209,12.893989236164895,15.616147393674671,14.030045181644118,13.83022091742925,13.377452127223307,12.846380900149393,15.799810509896114,14.026617041020506,13.895680153623056,13.33402443377193,12.80373778770904,15.873779864404037,14.417559334631795,13.795407168186125,13.265794903329612,12.873438163968647,15.533635205555964,14.587278098509552,13.792436169861503,13.360386373810869,12.911785370551897,15.817204096894642,14.730758849909112,13.855220189630355,13.251370538832116,12.80306114980868,15.74117126021562,15.036296345058009,13.848624562214138,13.339883467045178,12.851766654491183,15.583088706261957,15.057968978652886,13.89433484315939,13.396814804412179,12.83856197139134,15.600011422658202,14.8945056920036,13.88029431136024,13.453162326006458,12.745494796801237,15.855491150887158,14.846985870620392,13.870319939574141,13.333114432254419,12.69276295139698,15.68441198929761,14.730902412159832,13.848612064266376,13.341078197350374,12.817050382136955,15.516037279697453,14.57671550270722,13.72406975842668,13.312260466069352,12.780634530078135,15.436440170126588,14.43854221530346,13.775126701744602,13.334101587355551,12.838864210833353,15.38046017525402,14.146908827930787,13.78127467009937,13.278712186332248,12.858935496133373,15.235409349362673,14.093368490676857,13.65559390855378,13.260549332072618,12.820243218040485,15.025950052236109,14.065021159396963,13.56566714803068,13.14740783859699,12.829336969227493,15.503943250485444,13.919399878971467,13.380141220154462,13.158786306735369,12.86158018934692,15.475373542397046,13.943380167290865,13.339146516646332,13.106541378139815,12.951780014463612,15.526660215090553,14.230487010813267,13.345423919209756,13.12906575270157,12.944861209953341,15.71987045147416,14.288734827028245,13.50910237311317,13.192799598823393,13.012955321394546,15.982664159817215,14.151964476882316,13.483964777558793,13.235835824655576,12.997110117904771
23.83116989852712,22.739222212477046,21.52005774146539,20.26187099893551,18.609659257510167,23.974603945103578,22.639099817672328,21.1188924165264,20.271813639779,18.287418222809777,23.75759739911952,22.387634720077635,22.013155161644924,20.048445865439188,18.932446956853784,23.843282278271822,21.707973309643812,21.44907047527675,20.271288727610525,18.720771373285796,23.713976342856462,22.29728311390116,21.624574714787553,20.184010446288234,18.51470601721733,23.836039188643014,22.195918210710033,21.519390033633158,20.166694134116963,18.502835936910675,23.777446894291867,21.98037219203196,21.561081430509695,20.19588008523281,18.499223054856838,23.79821428007233,21.955039812625387,21.424998137570554,20.210544724313703,18.395223842590116,23.639728837371287,22.047638613524335,21.515170755276134,20.147638758618523,18.344614097293054,23.718752186186336,22.11886561190065,21.326986560335776,20.164059771804485,18.371513656748707,23.70057268957291,22.03068253891906,21.341863353931284,20.083315344271266,18.286835731581558,23.646836953502174,22.18544346253859,21.404095263466836,19.98570405166918,18.285328897355658,23.804362210205436,22.21513290270667,21.431693343086888,19.95894560896702,18.155704370879256,24.04264153569747,22.243498846000886,21.37034152886045,20.059060477644483,18.158460245495963,24.16713175981851,22.19601906998631,21.48261914567794,20.032663120030296,18.189711709813523,24.008253974740335,22.37284538852438,21.77759801072566,20.139423392077326,18.161262174510302,23.841893830255906,22.242191286753023,21.55079726462238,20.12216401809882,18.09286535047328,23.69412176092812,21.985671986822183,21.5734225345481,20.110914407916272,18.15850224299146,23.608803026859086,22.10920586519307,21.782524921653334,20.031723782017004,18.107191022798784,23.372280577971374,22.176020378192256,21.725796804776365,20.028927048388233,18.10491113217487,23.634569446520707,22.187030083829818,21.574194585105513,19.948058756468804,18.10767185986693,23.613188018982765,22.184764842474316,21.799719689113907,19.885189607943964,18.185580226259457,23.767031322899925,22.254701506952337,21.939322154626005,20.01312829727045,18.175846992030486,23.81726458263943,21.96563078837213,21.755254218858536,20.008905934764865,18.098257479490115,23.90104126150107,21.92413860948151,21.68333820568404,19.96757343174792,18.007234816577416,23.601469253404822,21.796408872244417,21.596367849986862,19.89456386844243,18.073012128651904,23.97472597644649,22.0592974160861,21.57480950553467,19.922702401619613,18.001081797217687,23.961352457353804,22.101434046651384,21.396831756565764,19.711374515470975,17.967609767685417,23.878873197611437,22.171562224909167,21.24722996560598,19.660838550307197,18.13833692310951,23.860891903155544,22.280458977598606,21.355911816652803,19.662978044581184,18.193706613915907,23.951533143281882,22.25693338942167,21.29552874369345,19.677781417510296,18.1397829999345,23.92537024497512,22.034659943006826,21.24457035268867,19.685119673993977,18.23882716474781,23.69128757099896,21.806893354192496,21.23738026948417,19.8265969255537,18.315137960090446,23.6214139125946,21.926269845965983,21.404735929574937,19.920411081387407,18.15062580149028,23.867818486990796,21.884132414296477,21.28919280279962,19.932055168854788,18.14839659921727,23.827140508808593,21.75710920740908,21.578880532678983,19.902704275451814,18.196990107220124,23.9173534094655,21.866187401588114,21.530097540991527,19.896145732030604,18.196886401188767,23.81209275589827,22.17037729369767,21.51290919275383,19.71556208275452,18.21393778169001,23.836633972632523,22.086784444101575,21.568501380088172,19.62833162331632,18.280801446348185,23.576592201058748,22.161133616093217,21.725880097824827,19.629731923515205,18.21428512163346,23.582542786502177,22.3010705079878,21.540731714034173,19.726177372854647,18.216138459284885,23.859332675220223,22.129748633132234,21.574252653235646,19.81860771284053,18.122951007867115
23.476043178820785,21.79674920310447,21.901323725449796,19.96415403606132,18.634065673611907,22.97996057044889,21.180916580655992,21.843706874366703,19.714832435493694,18.283176775190327,23.492334843535488,21.993548729790447,22.3310754691731,20.272394966079954,18.334062891731207,24.290425683045203,20.554831520780862,21.7425554934962,20.457611682120046,18.526266550305024,23.619132426968115,21.424734382865367,22.05925100322925,20.09997648312038,18.4478782256233,23.483269076097525,21.3215263476555,21.89136703436676,20.28445137707975,18.466593788537708,23.644327071515114,21.50921631083993,22.101911049044812,20.485244679013306,18.5739396539689,23.72219933112393,21.531112606450293,22.10031192965375,20.562214159198724,18.664502805786242,23.865742567106928,21.732541726884723,22.25901604951833,20.569142692915705,18.57656153093921,23.744826105424927,21.785010790856337,22.213951444201502,20.58390616252451,18.527814523047773,23.991545539355847,22.05147570065737,22.37976312950367,20.43094968965113,18.447101246760273,24.065686823586795,22.029891577929398,22.18787989034465,20.388859021662874,18.35648629374586,24.328963886028724,22.064432707551706,22.108044525753094,20.294078725338828,18.09260430128635,23.849909036870113,21.926087628739428,22.144398353887745,20.271840786172785,18.079855450918586,23.862633101210527,21.93726102708252,22.006881541025898,20.19632109621777,17.913331778667143,24.028224710295117,21.84656836150837,22.249980987908053,20.320776272374427,17.686739161112165,24.26646186813686,21.770544662905888,22.319194451975115,20.316479269172497,17.607996595042085,23.779330182196556,21.670371906507164,22.336579256916075,20.330684818952953,17.46904533708198,24.091184911730476,21.992391170672505,22.468007188430114,20.35498790419232,17.423312581426934,23.820654283774108,21.908486386905782,22.59236234928486,20.35065600150107,17.31429267752787,23.656862716236994,21.912706746112043,22.478292596583895,20.247081200266894,17.380928499622136,23.07158589197485,21.80254893606253,22.294411260264546,20.200749132426488,17.253033375160804,23.28315751195641,22.086621314036044,22.49968817404224,20.3775884260363,17.46594666726109,23.2542225704804,21.988205457039534,22.241847753296035,20.304578384396983,17.40763835637662,23.75450362109246,22.033436892396956,22.09553509057648,20.307839985324406,17.537553861866297,23.47359790730436,22.092021016276636,21.94208798341595,20.242783716625958,17.57623918961176,23.528907214177956,22.269257888876545,21.878859279478814,20.10348217410784,17.600462390301466,23.181441209743802,22.140889515487267,21.28444125947608,19.735688203641185,17.488497192899562,23.207543527101755,21.886372720071442,21.20979679234992,19.68466087427233,17.552082802187208,22.99370129091687,22.094281105304606,21.4257887789252,19.710772548891537,17.601947371494113,22.991870480462154,21.948776216771115,21.479309204586972,19.76061911230405,17.587021308971558,23.09990565748071,21.94375069151527,21.591956749901016,19.744495401549287,17.626653860238303,23.281817267190537,21.587580571879716,21.93775354418703,19.971872720518093,17.67258372933012,23.134532862449724,21.92958951850033,21.920434361589294,19.975632609962457,17.50949755195862,23.355206877156718,21.849258214631913,21.855067595850677,19.934492569764885,17.498766766751935,23.69936590246271,21.703960853236385,22.134718573526428,20.035233938266526,17.552289388635998,23.89710377684366,21.675017177883838,22.130986817716188,20.094446817252074,17.545939347325096,24.082312311442077,21.993069310232674,22.234141108210707,19.940421841146588,17.496051035824916,24.049795893514055,21.78805962285197,22.43736011122953,20.094544929264952,17.563474377665965,23.96057911617616,21.88960052446812,22.508203942673802,20.094040452024664,17.43177284536831,23.84247330858249,22.104378875143038,22.201010826599948,20.02615760296797,17.396624849528013,23.665357961073703,21.990887627210128,22.23107938523544,20.103573847159105,17.349073182160446
24.414694493894924,23.00726971438685,22.87678106602988,20.5519323045406,19.073614062423072,24.1629982219852,21.870104467033176,21.961689224502138,20.62104397997534,18.71439861899215,24.511243917408517,22.17885516290194,22.937244633058114,20.981020925770224,18.50838391526785,24.88752870754709,22.331614814964,22.10165363462139,21.305693118506895,18.684092407345386,24.50965623584712,22.24255233068707,22.499922241977103,20.76811516472768,18.781988720030427,24.384503322162473,22.14723501954555,22.367492987714037,20.948101789471345,18.66119396969444,24.54665835801203,22.270456610413593,22.70067986820352,21.081483008556575,18.658554115270476,24.40780064424657,22.41508880519997,22.670960457948304,21.26222329309535,18.767736888680417,24.50285648013773,22.416653296700026,22.858659467855244,21.200833262122508,18.803475691110194,24.462180156171343,22.6285947071648,23.000353753415176,21.254910310188855,18.678824750368634,24.685816818874464,22.686828331422486,23.09505416454657,21.012996980753048,18.75450388615213,24.54109802447173,22.73981581647731,22.848097888911152,20.974300443604722,18.72644174604226,25.027764528843786,22.847293314457946,22.813512335826424,20.799517936376134,18.694040968704975,24.72986294221739,22.718058654675588,22.741187640600508,20.845327304259257,18.616387541795074,24.44973372060569,22.56462351278106,22.365832929796074,20.77374971447852,18.626619051179404,24.73396758264023,22.569435695761342,22.500801731935542,20.966161557536754,18.533122313491702,25.244125671257315,22.614958368504215,22.641163172198876,21.030461700121144,18.582847626981323,24.701399270895394,22.33440266302802,22.62044118279965,21.036319389863156,18.44150929460318,24.93853300346345,22.614915122124938,22.786791524170827,20.99201128868945,18.38544270279056,25.057483035192817,22.429523947084668,22.9945451317352,21.01712323882476,18.441039541341087,24.763193853369938,22.407209430259293,22.98988093343585,20.92854641499563,18.523142879219364,24.102876759055157,22.202125720768116,22.745508210240565,20.692474257286943,18.49729167863969,24.407410028906867,22.555277610890368,23.000840029279814,20.689900644534713,18.664836170341488,24.29997621354952,22.39160388842859,22.883613318972376,20.633013790247322,18.793570939268694,24.473195683766296,22.608726664746136,22.81906263883793,20.622426391689537,18.75317656086525,24.30610250977185,22.742501022247367,22.567454211940543,20.614801148536685,18.779252125160916,24.35735533932131,23.020881988047833,22.600526791459224,20.588709591384895,18.691992481245748,24.050707361795734,22.908990171317612,22.116138136064144,20.437789388603647,18.5126359879827,24.129325267468094,22.85309930614029,21.91531270083994,20.411425089975932,18.460511255557826,24.1931167416069,23.002483630159922,22.08468825832701,20.462514475468346,18.418662734637117,23.978472504558134,22.945725903898886,22.228222533041563,20.40617380069007,18.288424511912154,24.0934761973422,22.705324352923874,22.14846804454967,20.441574323229208,18.388624225013686,24.106111159502426,22.331786636657206,22.429559609124183,20.531124606717107,18.49159285474695,24.02267041738373,22.537918247427164,22.32366679917289,20.49888411894335,18.391214899785417,24.132294303692365,22.497654838540576,22.35600626337156,20.428742748333843,18.471894606811667,24.680892770914884,22.117680758416697,22.49278343841445,20.576327538491324,18.552739276770904,24.91252778554761,22.164952124144072,22.583047857742077,20.608814000673693,18.504353303903997,25.196099141510796,22.507675867314106,22.52826778521753,20.610388614410756,18.48209654764534,25.21967264315096,22.30861987825988,22.820819943526402,20.685122434339227,18.64101685290665,25.106724301379206,22.42872460488864,22.650124678940216,20.641949451814224,18.526491370099915,25.029826138437425,22.781618984867247,22.34579820760169,20.59694566842027,18.534269346361082,24.72522814655234,22.712560989658556,22.572801069542937,20.737309090641386,18.583207738438293
24.450650892280485,23.011768218841553,22.83681870288076,20.612685130235736,19.13757868076963,24.17967538516031,21.931710940389216,21.96849313138775,20.573713339062902,18.640945625442047,24.527271765508058,22.212768013740437,22.946351393160175,20.99426387751033,18.516394065947622,24.905742024309045,22.36251000730835,22.114295791117705,21.31162571313408,18.732215679905643,24.53321938457317,22.271406060224972,22.505325029898803,20.785897620693696,18.79336162746124,24.409953022965748,22.17826136993451,22.380845913310516,20.960455563569326,18.6638775701123,24.576438416879387,22.296664461220082,22.71387226943626,21.100737758214088,18.682849948221097,24.43393807104503,22.44099608506403,22.684943803296626,21.28210943176945,18.787100311434262,24.52720902948618,22.431150804513862,22.869065212728593,21.224913442939233,18.803657239475395,24.483593298124397,22.636930627895083,23.008396066404874,21.269060260324828,18.69918360236062,24.698914299028715,22.687494454019024,23.102241734813266,21.02282761527503,18.77694606582108,24.549044413015576,22.73380025855362,22.857524730474246,20.99273136917885,18.7435235241831,25.03467982660966,22.836754595425408,22.822158179976178,20.813445808601962,18.714177807118872,24.742151773456797,22.717605942688575,22.742327731230187,20.85657004045191,18.677523027718497,24.461347452795586,22.578384392615302,22.359824815121232,20.787525537058237,18.670608904657044,24.74610793115469,22.582502608995476,22.499103615232887,20.97695124191465,18.59033992948128,25.254228919982147,22.629809892109556,22.631675997169342,21.02895544211603,18.641150680800244,24.70953714504706,22.35418817435133,22.61750677743823,21.03836792612214,18.490298611962853,24.938223907223602,22.61707654971638,22.792580710601076,20.990251582475302,18.412957209298096,25.058907386544806,22.410295210782298,23.00228922606322,21.017195789955117,18.46499126024643,24.765857814123763,22.40640167880173,22.9959584683559,20.929813958517336,18.525055835809265,24.102627174982253,22.20075128740998,22.743285378265387,20.71657282281085,18.49299339642373,24.410273041745178,22.549611373603568,22.987355356787205,20.714281264734105,18.665407220216856,24.305336192497045,22.390741791177867,22.87720948104957,20.66590403460795,18.773128079938264,24.47697309566612,22.61202266781807,22.816198616924535,20.659242384728365,18.736390882039018,24.307153980833725,22.732068507519624,22.570371197995748,20.657666604225476,18.777148691399198,24.36760939173632,23.008393931875638,22.614848082452134,20.611106905311697,18.68355627258683,24.065613098166363,22.88550037716544,22.141803168883058,20.45190518452922,18.511588140012815,24.149309763521398,22.83010082476978,21.930313646837813,20.42570369891137,18.482287694763425,24.21147413131741,22.99706841946804,22.104748776183527,20.473388137141747,18.445030605117818,24.00358580952196,22.94099386589523,22.236519144730135,20.41057986663837,18.329628830073307,24.10805921986282,22.701727903812692,22.155025851879053,20.443842787423428,18.445276953444573,24.125917000229904,22.342655926504186,22.421683700652586,20.539594656859965,18.540935969789864,24.045365941542613,22.553941751259277,22.319358932441126,20.50162802472325,18.430805621176983,24.150128562633252,22.503964264728914,22.345322597431473,20.425977427300225,18.503203921181317,24.692650980556113,22.13158697965752,22.48475258402383,20.570279934255343,18.568874079704422,24.92615711938857,22.174166442519102,22.57641830532895,20.611509326579753,18.522489456286387,25.203354041784866,22.515267370700567,22.53003187730487,20.61388581162772,18.517562558848,25.22550706062804,22.32911805428919,22.815815615128436,20.6879347695804,18.687897032913792,25.114074372425343,22.440281082908353,22.637025569377855,20.650743014432333,18.57772724236665,25.04169910203738,22.787121034099172,22.3449183479215,20.615337355833823,18.579337692378303,24.74225923887325,22.71124478620738,22.580212262396817,20.75557004696588,18.628722179401382
24.697914950514843,23.29173460764062,23.358476534223733,21.30257323930159,18.496155407857476,23.958222758809338,22.60339817044158,22.321538112386424,20.635659707465216,18.795438514168772,25.078078558089707,23.625940046645223,24.294722558183388,21.856328520519114,18.67438912520854,25.675529243186435,21.785349164758934,22.941056753841846,21.745193920537286,18.926611079382358,24.933356652099654,22.779544021955445,23.206646545605707,21.202735438129928,18.66966537569041,24.805039551505548,22.480137214422225,23.150410920828644,21.37432854463818,18.76778470301923,24.98816119869506,22.6596750281341,23.49347075803039,21.625461539046633,18.740940296379303,24.749875816111324,22.56078441763583,23.341162616952012,21.736177695057265,18.75224749537829,24.464359541216247,22.73658731719502,23.340308914328006,21.566881674697175,18.671395685739366,24.127251908755767,22.736538975037362,23.41964192372054,21.723587236623835,18.640273218859573,24.54870868146654,23.225681166183456,23.410529462329826,21.52359960094676,18.65779252326386,24.405419519733364,23.28305286460058,23.250133009472574,21.430324055004796,18.64390769653041,24.795401410270845,23.373748264940033,22.91843822417725,21.316716847685438,18.57530712172686,24.920933157547687,23.50719874138769,22.801368775534986,21.49323769387601,18.553804963063268,25.04330996732994,23.553052550110134,22.395237322641623,21.322781882085188,18.56122984157746,25.02950574050749,23.235201392308632,22.379266983606097,21.462698948354397,18.406290285331433,25.15411582752802,23.106834750162932,22.309784217067403,21.583792662800764,18.34012935190477,24.79514755306639,22.794612968608995,22.45080007500319,21.470589327757278,18.26960297829134,24.75523611226045,22.59592848035415,22.635121276020115,21.413357499670973,18.17748864872123,24.846875995113738,22.486147455008542,23.03089926983143,21.578312657489793,18.209620838350226,24.57866349983176,22.557218077857588,22.995730881209305,21.4853415106381,18.324889847313028,24.375603115873037,22.533386431244736,22.890138272304394,21.33098050152165,18.36190410674006,24.695589535368505,23.026278645347304,22.898037458262305,21.373958358587906,18.474981730398877,24.818574113985537,23.11531791859218,22.848147745193966,21.178080550645056,18.522921386798647,24.885111522607097,23.19825735102171,22.738878399948,21.140825614406843,18.561969038295267,24.76758791276879,23.15670638225249,22.66861308573922,20.98367483290646,18.560289545940485,24.81156826182751,23.3358803881669,22.699957415389385,20.895683305566017,18.505932587220244,24.69472163154182,23.124091499174604,22.555516686747893,20.609994808807507,18.38430389003634,24.721005183585156,23.012311077879662,22.554960493234958,20.883165275135507,18.399042836056488,24.798057299530544,22.999733972899737,22.558583616830482,20.903761933225063,18.297193338806917,24.93267446426995,23.101417913235196,22.65053200329249,20.923852035243062,18.267296515933186,25.345455326660193,22.943483539969243,22.628029353817272,20.88830995895251,18.35714460200772,25.307909358916724,22.70791034393852,22.86207896540217,21.0936156522869,18.425205765721042,25.22333036805761,22.82227512797153,22.815658793214048,20.832212029156196,18.44646162986033,24.857911237293813,22.75346675058315,22.907727755061316,20.810888797393737,18.56384998530115,25.031991370886452,22.396439867590335,23.088381632477535,21.007122058782446,18.52932032763788,24.659378429117687,22.304909343018995,23.032235795277458,21.06198486751517,18.472644226789114,24.58226324901223,22.64502126517979,23.02181373404757,21.195735599597,18.42346861127511,24.548334615855502,22.606328981889938,23.038161397417376,21.330255565724272,18.416243531549846,24.665958648697455,22.76870348524356,22.913052748302977,21.193772412701108,18.337751466415487,24.528098875018493,23.246018665371018,22.566312289350954,21.14720562999563,18.305076256026783,24.66114206290781,23.283722217068707,22.727937273839785,21.229445215557877,18.430128335525676
23.035862339043586,22.38136655385303,22.86334400448218,21.642264978134772,18.207600035107983,23.30411630860633,21.780696828020172,22.078901838466184,20.467026259112398,18.346221472907764,24.1038662971117,23.405479270134904,23.844050222558757,21.40824950569101,18.23835752721825,24.49665646967561,21.216376117215358,22.644874227880535,21.175842563484146,18.635715978743065,23.843887013182687,22.1766190248258,22.95996086571335,21.037195737587098,18.32303344980466,23.86026394769828,21.945373794387528,22.928475568004,21.07598422596188,18.373815457506247,23.905859081249684,22.21719292805551,23.28014040435802,21.336307377940877,18.35622621617778,23.807755555501338,22.05630970589589,23.190080693677395,21.46589366083282,18.348629323678292,23.810086126783304,22.213860004467072,23.13194887678409,21.280123873495604,18.219627347164497,23.809741147238935,22.130371309799493,23.151254322717243,21.384450222877057,18.16957114217626,24.197482747647747,22.568815701987415,23.186496551543037,21.241910511220198,18.182814113788773,24.14848345584156,22.53465296527562,23.012963807466708,21.08683610723853,18.110176483238796,24.43637660485968,22.52976773056318,22.650639229350386,20.94972012147931,18.165277225571778,24.27267817580699,22.7156779691335,22.620367869599413,21.154907162774073,18.247113974055733,24.07236257759172,22.828167129949385,22.254007818357856,21.006408257609486,18.30387860100853,24.053734598741592,22.585063264933513,22.241276021196526,21.106847254363647,18.219993918894943,24.14507582288372,22.562199255408366,22.104200848028388,21.151973253038214,18.214954878250758,23.88254061198831,22.374263612235964,22.275570776548097,21.116600695098818,18.100354800912868,23.89783643323591,22.133771004102794,22.542936532049797,21.127546310177358,18.013363385155913,23.959926578205923,22.067476927018305,22.866963159116057,21.31280965742252,18.028033473311467,23.770488038481556,22.073358362264162,22.810364482401965,21.1863361945686,18.078723722612086,23.587370148156978,22.030905070772057,22.780123890745877,21.114128063565097,18.21230015909963,23.78882580541248,22.374978634852013,22.819369958880287,21.166227561619344,18.260873366088706,23.89463409877916,22.39027317898344,22.633913679695347,20.976770612411833,18.23049325906631,24.0159444646733,22.3173687623178,22.46222232614553,20.824840920764355,18.184692584256897,24.04247845654863,22.208499472770004,22.416731979605608,20.612363145456353,18.142271849524782,24.114815468589367,22.34266452086386,22.397085303905147,20.536024592081123,18.040458269446308,24.008117135446362,22.290657434940265,22.187422443670556,20.252577217593277,17.978897632063592,23.80980761217899,22.34279632198045,22.140777935496992,20.50847828083254,18.005120338073294,23.788087798076077,22.517019975694335,22.100755880955386,20.513280139921108,17.99146399370556,23.818409185225605,22.720854651030542,22.20807224209552,20.580450864888853,18.06087653418225,24.281401634496774,22.56925034603409,22.335119782250672,20.628586315151352,18.140216620311907,24.253290876665282,22.339279556045714,22.592177772547437,20.823511173861306,18.19306594786432,24.423046518067657,22.39716016879455,22.650649488778708,20.498916313184605,18.271814194022202,24.23746608413713,22.283857301404595,22.845830197455523,20.602418889836333,18.400787924869775,24.351070226699473,22.102358985035213,23.031068357097276,20.800723682863897,18.369000096457945,23.98064919027002,22.06286854165511,22.87410871882648,20.746292338398174,18.26757175669312,23.79515498441574,22.340984541437777,22.8318128276098,20.826709043541797,18.299775505995463,23.742401416832564,22.2902681550084,22.748124633547256,20.99640923869584,18.25127389560495,23.830269990163234,22.32789466079658,22.65298964756641,20.811974339950027,18.166630684803813,23.691020593066312,22.540454273714786,22.385104446798515,20.771672294441128,18.15914206127737,23.91722999066049,22.638403175863978,22.556420066533,20.848064017960375,18.258891954481008
22.985788878617125,22.40335601516946,22.869454771082058,21.641898507368577,18.25107554002117,23.24032444501109,21.78834963270096,22.134967016380877,20.495590261346933,18.296738645798097,24.090937581002926,23.381620515914733,23.843096360082804,21.377086957744726,18.235492668965957,24.501795441559032,21.20337005985874,22.625046356100256,21.19753693104041,18.595000516977304,23.814489899068402,22.17481119579346,22.960784593609326,21.040733105579122,18.31511148857725,23.84468255938618,21.93794796877652,22.92878411882817,21.070543066058256,18.36366717774871,23.907176595514265,22.202330394814688,23.26943998160843,21.32455066629232,18.330068372915402,23.816666764766627,22.036891526538604,23.17658485239874,21.461649314190588,18.326964581400723,23.82348323690083,22.1790537144719,23.12300291496643,21.272832510246793,18.19316051897107,23.833896098121905,22.09382241300393,23.147749401886436,21.380084010843166,18.14445231749552,24.219428756965403,22.53465432380017,23.183739175154095,21.2393607807759,18.130874800200104,24.164156960295678,22.50597111793855,23.014619332322944,21.085293734944685,18.07996995794516,24.445959262516848,22.51408291849582,22.650733676042623,20.946248746389617,18.109225291073304,24.27784372137749,22.72411439622777,22.609645550191622,21.1442263973522,18.20562868613009,24.07629952659324,22.82840190895802,22.253880810680194,20.99012000244982,18.24316395647166,24.057174537291175,22.582441518987785,22.23639450080064,21.095531577749306,18.191448825735215,24.146831416555457,22.56449595462653,22.095723514305156,21.13714490078134,18.179911044498375,23.88326928918399,22.374931085870436,22.268789137608817,21.10260087659531,18.072795230151343,23.899221095896902,22.131672006891282,22.550480371778892,21.125578499583334,17.971139304548892,23.94811931750136,22.078805978606564,22.8661416367052,21.31107354234936,17.9932696208448,23.758789676292963,22.093676146470862,22.810106170627577,21.191034662765844,18.025807037297913,23.560520963334376,22.040589254002484,22.78390747582856,21.124351076932996,18.15669748998054,23.760715455291518,22.367893160022494,22.82352600836385,21.184067080807417,18.21625133721069,23.859372178010123,22.370410963568837,22.635215567419543,20.98762456587396,18.19016098276709,23.98662853100509,22.30107768241904,22.455604220985812,20.839168783476048,18.167672368091115,24.002103732956005,22.192548620577536,22.409904374642547,20.626744298499815,18.130229416388044,24.089247734282495,22.330588097794077,22.38075620790298,20.542616647268026,18.044755961723563,23.983894402301896,22.28832220077106,22.170330873627353,20.255613773746493,17.987603469011166,23.792039572888363,22.350487820094674,22.12955427556426,20.519295779898542,17.999471331648028,23.764445345481334,22.518762125970845,22.093833478857032,20.531400653378125,17.975129667307286,23.803361299877334,22.72028850551326,22.196943525820934,20.585986997650565,18.0401163880229,24.267421133347746,22.57437257621113,22.32899976163218,20.62684079829006,18.129284672229783,24.239949921187254,22.345081884062207,22.593083400522207,20.81955005266916,18.17423658907628,24.403320007691303,22.411350491137732,22.640917565883495,20.48911759433365,18.271077144487798,24.222932630402884,22.298336468187827,22.833599420198404,20.58523388140017,18.38573133029711,24.339505063811714,22.104066494205114,23.029518151759152,20.792054169386482,18.340602359443942,23.97254321402089,22.05836467061673,22.88004790678573,20.742762966710753,18.24208717942004,23.79199622354123,22.33939770870712,22.833198080119306,20.81745035298759,18.26676360653591,23.737530396066308,22.26356986415774,22.749034628068625,20.986716081107595,18.22175317669514,23.819192929003158,22.301616910622084,22.65297214002129,20.789548799370067,18.153639840243166,23.67631073706558,22.518797371867187,22.381752409838434,20.74944742416533,18.170764308103447,23.908502723399994,22.623702098935592,22.533120774448346,20.836360355611752,18.246695439180755
23.935323289887418,21.514665746248813,21.769916247633354,20.705752611329007,18.312688909402038,24.55357709591206,22.290916797225044,22.7761437207427,20.426670186352847,18.319304274992973,23.815367873948553,22.9161136682909,22.822772297931166,20.738691244537385,18.556177988158836,23.40113866330008,22.222808048546273,22.426439263514524,20.42726667941526,18.372876356270513,23.857358479722105,22.091301247762644,22.56269431233988,20.61313157020329,18.39509947473297,23.8265644357083,22.26312396279649,22.592972030995277,20.66663112703093,18.36802905832859,23.94196138393004,22.39076479934004,22.583205523396067,20.858793509576845,18.33336297235493,23.923016740116783,22.342606728262986,22.705351209811653,21.009350804310447,18.303113193381172,24.059673235249527,22.40309208692002,22.428466928851076,21.008002069896325,18.285067269638997,24.21109660976035,22.50051533101496,22.423992927791083,21.01090452935988,18.19772108411373,24.521105073941396,22.657029915208067,22.55535346120878,20.979066026197415,18.232321944730796,24.026096119789308,22.63710877486309,22.48200297301591,20.869626082757343,18.15413939802773,24.215941372160046,22.512882933992522,22.126433427089548,20.708738323770312,18.085890387855528,24.408687785359085,22.60476286939607,22.369997301892845,20.81242340637242,18.12985878686542,24.26681500812057,22.45341354607558,22.13363018394985,20.743633019432092,18.156574594936917,24.077913890201607,22.452381006907302,22.088791049626046,20.861817922614,18.13551098378454,24.267645820986814,22.473936810458873,21.962368605329086,20.865062099053652,18.24711177496706,24.199563614749472,22.555836238247128,22.086796664243032,20.84098046746907,18.321256558139456,24.11684602547853,22.390006661021978,22.16359509966566,20.871746959124327,18.344849594291777,24.115141842630084,22.581896828945595,22.357667167597896,20.975361203080347,18.403475215981725,23.97872168374395,22.503004858767856,22.339299503516877,20.793355584238867,18.3929415395363,23.94201819267451,22.513010895178205,22.396571837225533,20.774784655163405,18.420054860765575,23.990803791479767,22.615546110281418,22.508360925389923,21.025282117780318,18.356845702256575,23.772964352901397,22.472509318223803,22.333389270488126,20.863827868748093,18.23160401950666,23.91111034347039,22.322696769202075,22.01433966323964,20.64704899417044,18.230029251467133,23.86207596466686,22.128362344185756,21.88192543772005,20.57552186940032,18.178492377405895,23.82863298346958,21.94493846561297,21.771918883270025,20.47182734464527,18.168608563553846,23.65976251505695,21.9912729672287,21.56538929558758,20.138197981941452,18.216943363550392,23.75473348475159,22.029605912430185,21.529541102780605,20.296620207606278,18.249183678883742,23.75453259998917,22.137083625678212,21.630557914648936,20.327531444322627,18.264934881008344,23.915423310677326,22.351309846944105,21.67190503692061,20.415009355961125,18.436352763605502,24.285051642811755,22.492477973853404,21.84842582814749,20.56041017587966,18.426603430296595,24.137066587071626,22.370096856419465,21.929554136851124,20.598548416347626,18.432964723800737,24.405036440136072,22.677101142905748,21.915365170522684,20.392529830707094,18.48180440457549,24.520148725766447,22.801665716422757,22.165424036851135,20.482883224764855,18.49072636265808,24.400911654743158,22.79521241719619,22.381274624615777,20.525830559609442,18.34656052313596,24.08143343201976,22.73173800460208,22.16503432225586,20.43122407307164,18.40687457277336,24.286132736815325,22.642186331384977,22.182310355264583,20.553789546543545,18.34048318067254,24.066262430012806,22.476463196335338,22.243388158604684,20.792736986208713,18.340377720027575,23.900187264949572,22.38731646101946,22.058392277505025,20.739445813916976,18.24723725008791,23.961264976153537,22.23283562525244,21.86229365508935,20.694923813503262,18.29157351796185,24.248894355459946,22.277297102389266,22.083237666872556,20.696007603568823,18.132016045396554
23.852475493897835,21.713430777698665,21.87764595339688,19.829194803899785,17.61778784173924,23.888938536103833,22.285866285140084,21.511058078095896,19.468298962541795,17.867092141023797,24.256471266138817,21.8037703944282,22.1912853348204,20.259060074974908,17.724129793264307,22.83069698040425,20.751343954067686,22.670043367939655,20.190763811590262,17.996719684036535,23.72581823148488,21.706424924613607,21.980732193083107,20.019362643091682,17.852538590183975,23.905076173597212,21.865062673160264,21.814513005623333,20.048648191183705,17.952801592215327,24.06909559446965,22.05142048167618,21.88208360216502,20.279815111356577,17.989113838441547,23.973101820027193,22.114866543240947,21.92764490309652,20.40320820680268,18.061999563399702,24.233092689114077,22.439171235450242,21.72422306672205,20.317986655955906,18.055255894085466,24.391154827667528,22.46981975672655,21.85487846050682,20.341929084331372,17.98719971093143,24.456607481861518,22.704457065125304,22.00591884342823,20.528734697188373,17.9295065048177,24.365577438613574,22.436399619721957,21.815472899279612,20.392539553518144,17.91164116632485,24.390710904089076,22.821394606173275,21.652436064723894,20.212581327658516,17.85607012103459,24.480708561341263,22.89223337914101,21.652206290885914,20.253844755933,17.81154964912497,24.050198695171677,22.884732395325848,21.477155184524754,20.158045967556568,17.922597171763066,23.96769422594249,22.757140147659378,21.47262936731396,20.19158586155097,17.95661234892095,23.983982718805045,22.983683041951206,21.692919561295845,20.221864115701777,18.05087827552476,24.01817565288023,22.79014317843362,21.767159423637587,20.23627931589509,18.022493177041508,23.72310110764642,22.778168971517992,21.832182198455648,20.372923175761926,18.051181748245035,23.997630576927712,22.661781597085955,21.991991038749156,20.475160990169407,17.97043480309633,23.848500499435424,22.579225896698627,22.021628997063033,20.268339076654343,17.98936793428074,23.790013069086353,22.512681812529223,22.04378207384796,20.27584851518883,17.839663140059766,24.02672103277792,22.597823020240565,21.950319750321068,20.415338411554444,17.850210965125026,24.1993441028569,22.409373969875908,21.835233721447928,20.26691574704473,17.771474602496717,24.256227832811668,22.526164924064936,21.575225278793376,20.09296844319949,17.689308408674272,24.310558065937116,22.286680524797518,21.40779901622587,20.137807493874323,17.611626115838256,24.17418384604965,22.04758861227912,21.09890299325113,20.082906959687115,17.678479937393824,23.933850364420795,21.969567085623453,20.93789315400453,19.826903884383835,17.705702796559496,24.11050427260639,22.068635674995726,20.836349800046946,19.843854257149545,17.763856967285992,23.79559763129922,22.102722158990638,20.93430670576713,19.799992429916337,17.80968101080705,23.53851039355345,22.348261001591915,21.042549655942597,19.792549635834035,17.906987135244975,23.839150837038236,22.52691321019342,21.24437495312383,19.845722051413368,17.988973174314232,23.9438834253422,22.275013130614635,21.37396292956668,19.882473185840507,18.023433667525964,23.832629630969073,22.36463919674356,21.51485171385041,19.862412839010734,18.11814999039073,24.328837698868774,22.248671701880603,21.555954682422428,20.072552670022485,18.12672006964464,24.45933341032955,22.180783582413564,21.66442843103715,20.061749725313256,18.040580230452566,24.241693233098168,22.082000796030943,21.685244660880322,20.15403644797248,17.992493260139973,24.23805657779372,22.043937062106732,21.86579098690535,20.38281553794175,17.99591601474776,24.195208911138906,21.926809106545,21.956461847026418,20.639824961119153,17.97263938236906,23.79182684949476,22.121351657362936,22.070865148606874,20.474894854554055,18.060246017979345,23.86534348843607,22.176823696693987,21.817331974999654,20.578625586134066,18.181178267727468,24.04995993813727,22.411206195643,21.795343925744767,20.61396280580994,18.229936191131966
23.112451891401363,21.83806466637422,20.778022199384864,19.41536686710923,17.874859194176757,23.96192038791747,21.925905570741666,20.910106892799917,19.471069578096177,18.099982869017285,22.951966494840697,22.284720748087693,21.534380013952575,20.28143983568512,17.896519327464432,24.127505168547852,22.273594304357793,22.164057467969442,19.872259252735216,17.90692649713824,23.383226191886816,21.917484705731642,21.571271551452014,19.741375720975135,17.90678208268817,23.489179179771856,21.997497214746097,21.639069159464047,19.89390789212588,17.980445897509924,23.57415783431611,22.110288603698372,21.873748000816445,20.11670765510174,17.929767932067286,23.59214928030147,22.21364110077759,21.984030995968215,20.197520751284657,17.954904419615055,23.563625127511916,22.280605135955994,22.02496517091374,20.191502328569122,18.01534055490709,23.76144508209589,22.404560492111752,21.81948574187792,20.32275016699058,18.059328378086196,23.973013386727356,22.46643098900674,22.06605586136682,20.464861063347612,18.00840991114235,23.93081721959738,22.44561532853499,21.97189952883261,20.26399469596977,17.99934967160858,24.249046666313426,22.758379628911346,21.926735068998617,20.125348507234953,18.02099830940605,24.231902283056332,22.702202512069462,21.73778256345513,20.226927776487603,17.97346792046381,24.02517048952999,22.609412729198272,21.58337375927554,20.126571690838038,17.99654545149435,23.909229871228167,22.704146007822324,21.57866734050814,20.198355016360996,17.957743685115823,23.942800631077855,22.607458219316392,21.62075836320256,20.310406459306122,18.043076640561527,23.746195735554515,22.305225444889018,21.528572655121017,20.3448743262252,17.900474701943892,23.75947856534797,22.25177909597134,21.798384597329385,20.401536638109356,17.932485035838305,23.974281764219946,22.347047446203483,22.085394908278523,20.467832117206076,17.85013090475473,23.953084597660407,22.279594334432907,22.04688603042164,20.19330907853119,17.818182760548513,23.66815121637194,22.374960494868354,22.059271853316066,20.201718545367935,17.775080251124113,23.695420983518993,22.290946120790945,22.183109329564395,20.32338683270207,17.904447776838254,23.703324597626043,21.914426077035237,21.916896421063885,20.1985004438744,17.85682565663135,23.53206645370497,21.952528901291082,21.638950849542347,20.041004188465696,17.810621288228674,23.39148878885805,21.78370769971694,21.585935309062243,20.052331629011853,17.783936561669798,23.44969617327893,21.567181807916118,21.45635228235267,19.860413336687312,17.8072433722531,23.330925848550127,21.52099829619019,21.06817990622398,19.565997008741626,17.747573594548424,23.469998155726756,21.894495094310223,21.022551889737436,19.50895267223251,17.72668979859431,23.5997459083213,21.868109300083113,21.140133670086403,19.430513173825812,17.81398450510733,23.477324477270006,21.900407524190676,21.043718927643035,19.48032705915431,17.967218951650054,23.697409890155335,22.155697419497123,20.96944652357707,19.64145785193433,18.02299402475479,23.78322300546485,22.25982567313072,21.295061221171416,19.721748687056483,18.02614011887743,23.72330396772951,22.489932356275187,21.234496237545816,19.776330228492547,18.029306126390996,23.88120138978561,22.377016025255926,21.35235513712098,19.99715705302173,17.999421438965918,24.322729118000872,22.35863706851257,21.4183993690338,19.904692796577518,17.934028883994852,24.22260283371779,22.08625925905243,21.628119822626346,19.96674439916113,17.85779150745399,24.277064853252693,21.85277360938665,21.797229446813777,20.161036498098962,17.86040800135445,24.142104491166112,21.620795989757674,22.091026890968415,20.37334273765695,17.81070388493209,23.876808426896694,21.770018475005692,22.130403754059564,20.312422976738475,17.69163198887872,23.69899763220214,21.963997877883692,21.915358357281246,20.424568272989777,17.735156837999035,23.81180157903051,22.121062109682846,21.737360482469757,20.481516443158903,17.738966942521046
24.045658480075886,22.04602018676946,22.599657664352943,20.286125729837885,18.979064273573908,24.093132566783236,22.08075352173943,21.90020077406216,19.986272856520706,18.680816760063436,23.756597625409,21.918765798715157,23.141757679079245,21.085541357962473,18.393075925727143,24.138224697015325,21.416816046576162,22.60411464950356,21.082286498657254,18.498459160842792,23.920824339886497,21.800354810751536,22.57436163326084,20.562082563156785,18.558241918957865,23.788172100585857,21.820516570738903,22.463086020626612,20.76334638181732,18.48238159943383,24.03044010619871,22.000815971586075,22.795996901491765,21.026727434921803,18.416372400167017,24.126749992888012,22.12353346769756,22.74446745026504,21.09271272887877,18.481401014509128,24.207427401392998,22.189233316696416,22.821531090855583,20.979819005656196,18.49080083855331,24.26360384874411,22.328534946355056,22.906258435019804,21.068916345870555,18.507485519203193,24.687282763046067,22.546566965560785,23.11331939481702,20.920756131584266,18.48585498819752,24.550283010491874,22.434919203337106,22.817810865957114,20.8165123801436,18.622521409368364,24.69737919489302,22.691433945241535,22.733378564038627,20.664123026294874,18.646456104957636,24.631181929116828,22.752983918185294,22.63252874052087,20.72877151423632,18.628331989634244,24.466428152342047,22.64284590010801,22.287972667427574,20.57495964735316,18.65362187575628,24.4766305530845,22.503478586551903,22.294437159699022,20.767880885135902,18.640948502143043,24.762082656781377,22.583177323672043,22.40100919724569,20.87697019368975,18.639924580383415,24.518436100237558,22.303804740494012,22.479217096324238,20.94175002971476,18.53102514182031,24.554400069005744,22.377037393254557,22.639365743937578,21.00783815317639,18.57121394331571,24.70648948972815,22.346745054174455,22.92442200929111,21.117622031346553,18.549416943787946,24.492341767609723,22.377352694124312,22.941868356635943,20.962702870394782,18.616547847098808,23.889839163753493,22.33276650750698,22.9561444594702,20.831265635791468,18.534740990372054,24.049111759269096,22.67088478546905,23.084239455482727,20.835456610130986,18.645673714363408,24.047769636755515,22.46502432386608,23.00476517475663,20.714830880582902,18.7022070271121,24.363164083743765,22.717888194052147,22.938202586919594,20.70133919812863,18.789605275979664,24.174688917824678,22.82106066253605,22.85592224135653,20.771304950465304,18.83868890144845,24.10542411134992,22.912336775528605,22.700020639028505,20.628017713190513,18.934699463500703,23.893068752648105,22.726680822045335,22.19400979540405,20.46417307767415,18.87051159938104,24.009039827008564,22.74439251145904,21.9019180788365,20.40685458621996,18.9106617851915,23.661512094424186,22.69618029010632,21.95049981815892,20.354275689406748,18.903166716248542,23.77560213869223,22.678312698209652,21.956584810742505,20.249587444082085,18.895310363854712,24.27465985606717,22.61437949864388,21.85159194442119,20.35960829379183,18.805398775121585,24.144721115189277,22.334577657504035,22.175186288151338,20.3516908547591,18.900774270027163,24.009245231639653,22.614119449564345,22.219206253403,20.342771193336006,18.79645362027068,24.267136639323095,22.58724116488702,22.321531298461878,20.39187281408039,18.834770129259304,24.599247739178036,22.11480745744911,22.398027501785258,20.558316759994728,18.773199777769786,24.593733998868125,21.99242771195105,22.747858516177104,20.56853819236473,18.848608321596902,25.002453063097793,22.171424024605223,22.764701300510193,20.76771094273599,18.800720331007035,25.15214376715231,21.97949360331463,23.04110193089408,21.00341044425699,18.858145425435772,24.928644363662233,22.14610846235409,22.93122831245684,20.96054527851796,18.81051426497516,24.78477322476014,22.6204627209355,22.61018428437749,20.973758695388803,18.838025187709036,24.626555861156827,22.6813416550668,22.563960427651782,21.144326498550324,18.749299747696757
24.086837202884116,22.051733062546667,22.61293875820326,20.240333568423434,18.912797961058434,24.120136275725297,22.088583756645573,21.904575308125537,19.988143490007108,18.72089147929081,23.757719575032645,21.93598421596649,23.184258922798836,21.124790458546048,18.532289413625715,24.12822635203724,21.478803283690628,22.62644531485022,21.112171915457797,18.555073240016334,23.9358786336431,21.82806645382047,22.601935886042288,20.574622981348575,18.615259010001353,23.799492020947632,21.848104367533722,22.48529999454646,20.781366733960894,18.542411116470355,24.04358284646795,22.039521735365334,22.824091262391345,21.051384047593846,18.4772287113718,24.147265134774493,22.173522463376727,22.777479030770653,21.113310908745795,18.519323238976277,24.229357648086385,22.238972932789174,22.85342141006671,20.992758642881387,18.535811615937643,24.276585056543617,22.36580707164176,22.932212527191776,21.07775010101299,18.53891639247937,24.68880811292834,22.580464158302394,23.134746587774266,20.928365015445532,18.524649208291248,24.531677573324167,22.438632277507764,22.817792250512593,20.807444470485226,18.638489517209408,24.67457837527103,22.6766001009842,22.722692278900574,20.66050061553975,18.648544251329465,24.606578836477418,22.723691023076192,22.622405860862393,20.73104095940819,18.639809000100275,24.436035618183627,22.603860248705416,22.28152960276599,20.581937620530816,18.642986144124176,24.451868193061873,22.45999299489519,22.29820333772158,20.774960597526547,18.63255129227994,24.748192790548693,22.554487031218976,22.418239625537336,20.889825629494517,18.63534203451121,24.50518088502842,22.275603781271585,22.50203308879867,20.953509166511914,18.542582153981968,24.544170204459043,22.346978261193335,22.658568700544627,21.018096978742683,18.547524684446525,24.707145762020378,22.339328412588195,22.925379167339464,21.11128466816026,18.548952195204652,24.49601914461774,22.38249852235441,22.941893690982095,20.961635716966555,18.617241171731894,23.88386867412557,22.346737912446123,22.954153819724564,20.83800597825184,18.543982226261047,24.03503856824459,22.681842642850675,23.06984161430451,20.822422916818166,18.641477230469757,24.03421897715485,22.487108566358756,22.989051225464955,20.68850613578663,18.704860551480532,24.346361807226923,22.73338176703017,22.92519950763538,20.68339670517267,18.77158381875867,24.166375847620834,22.837565369331454,22.852136836500353,20.75277289641016,18.820279077459713,24.115816777909515,22.923849237203683,22.69332210862323,20.602546753832495,18.927984286000424,23.903812439982655,22.741612654462436,22.182114598233888,20.44779466235017,18.86372133492761,24.027208455222258,22.753879724192853,21.889887623318604,20.404337287161812,18.910789180994808,23.689982692011363,22.693938670316633,21.950197616729266,20.354643292146505,18.909663295044947,23.786862463068495,22.664169113383046,21.946169283356262,20.257236418288066,18.90467155889922,24.284088374928437,22.59851822366654,21.84785736664762,20.366575859469,18.811221057460067,24.155292363695747,22.32419675155536,22.1822367091224,20.35788295912814,18.91446913679504,24.021332215590256,22.609499666047462,22.234850578900677,20.350392547220274,18.801033262271385,24.27262868595351,22.591494158577063,22.336496257608975,20.404417396944257,18.841605223701848,24.614588943313926,22.124628801833985,22.41539782072745,20.562866585807008,18.783947386710526,24.60690828034478,22.007344988103455,22.76813313608207,20.58442277109784,18.855132555573874,25.019503696677116,22.197232565276543,22.78475485703425,20.793387923577548,18.810178238933712,25.16263672045185,21.996202240931943,23.05200007124095,21.024966117944942,18.87419106441384,24.943233954915975,22.16307539324594,22.949621593592315,20.984750300778078,18.831443974630826,24.806284422195045,22.6448421804394,22.623917272325667,21.005508166496348,18.8421090158754,24.631176423878976,22.678499611965215,22.576773933789717,21.171358412237687,18.75591430544783
24.067298915083615,22.106469164976623,22.601700103123328,20.24724907777106,18.92670587499073,24.100520815739923,22.03627701605365,21.883964319837325,19.95781266868063,18.744284493627458,23.740574082701016,21.889626761116205,23.125700962792138,21.09471642535094,18.419311755248653,24.112830584074683,21.44632111414294,22.597861815373726,21.07143777513433,18.54142417299135,23.916249194776363,21.81627556145071,22.567273153896537,20.54759367470399,18.570874717723242,23.775744171182957,21.824547621636732,22.453186357872095,20.751630555235597,18.510415278669317,24.019446869466385,22.024968262319742,22.791001891014247,21.023849137032627,18.435470248377904,24.118668634238368,22.165951603765638,22.74052743131948,21.08922994523578,18.488813085812428,24.198392922011074,22.2256363682372,22.818068208743448,20.969395840169206,18.502650529507786,24.245109143566708,22.34993152600988,22.90878117697435,21.057907237451754,18.52865927181106,24.676245663204803,22.5716425685084,23.113841001685774,20.916977860343685,18.516591055079157,24.528540007149914,22.44413758934592,22.80741623318749,20.814099417567128,18.643375236795237,24.686006189132165,22.68272923764465,22.722456810613178,20.66661187593781,18.66858507683836,24.623399901098423,22.753713296108963,22.62398846614412,20.745538523463264,18.654762014494317,24.476934906199077,22.644544250526963,22.267040173167793,20.597278369969025,18.66615000396887,24.48105565108853,22.493188579284983,22.279996197394087,20.787255304879515,18.643757726442026,24.770622743648605,22.58119031128387,22.39640838502126,20.899200636775227,18.66010621200764,24.510855573949886,22.301963896682913,22.4811232424832,20.955749368084238,18.55583700620241,24.544509754395637,22.3695636206802,22.640717520285314,21.017069361174936,18.57927850045827,24.6926061658859,22.346996984841528,22.929486787644635,21.12638023926182,18.583205780074515,24.48305834227566,22.374318799745907,22.944878138615138,20.969112813843033,18.641002304492257,23.879076938517294,22.334551375208655,22.956028333180324,20.830393416912226,18.54907023153861,24.046225650971117,22.675701292890203,23.08194047443336,20.831625677249704,18.667416662764257,24.04833780817766,22.457232369228713,22.99987113803079,20.705333086907807,18.725834256741074,24.358860654934443,22.69845387192529,22.937137578330415,20.688471207184204,18.796100083599676,24.178090728084836,22.812939980671207,22.859184049553683,20.7513712438891,18.84057883025841,24.117943028975898,22.89302551006432,22.699491610162084,20.609209643091553,18.941181243996713,23.90233160233833,22.709162843869187,22.179877338072323,20.455359559170894,18.860765520114704,24.020723232566617,22.739698661022675,21.885702489254694,20.401861652755183,18.89687370515242,23.674860057692804,22.694007775342563,21.935279068744524,20.339923982282563,18.894327420941387,23.779528627876093,22.674802825571305,21.933963887622543,20.248167704551243,18.887766837125437,24.2749176042088,22.615189113801854,21.84335739190184,20.354014769683864,18.801687953893627,24.140741435985518,22.334183207749778,22.180361487243083,20.349648635938127,18.909794118106003,24.00938056433566,22.614824016464166,22.232375268477416,20.339820446483223,18.809690345470997,24.26731739053709,22.5964555118684,22.331824992561383,20.397573354338498,18.84546191882102,24.593807651477956,22.118633535971146,22.410394377268197,20.5563441653491,18.779655627585292,24.588860839104733,21.99380275317359,22.750708739189538,20.56789018881318,18.84967169983249,24.998605897066522,22.17584540220664,22.77249560138341,20.757475414520613,18.7915055987092,25.146921807819034,21.97782333011331,23.045029406462106,20.999975181758323,18.85067265554931,24.920749164668926,22.132796453195823,22.92520691037964,20.95521171100558,18.7979412872627,24.786273771832917,22.617944584480885,22.596958867016763,20.975231886452413,18.82928755588887,24.623838419385446,22.677823947292158,22.554300434520908,21.155226441566406,18.74651065237077
24.15935022078735,22.792543176214096,23.297537425140543,21.04227666989086,18.811899577135517,23.661803429650487,22.181579380213307,22.127560728316908,20.33813109301566,18.7390584880805,24.611553974871505,23.210522581515242,24.061361058604753,21.475613654164768,18.902695543316636,25.090342859346517,21.55811681715191,22.808395411796166,21.369682041998363,19.272481966791922,24.398046244410487,22.413082063872537,23.050115260907432,20.94946574313969,18.915443591433625,24.242828087445815,22.19338687706946,22.94686594044237,21.12592329113089,18.985955323833817,24.411976942802482,22.44094874675409,23.31502532167143,21.389502163834038,18.984242469399128,24.264374331778875,22.405575625580116,23.190573168668955,21.51484171232646,18.96530845931872,24.04517160878585,22.556770965178163,23.165346638456192,21.37555228813425,18.86574157974045,23.831374347599358,22.53789244917655,23.25668508963647,21.477829208321594,18.80415871326312,24.38762562264062,22.997895504102612,23.33800491976224,21.31525561611137,18.807192810218005,24.33119790515756,23.010190401875036,23.13578160006924,21.26508459143828,18.79161059067724,24.625832563906606,23.068326502292038,22.766594296745865,21.149714091276657,18.755248601375072,24.77616309553627,23.17686697508457,22.679119633530668,21.277076009828797,18.74513715776329,24.839384511840997,23.215524985452326,22.297790108516637,21.163449017105073,18.76374953391774,24.720765276679863,22.894078925613368,22.21447122574852,21.282117300479864,18.641875074368667,24.790278479355415,22.84545444913906,22.168305889353853,21.335375562288206,18.661536783295823,24.58481739720783,22.56012145440464,22.312501022145646,21.252267565918718,18.716408339211593,24.417433110731576,22.35516016429407,22.487060619757596,21.259095129400773,18.702580397988143,24.466074895637096,22.352792291055557,22.891190311104314,21.407645552140814,18.773739012145025,24.2153096221883,22.380724458691912,22.874094264609145,21.282847735786937,18.932170433171585,23.92866542327686,22.361843917088155,22.775638530909827,21.166735423521207,18.995065772245574,24.06229677391101,22.82905938443804,22.819450183745932,21.2080898273751,18.979930932495368,24.336117636304024,22.922688890130832,22.754126535026906,21.037774870097813,18.979067151718017,24.570547967620115,22.915275228616377,22.578772550808907,20.979166780651262,18.948575946853403,24.540148701686213,22.87026155373824,22.53181032853514,20.875500711014258,18.860536345910948,24.47224680192027,22.9644293504317,22.518905535467887,20.807190011619674,18.763825192950748,24.419963713255687,22.793528147869488,22.340012862982185,20.584871747414972,18.74733192324131,24.31190063311856,22.73828876664571,22.30050357032371,20.78206059731089,18.81129809792722,24.22370435278041,22.77596443964774,22.334484607717247,20.752511129250983,18.76617973041405,24.38000931090054,22.967538170755958,22.4077706676254,20.81735039818459,18.845342153849767,24.971260633603304,22.854267628966436,22.45209600343652,20.80152436528762,19.002313734957422,24.85128027046775,22.638409598204923,22.709539704530197,20.932606588677483,19.021911873529564,24.87224267725816,22.699839632566306,22.68899807470526,20.73096444369492,19.089059661083695,24.635448322849356,22.5680201578893,22.80616354940484,20.78674517409666,19.244284480938102,24.712326021314887,22.24382517728737,22.983457623219557,20.973500160641226,19.22429449366651,24.419628472845258,22.149608565780806,22.958362203987377,21.042708293191566,19.19010454049772,24.499014054663977,22.39878116180783,22.90946808185546,21.19127351664497,19.212211373766742,24.533024865676225,22.400314898809405,22.949205444285212,21.38075656867954,19.15885719008883,24.581615695005016,22.587695087967063,22.84447708668467,21.24852765075202,19.11650496170629,24.42764675187897,22.96592993554463,22.46414221666304,21.172865732237067,19.12117599368289,24.534956160774843,23.059191135471842,22.560441993015687,21.23309024796005,19.13228324978097
24.171658799476436,22.797813393142803,23.299878119238645,21.057609095498844,18.852078379674484,23.62397944845699,22.19241776917591,22.15902115462333,20.369040034848496,18.703100633322578,24.622052570148938,23.20882185955422,24.071668724451264,21.468892908503477,18.87119961707435,25.07878663308112,21.559441464770522,22.782678906773448,21.37388055245939,19.265275995865753,24.389199906779663,22.41650538847091,23.051417002047284,20.959388473630245,18.897526891948296,24.228052274510013,22.187117390996256,22.95037636203668,21.130133129996842,18.968503474614657,24.40159569206105,22.429028514378476,23.309328762039456,21.386955107611147,18.952675823147025,24.26337734346874,22.400823225887585,23.185316449985287,21.512503592025887,18.929705872612004,24.049468353811196,22.55282222696953,23.164605801439787,21.381691328170888,18.819785678085122,23.84378668878718,22.523889037461124,23.254900656135973,21.485362605480308,18.76569959362734,24.40233405732694,22.989604302319936,23.329856822909477,21.318584663838497,18.758243003513712,24.355293252530764,22.999104318110277,23.1323343526453,21.269024118987893,18.756626301982987,24.639187337671157,23.049277663535797,22.76304798105492,21.147555040410204,18.7307898864461,24.784161015569527,23.156473309128792,22.66701594227053,21.265547759488005,18.718631944077014,24.85346141254742,23.21216851047282,22.28727161187779,21.151756887133324,18.7372453482783,24.73341489251001,22.893599285719542,22.206726939398315,21.27802341429162,18.611303445038367,24.79366257272062,22.851489945799138,22.159587861283363,21.334817085384884,18.62182922213596,24.58841008871144,22.56567576537305,22.302790762679074,21.253953465235455,18.663015157357478,24.417975810077948,22.37124002599102,22.487324245409873,21.260066421492468,18.66951614752084,24.45260026698448,22.361503869814648,22.887860256094086,21.40214383230323,18.733836064863095,24.19985551200136,22.385504170224863,22.875958960335883,21.277502993737397,18.893568882242874,23.91304538986917,22.36318210619384,22.77316714143727,21.16095600852915,18.969058841349174,24.043095185105226,22.825072776793807,22.81907649603527,21.204945923755737,18.95917288882607,24.32259212727688,22.922558263262296,22.752764397104187,21.035471050185453,18.954876011870816,24.56674552010632,22.920501749477747,22.58216918269843,20.979923719295208,18.940536013131013,24.536560620861312,22.882572606616023,22.535049869277234,20.876915820208815,18.861983797140233,24.482333871382146,22.98433826593204,22.523864602205432,20.79689310484401,18.759614619943783,24.433300129865795,22.82337311764382,22.344595277960256,20.57215476123608,18.752365946831922,24.318437793343413,22.739524122011435,22.311086482040672,20.769178042792124,18.804320464477648,24.220053915141687,22.775538158213443,22.34284226437807,20.740420979056726,18.769211198595237,24.375294051862898,22.95732401550117,22.409655413720987,20.801484223138523,18.83877839055055,24.9590203500293,22.8358071560004,22.458967907389326,20.789967574378547,19.01280255843782,24.837749747695085,22.61134689444564,22.7142141427664,20.926830058839432,19.024143372424223,24.858929498769857,22.688062147305125,22.679888665137685,20.724089624743407,19.0955663190145,24.623413968905002,22.55146613149071,22.797290269619687,20.782511170212217,19.23631761239674,24.706406925916248,22.231810209228694,22.97550903405696,20.964812878727944,19.213097815535868,24.407068914171912,22.14937338360429,22.952469601219626,21.043243935694562,19.168590863501578,24.48739825731392,22.40661552767263,22.900922810692585,21.184751672905417,19.197340892763062,24.528459710003144,22.39986686879189,22.95319281185096,21.37607616806024,19.154767020555166,24.57545977127905,22.581328232090236,22.851346000347828,21.24596282585993,19.09557533880758,24.421475340761656,22.95538335227129,22.476232603380858,21.177647311069954,19.095808430512086,24.53803913610692,23.03786883846401,22.571909931173046,21.235044281625076,19.11197062099862
24.019646058025177,22.635440313237357,23.249589562977697,21.03117805324166,18.77360837454932,23.553527546912367,22.021004994480265,22.069847733744698,20.352356841028477,18.623769172689055,24.469692213692433,23.167546603143762,24.0158297596363,21.361409368886537,18.845777862193348,24.857682544316983,21.519608446612803,22.77930965862813,21.30177254336662,19.211250865276426,24.24557031043097,22.318762638337486,23.016156633618664,20.91225772031215,18.83416517667569,24.092420333515314,22.129077832597908,22.909244474291867,21.077479066460377,18.891604335818073,24.261341045640727,22.400158731273315,23.274496311783146,21.334606826804087,18.888301955441992,24.143708642533277,22.364611712392804,23.151896514151495,21.471818413432523,18.864035502373458,23.964736025845248,22.507301324658453,23.117803973506685,21.343605430884455,18.768442944350365,23.789534676133663,22.479217309606394,23.19997697904866,21.43609777811145,18.731474338224878,24.366790506368925,22.93297830343454,23.28125475925766,21.28234267991389,18.745621583949465,24.321694987123923,22.932141817261783,23.078391003993794,21.223427095863848,18.74058140139897,24.605556210009908,22.993037516844446,22.706362638954595,21.098626366443472,18.72366674400071,24.750235110068246,23.12855443636031,22.614645623787972,21.22344404401182,18.7177500768755,24.808599932369567,23.173498397662602,22.231592157017552,21.114960678160944,18.72527072794879,24.674686598609618,22.854358484404628,22.161945436598337,21.232225027402905,18.58703799545109,24.77174587071055,22.832628576991613,22.119948627690235,21.28413927235442,18.60014531992544,24.578612343498943,22.54025517985333,22.25818919093536,21.210933817201447,18.62869986705348,24.4122605148063,22.31467060799165,22.449266161003244,21.21218883281872,18.613633863219896,24.437112013719556,22.301236132549757,22.848892322578887,21.358082434764416,18.68683582975388,24.17822309673773,22.325604075740124,22.82353115615191,21.223210390959807,18.85803667230018,23.860132208965172,22.28670439885015,22.733641964227907,21.1083735010412,18.94112715489802,23.97832010642967,22.744023049257283,22.786139014926036,21.15409991031287,18.944622342214167,24.24041018585178,22.83866944659734,22.705647066925113,20.98700174531823,18.946204309503827,24.471869817089253,22.856451597575735,22.52533539758891,20.92709683998255,18.909746985111124,24.455555030711963,22.80620359285018,22.47573122777019,20.841227309463243,18.82109489404273,24.385618190206152,22.89940666639169,22.44074473022985,20.781965837516683,18.715224559704783,24.317501555259526,22.73750904115226,22.257665109201817,20.56807272004492,18.699393778466398,24.22353909567513,22.665971454036537,22.22003406762423,20.766820585733132,18.772142882221765,24.144664380894206,22.708482110146754,22.261706122701376,20.737109508150837,18.74781449132447,24.302092537844523,22.898137340034815,22.346485500258048,20.802722298480372,18.826773488262674,24.90533026391352,22.785195419196928,22.4186483980104,20.791459065899325,18.998152515190885,24.80286574360981,22.568626092412774,22.671517417216865,20.91702290896735,19.008282740196318,24.829823292206534,22.648920743660007,22.651549846639618,20.715774262298755,19.063509975693485,24.6158032612827,22.497558153039904,22.782293958280864,20.77332047264439,19.21036207645422,24.701812797822775,22.210340762020998,22.949175857136215,20.954188935261033,19.202782978178014,24.398019764753492,22.12207411203061,22.922367620729332,21.013112953855334,19.158799871519797,24.475082933848253,22.370712966963005,22.87505885431376,21.15142621306851,19.203209661058924,24.502535077059477,22.355328593671562,22.931628884353508,21.347931893044766,19.153888356871413,24.526099613765705,22.539209861808345,22.81915119165361,21.228976534987076,19.10654373878544,24.35174807553222,22.877902892280797,22.442379440157218,21.15431385079514,19.094038318055794,24.492388030653835,22.97123734095164,22.539361037333283,21.217884328648186,19.109611359320404
23.827983121004955,21.67296480814765,21.924019194461984,19.841143602352847,17.48854435218017,23.87800674759615,22.281893014698284,21.50417270358661,19.475983600695674,17.859149584553535,24.300014130943012,21.79024676823753,22.274816842341338,20.299387405585307,17.79039260131758,22.81630179545302,20.80048012562109,22.71282298489015,20.173545176234658,18.05798829386255,23.72113335872881,21.71069160059542,22.012064080316765,20.027309029825794,17.858327649797655,23.920319463530294,21.881556803503674,21.82987217762575,20.05848539413872,17.961324702193405,24.0820595395918,22.07942134725468,21.90494436606028,20.294172129147896,18.004265615334297,23.979552774805192,22.154187484669706,21.93514181384924,20.41238257588323,18.070150554558033,24.245845668764925,22.471177161652232,21.71630600609139,20.335407330417304,18.057936120523742,24.404413179024292,22.497456246357437,21.849383237882314,20.35346389079521,17.981665764458185,24.450618123955934,22.727587569047532,22.006614558422935,20.531121448149953,17.944333099842623,24.37075352167281,22.451808904099995,21.811943097543455,20.392910362515543,17.926570293782895,24.398500780057667,22.831453719637974,21.64211731267463,20.210221113128746,17.864088706683674,24.48859539800644,22.906874775241135,21.646916775168727,20.240420792324755,17.805608449810386,24.068135092498473,22.90481013302222,21.470698900266413,20.1470762819766,17.930140909419748,23.98980610460206,22.778926336672903,21.468809966111017,20.189339264908845,17.95967610666292,24.013242267218082,23.008594159088666,21.684142723138034,20.219760768742937,18.066250087216133,24.037891290363355,22.818390712201754,21.767236719891024,20.245755513961562,18.0697676285235,23.74566117516904,22.79606946362256,21.845876614949287,20.390637312473114,18.110961654195545,24.01578113779799,22.68461308377124,22.002298944099614,20.5032524299916,18.01815794824586,23.863071831946908,22.599840923382196,22.03732903012919,20.295892126762514,18.05097227043954,23.80466955260357,22.528560268641897,22.069278035236696,20.308166587696704,17.88966147826997,24.047562465325967,22.60640927512719,21.964907551433093,20.440329288963262,17.850229391604554,24.2039672720442,22.412982355547165,21.834701499481934,20.285381337990003,17.762736678712532,24.25910482726116,22.51208100042975,21.58215108196444,20.10611020960663,17.679102578275376,24.316076905698303,22.27055428703731,21.41143136360367,20.15105120181284,17.600499003092374,24.15413943449847,22.02796174288426,21.088465134565496,20.084457125621206,17.67466493817749,23.891542676803716,21.949366063677843,20.935893740477113,19.83205151317882,17.714901797094523,24.079845625943232,22.047602479334504,20.830819079118065,19.856605020486633,17.788280543339216,23.748482332817048,22.087834403261787,20.920030032328818,19.820431148303463,17.851835729125657,23.486987023763028,22.344606067596445,21.02201621228385,19.815438016133026,17.96012354088548,23.79528586684624,22.538385394395572,21.23274816435151,19.879751607902072,18.040660502996964,23.94335887071015,22.280558406242108,21.37241422611006,19.910108756867736,18.078511530624585,23.828405238526518,22.37909883327405,21.53273651040498,19.89445196761325,18.178146856158172,24.32902261654501,22.258586903943268,21.58774396856926,20.092054713502243,18.177019570045726,24.47831231861399,22.18906428668226,21.693593656056386,20.083817441773725,18.074264328515323,24.272839011444773,22.079545181172648,21.71731570148686,20.1613030752303,18.01273157047768,24.245367922801798,22.051954950876905,21.898498136826365,20.394217451527478,18.017726758174124,24.209578337348496,21.921626198539734,21.968842026124264,20.64854138243816,17.98857184160196,23.81530162615234,22.11142701188244,22.083671984337677,20.492625649286005,18.063237060125548,23.874572784010375,22.173643415931313,21.839685265069818,20.592732614117956,18.18197185837168,24.05532757217755,22.405011428487036,21.824650087849328,20.639922605703227,18.23621598821717
24.07144559821931,22.113652253276513,22.600792011162756,20.299434033885944,18.956510704510336,24.122953896959434,22.04032439180083,21.888634181252257,20.052073746583325,18.709523129427836,23.743170718050045,21.88912818764278,23.132470463968033,21.084323104986417,18.468301130870962,24.108143930961425,21.45377733407624,22.59710860371118,21.079389059550962,18.528023004011967,23.920068277609154,21.805879617257357,22.573446036950816,20.580673189009836,18.603597436502653,23.77751927863671,21.803971103381905,22.466287182684674,20.779495042329394,18.5347271560145,24.015156295608318,21.99496211681214,22.80773171002429,21.02627997848157,18.470409659495424,24.118229982308556,22.12943535682281,22.761041782438724,21.09136267038403,18.51116477056076,24.19822862704016,22.194480636501357,22.832050695875854,20.965843308558178,18.517656570555793,24.248081439420428,22.334011896640533,22.923421238649166,21.05065285385485,18.51643155389683,24.678677696774372,22.566113952674367,23.12548370989925,20.911864188815436,18.504224931141273,24.530101039324894,22.452137916511823,22.822454328290522,20.810559034790458,18.624159319578506,24.676119494979137,22.700042477180865,22.736749862608242,20.669369497178877,18.652053467887445,24.616752743002017,22.760237661094322,22.643140649065597,20.749400011703777,18.6445269340947,24.459691139401762,22.65289763082344,22.280706576457824,20.599754839608117,18.660455468181613,24.467260029496916,22.499813170635598,22.291716439936557,20.785965194124273,18.635349723225268,24.759371834701685,22.57992844640747,22.398222114841932,20.90052131647976,18.64947569332299,24.51299435989004,22.30803385572488,22.478427952862592,20.95561469100696,18.551445628345714,24.54852154776986,22.369603901158996,22.635911154758656,21.01648648368181,18.585686719845864,24.7023717551766,22.34497118937957,22.927864001276674,21.129520169053357,18.58343108028445,24.49314559247346,22.376836017411886,22.94763495647782,20.96848618658062,18.6352906250866,23.89122338698633,22.346781819715737,22.959439412963768,20.832391221525718,18.54734133080341,24.05235918631312,22.684954959952638,23.081657544336416,20.826624687112723,18.657745732793494,24.047825282704316,22.486010093934972,23.001919050192978,20.70276507967106,18.71181875540815,24.363018880388104,22.733725636119757,22.935791629341132,20.686829260397538,18.78498209254297,24.17698527601417,22.844957630153928,22.85632617869223,20.75530595734454,18.845087543252493,24.122877855721768,22.917917625771466,22.705879934096497,20.610339404352743,18.956694943138633,23.90457728743608,22.727032007808525,22.207706206440093,20.458531346959724,18.88818044002455,24.0278901517882,22.745427403658894,21.907479272262584,20.408509545379278,18.919972391593593,23.679447043893084,22.697367034941106,21.960240268417436,20.350068488293378,18.914307636749868,23.785138752205658,22.676146591165256,21.95931474286548,20.249325892660845,18.90518918513036,24.273017930528447,22.61522658979107,21.847537630505354,20.36107622082376,18.810843789146972,24.14670721710657,22.346333367627963,22.16952846113613,20.34929202223906,18.907858107002134,24.011781604506094,22.619717996244454,22.22557175530286,20.340118403961178,18.809185907383398,24.27196798404633,22.591255755151227,22.322509980106734,20.393152406930724,18.841928757828754,24.60193269810776,22.122047616838614,22.397655184991777,20.55507994525471,18.78537341804359,24.591962934231407,22.003865779550985,22.74864256703543,20.568663131644904,18.849424667699747,24.998947080053767,22.17605563660343,22.765468659459145,20.774119952888633,18.80250196666767,25.151604429540406,21.979205743382103,23.042461345048203,21.01315239367566,18.85422762750219,24.932036690324484,22.149998051725895,22.934699528162533,20.97183988766535,18.80699144544777,24.79437040175888,22.629878194106038,22.619460041301476,20.988895676086397,18.826118994594538,24.642004584588115,22.686118449107067,22.580051901851704,21.165246784035478,18.754817380201878
24.088536658191693,22.085543794057347,22.628071529805798,20.2624028766526,18.9760695913989,24.1029979626518,22.071215989485175,21.92682895557671,19.975125821602052,18.65018661312266,23.73471943373177,21.91463769130829,23.131652527408065,21.129880606001915,18.4715376386606,24.116896777844246,21.455549722222273,22.591336599540913,21.084893593717545,18.49574746250677,23.916643194705408,21.811450775084808,22.580786669780714,20.564923880918958,18.558001687134084,23.77241050457883,21.824673149791995,22.4627295894779,20.772235326448104,18.486382021949822,24.01582132852942,22.01707101095095,22.79540177729029,21.041429620616988,18.429274084383263,24.117757099217012,22.165001001220517,22.747115582964955,21.098787555978628,18.475961310508744,24.198792750844227,22.22478402615956,22.820391801532953,20.97989313168742,18.49538558146751,24.257020432138425,22.362042683527466,22.918946699574043,21.07531054720924,18.539771431529935,24.68752458202814,22.588672156711795,23.12668566511868,20.933178144563083,18.522029279048734,24.542123413251197,22.46990544498032,22.827649500286963,20.82497796522809,18.64539935268488,24.689785786367562,22.69886484199323,22.73772031921385,20.678190549888793,18.671410415972296,24.628830242329343,22.769312919694514,22.6418384847927,20.752617901630153,18.653117003413985,24.476231013335155,22.657409558842794,22.277563432041923,20.597471735367627,18.6518139826963,24.484226880794747,22.50418560123817,22.290968477489315,20.7848915870642,18.642721663737877,24.771571509567025,22.583822635824497,22.407170582172967,20.900926291713603,18.658954480061176,24.52552992930554,22.305398072289258,22.488886431332638,20.95967606829144,18.55375674520087,24.56109725558866,22.363049943714667,22.646618964402556,21.025992924909993,18.579770929948257,24.712543372046234,22.338655861700133,22.942985212525226,21.133299738655882,18.57936022552625,24.500669410056293,22.371506732082562,22.953372491871107,20.97395153777912,18.633696819484395,23.902076940165916,22.344675023215327,22.960352724837115,20.839433113559046,18.54177010788222,24.061401362922513,22.69096333136779,23.085970266640405,20.83784602822862,18.64458606930107,24.059502242050602,22.479839417458443,23.008216228858938,20.712982456940093,18.711270890323938,24.366547566582767,22.740511755881187,22.932490291233087,20.70098463839505,18.780339817681487,24.18095918264764,22.850179911763995,22.859631490048066,20.76981796246624,18.83406089565579,24.117004200048797,22.914753187229927,22.696813047171315,20.625079533913315,18.952492683692792,23.905892240157545,22.723505177495092,22.19254277653427,20.467090128882774,18.88328550085974,24.02083782486367,22.753866175249943,21.891745956882964,20.4067163837906,18.921530775117425,23.67658604740066,22.69422452701994,21.94815207198534,20.340366634704424,18.93611642406828,23.788741684066633,22.673327758670425,21.946718189027543,20.249496405027408,18.926137015309212,24.282631360087386,22.615559402033522,21.851505793300365,20.356664761908128,18.82525833551496,24.156258504867736,22.336749524701474,22.18143825602685,20.350495393959818,18.92208460131415,24.024215276451194,22.613383367561294,22.238192766127646,20.344678333351517,18.808233051447637,24.276873098131766,22.590823376948226,22.34070198610579,20.404758904504018,18.82857705888477,24.599928194850207,22.136216147517786,22.41160964495616,20.554228475202702,18.77144070613489,24.59862949955743,22.030250805080488,22.75177025836696,20.57154200914926,18.83736965167977,25.005505411816497,22.215542767177574,22.764080895548084,20.770201668404223,18.805168244274135,25.15802208289287,22.013864706931493,23.0371840428487,21.009883188236383,18.87910252784102,24.923688999976175,22.182470480728945,22.91774284882429,20.97428411740083,18.833857541281333,24.78902702164108,22.646171650374356,22.602209682049523,20.998811020629187,18.84588376254758,24.62050001704736,22.68906978375677,22.561870062051472,21.171658649044534,18.780351614069083
24.09676213557187,22.060414461877787,22.61285245773746,20.26772328083353,18.907262132667448,24.10164753203371,22.021117682140407,21.88249753833665,19.97078274510195,18.70525563336093,23.770178693424295,21.86854944902499,23.171357543551306,21.0933314883705,18.43160439438161,24.11760545458106,21.464003469850024,22.613646483535337,21.089412635604017,18.514712747145055,23.92827253825982,21.793188958784405,22.583430032102683,20.562281536120913,18.57978547822379,23.780309296286276,21.81574788467587,22.474001120070916,20.76807977177978,18.530646448744164,24.02251352974246,22.011847966631798,22.822405804380686,21.03673966205878,18.46207079273268,24.117502163373207,22.149362483151783,22.764964257839942,21.101014537815736,18.524936069929485,24.197667864370704,22.199992363524863,22.83686673477459,20.981389389158853,18.550276375511807,24.251607446624938,22.32618108321785,22.93052266983815,21.072161388549368,18.567333264981393,24.682218648736175,22.541960582488223,23.134821879328793,20.925596662797783,18.54841049326715,24.538210315947765,22.43214940187859,22.82889933561565,20.823882738745695,18.677590325499615,24.687601947472455,22.679318528443357,22.74408222653493,20.67473968649847,18.69226910624677,24.62665836562031,22.748612891867246,22.64397235227804,20.748081966292855,18.672336222709472,24.467101300861295,22.657394833737477,22.2884882579727,20.606646024046988,18.667102160363946,24.476221240739008,22.50805977047918,22.29736517704759,20.80397118791786,18.647769701720907,24.76061048054956,22.583273471350267,22.409571652105676,20.91315614066473,18.661136331328272,24.51136711263819,22.302136393787332,22.4920677066388,20.97083740220101,18.556722619800816,24.54208891043755,22.368790429541857,22.65917234273406,21.037579456266954,18.57954541938391,24.699346243103573,22.337116588407955,22.946234904620898,21.13781132941987,18.585546511869882,24.484442219633,22.36792846520276,22.96501939698998,20.968211874934546,18.62711130964867,23.89166481573812,22.334285658224314,22.96819721108767,20.82540443500313,18.547626830451215,24.056913677222703,22.682718833556198,23.093673116244606,20.832529739637128,18.66546436719099,24.057703645608573,22.49537522811399,23.012675027676305,20.703720487726127,18.72465088246479,24.361691935006867,22.73359575070159,22.94301695552882,20.679188758186463,18.7947959482414,24.17255942512468,22.84381477854376,22.861280809395875,20.754216869173245,18.85978404908277,24.097974827080684,22.925676390158955,22.70569955262793,20.615351352343914,18.952065601495256,23.886237678729692,22.729080073262917,22.191129220574805,20.45537336833986,18.89774377505021,24.005949474188462,22.73303125809256,21.892692018164105,20.40517731738387,18.938623780403805,23.663420521103387,22.687158253079648,21.951725337715953,20.354373104395883,18.944377351800505,23.780389436532694,22.66559006080505,21.95507921975426,20.25028324403233,18.93174843898325,24.285205721065847,22.60226168148594,21.86017941829437,20.36301600077645,18.84365739464743,24.144479765297433,22.33859033491579,22.19572986321861,20.356514332339913,18.926099427054684,24.01682413967469,22.615267173238077,22.24985098040534,20.34669101086313,18.818125662010058,24.276014031049876,22.599287963635557,22.35237964849218,20.397765375572693,18.849605097807483,24.601461498327822,22.130946065796298,22.42936708626641,20.56119637014463,18.804479268842275,24.59225473608452,22.004703149202278,22.769826989361597,20.577596708354616,18.87735140539815,25.006737788320837,22.1775142065937,22.784897720533074,20.78192950390101,18.810113913175037,25.15390641288318,21.990801194226805,23.0547744524003,21.016975611194503,18.872533438792715,24.930345567773042,22.158022391737802,22.936328676869834,20.983007261649583,18.82611554344511,24.79286904608273,22.645058946652444,22.62111852660214,21.009327202382632,18.82797166057366,24.62922522500233,22.707282542175996,22.580794104286966,21.18187616247191,18.73649245969207
25.19100469240727,23.290252809184466,23.53775199542942,20.937819063433913,19.705332347064147,24.41966923348068,22.784516562963287,22.822530450587777,20.767130753235005,19.565082105536884,24.971116446244483,23.208762935087513,24.18417504583524,21.606491505400815,19.68503947970123,24.97122132366347,22.35598627342886,22.81802049595706,21.458626405832156,20.140641856056547,24.88786010053541,22.743314237177447,23.25160887221221,21.155829850575753,19.728219896947905,24.581970532572576,22.5907592067324,23.197121167803765,21.400168508103626,19.757074736314486,24.63632226232717,22.789648026118737,23.431393705553006,21.578377385359545,19.71976295926759,24.713279556385903,22.851287682870016,23.35832505509101,21.706148551181723,19.681529940990842,24.497737812541438,22.8870540735576,23.461624739916253,21.623104339753674,19.55519400502817,24.185375860300674,22.894316173339043,23.62252917117803,21.668600023586947,19.571881912914723,24.838173739521668,23.21996536265905,23.608382884742547,21.451094806232202,19.614296125011016,24.89082947135936,23.20847542341188,23.45580906969546,21.439176520998053,19.65170912261809,24.863840236393365,23.324294248033404,23.137544584125493,21.318934286587016,19.62548683961121,25.224526606295747,23.40260532450665,23.037611362074983,21.397387046437345,19.633264446240723,25.23442924677504,23.526221555066975,22.6802446545019,21.330796479373056,19.648487225893298,25.003354471621925,23.18623215944016,22.634295378318818,21.490397735150772,19.51806652403558,25.02996942478867,23.120237312855583,22.649668676674565,21.579271212422036,19.528700724712184,24.878310147677496,22.72878280507104,22.75178770769454,21.491975329053457,19.6707421370596,24.683972701739386,22.694812785118582,22.908036372861346,21.546434423233197,19.706187184331508,24.894100911680887,22.633510543960224,23.196496332187472,21.615535596306568,19.773874020962097,24.764851373942648,22.748628465011187,23.312718760590094,21.538980450704493,19.92595912256545,24.56133796696701,22.758238517198652,23.047537740646927,21.433216010305863,20.00876208236991,24.672890438194468,23.263407849807763,23.111133775581237,21.561533878890124,19.96073455629338,24.95301932268692,23.26840832974848,22.999142979855087,21.458112792433347,19.946893457084617,25.242388049295936,23.46598689596533,22.936716612143258,21.493771937396232,19.96177223774449,25.083514458940922,23.434914329176134,22.811067192307057,21.430167824247818,19.87094663604063,24.82331356830249,23.513579600530335,22.89753994905515,21.355863857056,19.80457854950827,24.820543542888394,23.286118116486364,22.64467756052313,21.077465283208987,19.796846626222546,24.710553331737632,23.27883504593754,22.589644766241673,21.142708050420246,19.863764787789613,24.575395041239087,23.205000643882975,22.708232435977443,21.12772422288238,19.72118747923188,24.829545133753403,23.393024918416966,22.763621182149375,21.168852640705513,19.766274079413932,25.444805417178436,23.232825367889056,22.809192290779542,21.142427640704472,19.853659690194796,25.36513976401016,23.012400893758517,23.067617212236488,21.30108622068189,19.88467882764639,25.311634173240005,22.936837454688522,23.078399214666007,21.180427832886664,19.918208428201105,25.171972803751718,22.858021700622725,23.03662399820306,21.19110363534368,20.08196353231276,25.155497359692898,22.522140408244734,23.22501446495527,21.350416997814172,20.06561003782255,24.989352995503587,22.48766846917896,23.203809038151995,21.427052010761173,20.059269759715256,25.14863527528299,22.599506567576213,23.152671944846453,21.51686828171525,19.999296322803076,25.2160701341809,22.70163975783349,23.201634336632026,21.699660843267857,19.926780306619616,25.033466450367236,22.929976165296992,23.182136748616635,21.56931781281572,19.92577331401018,24.986869379720975,23.2740232999415,22.672288248629243,21.460000592266322,19.995341021440453,25.12204767768596,23.38515923078386,22.718555271612463,21.52888152602005,19.967200547879592
24.54340592418797,23.027020510357264,23.455110846111793,20.82215262700483,19.656454304328207,23.867430520155132,22.508589929732604,22.635277713921965,20.586856152899188,19.332799027503853,24.873551000855727,22.854847188514185,24.039554628172645,21.420956741031727,19.402708358549074,24.526872883661376,21.65331469977749,22.7974388247049,21.351876227797828,19.946669554291123,24.379571158364683,22.420750461355855,23.15774244134244,20.976989471831846,19.542495852913113,24.097390431857328,22.23871594546294,23.07031345864433,21.234731599576996,19.564978554547594,24.331315888416466,22.44058367981227,23.328485453396695,21.442984876526037,19.526049428769646,24.27282953291666,22.47409630885081,23.223514358030087,21.579106832096137,19.48157417378526,24.132888072406764,22.69236142861816,23.307602611597808,21.50107291590162,19.355555748024084,23.970028715063588,22.683250856732634,23.422560904260443,21.58939727402415,19.382852011674334,24.650890507787008,23.093359835440182,23.474584303806733,21.390502458502215,19.40164258395499,24.63006108247404,23.10043178249218,23.284449911634976,21.371876973084877,19.48637336699911,24.760861817955846,23.253439771738385,22.968110627988406,21.237738329568096,19.48725836303219,25.011394652198284,23.260470477851353,22.829851608587195,21.293335714207025,19.506665362480042,24.98066234582896,23.339328636854567,22.47915729197454,21.209389949430125,19.496477983247846,24.726448963458168,22.946149084663986,22.392028328923963,21.341237466618498,19.339643257060423,24.86438235238548,22.881826426795662,22.418636773824893,21.38616033758418,19.29971912535416,24.776704349601083,22.488245323700863,22.53718640685619,21.35515522518104,19.441304843340298,24.58907784582061,22.438245047627948,22.68722475771544,21.405549555333547,19.508099160245667,24.781585659187552,22.4289467617999,23.036895116696414,21.510102411260696,19.625047786514994,24.620306271455213,22.56411212748405,23.089149894984274,21.39646486114318,19.866849905291744,24.190848662397304,22.5711327118538,22.855116446249582,21.285476450602175,19.930755310429483,24.20599935143429,23.07884850394016,22.947573064517293,21.32384533478272,19.88183464122563,24.565695631115354,23.000531407082356,22.89551753255217,21.218796151524717,19.865022589163406,24.87274491108112,23.198097014674822,22.777670431344678,21.229078209309634,19.813371365031635,24.812319445604135,23.171141685364063,22.67799107543086,21.213916943991688,19.647484726282265,24.690769889182555,23.26535801378579,22.71812319677809,21.155750258110892,19.648362708178077,24.530454929507947,23.08712115094759,22.49329596253115,20.987876883609154,19.728902784917796,24.4528565507176,23.1322765211806,22.403596908655324,21.087349753711226,19.83370618818579,24.282230098751974,22.98034318985813,22.506941641984977,21.063444131563482,19.860349871396327,24.52751146274953,23.14648228261425,22.58818361332449,21.145886984946113,20.056752525120434,25.157707476066253,23.025314743910222,22.648693284849745,21.170840935711915,20.249731966854682,25.18475998993203,22.70397066607552,22.873103746705524,21.277440761908174,20.229506608713756,25.063759138413584,22.690859558145583,22.86283367404932,21.17809583807675,20.2867212179955,25.003837087857328,22.60771293016391,22.875483562199253,21.23189212219847,20.42999000042534,25.00911674724305,22.323332023385404,23.03092254590145,21.37481208680597,20.418456985891215,24.77358907528778,22.20266285697403,23.06046666406705,21.453876769314974,20.40262699453526,24.933505871287664,22.47585403643127,22.982181184910054,21.558376454707126,20.46445811334049,25.093981665881874,22.604266053451248,23.069274370828644,21.733709896252527,20.458495548554644,24.961232809523754,22.795637873253526,22.980862382628203,21.590680724320375,20.414091707681134,24.807347552165268,23.11662341776294,22.498759918708792,21.5260133698419,20.43694678254213,24.86738817104264,23.225811346433765,22.50347381118361,21.602270828411836,20.412269494594682
24.033980195909113,22.862217397808084,23.395584910010104,20.575302863856116,19.366283697038803,23.919774494085896,23.062310852601126,22.182167036176406,20.430041076600777,19.093860656359794,24.773257378725923,22.67114603581971,23.7210891732806,21.601028863786084,18.90559407140213,24.315221554021573,21.865074879567167,23.17255311524885,21.450784648370096,19.501335125957265,24.411370351556236,22.602173060108086,23.112742412053244,20.92774435483114,19.17539574927722,24.415799428986933,22.56361112139107,22.93210287643822,21.141266515175708,19.208943521033436,24.777560646631095,22.702045534150944,23.291958775603227,21.372976116387143,19.137620404544545,24.784097516984772,22.661014093644383,23.228899572351025,21.405138594065583,19.176225362509673,24.76139123430116,22.836741057836257,23.22054863692152,21.26309535148777,19.12896674918111,24.575739193110252,22.805407981402233,23.28068928129202,21.395721508166265,19.155475447582766,24.878729127002025,23.08872238209587,23.409875602461234,21.39733514625791,19.10262633559784,24.62455003769559,22.8643199770976,23.166071208698256,21.353332191389597,19.272607438520527,24.80322864604515,23.195684441106163,22.95802200555132,21.24267416483226,19.283967369441378,25.118573301701836,23.088822379319367,22.783684520881327,21.36398035924172,19.310224028135817,24.956214981794925,23.171719421892753,22.5078197086409,21.249849165685895,19.260992918239683,25.031775662099687,22.83624409400722,22.501669335786918,21.247877249672612,19.225696564573852,25.19819980625717,22.93148923560012,22.60214975350747,21.34835328396584,19.112059457414112,24.9299717217264,22.74751901836485,22.721155356081756,21.336827096032316,19.13803768900856,24.842349629621026,22.82315181805727,22.927578183230427,21.35411450421854,19.148051846128702,24.98294493544568,22.833099413021863,23.191923119045722,21.466986042337247,19.275057425053237,24.631324523464418,22.997986829710644,23.265512692441643,21.368753336329604,19.35400002164357,24.41566335526427,23.1638186408089,23.16341237815,21.256583971994633,19.413963675515586,24.698940807270976,23.35324105323533,23.218298525814085,21.2647464438241,19.43328078077009,24.691136470890264,23.43801830505348,23.098773971765056,21.10851905443401,19.382445176586437,25.177633677483556,23.448521460365498,22.934261700511406,21.04646886073808,19.303042436123583,25.23704888999992,23.37954987909684,22.838423703676295,21.07436344886078,19.2684119070609,25.18517175759537,23.320042449513767,22.74869267385835,20.90872203579126,19.303353790278884,24.905683041973994,23.15795776520874,22.395622626732788,20.78791576143238,19.256438993194603,25.02856786022094,23.096823076076163,22.332505262008468,20.910401425521815,19.338888091129753,24.794269691173476,23.113374539476617,22.40247643065236,20.87145503996999,19.33225644673672,24.989506529640966,23.29063561993562,22.356011119130578,20.828335997619593,19.47322466667182,25.32468237716595,23.326777880748388,22.413814473324514,20.958039881057594,19.636932891952153,25.346410022807188,23.322071849392703,22.750447658947433,20.95020686115952,19.672700023477642,25.115407136946956,23.238882181659054,22.740312649019188,20.855059546527674,19.74253750906983,24.789268128534182,23.265293188231617,22.830895170708118,20.89519341354547,19.849517450691696,24.795467290312683,23.111554455448623,23.013362153800973,21.09275541948103,19.74905473280304,24.5816490151392,22.74976949312568,23.02523437330612,21.09902693397949,19.713033682064065,24.61221204885922,22.791505174927956,22.93609561335125,21.304560441991967,19.750203822960106,24.78040393641276,22.736849439377078,23.145315348900628,21.539702753120064,19.760255294297686,24.935002601559923,22.75284684076532,23.041427672872658,21.511960087311156,19.811514938130983,24.754184369776624,22.95247609580185,22.712547678471115,21.453261083669577,19.938718748157235,24.823284760842547,23.237879400005063,22.723781300125637,21.59096610637613,19.90666289656073
24.077122781293664,22.08405178662303,22.63245924614397,20.25227543704769,18.91797037718036,24.11689681821735,22.016362270356915,21.896619614217787,20.001807642599697,18.721213428442308,23.773178352636865,21.89868665684554,23.14549855464653,21.115108873133302,18.404234380491843,24.119040318599037,21.449582803674637,22.630253216527144,21.085161990743277,18.49613498068002,23.933583391005406,21.79549769257983,22.585825009248065,20.56091280018915,18.56911460155589,23.78712907257729,21.80954783525744,22.470908362548087,20.76795692111797,18.50930411350325,24.027094211663375,22.007196620921984,22.806478549187705,21.030971101192527,18.430616220736034,24.127398334011822,22.14722935601364,22.757133099488755,21.088320321686176,18.493819290572,24.207240140073395,22.2041252301658,22.821697762138534,20.963771679509858,18.513420022804056,24.25230847980179,22.338191363789797,22.91375038715794,21.061141373102195,18.537310226406962,24.684804165587995,22.560052704798114,23.11817248379608,20.91055074280301,18.52405479737567,24.538436986379498,22.451431491850997,22.817573177791264,20.805789312223414,18.665080147840325,24.680805624517923,22.69162218341137,22.726468699027425,20.65950930287368,18.687892464037024,24.62415244617028,22.778639880220815,22.636236607498187,20.737464275156547,18.686272145698627,24.470522891680496,22.678024860622113,22.281539648195338,20.586494364860435,18.68063567485397,24.480633727961692,22.529856631041493,22.29247276264399,20.781625203383065,18.67129425382771,24.77107787584938,22.60615334827139,22.402273760559922,20.889662511441657,18.67720917202579,24.522696686264243,22.331177377571986,22.4908000222711,20.948240343532312,18.575589067911938,24.551318234627505,22.379362837971005,22.646868136485402,21.010788980983566,18.587196615610814,24.704128839193434,22.356304429324037,22.935128499735235,21.116283016479265,18.582222348807356,24.494742391120937,22.388989113738887,22.950394936374813,20.95751111884181,18.627383311401026,23.892111578132894,22.356417154777123,22.962659507926297,20.830468582962975,18.54232920827058,24.06144937902777,22.692620139043463,23.083593228292987,20.83356514008618,18.649291602112132,24.065997951424656,22.48082961205879,23.005534683161514,20.71076342247165,18.715855967101547,24.37498420123007,22.728879032743396,22.934609164863062,20.704689108333255,18.79897670748338,24.19243555035306,22.835120452510658,22.85451337234711,20.773073726485872,18.843755147828848,24.144206612769512,22.909106014327545,22.694671952939718,20.61999723339883,18.94507131327153,23.927279905884546,22.72500513954758,22.189315039806367,20.46142436511327,18.891994074042703,24.042324929231235,22.74588391296593,21.891619017131212,20.405237567647774,18.922374416550827,23.702826799987623,22.687250070255892,21.948852761949166,20.336427561585598,18.919962623209663,23.810078943082353,22.6671625399069,21.949370369953634,20.24390512721421,18.925001104943043,24.292333050743867,22.60730925988834,21.84654696778029,20.358579504953187,18.83414695908824,24.161582539163664,22.336539916893926,22.175614469941454,20.3488768247382,18.918742349756965,24.03902365773855,22.61881458160493,22.227675000009732,20.34226687336467,18.813383195729937,24.2966726356854,22.6034457370364,22.331851669061926,20.400956809280963,18.851902607361414,24.623853231759835,22.1318693552266,22.411850455344357,20.553165721161538,18.79114724551661,24.613555158652424,22.01448332573576,22.763352269304924,20.566239255540783,18.864269553883954,25.024163529144136,22.181931842870377,22.773681279998613,20.769050369750303,18.81646148846128,25.164142402865988,21.984066571464176,23.04765633482493,21.011988773184676,18.87739538731286,24.93486678661311,22.149507099739072,22.93176930949008,20.971799681835723,18.827438094120698,24.7958079111685,22.627378908377086,22.605923470081063,20.999281919806755,18.849821267602877,24.633803025800056,22.679027538851955,22.570517248500217,21.17410367064297,18.768155627554627
25.211977582724504,23.195735336241484,23.537576270076954,21.041299151033936,19.37512945343001,24.70481580898455,22.802379589066618,22.384501435924964,20.37571643757781,19.394573379742415,24.98587269047009,23.274307006887295,24.089980450417077,21.598452973007134,19.23521816805063,24.761243552711612,22.428981467408313,23.010901023771286,21.542506802453556,19.289627993705988,24.823879316862907,22.86198167478241,23.19100356856168,21.073944032770765,19.335102124206692,24.599178358254797,22.724299519424935,23.08967236746058,21.25849791769963,19.336524079003304,24.697065214877476,22.860652177942733,23.45901182919404,21.52001579859304,19.279262245564524,24.855057534025434,22.936772960971076,23.414934876853554,21.549440309917568,19.296992933971538,24.80932682486674,22.944433572037326,23.56224154697856,21.439083858904105,19.2634146720196,24.85113844900423,23.00379940026705,23.747937515196917,21.551744532023005,19.19181917391726,25.33369654707849,23.265144196558452,23.811739792001767,21.39630924030626,19.25430331476217,25.315894896893475,23.300762555586797,23.58448857580686,21.373040465474965,19.33461728910784,25.287167996171927,23.455407124148905,23.26827722479475,21.306497416856466,19.378234854350033,25.48320362560266,23.535378543300265,23.119781596490448,21.40588292468457,19.3405911014656,25.31425615372028,23.526268931730204,22.76983571413046,21.260425799732445,19.367338361657392,25.282690641220718,23.335349718769404,22.754020058761817,21.41446364968595,19.333605498493398,25.455286369761456,23.274537427894085,22.787281187267464,21.49952013636403,19.324848064080143,25.234803059817295,22.974650454214167,22.957123261684323,21.458754013580194,19.285090551944656,25.18668876310406,23.041149008813274,23.079904517421134,21.450565912996677,19.395075365534034,25.35340897114645,22.999258238273313,23.37314576409144,21.524876491778997,19.41366000110327,24.975051613090912,22.97406100830751,23.427842323115744,21.35790005231391,19.470302001996874,24.70601410360886,23.03646672458282,23.269378962821396,21.21310976201652,19.480293594956144,24.864601474057043,23.384761861172453,23.351439258296306,21.256576299681157,19.539408606720134,24.972147815526206,23.27388574542001,23.263057923566627,21.18422021420971,19.55560347782864,25.34259630189326,23.423128955701433,23.161419523445314,21.283025622535494,19.584086598787614,25.284649112332772,23.529115589561197,23.063605639622597,21.325509003295885,19.547892223757593,25.024762194537743,23.579082158380388,23.084196092214775,21.221239314441238,19.54238737611326,24.73479846394926,23.2757710429888,22.679136624610727,21.05760858868675,19.50178443412921,24.698866123430495,23.321389195430598,22.55462782141579,21.066058466506178,19.527950738194,24.49157120621457,23.30674648458917,22.637096399527934,21.00326759012437,19.566196328752373,24.6702232067681,23.40325291017253,22.689343673669313,20.965795637188233,19.57167514371708,25.28045526203771,23.226053409070875,22.71357545524613,20.990882136494022,19.58067993773943,25.563378574352118,23.100270606242237,23.02592147365692,21.044295492580716,19.579788700098597,25.48668091422987,23.110032723033804,22.95898922315215,20.9902067495231,19.573639288217127,25.37134861384745,23.026088574367343,22.92439529441725,20.92827626215077,19.547709589739572,25.482074273269603,22.650819429864136,23.03900076018191,21.08827722236735,19.507539091903332,25.229020097314272,22.532509304457513,22.99231841814849,21.164874637502308,19.481545959174742,25.314940776467452,22.592317378672103,22.92812536179189,21.298936957922706,19.528144221921263,25.456719314268888,22.61477287518277,23.162655819383094,21.40997910764144,19.455367190902656,25.416101498530345,22.80694666068326,23.069593305340664,21.335705879351195,19.44083634602546,25.356225530634212,23.22274723162829,22.54499867475182,21.32606616043544,19.439104011531743,25.393479645739493,23.311451056652874,22.70874789718153,21.429522510822455,19.46934446428517
