0,1,2,3,4,5,6,7,8,9,10,11,12,13,14,15,16,17,18,19,20,21,22,23,24,25,26,27,28,29,30,31,32,33,34,35,36,37,38,39,40,41,42,43,44,45,46,47,48,49,50,51,52,53,54,55,56,57,58,59,60,61,62,63,64,65,66,67,68,69,70,71,72,73,74,75,76,77,78,79,80,81,82,83,84,85,86,87,88,89,90,91,92,93,94,95,96,97,98,99,100,101,102,103,104,105,106,107,108,109,110,111,112,113,114,115,116,117,118,119,120,121,122,123,124,125,126,127,128,129,130,131,132,133,134,135,136,137,138,139,140,141,142,143,144,145,146,147,148,149,150,151,152,153,154,155,156,157,158,159,160,161,162,163,164,165,166,167,168,169,170,171,172,173,174,175,176,177,178,179,180,181,182,183,184,185,186,187,188,189,190,191,192,193,194,195,196,197,198,199,200,201,202,203,204,205,206,207,208,209
24.32216922090525,23.82995949888999,21.992653090189425,20.3622914389665,19.28716845390483,26.381096203063365,23.271241321988224,21.833484608697898,20.40642429076638,18.998973579285433,26.1975243046531,24.199968078725867,22.140436147515228,20.213185333936465,19.255278809131724,25.81201948679911,23.82263203453455,21.44558232095761,20.240883746469464,19.43338283467354,25.608794361516242,23.65385312840524,21.819549576761382,20.28012796511901,19.22960917928711,26.167070628068892,23.51798128253498,21.669057132070574,20.255970488846252,19.241468818771054,26.553243365933316,23.999587125416575,21.710134394631325,20.2345348919977,19.288555659357627,26.86130739909574,24.22194309816279,21.675876444290406,20.111206332290678,19.221710241812957,26.866314826001194,24.075164350448155,21.62161478269945,20.052558084763042,19.17387362637377,27.34020682626537,24.598441096452888,21.791347206221204,20.001897765921857,19.101744752677114,27.610017357606477,25.067176294056203,22.002547159098793,19.94746939191026,18.970791603103102,27.48450703467436,25.058141991057237,22.078071027315247,19.82376389308042,18.844098023513943,27.219640681222472,24.9559034418482,22.18457583439207,19.96029164981535,19.033202812543298,27.43273051810125,25.22223688623692,22.39436054419246,20.025006430285966,18.988748975681403,27.109398498559386,24.621275347185275,22.3201567620953,20.116418548100718,19.386281840477885,26.515578600456003,24.355704951606967,22.279509904532848,20.2756899853214,19.59968355096826,26.49659323035325,24.092282719626333,22.274860752484738,20.353302759416362,19.769353644177663,26.64875341528808,23.917978877347196,22.260698613016626,20.246628146825522,19.668529334574107,26.889439166674244,23.936078489686402,22.160882573054735,20.104273816360553,19.721641457774457,27.061927645076583,24.346477024931367,22.215243532292572,20.033771796704087,19.351098955499264,27.389481888973954,24.33814483086136,21.981365649072604,19.819160192388075,19.23224073136108,27.10243661501635,24.225843771967796,22.027442682961276,19.887473985453255,19.250878178222955,27.279458887194345,24.18598722206366,21.742893064945452,19.918944183138024,19.221938815355937,27.2633275048856,24.299704999616893,21.78029066346041,20.096768208863153,19.417207530508193,26.829007725384656,23.91458447659239,21.569595943835445,20.028832117274057,19.464287705881024,26.204315383527366,23.60621946673024,21.623594409944264,20.064598151176437,19.42342705552253,25.91176392229379,23.478411716185605,21.526069052618794,19.981034233834986,19.36040741341959,25.27867719790381,23.371478271020706,21.52510953320951,19.879324366007268,19.311494043809038,24.73716393096859,22.740688891656088,21.401105303503236,19.771567191182164,19.212568514756175,24.654918347543234,22.68588039476334,21.492489440276902,19.724443202533255,19.07161683235342,24.971400240882325,22.82383323397226,21.61577943661954,19.75908904632115,19.146600057831986,24.98634612246573,22.84330874982161,21.479327559681487,19.740466848407006,19.158057311766335,25.174283251976675,22.975469072294857,22.00591890258774,19.999604911563033,19.13112581232688,25.477375899083746,23.295367379851783,22.106681382428086,20.0083972699042,19.012993602196282,25.997976028066592,23.480045931398397,22.01418868940372,20.163896439698735,19.24831634045602,26.4992623435057,23.971909733574144,22.192664572274943,20.20008990807673,19.269457353596103,27.081662343833933,24.182002033260382,22.14868429184566,20.237199891217507,19.200804492919662,27.5256510729027,24.292488777689975,21.647020527154574,19.963463405421884,19.107589791616157,27.557535001092447,24.512070235994123,21.65699751920476,19.91067195831297,19.07651440528071,27.94988433660213,25.05097226003471,21.92035846038175,19.731543617098275,19.012668348945166,28.01661997788819,24.94609678277942,21.803873918828636,19.67515290820278,18.89255139916525,28.1172786765408,24.9876324133983,21.776629895330796,19.73756256124306,19.049331026775793
25.338228948981488,24.28766666058259,22.60570287593458,19.849352635851012,18.917961590404314,26.02279508812607,23.479173469307202,21.64326940087122,19.89491881523418,19.098225293527214,25.763991178219726,24.12428874191873,21.763578991855322,20.262351750490893,18.96567315538468,26.212249131469992,24.207459539158556,21.75384585097592,20.1025920295195,19.113896723828002,25.428913139881974,23.722742460937287,21.845172992158062,20.00407086438644,18.9426267132338,25.666879504927188,23.54781939144879,21.557107563526095,20.05511488092241,18.948426126251825,26.197545834065885,24.07164239599587,21.731517367018828,20.055262200606606,18.958301134031437,26.61264162084521,24.364828433439857,21.83019541030156,19.881688306373924,18.871512805958744,26.83150518298003,24.22532081428784,21.7905410401452,19.889767751166616,18.834155791935792,27.726036212650445,24.96005175725021,22.053818350405383,19.824556567679984,18.782436556170843,28.210829133564395,25.42346983238097,22.31105386886123,19.798098984213777,18.626940145648398,28.068268793819374,25.31438401223823,22.305067048558993,19.69545979936184,18.51913462618151,27.818171364108718,25.213337758902604,22.4984265756149,19.859418918285563,18.66897966739349,27.72389488250505,25.397830683075266,22.64760674748226,19.824950668742474,18.643972230045165,27.346674031774626,24.67915140897339,22.547847899629403,19.908739695322843,18.93596315802377,26.63778328853737,24.387979611302605,22.452514752809584,20.017748041895107,19.23492555206716,26.622472325559436,24.186318514750802,22.427571271632992,20.119460218140397,19.297202885427435,26.90151407474749,24.037115799911348,22.299739575657384,20.004018471454536,19.344015048733787,27.192096733498182,24.053921868927542,22.31103700521494,19.93468359617693,19.387717118104028,27.41283405836507,24.534818324477556,22.429482889755086,19.96849590965907,19.25292422203241,27.825741487447978,24.56715803900283,22.290799974262253,19.775339288564034,19.094498834515996,27.635665716460558,24.54963221141181,22.445073974951434,19.914703668908793,19.12373844362494,27.601577227681354,24.466275663508753,22.17119801650698,20.020629310763244,19.040588412811392,27.55720871230638,24.56237188647131,22.090434724936102,20.185948235363682,19.24881954952742,27.02053448597585,24.114116588126915,21.725428377748294,20.02571818635004,19.253156043312877,26.262931204710952,23.747887986429525,21.771589552101894,20.06482726656998,19.27848988329439,25.669149957393444,23.482497697677637,21.5733250196754,19.928907297803615,19.291027178276956,24.883542706293376,23.290233520653622,21.547213873516398,19.826543283620012,19.267537535339088,24.13220628832449,22.70724259869173,21.42633208069415,19.708621990311048,19.22747375774379,24.087863950526582,22.67936837703115,21.571240146152682,19.721711435482295,19.12843163779346,24.514527662853613,22.872829513296516,21.62274238351397,19.7555410448974,19.20288335999492,24.65473046962357,22.930339935174693,21.44433344234908,19.741681849120063,19.273661052224117,25.0012779830271,23.069242494939157,21.885237014249,19.88052357134126,19.21747907106047,25.495555718100103,23.42463817143269,21.997804967018823,19.938074178254645,19.065011806391034,25.748434183165152,23.53106343351061,22.04786064033482,20.11060699860487,19.298246731974523,26.362505190294122,24.045249615052068,22.20128993549495,20.17515838475756,19.266711176980213,26.998497818608513,24.251841547730404,22.291880034577407,20.17829746928494,19.171939652894547,27.55028087828639,24.49194238775526,21.93578439918863,19.980355649717705,19.0956418049751,27.5885309293408,24.583813729518024,21.95559574334878,19.887092086510332,19.064973746279666,28.22600252361865,25.214727474701043,22.106047023718588,19.679555236037487,18.86369544039677,28.161163048782612,25.07295988341837,22.01083180251715,19.627638828582743,18.76992019248464,28.241057001692873,25.031251046986416,21.836444935913143,19.61559638935712,18.789306174110017
25.938001425565545,24.203723865362935,22.41365180031044,20.20966222381657,19.68300249994832,24.774708951163277,23.131420910004827,21.440446115553712,20.292999888947943,19.162324202295995,25.01964655078002,23.435741746580014,21.636875829512253,20.67583784656877,19.17590329633418,26.705013580302815,24.134129087714065,21.84940551668236,20.30656424561177,19.330060472414587,25.43538372624652,23.341489692755957,21.724175087885822,20.30719882405752,19.3113923540943,25.45205408187157,23.178502656587323,21.50529546868234,20.361481263521515,19.206629137465093,26.175574932958973,23.721773288715287,21.680969491669067,20.39121353329052,19.319592612886474,26.68419608703084,24.104978355051667,21.835569949193065,20.213978566205363,19.262226292651555,26.85429637545648,23.99613381861865,21.8414921878369,20.28075445061522,19.26933829522569,27.514101637689617,24.80814662149225,22.07802527171491,20.30627262710482,19.334521540675343,28.063079935408062,25.2081401425718,22.25233639513377,20.240426043838173,19.19266352004609,27.945157553099044,25.078890459731934,22.265088494786802,20.09403092170529,19.02698806437787,27.681629407425863,25.02123755136479,22.401972326264467,20.271778642402353,19.134041012352935,27.463450660894882,25.184932157813954,22.50508777388486,20.170791583687354,19.05843828349149,27.072436727888213,24.518720689984036,22.407520844703292,20.20311573068239,19.27084874416309,26.604842237258048,24.244857090849866,22.442085653427974,20.387462784353552,19.627444838059162,26.517465283366043,24.051417807670404,22.375057710177252,20.461548607680943,19.78484041625819,26.78763123658116,23.8730277034028,22.226637082268724,20.35473293639223,19.96549971692707,27.107497360792355,23.842146971480496,22.221410994090423,20.40260029325332,20.19335991182058,27.44021995397079,24.343486299862487,22.542821216925983,20.46638633495125,19.995222580693913,27.580900080508222,24.36598781146882,22.36878095114302,20.284189495274696,19.908886641326976,27.517357751331975,24.394733429080546,22.609979600483616,20.459105470101214,19.90922259168014,27.415446092265153,24.37099919828014,22.435256420227,20.50011226019998,19.79352063567216,27.31854216613828,24.44490619115414,22.380083520769364,20.63596599944116,19.910319094732245,26.72403558652377,23.91629518046413,21.896540925139867,20.498485632749816,20.003560292040238,26.096024354694823,23.624414696257887,21.98109779789933,20.510920008543774,20.049234054924067,25.623960670691993,23.333902682394353,21.684224464824172,20.363620875736956,20.03365023484871,25.167008246951333,22.97280287167137,21.643898549719374,20.321108618530808,20.00705274039394,24.492808153229262,22.54340168391971,21.514118354158654,20.185696629486827,20.031681861437114,24.538282591975282,22.489573350979924,21.581899137956196,20.14697830058889,19.92259580524482,24.865357803336753,22.67841731194442,21.56890294712662,20.167134318671366,19.91873898875564,24.870718928862466,22.729901187843588,21.41837619369491,20.146243336591063,20.0820201623309,24.865127439427614,23.017374561718785,21.808691830015494,20.210554619014566,19.995884371757512,25.320913904178013,23.291912880001078,21.806684936284373,20.226616700181538,19.77833968812955,25.467275974353516,23.4719116613959,21.95249312013253,20.332547986249168,19.884069482678182,26.145393136793917,23.94756512808852,22.006217164898725,20.39525892994879,19.874595787161553,26.708361854136598,24.197682225658873,22.16033793998296,20.36513971237187,19.718609730589865,27.376533401002508,24.418200108250435,21.846459987611674,20.190752911296634,19.67492031163578,27.387046860238684,24.42659210507073,21.94258456387331,20.081959124725444,19.585474087705105,27.965375825290646,25.032071988086848,21.972458848026182,19.967458672993278,19.486526972887756,27.80642668269857,24.844753825613836,21.89812848736671,19.890058369178913,19.376921002841,27.874694241738013,24.683993805826542,21.703837744567373,19.955911526723703,19.423674334159635
23.60495510648611,23.00332741038968,21.63861394428827,19.743132429177134,18.296778547002283,25.023831514842172,22.04893875019287,21.074247978211652,19.767085211445316,18.26212512292631,25.04512691520907,23.40695430263023,21.345203481267863,19.85836641672997,18.113171933036924,24.650469443387667,23.132637151726623,21.286513118499993,19.985210713700173,18.27144455026644,24.498759284475785,22.931036478253947,21.41471637684724,19.769907715272794,18.261859123347374,25.00146899786396,22.829687378380466,21.172415385851394,19.76027491353647,18.390378583228003,25.27307376754083,23.22098018976991,21.118311846791237,19.74605698326203,18.371826647938526,25.498676047939806,23.27576716887688,21.135583386779196,19.635738993441556,18.332362707698014,25.59104872550143,23.153702372516513,21.032479292867965,19.511405297922213,18.36115823431363,25.90163718131891,23.42478531487349,21.0424889234814,19.500373762304896,18.245309167460103,25.99438944619256,23.7229808396226,21.232479241372726,19.530924874662965,18.029945453606906,25.83150427283973,23.795061290797484,21.363258052357867,19.4547306615551,17.98496920715534,25.634695983449387,23.583735344109904,21.46387017975354,19.49515419804895,18.229769337603603,25.69003149322044,23.74477681102828,21.61478737730787,19.60630478444034,18.191623425604796,25.560695107782088,23.36431657236269,21.576031547681197,19.742849704206396,18.79383399421731,25.174644895274614,23.25879003891871,21.638760709650406,19.842707249190333,18.92470579251772,25.302673479915548,23.00478151278895,21.695483328756108,19.906002309394587,18.971452932357742,25.395579946544814,23.06969006615322,21.67714159959916,19.865516513006572,18.902076256820774,25.58006148478425,23.143971398746537,21.599114449226313,19.761995541676384,18.970110235429708,25.63659094767529,23.41378045358794,21.69604329713117,19.678281226795285,18.393415822140927,25.84427432858505,23.290127530646608,21.519034540245805,19.451409965251408,18.382808612909464,25.714992460148654,23.288670081703316,21.655251728578758,19.49355366512456,18.469014788472855,25.912271166764366,23.253715455140657,21.36400421150506,19.500635354886615,18.338622594628905,25.938608020449784,23.24082817374327,21.34785251565066,19.659626421141116,18.5764342596668,25.769534900775522,22.922342318425798,21.110917627577685,19.58242116849588,18.716493626606095,25.409394270539742,22.763589135210374,21.094300703038222,19.633387553409406,18.68417417965843,25.088192162497,22.650785030078808,20.949308152696762,19.653574861246227,18.68874105744225,24.537881819805403,22.581840795500913,21.000925440658637,19.631340271349004,18.74679373683436,24.11984786270485,22.17676399164978,21.005157184737165,19.48072690461632,18.624224461391282,23.961825195641882,22.15870411085117,21.098555125718242,19.43969525801257,18.531535978850357,24.097327236882403,22.180249215266837,21.259068759355223,19.45720239048982,18.588441779102233,24.177985226940276,22.2046366491631,21.160186764380818,19.452766901537323,18.612637533419964,24.407148560035502,22.49129594752897,21.78061857695014,19.73071069356398,18.55519179156035,24.64491492981506,22.58092039216276,21.78637002971887,19.81663176240709,18.427904016283797,25.100253635874086,22.658946617249136,21.766025811442116,19.86251861790781,18.59698427916603,25.43796973138145,23.070347399113352,21.846213470025504,19.86035976449704,18.604404976792388,25.81322101867326,23.114144398814865,21.642888120313092,19.84331052442881,18.541235378535752,26.051003822288703,22.834065196533448,20.975976012848168,19.520983980708117,18.519906632575395,25.999310994427617,23.08754691954786,20.993067767002835,19.413729040136538,18.518558362703885,26.22161038418336,23.432918590960266,21.044394935634866,19.34454962030933,18.461820338222587,26.29304853087023,23.265621297541497,20.838306338440358,19.391118186064688,18.418318733485346,26.292340935285466,23.217726107213327,20.99462734825106,19.499703044135174,18.738214039834812
24.817627034591364,23.55075118040027,21.37443632527394,19.26020350230236,18.241212621545493,25.15094127985443,22.763405371184074,20.402684850868674,19.457869705159002,18.075288399030413,23.887334686039118,22.589029557458463,20.864665405136964,19.85446465180181,18.017883670280597,25.248268169255955,22.930784267269697,21.070211830303542,19.877155318905473,18.300098682210876,24.609588443139103,22.66007732010901,20.991383285411736,19.596459983649407,18.134846535998804,24.725472765507796,22.442042373771528,20.988011195676915,19.700746297339304,18.122924746970956,24.930208199571545,22.712891587132678,21.20261231228093,19.772729722870963,18.182910913246438,25.357761164068428,22.936235524974528,21.405651918279244,19.677298016880115,18.1855473666755,25.545902829935336,22.71478911797643,21.391960660650266,19.750531074054962,18.16533828034415,26.032068077062178,23.32808179149771,21.510732119967553,19.67878537699091,18.189630747515697,26.341157919781164,23.571286841866506,21.46857001812635,19.650731014372496,18.0490597192507,26.204121009170507,23.572298917952843,21.40492585952905,19.496487276477012,17.959755738909973,26.081593612677505,23.48202579783097,21.483570498163907,19.558315076435928,18.147207044973463,25.710782248013356,23.742208715120192,21.516857290984017,19.481630158042126,18.109403955166528,25.562539668622726,23.351177871697335,21.43098926141544,19.763422414419498,18.53550186599807,25.37888466469481,23.266434903372147,21.46964054890404,19.971892907369064,19.111149148647616,25.532614682180693,23.11045238508361,21.594575884706142,20.18619578230831,19.452109182239305,25.757796773234553,23.17556886014469,21.473417227121676,20.210039423935545,19.65958782939258,26.169898723312468,23.13732492117932,21.55194952277494,20.268603220518017,20.055746243763544,26.141534079474987,23.50411477887913,22.025054523301623,20.226147919763307,19.794459922939616,25.89366998052567,23.42718316138842,22.032628681189085,20.05969061249696,19.745121077286356,25.832315972413415,23.474007169540734,22.245340082098004,20.20133326314455,19.692446292580705,25.57726538161239,23.355365855520468,22.227590649974204,20.215788544926546,19.582876272655966,25.438810561578045,23.358943536503787,22.171290988188915,20.4938792175019,19.765357964827203,25.28458105602502,22.92308868536055,21.65314743798379,20.40943556455497,19.99694212971179,25.030476575852287,22.80004528280563,21.717901646813022,20.490169726341897,20.02512461872106,24.549089758040758,22.50523937896931,21.440703715730393,20.4082195327992,20.096563257962913,24.424535780693347,22.254336955133454,21.208391937180167,20.465341292520176,20.2432621601648,23.998412890762893,22.100502141086928,21.160102826309448,20.327041531364614,20.2695751535612,23.945069307296375,21.982130739152517,21.143109587030136,20.346724598295815,20.13839319444463,24.088564915186858,21.965627892968563,21.078009960795953,20.286345299349115,20.07582088392749,24.197703603465396,22.021546201418566,20.905247833928126,20.23428132330183,20.19361508914306,24.018162410222743,22.483115430567143,21.51460114461633,20.38192971671082,20.05314012787981,24.38068444420752,22.571203443446056,21.378790428039878,20.309802009538224,19.82793427475241,24.488281846431782,22.758597330454656,21.516523486135107,20.356602517627355,19.89457343520825,25.112905785256395,23.202458764675775,21.554733870709576,20.434838448212766,19.900403416964267,25.487735339691184,23.386083232955148,21.629938020053554,20.38101668510572,19.84871375414005,26.015495456260812,23.129856552182794,21.22973131585747,20.141962586810596,19.865025656140656,25.81968751469452,23.142733552166515,21.403812942358545,20.078572852894865,19.87799964939382,26.16453969980687,23.470065828226506,21.289908278528358,20.04187204798622,19.827326085630112,25.96660949415857,23.254068067982207,21.1669861228578,20.00912256464569,19.7049749302593,25.993222375759455,23.11778478687494,21.051772305994277,20.088665845756395,19.798388615290428
26.926145428798115,23.42836424778287,21.333439626108596,21.765823537242856,21.897143907093987,26.602716857005667,23.114532354561447,21.526571576587436,21.53715891752731,21.496278902550223,25.58549422990947,23.510817517093134,21.8583261224703,21.340040102181344,21.4480448581913,27.352889621623177,23.217025097551076,22.024398286355726,21.542952832333867,21.78962519564989,26.62575890055583,23.29797731133906,21.74672138979462,21.428542746125647,21.484055329780276,26.657762278479158,23.26950247421698,21.827536665075048,21.39110158147506,21.326145092081116,26.405854416788344,23.361789634120715,21.757742588149533,21.2982101690676,21.274061255679207,26.597108733218825,23.388159772213,21.744705843384033,21.153184798751134,21.18787353285031,26.370282821933436,23.449017116997457,21.53134020139752,21.05982430226603,20.990266027914263,25.95095811304326,23.495804801447985,21.52313081755165,21.096708473628848,20.949631695876985,25.818295935273635,23.617561011655454,21.505434493874585,21.05026303779223,20.92306265998916,26.113258904759824,23.813253730161797,21.68798943886604,20.90785322879577,20.76502543606177,26.11748009858173,23.6383846840595,21.595511015177987,21.050971824120754,20.81114169997116,26.042706403763116,23.702945418744,21.763237054109137,21.055657394744127,20.695619920850433,26.714931404897435,23.70526366480184,21.875783579491205,21.370266884464655,21.22136406896464,26.947416050806055,23.854843246139676,22.094761184734057,21.306289863632664,21.05946927061708,26.71222937818007,23.70368127635944,22.11239365018001,21.363011106206045,20.977980591241753,26.594089834054508,23.706836314220887,22.192704275602196,21.162424714487464,20.771090228895574,26.787808038409867,23.693880076951537,22.055560709474147,21.017638086665357,20.728535007867343,26.266878413701335,23.707879575606928,21.978270389410348,20.542111870268673,19.93177766307135,25.72246667194649,23.277429306709212,21.605941232757313,20.454226932051014,19.936094810802764,25.929490136570983,23.27705613444392,21.479868620248084,20.545822248891337,20.014265055633974,26.27681688171426,23.495789543136215,21.357505312141644,20.590870176526703,19.899083341708916,26.255419070048855,23.489274827016185,21.47382605113331,20.72603657802418,20.025774201122395,26.310019042794146,23.536902294611654,21.43262471406828,20.6646963604585,20.145443411120368,26.52949502506244,23.508198718612306,21.39896330965489,20.642055373490486,20.010366453197772,26.300095184630486,23.398060511737572,21.561120424556854,20.44752126243099,19.781924486293082,26.051976219100265,23.456066141950867,21.66411897223734,20.225872656767756,19.727513282019018,25.995863509340154,23.160723829625475,21.762623201376027,20.126412549243433,19.60597187388661,25.88079166063336,22.7832369774378,21.666530183692583,20.083623989995804,19.42317324323468,25.70461015811685,22.965769760735903,22.0206909643248,20.074659144769683,19.475442336612076,25.738708845555472,22.990641199320038,21.795403048908447,20.084472826564262,19.485824301629066,25.75160600149029,22.975213633011577,22.04838669378973,20.26648815948696,19.43081745150343,25.571170200605952,22.98622921072765,21.95345156352665,20.179389270961387,19.295456503694467,26.213384513692613,23.453708819823678,22.0640403354067,20.275785252216064,19.44427619170879,26.381815175591452,23.75704045711506,22.06648234026826,20.376936092375075,19.597841223816406,26.573412289591296,23.68040036279875,21.967048147040224,20.388146489917666,19.621406515739153,26.418669406134047,23.31021161264929,21.538762377444748,20.244125022579947,19.56717957279857,26.352613446802327,23.545477682536298,21.533317963805864,20.094811241241366,19.546056983435864,26.058911282780986,23.61195482177134,21.483979322132548,20.100633181536317,19.619398468747733,26.14653377174713,23.330865664069847,21.175063203987587,19.91128411459551,19.407915015194146,26.309803310032002,23.428236761952313,21.378854746381027,20.44588241548497,20.07232347367536
24.713907891726432,22.616319145290394,21.07105463845902,20.01658987966485,19.4759672314032,24.641270927054993,21.303802795688775,20.81593360488123,20.112910546628274,19.374826390945472,24.318031128488116,22.47635249155308,21.50331358649151,20.188085959100388,19.099564269506196,25.15936746477015,21.944709416916524,20.738830371101763,20.014050906856756,19.43754894190823,24.81310549592283,22.12114981800388,21.130556693616803,20.024509887959233,19.313810318928653,25.04148315035613,22.03512533037075,20.97701389501619,20.01319047210522,19.455876273991954,25.050172014662422,22.40394582512157,20.904178523252305,19.904608828247476,19.4212099051882,25.278260284859215,22.51194976616343,20.810063848248653,19.827837164421087,19.433281047276598,24.975093951789407,22.588021113571095,20.814373611432973,19.75376326979216,19.433004440989187,24.79370079101348,22.714448075106667,20.778620352163756,19.71966264098978,19.447153654464522,24.72464004897711,22.8885776713633,20.835288176897848,19.717196444657368,19.224775970316013,24.79402769114845,22.95774413184725,20.993393192132924,19.758804993598424,19.202071664554104,24.672232668764007,22.691280154882968,21.029541259161164,19.719204165865808,19.333910911903853,24.91121227446537,22.771582215629635,21.0192246730639,19.734388652801897,19.226080382655628,24.962074933429697,22.672326679678523,21.069915897561565,20.16277456967037,19.87857139567291,24.837811049520205,22.672885134030224,21.206568394179754,20.151000273880122,19.777557123027208,24.873278015026273,22.446236509102185,21.17038364873212,20.101259020373448,19.617467827705667,24.882557407275208,22.58938648128434,21.152002774573834,19.945200243578885,19.465787612110212,25.033217029927552,22.647432642958407,21.162482398164308,19.809824878291046,19.37686665266305,24.940355750514833,22.79880536754206,21.14199049733079,19.353277907329407,18.519176259865663,24.902240881563674,22.59108645231502,20.94804027177808,19.14815949069119,18.507299879478314,24.9584726434901,22.697744430410882,21.01072633785862,19.14552330234913,18.621695262637893,25.146896458083745,22.754114808544635,20.824751522802902,19.22500716076786,18.452555773749776,25.196720457984533,22.712722322358253,20.856249520223525,19.449364281751134,18.78210929174677,25.1848722563508,22.482974635993042,20.685332845393535,19.410140762432803,18.873010498211894,25.021806194456275,22.35809910508497,20.640547512188935,19.524085526850264,18.81080619336693,24.77931757529897,22.16280547912026,20.627092752649695,19.51163977733777,18.714283662882156,24.530641784720082,22.129598290851938,20.70997660667175,19.42730614147548,18.77740756785463,24.398372797933753,21.80099139366463,20.639094918863066,19.30088478403049,18.569067809079264,24.31876632576432,21.69152423648688,20.679303170665914,19.192669996093993,18.442840549331454,24.79249285376816,22.126286963596307,21.0348215480518,19.274615422002086,18.564116736346058,24.89874345376564,22.229925429330248,20.930139854221572,19.286545072221934,18.595957380043867,24.93437172470542,22.385180182022943,21.365267501204602,19.51018698185994,18.495525764355136,24.824343612929667,22.40734939874558,21.335962343931392,19.45821171437696,18.36065132439837,25.27426542195095,22.648905974849196,21.330936722909556,19.579326893553244,18.497639751671933,24.967815526816924,22.637671181003633,21.28028008585945,19.54752547456988,18.50454473013008,25.101992657905416,22.50709934528911,20.934930675666273,19.58064582032973,18.465165822293482,25.15017009130569,22.110003447958768,20.358070690746175,19.417489863055504,18.479709969638087,25.143316409415032,22.363312550746638,20.35316190667558,19.29396479909047,18.453108216236906,25.26605023746223,22.517030094925666,20.293017535378787,19.204547374780425,18.487171580023126,25.5276439941625,22.271224181056454,20.075329393725678,19.12877911185793,18.340102950527722,25.551460220532654,22.277688426295335,20.667028942484162,19.621330283732778,19.108743467030486
24.778343136208143,22.509214856828653,21.00415231842028,19.973906922195034,19.436462747710326,24.609643134870325,21.27677863336824,20.76136745346807,20.107509164520366,19.387674991833812,24.35584088237193,22.589296857381868,21.56192868399666,20.20007689278881,19.069609610943097,25.153841055055643,21.9485308768863,20.67211654367436,20.003480020853928,19.488453417526813,24.828368942425424,22.11861678252165,21.103409436138215,20.01907330325701,19.314187146826484,25.04388867322028,22.045808213056837,20.965571808972584,20.02286452409744,19.464055406562654,25.061699115435363,22.414570535853258,20.897437653964342,19.935181184782213,19.418484332747134,25.282870786516884,22.48468216355668,20.798536302426946,19.85915482256462,19.438089675096755,24.98599448892807,22.561467569437006,20.804673008188338,19.789310125937494,19.42932874637814,24.811286829390642,22.688983369546918,20.773376101892165,19.752333347520512,19.446056215787863,24.746675439341242,22.868918327573475,20.826749878304135,19.73911952435514,19.208800614480857,24.810590347976465,22.94196809239286,20.986582950966625,19.75375537806108,19.20427441651492,24.684078139828554,22.675212141668943,21.02236828961785,19.7138620099506,19.32326814292183,24.9229138436713,22.756649280272512,21.033228938308053,19.738438665406218,19.222883248983813,24.95945875123178,22.647615532775454,21.075526237861105,20.16406079698989,19.869237882688573,24.83064191970864,22.649247429235036,21.20153777530356,20.149518756343525,19.778653825339312,24.86470546159955,22.43359337888986,21.169404032872173,20.10906793597156,19.60328200285276,24.87526509472971,22.584277540951373,21.14680979764797,19.945238098687856,19.452189343406673,25.021117837035167,22.63424600070106,21.16250029845909,19.78529956755212,19.35017437771925,24.92879207710326,22.789728521081926,21.160244813310875,19.32615979904711,18.50384541000993,24.892280487256976,22.57960976995226,20.968501046408115,19.122271660426243,18.501847886023942,24.942896132059904,22.663296443478842,21.024581821115177,19.120774707605143,18.614329763321514,25.129963710890433,22.728881144882195,20.832694043582908,19.213330032444595,18.46453640047764,25.16938837249949,22.695579754492492,20.854378209767162,19.4502374940871,18.79863496788536,25.161074955245333,22.47215210837887,20.671331565167968,19.409911214106195,18.88539405505103,24.997410230357268,22.350527956458855,20.627442803276395,19.516349023506688,18.813480225969407,24.764085412328647,22.173454043283066,20.618569871884652,19.495556445880094,18.729070196784427,24.511880425283472,22.13960548317801,20.705797509090534,19.39947107203748,18.791397501496977,24.390354517076105,21.800301255927316,20.61941783741898,19.272171181725835,18.588970822537203,24.310875644046053,21.68941336168955,20.660569262610984,19.16695277996839,18.471139176993358,24.788718146907136,22.129371632759792,21.021860273294493,19.256907233812647,18.61437963731616,24.89720419095977,22.21934269486793,20.91538438843309,19.272967740075075,18.628342821972726,24.935977029313847,22.37904196464641,21.349394389235748,19.49418032187706,18.49326254773171,24.825692054707204,22.404841823662622,21.336309047721578,19.448272265581565,18.34853116346714,25.271959213097684,22.65143819029023,21.33424417451348,19.577579178990245,18.465788735654144,24.943704510121506,22.62318662753178,21.272371158071497,19.542851013728654,18.456415137432717,25.072462026298123,22.50437484300381,20.913390065958236,19.581499030530573,18.43391758347243,25.12813260309964,22.106242890980102,20.343485745648074,19.41646900062698,18.47856698662501,25.12585105598626,22.36478209595502,20.33460889107646,19.292284535890055,18.47594040794525,25.252740646320262,22.50047002006835,20.288924308883185,19.21346475235565,18.507436022179913,25.530692898041966,22.271673092294105,20.069794119098695,19.14368642225914,18.360693390316452,25.560313571020497,22.267771561399694,20.672979470889185,19.630625133259336,19.122123586893387
22.960061725935777,22.26053381912523,20.76597151985271,19.3869159717146,18.229183566828922,24.22952635812042,21.871494496656826,20.288663670677497,19.260092229027403,18.05264344848106,24.482644994608346,22.207523921023697,20.944308437564548,19.71110316406585,17.601143556530335,24.32215307944425,21.983651935812475,20.85529776492642,19.61401720793717,18.251321015094202,23.82356555954351,22.127863487553647,20.7644601983303,19.46060545410907,17.97430018808292,24.24849647317,21.98298171852985,20.564095152521197,19.401356166934768,18.081247870192932,24.39800759899148,22.16962973422945,20.650110600380412,19.463465983226328,18.087403448382226,24.513285948629765,22.233218664908144,20.652664621745142,19.38304500120362,18.15124456485887,24.560232301234787,22.28218219068976,20.57122704050434,19.301477304510154,18.150844380449257,24.747383154899193,22.36432756955856,20.616482782961768,19.21569831396968,18.17181873985357,24.67275053898704,22.59277453619733,20.699750829236756,19.29379023109579,17.93053351404555,24.560962586572863,22.665728872738605,20.86026545472786,19.206923029761157,17.81000891645109,24.346069113482486,22.535177804318476,20.877318321716224,19.177232158465493,17.89395659359025,24.214165821103645,22.526220762488446,21.04294218627721,19.11223136467176,17.79325548011161,24.426475668768493,22.494516238967854,21.029084675045983,19.2846488223473,18.239301746078265,24.179950863758634,22.515596218822772,21.090539980473338,19.281525132721775,18.21307111003164,24.300126847978653,22.339316487354843,21.057555080755378,19.358542854744215,18.285143714260773,24.41264721180749,22.394092148783425,21.02732865863145,19.276743175757876,18.24799314057907,24.708506866857448,22.50546633350066,21.02699406379725,19.30876372989608,18.272915648561884,24.560304910630045,22.648521844738692,21.13489302309146,19.33642062475378,17.76004572300223,24.76045904292007,22.599998896303973,21.160331055959382,19.31085940933872,17.905792157703672,24.67838330956282,22.716718396328517,21.26701352874899,19.246850527707345,17.918843381674556,24.709257544724178,22.725256563319125,21.13798608780445,19.291760073462118,17.8206169067104,24.7127010819237,22.673651760364862,21.018258610236426,19.389795045608487,18.052808907944275,24.513546707951896,22.501886053715122,20.824662467697014,19.199266317229515,18.18800627588412,24.478040898924963,22.28220591970278,20.841132700625067,19.098043225995024,18.052472607326855,24.299467080531507,22.266395352955293,20.652997636874172,19.201663622832157,18.05867238439437,23.824471643147657,22.148132950039805,20.651526316616394,19.195768167325394,18.049185520449026,23.462418959245994,21.83990257276049,20.414828750564844,19.12478503475421,17.8667997384976,23.471732633829777,21.664017028861593,20.386723707142064,19.13674945773418,17.77138939447285,23.355398114527787,21.710575618691895,20.37231235372944,19.206852529493638,17.87631413027786,23.633886575391834,21.682061246226983,20.338504817655725,19.130651141059218,17.897863065712873,23.850565384950222,22.069924696367345,20.919706226294437,19.286162488660203,17.90524769192756,24.033351910740286,22.26654013179463,21.142080091737725,19.31017049808386,17.893020051201905,24.187890864897188,22.37305413926428,21.27865597621932,19.298806311092456,17.956224715638047,24.349801960279795,22.656476638943257,21.470032783382635,19.31386679666854,18.0033943269242,24.365979406345986,22.664813694529606,21.309534853811535,19.323029448694676,17.951240835433207,24.622301530344217,22.262373119560834,20.694726408649643,19.146483593775223,17.959864447949563,24.60261577848803,22.355553997498554,20.675640658920134,19.119025194971208,17.960718021124016,24.914207269200098,22.430784211665703,20.688656820805356,19.144405525061096,17.93335814278915,24.96196006963,22.25901727874754,20.542838961995972,19.192613895184277,17.867628269699253,24.922237654312617,22.23806969737901,20.781250066191262,19.320552264751228,18.260143551014206
23.31975659605841,22.564844280468357,21.076628272241116,19.111630576483652,17.76258496439939,25.16255601970706,22.660362787017963,20.92315781113601,19.644967934284328,17.38877551371275,24.09997942714492,22.520069382644785,20.794477557873744,19.60446207015766,17.553867299630163,23.886608460888645,21.898108978897493,21.00067403827912,19.154676265717768,17.80968480603138,24.14324753652806,22.381014659601636,21.108141585041118,19.37797956337865,17.660029715155577,24.12029721824282,22.18063500630027,20.97113062773352,19.364205141442575,17.700067085272128,24.086171792158712,22.33292890596232,20.975926961483964,19.258170932474393,17.736181923281897,24.145643224380073,22.296886436485835,20.996127672049408,19.1729019641324,17.701425111220594,24.43035768343382,22.526619456659247,21.04449825630694,19.21829832472785,17.666485365604206,24.37152467335097,22.709836413674736,21.03307163784951,19.200550193909457,17.663475540215533,24.780026161051687,23.045671949812437,21.03766203520507,19.329391037297732,17.594143511648355,24.58940797028571,22.96156908322309,21.007277834262837,19.412557279252756,17.55561046793227,24.606577278421803,23.004801219292272,21.1220744723409,19.387405548657963,17.65728041082296,24.134951278981664,22.99002778575764,21.004980431039545,19.367783394984468,17.62181960467256,24.198505007134735,22.759354419469993,20.857412072636937,19.43108164552382,17.801498743557193,23.91505150052189,22.677935471388146,20.88488119647665,19.403472510391925,17.999881584965234,24.123620224240653,22.5512269255361,20.961346969693842,19.37820019024059,18.188143341628752,24.17246134936147,22.655890372154854,20.844828604148127,19.373600026531154,18.341620352943533,24.60154465746949,22.582878987583094,20.93990406651533,19.416751541057806,18.533368723694814,24.751040870809465,22.933367394958886,21.278451633240497,19.432301426482503,18.225602164788608,24.94168453939114,22.708184271629726,21.283192219070926,19.35407996648072,18.147542642706874,24.95914265385438,22.935720265485223,21.519625551465793,19.409569106831665,18.120785937448826,24.72408597611299,22.604986354677592,21.55482491463227,19.34217647691855,17.996120532610185,24.59012567101035,22.543401726760983,21.538497744571124,19.42970007583386,18.029397167518113,24.360131519855234,22.278513580308758,21.147206678896247,19.307447680677033,18.24547377013756,23.618233250441694,22.36333313932597,21.214659440105095,19.380389030040423,18.22819126183955,23.39825980216916,21.96836936998698,20.845373794695114,19.326751464791702,18.236060445568324,23.5924635585424,21.909493411141945,20.73611944070911,19.415388278540146,18.29943504563392,23.193404695896607,21.882423265278288,20.675380938648356,19.28456944814429,18.357681391684842,23.191423858832653,21.676406856627757,20.725398730249104,19.281510146097673,18.319140759788002,23.722900143836704,21.366017885358616,20.794589626019196,19.214886596288054,18.373935111112058,23.92672997853337,21.646105189793207,20.849757589533358,19.24176832548874,18.442291204263434,23.970932823584345,22.107309861372286,21.363886614416327,19.439227375633678,18.365558854974505,24.249736051149192,21.995235400684624,21.35882597013272,19.500349386486114,18.2279914209065,24.2761741502808,22.112079199440124,21.438785501918115,19.48977640383078,18.292670247859697,24.643650524341606,22.595706063881714,21.510707491864828,19.495221881352773,18.310783803071686,24.655730488827082,22.312135415924562,21.33539872528764,19.41878625176879,18.224386370915788,24.740666981178638,21.98315267195608,20.90599197252322,19.163427002599754,18.245184372959905,24.73880402210897,22.003554989736624,20.918149103608222,19.1131208956389,18.33556252617096,24.91675812308457,22.16002226518442,20.86423345656122,19.162611059533013,18.27051272837861,24.79943936367866,22.11661915208859,20.637338645158934,19.237560686461393,18.171316193586854,24.687598469339324,22.196603172120213,20.70162281229302,19.194389010118446,18.273008679846647
24.73941675069167,23.49935765359768,21.275292078124956,19.21676827202704,18.20741420886621,25.07873383822253,22.67676810301462,20.410137066399148,19.402355288361782,17.987266231439303,23.745572133668183,22.531847677097147,20.834610581733287,19.838872209820973,18.010011364769657,25.109994642879876,22.87178641606316,21.026378862852447,19.814463857484117,18.305589831188723,24.49968247153657,22.617964424532136,20.955765364787293,19.543569053927516,18.0976628990959,24.61501887651267,22.40199943648401,20.955352129235493,19.64372658360235,18.081578949453945,24.80376894697639,22.654252599148297,21.142331077456113,19.70855896230389,18.13692646406427,25.236847039644324,22.867087827502363,21.327438208340652,19.583875231588515,18.125962228103703,25.424900819802524,22.635673225536983,21.295690683452033,19.655373608192697,18.06019183085876,25.912739027000736,23.2165903927121,21.402297852049706,19.575429361067247,18.085619955387532,26.200941468540634,23.44331744158356,21.363984153026287,19.55693491604773,17.951510878026397,26.070262111328056,23.45664635288158,21.31546302194825,19.395185298935107,17.853839228351774,25.94769641415718,23.358705812016535,21.395305184895953,19.473730999138766,18.030906326779064,25.569944528095743,23.622365276130942,21.439313169386462,19.402280274831178,18.01328888901258,25.415004557300865,23.24559215904661,21.365632778177638,19.713288366038547,18.464180777713473,25.256034598190944,23.172230032255005,21.400600949709393,19.916926445975157,19.044924903652834,25.409952520093775,23.023376436495347,21.53978742061583,20.15470547550408,19.417088232928215,25.633724224253193,23.105202876405723,21.42766167112958,20.184480293606704,19.66097529392884,26.052116074822585,23.069309101101318,21.512747983382635,20.257436743196248,20.07055094315718,26.04239688860567,23.434756808306364,21.976386879382595,20.196089062417393,19.78966513978463,25.759734868274155,23.358400188388877,21.99660526219991,20.041922531897374,19.742938265201524,25.709046641478174,23.403750111362335,22.195003587035742,20.177239342343793,19.69215522745551,25.45249578628521,23.281645866287512,22.18563593714827,20.197833329816667,19.56915411729705,25.29684810141638,23.267239970127637,22.131040461962648,20.472955184824382,19.76592138338728,25.169526887960764,22.856370597881163,21.618400054777076,20.41591719858754,20.013794076588095,24.95631599776896,22.750446493044663,21.67525701558946,20.503544100999726,20.050104669190723,24.48185853028457,22.46070256515662,21.39739026403794,20.428797970460472,20.135059515880386,24.364222236263366,22.22364075557764,21.163751249276363,20.477095171733303,20.294426735075724,23.960029693488416,22.091541926004002,21.124577763542863,20.344289529484165,20.32017992491586,23.89695082297289,21.95785003354095,21.10821940422925,20.345773492857855,20.196752698364783,24.019372130648666,21.928951736732536,21.049712597250455,20.270590533135387,20.131441971604815,24.137971052849664,22.0068307712042,20.881771662850554,20.2206827514618,20.238984150588088,23.956546467182463,22.480449987625317,21.491825806344973,20.37874896378229,20.10443663995093,24.32210839056215,22.56494561644892,21.3640124598137,20.301487780168415,19.880163949969017,24.4256209472601,22.736897359416798,21.468341123142643,20.34725301933781,19.929970943324275,25.0572924107694,23.164307156128103,21.503903996918943,20.429927214540722,19.931617278515017,25.413378723021886,23.327324901057835,21.580803548671604,20.371166201975054,19.873275701771266,25.936016620870607,23.040654650185363,21.177528857330476,20.1337774206827,19.88496114933921,25.733626085939886,23.0580774294842,21.331095460470777,20.07354834173757,19.909391843726752,26.036920411326825,23.368676063898903,21.247843065287487,20.046602688051856,19.872314552257222,25.832971314724013,23.16951828085418,21.122576690524248,20.02622191060137,19.760358079862023,25.850580496310904,23.054697799771468,21.010191978884556,20.109105737401432,19.876424472475968
24.484566884784414,22.767936880185463,20.996440900370114,19.174313056387692,18.0547509232769,23.89440651895485,22.655348167790855,20.67624754239369,19.223756673613437,17.69056994689294,23.703026269784512,21.985771523365685,20.76002392438217,19.333183808485302,17.90397816298424,24.595472995382334,22.184713327221647,20.97775506866024,19.254238920844173,17.87658988361997,24.200141664693426,22.160212324913243,20.833138883443162,19.267515916036203,18.005607142116173,24.147498613577476,21.975985439972504,20.77359832295565,19.322423280244767,17.932456570640152,24.320004990369718,22.10728027100221,20.745017858564612,19.36893212142671,18.054444607872654,24.587558545375714,22.236142547580144,20.834833638809975,19.28877280451272,18.05370942581545,24.82866793054192,22.17847359091785,20.725886221904073,19.350859704454436,18.027980251310147,24.94863976544317,22.623071469425703,20.795400033447315,19.27512450096024,17.903654620377626,25.246529451378173,22.80207430078041,20.764269602200322,19.249540123904545,17.85685617642539,25.282091652135993,22.764586945084197,20.83654738965495,19.133308256403517,17.798294821132963,25.270080408097034,22.703854963248556,20.914316209195903,19.271438237900355,18.02154478891017,24.719398828067632,22.856540872517233,20.99323799303263,19.256609406710407,17.969934988454856,24.861010459372945,22.685542077180266,21.1899229170404,20.065664311495887,19.093307228620738,24.941914011271272,22.745553473611306,21.4720365771655,20.816344572739688,20.26205531763015,24.93177187525781,22.725606772744516,21.599441544517312,21.444605581123895,21.148860143705356,25.016119859072894,22.813254890228592,21.42546113928121,21.88977385309383,22.02460420781731,25.516546973828632,22.755729051321243,21.584881794032828,22.359641804127648,23.008635348537894,25.46474238680999,23.041082035999715,21.918167343310504,22.118295287481118,22.73631474010642,25.168720191299876,22.85722419857888,21.847635702829102,21.85793033684903,22.695187844388904,25.27701198172131,22.906783907984654,22.00170940072139,21.918593833097155,22.66782408012001,24.932927094784837,22.89050393048049,22.29759502306648,21.910779091887814,22.48685421056724,24.856670354392506,22.916630035921454,22.4041320904308,22.370158140087053,22.84481851459131,24.68041908496088,22.43653778677042,22.016874009533815,22.528577200688847,23.068379434636405,24.253507909284977,22.451974127295124,22.079194957826545,22.645683233110134,23.103905739884414,23.971161912347593,22.13997875909099,21.952983358025854,22.698119626611927,23.252797794685144,24.18431358915592,21.981372957755454,21.706644645197095,22.83421375809217,23.466037810798817,23.875730015472413,21.94508973051395,21.67590538701066,22.728316230299992,23.455170170708477,23.789320184823005,21.875837472831215,21.70353343678483,22.70694885408626,23.36292728027946,23.974309933731888,21.771420782058584,21.71670690091227,22.717800998716182,23.331783762949904,24.122577259779447,21.849929813418854,21.60674683266701,22.720926660342936,23.410964462981262,23.64033380909175,22.194217663409745,21.981296490617023,22.710192255864598,23.251899734539123,23.82858969379414,22.16666133426758,21.796809539686713,22.505603979640995,23.026105539128515,24.081360662765892,22.401864541752406,21.826442147269766,22.541060059790293,23.021133913030347,24.782144364282242,22.741577193067734,21.819456334322133,22.572909530837244,23.01982828637541,24.786463333549055,22.88098482544645,21.99326650292672,22.586795245018884,23.01322978196518,25.325070413457446,22.44370108494479,21.750244974000516,22.56425407177192,23.005249783039893,25.17814652737813,22.377484277128556,21.784458559789464,22.490902387464587,23.03396196716017,25.163635014837773,22.521599756422706,21.63583430649906,22.468429095171853,23.092547895140655,24.820336371414115,22.380376537429093,21.569166534902262,22.405277014504613,22.991784139178908,24.91333098401426,22.22822811877776,21.389050662587316,22.402289104033475,23.082604381781056
24.092291349870393,21.766401122386707,20.662595839749898,18.837774935693677,17.707510069563163,23.604324003105617,22.291273466014616,20.555583767281473,19.072995536385967,17.98002792781607,24.79091566386632,21.13933092379163,20.184309179433225,19.093073029335613,17.73631436334008,24.40996364858676,21.334661183859186,20.674530834830044,18.758238636666878,17.818973394885475,24.30764830794005,21.41775013772002,20.52980064992648,18.872988127283005,17.812112878363234,24.104798685355078,21.337385255499598,20.567529993154576,18.950080780436235,17.743053642535696,24.195290999569266,21.37015383032503,20.447521084885466,18.894492706345368,17.735593233557243,24.02968487625302,21.446872131184314,20.542030283375727,18.781011388734065,17.677875468897863,24.09621791868468,21.553155706434246,20.401018599684715,18.72298820616517,17.644183514474555,23.839904983703228,21.756456731541057,20.357518796773064,18.656980900075,17.558273268109,24.069235782636092,21.652253774509546,20.153017626935696,18.591556620971613,17.55688538672428,23.979485406108257,21.565049258149653,20.30353136441673,18.526108921083445,17.55440270854583,23.93304794951103,21.57978911689732,20.28704063069115,18.571750145724824,17.699670277276436,23.622056414053112,21.5668488324573,20.380866439611697,18.667488059748045,17.68753427521029,24.033758856322162,21.627747995970164,20.618306941773405,19.297612859410414,18.628427816458977,24.33806158434591,21.95490287428797,20.84603742263956,19.758085016205843,19.446539349641338,24.25392129447806,21.969897230459146,20.855778282485286,20.19722639479971,20.133984389347383,24.20401060898451,22.028131174354712,20.90178998873874,20.525287699827487,20.749948548733652,24.436406793782687,22.1683842535511,21.019981251502813,20.822920860387292,21.487250899470247,24.24114238163831,22.249090323721113,21.245650604938643,20.624055359209674,21.2734929754105,23.665678051704386,22.028416390064102,21.200688072076776,20.522958586386377,21.326524841582074,23.98264671748253,22.04916320749541,21.399109318903307,20.54092712879129,21.224143721219505,23.952779831405866,22.15562080331435,21.488496846240096,20.530786816321466,21.121057933565353,24.05174442933429,22.004995966865053,21.507759120412647,21.075169389489723,21.48062960665669,24.1189718939978,21.916568010394126,21.03293384083326,21.145636930324216,21.664345907161795,24.132934107877656,21.98153938991474,21.10111532258125,21.197271798458416,21.663137155978838,24.022138099971844,21.80843959573354,20.871530876565316,21.243383962795864,21.7832548047825,24.246961733434617,21.732386737167296,20.641291714152306,21.45016402278697,21.977708888716347,24.196245416911278,21.724131705467613,20.717324116625033,21.185910243928912,21.88501977349974,23.929574317272976,21.61528267134981,20.88798344135156,21.268951486489488,21.81559071028351,24.094882888182457,21.599530638380443,20.7512064905884,21.20640432461419,21.729732238569,24.124507144113615,21.51606588537839,20.713272469346528,21.162963733619335,21.801503247156823,23.88853447571862,21.508676058579464,20.71760582467591,21.06997759637823,21.715075947695603,23.492229571250327,21.540590564889335,20.49279118290348,20.899103405073127,21.477231397359628,23.93289981941212,21.774115066311868,20.565410315580348,20.86269990554252,21.43986622671249,24.452708008534586,21.876471857120585,20.66073357489374,20.84193650786405,21.493716825369493,24.3366473721384,22.160131219368225,20.57437556307939,20.894294425900593,21.514034465059943,24.484542153752187,21.957213465023138,20.52283429912707,20.80348150643707,21.52781531246933,24.49278871277738,21.88265122539512,20.502935475971128,20.735494355028713,21.548953159764842,24.176602617257146,21.828270323820934,20.401153859219058,20.728410783097136,21.484479831811775,23.53834432634813,21.674474806046888,20.2183730291518,20.71781824520462,21.454127295163925,23.675020254036248,21.206152853549447,20.286867742637334,20.90028560252817,21.520976624963136
24.0356838287606,21.61768067315304,20.560686972154596,18.88476461901293,17.750296505106967,23.543379155352515,22.215312429698123,20.570261724138472,19.056448060255686,17.999966070232013,24.838107865684908,21.060334377185832,20.169878736265012,19.08777953340139,17.774340946320017,24.301214880128885,21.226721128013207,20.64239673388283,18.78485296449239,17.794679413196306,24.2525842525052,21.335647131234293,20.499412689770523,18.870537174288792,17.820661278289727,24.03601119325858,21.27453917925819,20.5537995643645,18.917501702918265,17.761060688525852,24.142537944587826,21.318052390887097,20.41792302483346,18.864090451329183,17.728518007268026,23.940677006565025,21.391352105274596,20.495498689161344,18.745078339133688,17.626751534179796,24.004561049377394,21.526853311532847,20.36337891021131,18.671065794968865,17.601652092602656,23.709338682531452,21.700809816099227,20.3100808069131,18.626680490832438,17.533688580299263,23.920701141908992,21.560490070932378,20.108309793040352,18.57258511159484,17.54795663594868,23.784719818368607,21.4601851093622,20.267814116280977,18.50138187956439,17.560822753475854,23.754844257517405,21.49376231949969,20.26120558947955,18.532617027679674,17.70706094078962,23.46417848537676,21.451255845765882,20.334674145209267,18.627914738616127,17.68728990229875,23.91709550257645,21.51741715383708,20.580167804146868,19.17958299206031,18.54234107880058,24.23362540832865,21.864155579914804,20.778049745058198,19.573420623336375,19.26011734468201,24.167069715287756,21.87061745162178,20.76537153041543,19.966299136092715,19.876278147311478,24.06996897721431,21.919050996582353,20.81866658594515,20.24153046910444,20.44792994257523,24.272601923013493,22.08701603797467,20.94181542691703,20.469234248735773,21.119522988858716,24.066097820670574,22.15334536560744,21.141464237940074,20.29048379182092,20.917506852021248,23.49660632790924,21.95375538364926,21.095969054404282,20.218975127720874,20.96325943351908,23.808895286583002,21.964699829406186,21.314956248817918,20.2443792174122,20.867183428006406,23.84456792397168,22.05563850096744,21.363461108752038,20.25498584277731,20.76188181700908,23.96596388884955,21.86852595668669,21.350594603187233,20.81203874605866,21.12129901824899,24.06134300470787,21.809840166837102,20.882479281496565,20.857438888522488,21.283118533838003,24.095637178182468,21.859583492839356,20.946535585834575,20.895240547641436,21.267626678386257,23.999719563109796,21.70621482829736,20.693226918689845,20.916658736373783,21.373780848163335,24.203148201574646,21.646753456042386,20.464143641656936,21.101926653426624,21.55988224560365,24.169571840183554,21.643539497238812,20.534833478153704,20.836079855161415,21.450785677626126,23.876836225729384,21.52322881443924,20.711460914779614,20.921031898140683,21.397189664760017,24.047005991083758,21.524721630502132,20.611842964154256,20.850978928400025,21.315717138541494,24.07856239636291,21.442763916343587,20.59694413904526,20.805474336272795,21.39398999090477,23.85347365234952,21.43454706279047,20.577940205255658,20.734127969927748,21.308945922313264,23.414244250172132,21.504265244478606,20.37233294777633,20.56730214911442,21.076430881754483,23.869989527209526,21.741369521610956,20.45297615447938,20.533691706772856,21.026411660845042,24.35523078974441,21.82231858901982,20.549968831551276,20.522825150691567,21.086549424823435,24.22056511030532,22.099982931403712,20.436538564838738,20.586150239531523,21.107776352776103,24.362880929014505,21.89326286858657,20.41214765329376,20.486912710539748,21.13334501922522,24.389011821918935,21.79847387069104,20.415925582795733,20.42653347316541,21.13772408967086,24.058855365454,21.74541470668429,20.290357426673072,20.420086947200215,21.070660772095763,23.396962672744507,21.594509910463323,20.068099080736875,20.39579948455647,21.040036738798506,23.536773533934856,21.139921238525183,20.157493422801007,20.591532699889378,21.09312475845465
27.21140138262447,22.955752512481457,21.201252007818955,22.700906554440657,22.98899228547096,25.71138832285197,22.962411843132422,21.70864373622577,22.589094924026284,23.10992139342663,24.283926854282193,23.235353519742162,21.849582976845298,22.168319407743635,23.14080422774152,26.349022821297506,22.941205329269923,22.005357763650213,22.842680692754957,23.45924265593629,25.83073650968287,23.082066143136384,21.79250547541539,22.44816718111765,22.938300770615164,25.712896533406393,23.08667304699703,21.816247243098662,22.49509976795778,23.0013384908469,25.392291367231923,22.982721996706907,21.770146758828254,22.553561646711675,22.9404231054945,25.65034849573443,22.855244995884345,21.868452599877184,22.58523550534249,22.870132073909378,25.71502039954557,22.933046229329957,21.84281715115037,22.463984458098768,22.58430277018657,25.299858885474073,22.76452493505248,21.859828566138148,22.588718564508177,22.668537521109275,24.992199559524128,22.790047203882917,22.033138076284065,22.46148604662147,22.502223750673156,25.371317683493395,22.923798047103002,22.20627059101131,22.26088491087803,22.42655417015982,25.44242164467795,22.92280508069158,22.205442542489813,22.18344640281826,22.368108573632764,25.341345959301684,22.789429283606065,22.217609492966524,22.024721385520117,22.365526341591885,25.993221170672278,22.869033441880955,22.314457213373665,22.05900374899564,22.416015877802952,26.35671505560105,23.074416044158205,22.410324976274573,21.79924079137988,22.067477436104898,26.010559798090917,23.1648347570791,22.423663114201595,21.5877153061233,21.772453201931988,25.927235168304225,23.065901427017074,22.421973612721082,21.314174617040347,21.391544664897317,25.937729779070175,23.164935583130887,22.280349709919307,21.211564170170455,21.185831962662334,25.598701844973654,23.149983249637348,22.119695483808982,20.645341384396005,20.56699396191866,25.269414945091764,22.625134448385005,21.87947412559886,20.690940550579832,20.619118056106537,25.761463119744224,22.73451187630268,21.717966724053007,20.708339191280523,20.54345736062592,26.081179407336283,23.03966334491645,21.506924976130897,20.743146140096172,20.57264107028836,26.028549320902545,22.935664652489386,21.571395988153967,20.832283935262843,20.618930223326807,26.044823368096377,23.01911299162567,21.410777992357158,20.959496266797025,20.790020152212392,25.92677681999414,23.128723775423868,21.29862496463055,20.880354470128612,20.715384827196797,25.532331968726783,22.771090851278426,21.43830174943458,20.688964497277954,20.535547335564775,25.338069464425452,22.778604258418703,21.45660471974152,20.465892376688966,20.35319089142668,25.415535599588274,22.63619985614492,21.500684968154395,20.333904203341337,20.194433607121802,25.29008722576945,22.444041619971166,21.510798165331558,20.17779062177602,20.033997881882,25.292214700325992,22.595810731396483,21.720403186347802,20.15142872369762,19.944965377256814,25.432871735650338,22.75864914130387,21.35685891362486,20.076579466699002,19.985671825505218,25.305318366315294,22.817368914375844,21.647734220542326,20.167947186220683,19.899952420664743,24.87880446975155,22.80261711256792,21.514844424938634,20.0905614799314,19.781953672732858,25.417551400685575,23.092628761554618,21.61122608040648,20.230436366007222,19.760229567433417,25.64704624796089,23.486292915646736,21.714003603182324,20.347641087198237,19.91769484928809,25.814590272154806,23.18737279147665,21.64397837253042,20.527016043584002,19.958592996554767,25.80976283873817,23.024525848543664,21.185011672146953,20.490225584355603,19.92111368518214,25.83097429923281,23.21259221735169,21.198000676890295,20.17850730084193,19.78761776052665,25.45262205313717,23.16989331914655,21.105525188376497,20.15274578244936,19.965265214681853,25.245855727699496,22.7304576973875,20.72033654306226,19.90315333583424,19.7428819896269,25.366407064477826,22.961058806042956,20.979490255237515,20.455831997860706,20.380308166618654
25.961936284666187,21.875063203286924,21.149850475134976,21.14194346902287,21.38504213363494,24.845477685032154,21.768178158088677,21.134595786944256,21.620081999980414,22.14283430013516,23.75682375291886,22.45462553282161,21.791462146772417,21.371467702626305,21.290503337145292,26.106043039853045,21.867324180928456,21.15150671910017,21.58272114653993,21.749026852657686,25.20337713793885,22.020584448248332,21.37300212246913,21.206338717277806,21.410984622475876,25.155393266194416,22.108428143039234,21.310986283875685,21.220304658324544,21.562503705940276,24.971113458077205,22.249009283700985,21.247502265663172,21.169354421988217,21.437023547907174,25.209626694732613,22.304764077672154,21.16731917968401,21.153624692617086,21.457065454123075,24.916751202533895,22.363620568972728,21.148786811943243,21.059251141792238,21.387561106964686,24.50719938564855,22.296217787650644,21.12236306889771,21.21977088175269,21.62234033856669,24.278578354586227,22.32111795182646,21.208202478544624,21.14459970696311,21.424478951819744,24.474243976691106,22.41062162020811,21.36876016569446,21.101471427478543,21.458552103471316,24.495589091273608,22.083776266112732,21.248446804978332,21.03989809385228,21.460582366013007,24.388293305226266,22.12459858697749,21.32282497474554,20.95383940983457,21.349494182360228,25.084864212038276,22.132964837256743,21.252957452231016,21.11542859315072,21.378241655443645,25.278065491366384,22.16519971501609,21.34843873917704,20.898775990768435,20.961401198999067,25.099827675104088,22.07690271852955,21.164557740463785,20.575097887694643,20.371287656058538,24.98194477949628,22.224350581728487,21.289843771289892,20.169423620572395,19.954096573738788,25.22826687305936,22.19159849064103,21.005609595069664,19.817663933917125,19.55016309360027,24.70858148318603,22.341852232155574,21.00636277083322,19.320265558934494,18.903075459804644,24.39579326666823,22.115961342008482,20.66158917656488,19.135893605389736,18.873940055330667,24.757661879991353,22.111651825021408,20.735267467062787,19.15205721116003,18.897736511896944,25.150798006589156,22.32702807429981,20.408278768678496,19.23417889860157,18.7480494531954,25.133098357971416,22.339943077227648,20.724109272578033,19.59075058355519,19.164332853183854,25.223168031313282,22.279938093054874,20.48507237089959,19.557528039768773,19.25626069911595,25.106003747020132,22.29386666429238,20.49136124435501,19.72772037073471,19.14884352624005,24.81222575903388,22.166340215848223,20.609509960072852,19.766988843444274,19.131008408901486,24.536802490459326,22.10987355694744,20.785871161074493,19.713142699734238,19.235023578755197,24.45812262071097,21.847112518807204,20.555107795433393,19.552154569776356,18.96864963982089,24.32847184942593,21.625938531403154,20.658359104971154,19.508360454823237,18.872264499103476,24.472616770884866,21.654132667255443,20.910646095719443,19.50460184396625,18.90814533017515,24.53668351382859,21.752941066502082,20.576056829714204,19.42421592360751,18.938275236768956,24.411787535787727,21.92683522768585,20.913485174228693,19.51478794328622,18.84011687298687,24.170650648915828,21.834524559301563,20.95098717072756,19.490722789392915,18.669060258436048,24.61519711885608,22.060517892579306,21.03838229896212,19.611606509825066,18.74900284569132,24.547592502815647,22.466200414463877,20.99801106802415,19.57197136529425,18.894758289489012,24.579811101912945,22.270682500493436,20.969750262878648,19.640124659089903,18.852960255928092,24.60649761780187,21.80780785538504,20.490290973236476,19.52775648401874,18.83316628713761,24.614503544081362,22.06101237230222,20.529700087516343,19.307538714055454,18.775621435563586,24.428179527824064,22.01546265694905,20.38736379049422,19.284406398857314,18.773698574076548,24.619704032561955,21.730229472930148,20.19744850133962,19.20254115332686,18.633055818296043,24.813915674865047,21.695237757423296,20.612142739960372,19.61974795812176,19.301456627144535
23.930394345579646,21.71225921983033,20.506545826547377,19.966876443267527,20.502997275635156,23.427229213940805,20.77522222205325,20.06107011823826,20.26445374606663,20.918840668531665,23.271988591873942,21.34331105938413,20.633709182461764,20.141927567024794,20.43723120034737,24.345864888426473,20.378131297468908,20.402103450153835,20.434116386031256,20.685008848954453,23.599249699928308,21.138883584310612,20.60312553784911,19.98452650575954,20.24302679590407,23.899023408232303,20.925381481936988,20.531914913968695,19.990480851123817,20.29147915921905,23.755080161453566,21.213457155739675,20.57881761360907,19.905680148283466,20.125801171192702,23.866043983691107,21.337984862298487,20.560722464281497,19.73287380146176,19.847955492815142,23.590331827397783,21.546973154237612,20.397192132363426,19.41772915957893,19.47728166406426,23.494635629339097,21.504036791358466,20.148187555252555,19.366472373270227,19.575090416729108,23.12767545230815,21.703883986967394,20.150943631531913,19.14156496951903,19.113538090255055,23.277543712318085,21.636744402222956,20.152616135229195,19.005724191916833,18.866578360410692,23.24502712536131,21.398192480304438,20.101616736543612,18.97305210988225,18.85389469207368,23.311534582320405,21.479577523855202,20.214082306860313,18.973329869308774,18.816821460625746,23.434981056240073,21.555192892359106,20.294275073242368,19.38320258779575,19.315179943867186,23.467331425873386,21.604555175773896,20.4102775528592,19.427675357904207,19.15939832200221,23.526388736557642,21.469942195991045,20.334908789081375,19.32455068860602,18.923093316130387,23.47492983202318,21.544365249948378,20.273296839834344,19.12507452358448,18.76200999832965,23.80296291231308,21.54557880306994,20.120213209534498,18.992474417981306,18.50201785513818,23.946201918289844,21.640986140227017,20.0554688914901,18.532373119441594,17.695237411752217,23.843452835007575,21.516318793890594,19.722519602808358,18.334433933876056,17.745466777956914,23.943924425214806,21.609547980484916,19.82723907465377,18.31111624487142,17.723554241937034,24.177517904531975,21.73562519865317,19.758087194417946,18.35208245790787,17.533539155843243,23.984841305598586,21.793298618185567,20.05449454492129,18.736875713427573,18.028734318626626,23.77715682425707,21.557473050249484,19.987966707890337,18.686451544436117,18.08737310103146,23.570951697387535,21.310562962978793,20.257376332979124,18.774252772243223,18.010047005814357,23.399504408324308,21.22058724325564,20.286892936090858,18.83231091978955,18.015373394062543,23.192117067469063,21.21066928083787,20.369952145473654,18.809718601498457,18.13443416429353,23.156374633521676,20.868743929211657,20.188098453349493,18.59448994147548,17.84326879524811,23.300316233829328,20.767710088303993,20.206701745575245,18.522398729783266,17.68780271382097,23.420898275513935,21.006732752337125,20.228923458307115,18.49603203992227,17.6825038501079,23.42213136621894,21.10501055807216,20.03927066145969,18.47362773329622,17.74784281837508,23.36023331716624,21.41234321421437,20.418693102720347,18.49813517569654,17.636288964313604,23.380852194152673,21.38901115884337,20.33022348066008,18.463132306110488,17.49008308227504,23.65131685540096,21.491849929419523,20.37049215899204,18.568751885854322,17.64882262814079,23.688336465058622,21.747047820582342,20.333649084813512,18.614987017561347,17.74579346295328,23.788278320479556,21.569580314484725,20.24193088571385,18.654928121269375,17.66569808330044,23.86770930258534,20.998080123705584,19.794474820845743,18.663922800287338,17.711095251700847,23.810685014708344,21.283331380858993,19.792770982068994,18.511353022060895,17.7535995817706,23.726907036543253,21.428822479840182,19.708029029921015,18.50863613364038,17.741546369730834,23.9866339108996,21.081462900341258,19.54356217787805,18.4389093847995,17.688045686499965,24.15221097523323,21.222387407760642,19.95943020513694,19.034995608021884,18.649411711850377
23.457888428665008,21.748526717109957,20.64379474577222,18.853427243885335,17.993338789507774,25.391213068963804,21.928834311062587,19.94838828399773,19.685988499703395,18.65632356826696,24.306283549003943,22.28754678646082,20.681446963031295,19.477547133268445,18.22536089341788,23.141729690557977,21.455791501937778,20.389390564394347,19.543608734349906,18.17900364519967,23.811822269678412,21.837887348279573,20.58474875746856,19.386169078124876,18.084332419363914,23.919445614367227,21.78520481277976,20.401813861573622,19.487087725590467,18.244662524467433,23.586746453464418,21.86417405547902,20.503639056843163,19.35377939612088,18.107110604468687,23.331730646524896,21.64910964131841,20.46319169222436,19.28915637872118,17.923135495980297,23.53465097752312,21.77401753866494,20.48185235517755,19.084262429243324,17.868134064543945,23.44929966324829,21.759454944477174,20.282065700457952,18.969375141071225,17.950910444291033,23.45629864006378,21.96421401044875,20.350092533534003,18.934640548175246,17.704979696562965,23.52434074110734,21.989406290933413,20.27993972217076,18.793163234698305,17.6820666841346,23.81336776672735,22.02815093498536,20.179225176679093,18.744220640578682,17.79171281076801,23.746689063856078,22.044191422051718,20.230514218156763,18.779100551709842,17.754401940308398,23.735400135293624,22.135960466586607,20.354190095179685,18.92799017690688,18.11975498636486,23.416671059548985,21.99076806383453,20.430432935662264,18.869282555811637,18.074690053673958,23.63078652358517,21.9184287482882,20.54831778364174,18.947856970577618,18.05964635170272,23.37237144176478,22.01989539120452,20.682599200636623,18.913726734520232,18.07106423683237,23.341586066426213,22.002627055439767,20.579451761946387,18.956325279814113,18.190098608526274,24.02524282946837,21.770453641229686,20.633978971002954,18.912035271847593,17.745792034120292,24.30854060558433,21.89438368373252,20.635654551737158,18.891079528652774,17.708949857703185,24.24790378640882,21.830676266980824,20.530364923710863,18.99169481124976,17.598526731616683,24.495165949036032,21.737163399647464,20.5451912192466,19.041741433566802,17.5650231564275,24.440370944220696,21.613894130435988,20.530691502007535,19.052783793134743,17.630907211365496,23.9573904861252,21.78161746822085,20.462533479812883,18.935866253906767,17.643697222873648,24.321610985420214,21.626277213006556,20.529586945089562,18.95558551896998,17.689342084149168,23.677290418234048,21.64183282521432,20.59784714412952,18.934235827555916,17.729952380628653,23.469325454803087,21.53287056435827,20.510383624136086,18.879198789162118,17.750439719626847,23.29074656980063,21.572172736062125,20.4111884067142,18.870078718431067,17.577897973320518,23.160872471677187,21.38436249805385,20.370605790127712,18.863754868796747,17.566279871734636,22.57859340979998,21.3432523600157,20.250626187177694,18.98743932105032,17.57088724173097,23.105518203116716,21.303251595699304,20.11874537590817,19.00839095872659,17.658867395334063,23.075048309794635,21.67371961239594,20.45399622065811,19.086519727007662,17.536481386995185,22.891839578128554,21.64558273508889,20.502508932688155,19.128456257787324,17.502953476142523,23.482205501263714,21.70388552882018,20.469023028244727,19.211909162552182,17.55807883741243,23.664241122035435,21.747783209250706,20.705457965724868,19.13586749096484,17.63001372877983,23.59935354894813,21.856147787947144,20.852331103579253,19.055791054630898,17.542714237152843,23.631698407815296,21.5484509111153,20.484807575871596,19.023990442005285,17.580291325339047,23.86229127803078,21.55857434866859,20.524647095806,18.96919053661451,17.641878121419857,23.710971585136043,21.59758711764486,20.540620016252724,18.923949882760844,17.713581829917448,23.861192333278478,21.736060197217547,20.257729805910426,18.94745945784508,17.70306568460183,23.956197708985385,21.634743813086864,20.17433142027219,19.193976724404145,18.176387725979225
22.36696170732346,21.083478235969427,19.621588030727743,17.86377987735492,16.371120987275212,22.770099428772184,20.56729831540461,19.311003788998068,18.42281910672193,16.161478260722113,22.522472088281063,21.48270789958485,19.57489897147735,18.456004297645286,16.18616469319681,22.124967524139862,20.676199839007648,19.53871720765648,18.32971737576012,16.47504858277637,22.392468242749693,20.97170640866016,19.56632220516143,18.281500335221562,16.354018695791193,22.578614428870843,20.90902794201697,19.448756992205695,18.276080318821705,16.351684246979453,22.52642278394061,21.131032700455016,19.496277491631446,18.20388165694535,16.366499907645654,22.59526697170718,21.05104289388743,19.551942493649438,18.11272993479161,16.46381685572691,22.982770336284496,21.146472987642788,19.419365592867795,18.03046848757382,16.46385666666242,22.987808173831915,21.296491130089784,19.405130095825847,17.941635439960812,16.470242919151946,22.94153175549993,21.508136581908627,19.52019922637462,17.99598055934938,16.42804396452943,23.007947216977243,21.588868695463002,19.534790428862728,17.971928399249446,16.482526789388512,23.16030193929313,21.5445149616278,19.62484216228847,17.953014826958544,16.395762243932023,22.739348415587315,21.676040635511168,19.907758659988517,17.98375885365022,16.359847339642958,22.829514351047152,21.59734244370956,20.016901704173808,18.234328875458207,16.803885075800164,22.857658837571464,21.38740424005363,20.097562527381708,18.4007806674019,17.325033892585274,22.9524180485297,21.367327367045657,20.265521406354758,18.62099502660879,17.646315518221673,22.9801590189168,21.420782831599116,20.18296695637806,18.71096954466659,18.226617408569318,23.353491926569145,21.20002425876534,20.016897457139944,18.807249238845134,18.650379385835258,23.647318437755366,21.424776514258888,20.24810097764484,18.674937567595414,18.453617251166797,23.59787300852663,21.4574981868189,20.19158838029374,18.487138273033104,18.3659903572931,23.66216608038562,21.458582475400668,20.24863055720944,18.358798016469997,18.37611539632345,23.322657253425177,21.26544454860595,20.411277574571887,18.33402265773087,18.163288256660277,23.13699552204736,21.29341032591425,20.43655055248564,18.52967594185773,18.373704532000264,22.758318104771128,20.992928758710256,20.16748351764217,18.589013241880618,18.469774478374365,22.553359893782243,20.95497393461228,20.07878855859204,18.708664012858527,18.5096697598999,22.3613991048217,20.737813698960174,19.891776261170854,18.769813691014797,18.51792593107341,22.600394023923343,20.736644750800927,19.426718086585147,18.824799421099932,18.59454960153287,22.223386194637904,20.823081934886464,19.309398083959785,18.81609279167389,18.5920396065627,22.10223572244694,20.616905748209412,19.168076254070193,18.763960453895134,18.539826779151124,22.29199821725586,20.537872561837027,19.31305471533609,18.774411681559258,18.58688291742207,22.493139147973483,20.555038617854656,19.369238002003215,18.765837537455525,18.71234823299637,22.274668509659527,20.998914847819467,19.9755973059864,18.878788744095843,18.66132548975019,22.547374443266857,20.854790504019473,20.030881862728656,18.704269530307066,18.487505247688908,22.797733667780996,20.885394441511654,20.16543957498358,18.721886782048056,18.508672096084233,22.89339636792196,21.18110262986315,20.2400132623957,18.75257276275753,18.46678492521375,22.680158062488896,21.12350979088919,20.03086613919508,18.733623528614316,18.383797096334085,22.87622397149077,20.75866548122769,19.690067313127276,18.583924176798963,18.345365673651173,22.723597121942518,20.719057049334374,19.686724864516414,18.6266759152177,18.31280491486818,22.665851854294967,20.84813790164069,19.58715431061302,18.57853239034038,18.34815495838322,22.59961692965161,20.7892806987783,19.54935469356733,18.55983063656054,18.213902151857326,22.809077979495544,21.020953047275402,19.556588024346603,18.60416928509432,18.30801324037777
22.4424757614994,21.053368545959234,19.58672348022074,17.846968160744836,16.345391817959452,22.846493872524928,20.713071085811784,19.34566148253669,18.472009416160127,16.187276585614494,22.5120966662228,21.514538205919713,19.568098929236626,18.496127311955664,16.197523483819975,22.139657186888066,20.7479704376282,19.51431262428534,18.28665018383969,16.59100173416537,22.399903830399644,21.014395446707372,19.564418391433836,18.289713864847954,16.376913708595275,22.565914520537394,20.968972671555036,19.44081953467146,18.290026938659555,16.394259106337117,22.473567998786145,21.14252280124906,19.481586575025062,18.191060084650598,16.396591706875704,22.55974258755172,21.0544657129552,19.56241029794967,18.087534175546125,16.47992949505052,22.940357547287306,21.1233783021792,19.44282832677618,18.023329822720946,16.474956449052804,22.973111255675757,21.275248929070976,19.424005273861432,17.94120102228278,16.49161100527465,22.92606429323614,21.47669603467321,19.55674172476413,18.016369242944002,16.446368613310234,23.023710685224408,21.585590945548454,19.581317979643664,18.000852400510503,16.576602220938536,23.162253846286877,21.555376112984636,19.626892358553366,18.001376164256136,16.518429629331717,22.729145263288032,21.69170619556636,19.910600285384607,18.021351736868162,16.45934305117802,22.83281020488925,21.603276311562347,20.006257818154033,18.268429985569508,16.90985617115847,22.846731723752995,21.38488812944455,20.06694475987836,18.405110168721166,17.43599199584496,22.92080206202591,21.345387177755004,20.23426788912555,18.622968150611978,17.697597191499362,22.956399946649107,21.398106575722082,20.18306192714105,18.691567281248222,18.26927759542324,23.354857575123418,21.20063072587012,20.010830043745763,18.78278656406047,18.689957944394983,23.625503370436782,21.42981834262971,20.258704570972817,18.64894810127231,18.477208922270837,23.595535645252244,21.481450399077943,20.243212170086252,18.47612853291917,18.36299145255738,23.675394871183848,21.495376681011145,20.28395089658711,18.376558566363666,18.383488200171648,23.324860863970574,21.28240915029398,20.44106572256502,18.38197407795416,18.184067236865623,23.120673313287842,21.284040295511158,20.467528832387202,18.606711817599837,18.419611917524655,22.753193800068125,20.991125782238047,20.19028040622344,18.66992995146167,18.53324915540903,22.560660941322467,20.928526891191233,20.047066961862374,18.771345537199682,18.58280786097466,22.38159829765961,20.706890360672208,19.85307525896359,18.8059429806434,18.586343362002598,22.62429282428689,20.723853372482694,19.408630141835058,18.84125421989336,18.65268145504529,22.27040607739198,20.829217384389032,19.305709105142675,18.81708502179934,18.639271065710613,22.142010291317714,20.61812096984159,19.1741450681335,18.767076798774532,18.576248739584948,22.305722227510117,20.55572043403911,19.356266164036843,18.79387148923178,18.629356692578927,22.48615593096189,20.572970798278604,19.436175312827082,18.798306801928632,18.74740495068024,22.260538183657832,21.015855394282337,20.025819223782356,18.898941330941724,18.690133228769547,22.532969976436284,20.87788996990245,20.07713924957602,18.720363682263514,18.5137212146574,22.76773836424665,20.91538070165482,20.19972486797976,18.711872362260443,18.536398238788546,22.87398994640271,21.21541185243685,20.266210441139645,18.72378988950293,18.477580189415146,22.68302122896995,21.152948407722754,20.054558574466085,18.701910041422217,18.398037315021888,22.878370822679592,20.786285090754312,19.710333549369363,18.561833174409767,18.373899566358794,22.726531700843978,20.725779559010938,19.706417285274878,18.60675591018108,18.3442329711897,22.7087025543798,20.85274145042508,19.614115679120374,18.56884447605054,18.380195431162903,22.649591836979987,20.777048353862,19.59392782480776,18.547605955331807,18.25704191776808,22.829288160295157,21.010381634097445,19.59079315666615,18.58809455226692,18.352536785241618
24.94186526794758,22.156029362530546,20.610703716099817,18.64958439723304,17.58198497448802,22.915790180501904,22.13978237058036,20.48502048765466,19.11913120123415,17.579786765007395,23.668799045729067,21.72092868443023,20.18023456399796,18.686347969789498,17.481293000109325,23.361026673320232,21.470262118448808,21.162619708030302,18.58643189541527,17.44411310599804,23.74293309495869,21.705897065204333,20.418660177007645,18.791364424219644,17.661561677729658,23.58375066219886,21.51098692092222,20.33747672687641,18.88521870542431,17.63479874046521,23.776320043969953,21.579340562816068,20.285202858067958,18.828677807304373,17.646843852193637,23.816707345043888,21.67176274238461,20.36840211996124,18.811370408653367,17.710627487458105,24.183164546435876,21.662532494919695,20.188940328633873,18.850184895381602,17.728173045547997,24.246265544070507,21.86737981145367,20.416799408420264,18.81343155910738,17.70984493361096,24.292702596865315,21.972316041222,20.59728016414497,18.732597355177454,17.659722247737513,24.221242332841786,21.955951269388475,20.6390343389322,18.737320380247436,17.660232211398394,24.181785065917673,21.882627787555858,20.688517455478497,18.862406376197573,17.70826295743219,24.10403276415448,21.9666934408765,20.80128260700358,18.856064864911048,17.656157728825455,24.195150321597506,22.059539879327485,21.0441229624547,19.793220705971446,18.826898607612208,24.364397797538125,22.242673599300737,21.191608900259133,20.73103611978478,20.16338967125062,24.523400502438637,22.223339201471596,21.29460784575507,21.44700435233536,21.271789171686983,24.637426628200966,22.263547249549717,21.224524594475163,22.05270282569192,22.49172707354895,24.592009896101764,22.232336928829838,21.39311821997314,22.76764386085306,23.627679878045058,24.54381905359503,22.387487484394086,21.680145027636428,22.55173847485916,23.36819646562154,24.23012207917079,22.15608407075353,21.56351557242599,22.265335430242594,23.24601827885975,24.367381090965466,22.214252130383677,21.844217905216862,22.23129463129637,23.183760208063166,24.127334646772034,22.17874073478457,22.048781662222453,22.240963010414827,22.947375252158025,24.06935934843883,22.115212769723716,22.039432407845275,22.64342731611898,23.300438303835573,23.78179912870008,21.681230698931024,21.71328927208422,22.771409957516102,23.44061414632973,23.517867449246694,21.658473870990807,21.71769019011727,22.816893590129197,23.468530250553126,23.20699161450868,21.38448237752865,21.52555316247696,22.872903593543178,23.52842373774333,23.416864936370796,21.25017526752662,21.372459482870575,22.8629764658049,23.64193246403999,23.23152484462438,21.349894946245804,21.390848994566472,22.868911780056322,23.631651419688218,23.243143540503574,21.404470008628355,21.31144639515948,22.796312673503127,23.54500072169512,23.438951272057295,21.467369908312367,21.522319211222282,22.894318490204633,23.573973635699055,23.61930106105438,21.607742945748292,21.426420639573056,22.897488024391766,23.6884308610704,23.374640391547786,22.002073495454198,21.738500547289664,22.92553741641988,23.58550115187934,23.555261051285623,21.917348437700827,21.637311108646987,22.531676447646326,23.354521917146165,23.955580402405428,21.987438031443727,21.726053885095315,22.610280458477646,23.384661202836465,24.488645400519534,22.018448564269658,21.68558171012964,22.669338179963766,23.358086403131036,24.330888564379663,22.018344792100372,21.880823894706214,22.72603902341867,23.2674052894285,24.573635295532632,21.464166308385238,21.665310795318312,22.759213860641957,23.233582734110367,24.4427740998759,21.422227198043046,21.670221677701473,22.75003364328116,23.213530055435758,24.168408581853164,21.426949384338776,21.481227172665765,22.64474769237192,23.260295247245786,23.69831686118712,21.48123431463789,21.322837486379946,22.488407742858904,23.138479075249787,23.830976300015013,21.359458331544637,21.169810873717342,22.517550188571544,23.2078857415349
24.300481812644783,22.49801799353293,21.21497016062211,19.513945631907443,19.058717909147713,24.072012965250067,22.66091331033629,20.640264906329396,19.400455197743685,18.62400223360251,24.654907274099052,21.87588291422293,20.617487302190757,19.390790183009013,18.830003988886478,24.431206266940944,21.819123872636023,21.02723714296764,18.987598199628206,18.55993364933091,24.49190617588146,21.921265269533826,20.934358183234007,19.64941467106902,19.216083272262168,24.496139787065978,21.763664123032072,20.862628050156527,19.706154211559667,19.060856751356443,24.5579187886471,21.78017253557473,20.777050686039054,19.731526525545853,19.105369803809232,24.522841501106203,21.869829890690145,20.846256307855423,19.714023873283345,19.150940351291233,24.77743480132532,21.99755988510763,20.660492988507222,19.819264090713283,19.201749566388774,24.683998203975314,22.283838553016928,20.54555974570166,19.585567232644127,18.88248024765722,24.8347113084666,22.347338893790855,20.471793645774447,19.55355592793862,18.99030268730857,24.871298795486474,22.326965580513676,20.64370433213744,19.67691115891855,19.03649792459009,24.871679627058978,22.317508613869,20.688657000079864,19.811861844353366,19.10694493587072,24.347637213559317,22.237654331696998,20.834020741783327,19.851621074456904,19.167403324807214,25.15067178455571,22.399959249921277,21.19437715297102,20.76464445151144,20.229597381425187,25.440722339319485,22.61723943737614,21.539092773273715,21.61990197747224,21.29162878546716,25.357682671876553,22.63376419168919,21.701351146294247,22.351714117717307,22.358105237751637,25.340742564403357,22.654212587563187,21.94762432461411,23.108362995254787,23.343573405902696,25.742196608865765,22.76122147006189,22.073636914044364,23.83537606603076,24.36925694388908,25.071692652776253,22.799178593603358,22.312570715290928,23.60389745726325,24.291698497200734,24.479238543271045,22.625982010069023,22.230933421487826,23.482380299929652,24.33050508383191,24.68548173054874,22.72979835919336,22.332162852318564,23.480871714309703,24.299087990118657,24.43744122816827,22.82004100364498,22.270671801293947,23.438935878240606,24.255770420157134,24.898825357143004,22.778811179829564,22.672622829772266,23.865794930738254,24.657568048861318,24.831572708793868,22.559387105929627,22.252612543199646,23.92982418149997,24.756851584569386,24.751831646660005,22.509477285595313,22.23290530872028,24.048726399007943,24.80763473441127,24.639279068628294,22.179531623435565,22.106696675452984,24.05087928917886,24.82328938550286,25.144859366916354,22.119270802175517,21.961584595294486,24.168294745224653,24.9519131839049,24.824260379194886,22.20903281647299,21.893556335280483,24.036475540684663,24.8068361119941,24.707378323683976,22.249420693353578,21.9241058554157,24.153669153909057,24.69629939109323,24.88247407779782,22.340321020996413,22.006811295192716,24.138265354787194,24.652235129348973,24.896100869960957,22.362777421851106,22.094731129111643,24.134707246122673,24.71309396697117,24.69729223761684,22.529612663427038,22.30408694654859,24.100623342167047,24.644488404277407,24.349655109348788,22.379881488100768,22.045874630287756,23.9766640326071,24.396083974015312,24.70739085694803,22.558722187473563,22.263205248665376,23.881552662001184,24.405124735213192,25.34069910306678,22.59547963093305,22.197171887477293,23.994511603277974,24.44381141040323,25.345695023351112,22.832054996920895,22.083916110571955,24.05572626428813,24.483241726337646,25.325416067915206,22.491109198430653,21.94739424786662,24.016273164543538,24.482069779999126,25.266675331383023,22.45737365021798,22.04470051619299,23.934068571341793,24.56282047288245,24.980450862727412,22.260219944293475,22.03012118032682,23.992248234562005,24.586857620636188,24.341573731021686,22.222654278699657,22.043390453034334,23.796831954056195,24.5688247114712,24.67574994604326,21.905966508369385,22.188369478372696,23.959798428506456,24.607956651514588
24.01023568935601,21.41241190620122,20.569595591812945,18.919396309259188,17.714842730052553,23.580437110114637,22.146194977795354,20.573377221459566,19.093622929687932,17.99262533614967,24.89124469782998,21.109756648664874,20.20096521951157,19.075963576208835,17.79081045362622,24.15552569475498,21.18429824734791,20.70192940688356,18.88141298990167,17.695839164089925,24.22617916022082,21.29064583696321,20.51745260181364,18.879323540574507,17.792928864789882,23.987858330954225,21.27634796079918,20.567183360978866,18.92296231339835,17.712878043648068,24.104212503798657,21.328778709163043,20.448258300509217,18.84810451977365,17.669540748478934,23.873243336560538,21.374184044572235,20.50624930538489,18.740057150173282,17.55739324403342,23.931293135024042,21.50684769533511,20.371191791610222,18.651134666268543,17.53717874041742,23.598529378614547,21.637945514705905,20.306090497738357,18.623199031080482,17.457155729626525,23.800188121393116,21.484189450283786,20.089202040148542,18.57218689022377,17.492676123306985,23.603067472104186,21.357568384764313,20.224951659570884,18.522278367572454,17.540812559247705,23.573925399382244,21.393787193061744,20.238344951797977,18.550201670704954,17.6903215773279,23.326026995832198,21.342116373811287,20.317968167397453,18.622843393882285,17.713556935509892,23.802602603112188,21.426535668979216,20.558913493393796,19.13621299450994,18.525512081570845,24.120921663571206,21.753533754906982,20.75946696739081,19.465475548579228,19.188304542111176,24.07698656472325,21.766307554204772,20.73463750240718,19.795309979418754,19.73096946990443,23.956394660120786,21.803060757970734,20.771682829504353,20.025920696133248,20.24680908274156,24.12036145621416,22.005606335313338,20.872031006396686,20.22622684632882,20.831183776604764,23.907643525405415,22.053590509225423,21.06868075410678,20.054191162566234,20.632530579772254,23.346159214584922,21.875895470727293,21.026225262481255,19.99436345176813,20.69121570047014,23.6626414799019,21.887413291272505,21.255188200395867,20.041978467940464,20.605416458760732,23.74562475907067,21.98752785986339,21.283838833629787,20.04631366722154,20.50679697573017,23.854054129938724,21.767699946665278,21.245862753353272,20.595031258222054,20.876854682927807,23.969367073173423,21.73199331991905,20.76322703860144,20.617888219759884,21.028632650006873,24.008896190171164,21.789024370214943,20.829595990224313,20.655499891745787,20.9949892713319,23.91314483964997,21.649877663016802,20.570977168865003,20.660723940990938,21.084517421851427,24.087735463838612,21.607759774034612,20.36532598403847,20.84049644798721,21.26610724294959,24.10097943322023,21.60662481579704,20.44785981450548,20.582333675510558,21.142327337910658,23.803977025669774,21.49013029322802,20.635106642608196,20.67198540752695,21.100916497051145,23.989377184822963,21.471278042997536,20.520473534646506,20.610697239501796,21.033181165069784,24.02075319451891,21.3825975358296,20.495764272415094,20.558180679127105,21.11116139596796,23.828667728203616,21.353351902782734,20.470843731270314,20.499788004818107,21.027404479037493,23.3544200510702,21.427035801398155,20.280389180065615,20.325128331043864,20.79642637139565,23.810071974233665,21.64845536972191,20.370778400699187,20.31295782445995,20.740370490468074,24.272222275170304,21.718997430398225,20.483852706979143,20.306181376691384,20.798653524231394,24.130942595546895,22.000294784678776,20.389873176055843,20.396222735847232,20.82985702725978,24.251185557573315,21.798756365600596,20.33756464979485,20.284302965932444,20.86792666602198,24.308227434513462,21.68887217314527,20.311407431275285,20.24602790019951,20.879279253971333,23.971423761169316,21.643768182706232,20.181614305402793,20.22923977420282,20.820656247599427,23.28778615931342,21.486592870037917,19.95999688535487,20.191428267469895,20.798292994705637,23.415746985308296,21.02059870376799,20.040459256545468,20.382114204334286,20.84028063475731
26.976885286053673,22.33415231127403,22.02815834109342,24.76054976133775,24.155810695381962,25.231870958678655,22.835589031835234,21.672798615868913,24.700137764549236,25.040051657970263,25.22506806559104,23.239356358921032,22.12693299305559,24.478136345683332,24.436877341988094,26.35874187919248,23.63379326067037,22.004816819825148,24.581603858398918,24.52682998815531,25.905268513465547,22.781022819782216,22.091342180694973,24.652057097049635,24.456557721946435,25.752569597064166,22.89060617216348,21.93122388506196,24.6817072487184,24.50766703177864,25.81928954163731,22.97132966123709,22.014830772043524,24.735904191839648,24.47829320032745,25.816339683017542,22.862341314093694,22.16691583964738,24.74796286327595,24.407749038323104,25.809579824390646,22.713661442693216,22.007275723577358,24.814050828750492,24.47097472690977,25.66917259341482,22.878131177585107,22.05502549629017,25.000724148948162,24.5317985442998,25.436701327070622,22.884265243632665,22.215331056454456,25.047406247178436,24.62751938722592,25.55810348373579,22.826651542419047,22.346237831752198,25.186824549249476,24.617005761846706,25.800872153391765,22.710640594246303,22.31357206100264,25.263591662039197,24.743539082048294,25.52763218897804,22.67495410540893,22.63315211217695,25.27068147381903,24.8348816312002,25.990145887894776,22.784599900766715,22.781414501053828,25.190337833856123,24.952337730085986,26.35898079340877,22.805199396696132,22.981071250910333,25.092983303362534,24.938683887126768,25.97193473290132,22.850974209338887,22.82808150642448,24.889040746874123,24.897485373482045,25.712457258504816,22.800520771942306,22.84650518553189,24.982002788626648,24.96284594227042,25.86339150370883,22.918699427719346,22.62788436758131,24.947198552665462,24.919662000907657,25.333902381063726,22.876580723755378,22.261995251369928,24.756232623849193,24.846280245392414,24.782935792580872,22.58338282613202,22.099046965658868,24.821515581051433,24.74201146549841,25.232437999523228,22.692655255588384,22.24492550302287,24.870892096787163,24.74247767467117,25.63824375355602,22.986664781527036,22.105030632082638,24.777090627697724,24.61159041235485,25.88901833920525,22.625963008512045,22.245898549614115,24.854745425880946,24.51135349819227,25.829352566729927,22.657673892067823,22.27407157337716,24.93766186246292,24.486598130924637,25.89303640053746,22.678960198801246,22.122722580005906,24.927743528049696,24.65403104533138,25.540778679841456,22.409205938044913,22.03909229820399,24.816933047062125,24.63332475407395,25.402569110029315,22.324735151101173,22.11209627367571,24.62887503535301,24.623977211077907,25.187947753372562,22.450886734920037,21.844738834828508,24.476493704688835,24.65789754325392,25.292625794625792,22.269458465078873,21.69106826224,24.529860811445715,24.70849766608531,25.3940398351979,22.44148990540273,21.988097519948134,24.505694583112202,24.58660153927546,25.558894110375128,22.635024945611555,21.763887564820635,24.556247802265347,24.630194405195482,25.3819137212024,22.80313851112131,21.966370940788615,24.534858198791103,24.523933677951852,25.046426851494136,22.931191490962114,21.955930032832878,24.701737247502138,24.532032163710902,25.415681973392953,23.100942627737567,22.245631833090442,24.605682299144284,24.499969620956627,25.518046699551576,23.392046933615916,22.108212036779985,24.54979563188519,24.56440544548626,25.48131849257031,23.139425450810386,22.110482391548473,24.44034449801587,24.54304576417453,25.446757690816888,22.916778919134735,22.051201838967323,24.43597659588022,24.506908162872985,25.30601574431223,22.88148148582298,22.34137809493434,23.81184060982912,23.990621551823022,24.735238253774245,22.735205562798768,22.216656293227185,23.413012144503643,23.557555089753862,24.421835241324455,22.449606289818497,22.171553944723534,22.96840809785263,22.963638061193258,24.518741257744423,22.579430229205986,22.48374648361193,22.860549352722973,22.683572449269953
25.518693299807754,21.842527444297346,21.077058791474293,20.814893684810926,21.06564194891369,24.21127731612693,21.818422730324404,20.39444015938264,20.9007432686363,21.766801654546796,23.722248075757324,21.82789198366193,21.11827694486452,21.0621857003313,21.237908951573427,24.916996183221357,21.73088835745227,20.50261195045427,21.796888230267513,21.83424358734502,24.56427358854478,21.80515888548604,20.909783253128165,20.865308503308945,21.28547210313547,24.562846279377247,21.856494085337083,20.780607993634792,20.94629026557373,21.3760106170988,24.520834326538587,21.75915695559196,20.967853010776373,20.997251589556452,21.281120352696213,24.697681217624652,21.765171158608517,20.887631862392485,20.94127190980257,21.27215933776435,24.46823690047298,21.814956170371236,20.957676126699464,20.681951597780326,21.050560273422185,24.196058760326956,21.80970894389872,20.930867820543053,20.826425803313278,21.167274643705138,23.91390579520098,21.738450470663516,21.03561379049152,20.653062085031866,20.996316302885653,23.932385746147595,21.852586492506294,21.045440697495238,20.490576540698385,20.939864749877554,24.040412117465056,21.688126054482773,20.92876874410669,20.515213214624254,20.907881747701474,24.028694929555442,21.655248443918985,20.988450978993548,20.386435783216566,20.8799336841457,24.28623114285348,21.645306949288848,20.97430365648813,20.51217677031998,20.829544288246872,24.50307634360736,21.75511901297117,21.033512742495684,20.331732317660805,20.50284230245192,24.413734044672744,21.78918364579177,20.95699401975161,20.088049767484954,20.15480570300344,24.100728457517555,21.938088745838865,21.136177644098204,19.71626776536037,19.791097229334778,24.361741706843336,22.031803345893536,20.98467028987377,19.652480448812394,19.46256671618587,24.201807526613674,22.03202378363999,20.970218491602964,19.311449402833126,19.019543951150474,23.89257973308336,21.775254138892727,20.84447307548433,19.309210913218138,19.111486779311022,24.2504173925609,21.992445987593136,20.890597895999594,19.40379989041616,19.04842866655785,24.679154517392938,22.248573788589557,20.846311634376548,19.436917177591955,18.977970764072094,24.50229455098749,22.09225740113367,20.93613373207048,19.67371348650072,19.421337648598524,24.556528217130047,22.259859748266514,20.819942114337664,19.68476780510063,19.537399809423214,24.462640986000928,22.26746670086576,20.639682139921852,19.67283376230128,19.438766986244595,24.117711576017314,21.910595299343687,20.562638475031232,19.623014609907862,19.32799549898393,23.87485079649396,21.777287645101865,20.477749879033023,19.56074718271792,19.377887745864655,23.990430108017925,21.513251325280663,20.40680467602989,19.383880975694797,19.035793109510458,24.00292038712171,21.337226655206955,20.26793512127898,19.288081516426917,18.885568964418304,24.040096372828025,21.49439741482528,20.64452955699057,19.309272693593158,18.790060467252857,24.178008666395264,21.610012557617985,20.458737900953356,19.24931701443791,18.883521320057724,24.064384222812055,21.861959203562996,20.86244094942564,19.298873415006284,18.679531848172655,23.48562880012731,22.033526846365024,20.8051495507805,19.16502166235862,18.513897986284924,23.745511203300925,22.07250899574914,20.999218964462646,19.2369437477332,18.503098377543857,23.81772254916815,22.37102492573309,20.940703488551733,19.356616067151773,18.762756742380677,23.94124001627832,22.238023116664124,20.890213632884635,19.410113511879683,18.75993244850025,23.873100164322857,21.88285585776079,20.32699842976039,19.37469348700611,18.815237779379732,24.105837856266792,22.073257384056582,20.38072159979035,19.280764105654498,18.741315877158208,23.91010836135206,21.97418822743675,20.28710007279794,19.21846560961069,18.901420225957583,23.77061548008124,21.682497881535348,19.999928540630737,18.951799802139327,18.672914669337025,23.720062523158447,21.636347860368982,20.20801771876279,19.39819943781465,19.33047603790294
24.203416098460416,20.98824371674203,20.452513487981,19.205165572380807,19.652406833548593,23.557673028578662,20.04367526900672,19.449179076818503,19.349857118201967,20.104985370836303,22.15058601701616,21.150510020746502,19.734483413164458,19.27421164734266,19.762037386833498,24.300848680186164,20.741608224364114,19.387458525199676,19.977081417425524,19.98988955446568,23.454789504451913,20.82978892363844,19.92328823377061,19.238333412748794,19.54179755297796,23.43179527882309,20.867648635519878,19.82091888113313,19.28933672860562,19.580073472886117,23.158074092181458,20.936431551435255,19.990567384700917,19.32106069721088,19.459183451125476,23.307341184638055,20.93583535127663,20.019147667887594,19.31015835503499,19.284347012697854,22.940693961174453,20.97396502644235,20.095967385308292,19.083995804832217,18.960235406213876,22.683153080292197,20.822730535443334,19.93210815475843,19.115861445240608,19.068260353866208,22.294593519652757,20.766765890043597,19.982169297099627,18.924207596586246,18.802579522149983,22.54580108579165,20.866801222659845,19.912466721813452,18.823862040290617,18.61642990494562,22.583312779862684,20.59650865453175,19.835149292582315,18.704580500356208,18.56823174749347,22.588988749161835,20.68786372771047,19.88191602875878,18.634412894113265,18.52572784249039,22.670872116920656,20.737514392651054,19.933976223731694,18.899881932233775,18.859784907986057,22.93234015597088,20.857474635312578,20.00705908265396,18.857807635786436,18.68053238920971,22.753377800080294,20.821620866319012,19.985921028252367,18.633431186806142,18.495034765680543,22.5294031755928,20.837925571318443,20.004143718469518,18.468723546689738,18.38978198147438,22.74843231287962,20.76325710421756,19.76918788028198,18.311857045200703,18.246836671595144,22.788320791123446,20.859970915970063,19.802797925261324,17.974314996552813,17.643243461494325,22.557697347646155,20.50117241524699,19.521898804933123,17.896548897365562,17.68389694371607,22.90646125869023,20.629997671293527,19.59061570974145,17.96446015118807,17.595708339325135,23.140879334256482,20.868091712359906,19.421529236714356,17.980429417285833,17.435508456200516,23.039215441797676,20.796061943750118,19.746283722653267,18.34964989501592,17.8845056505737,23.00691361674711,20.728314912791287,19.57958756721082,18.27801804538658,17.906682458221024,23.017024570294833,20.608330911732928,19.623395876945068,18.327043414535304,17.858039368504947,22.68872934469552,20.474088356514102,19.534498285391248,18.346207297998816,17.878889188272247,22.72243983925196,20.525363158390935,19.76419284686615,18.298459015255354,17.969197156980776,22.730191291119638,20.334283436492868,19.565486260340666,18.18756694399413,17.721386251905226,22.67450552536433,20.1829322398228,19.634748923362885,18.22278945472589,17.688847409555848,22.790053065807864,20.620198780390055,19.778412405086804,18.277525812379796,17.689252891154744,23.067520781926028,20.728160833213813,19.591690192924375,18.254980173246913,17.78899934105555,22.784295577776568,21.104119041479372,19.95578713948921,18.32121098638573,17.691951814110435,22.412293847616105,21.082985493471128,19.97226158454317,18.196874493123147,17.558510500506298,22.735036072440135,21.106859331811528,20.073727038264185,18.24080654406574,17.58440951103061,22.46669478658963,21.26570122342085,20.16014082246182,18.21266613737813,17.653251250419164,22.174797961379756,20.96138661620848,20.14504189756864,18.249549037869713,17.590104663767015,22.239115641245963,20.27512637566138,19.512809665634528,18.233271720214834,17.62762892431314,22.365746488064598,20.559753764616232,19.46899313115413,18.121660638077714,17.60104629573568,22.33043889812771,20.596518406286044,19.25553998719594,18.124163316960853,17.648187427133173,22.591504750509095,20.252446857365733,18.864810440310986,18.06284758557449,17.559505953459475,22.606318927482157,20.430044254666957,19.160816551366537,18.56640371438894,18.297216300357768
22.7750725260565,20.243493509119176,19.400478222527045,17.678184231077147,17.656548230198577,22.502934550137617,19.863244540719283,18.202088236884173,17.75567796381304,18.03257322207501,20.715892991696883,20.131514567236383,18.75072614723961,17.860354245975937,17.591346491058495,22.01540493498752,19.1668653078468,18.54752916614791,18.302527262726002,17.917039531154867,22.05963058871375,19.945679834461295,18.883665720653266,17.762631627807803,17.494649019270458,22.150022518136545,19.815323819736093,18.836947144309022,17.80359680449946,17.552636970681807,21.83504335977623,19.801144090432125,19.077235363161243,17.809177618725535,17.463452554059394,22.010684902862913,19.813589554543604,19.105141555074105,17.761668978491734,17.336401628728417,21.923230778614634,19.940616751533515,19.043405629006948,17.526665144288984,17.094039580387648,21.692447262150843,19.816867249332542,18.86762572885143,17.517039748967395,17.16810106020643,21.384642733207542,19.965679450679684,18.837286152053476,17.347713165660196,16.867397834977155,21.472762962868362,20.023718583640612,18.77924238988497,17.298318140141483,16.698288844845887,21.483273737378447,19.767104564361095,18.606034574273842,17.210722281148616,16.65059832027534,21.48097356367697,19.899416276284605,18.7399381612065,17.267655808322974,16.645782585068964,21.421335422791223,19.928432481447125,18.7471998198803,17.49513091043272,17.06975713563455,21.307370768359494,19.84933164515914,18.80089906414717,17.524527359146116,16.99991628549643,21.326873808477792,19.735881226251433,18.75121234624871,17.44669109598401,16.932349652041975,21.161074734015905,19.890432195471497,18.801260992706663,17.33769670976299,16.909496723292325,21.36895955266442,19.817696883981768,18.569057568124446,17.1912181697278,16.834468980843972,21.46770860678933,20.02244060964112,18.58737521387559,17.010312618267925,16.374137247653525,21.556898917012155,19.918386727462686,18.34337762883327,16.95999227698948,16.456886563625247,21.820869524200653,20.11732012590084,18.391657154122626,17.05814141228448,16.41187044867554,21.9860517514152,20.222635237734337,18.23587392179609,17.130844244098085,16.320375948617507,21.88257316852299,20.227903876719676,18.57581450430149,17.462645162606854,16.754821477891763,21.896270877883698,20.098212123079293,18.551603024650056,17.324931660349915,16.797390993400505,21.628332322293865,19.895833968652788,18.696884847917524,17.361282469865966,16.741614173613534,21.265504317253722,19.824619711285933,18.606946795495563,17.373008627884328,16.79525879673406,21.2364347541497,19.77924041091351,18.793593143444486,17.358918991205115,16.9065259080116,21.146383069691947,19.676529652733382,18.61247995273881,17.248967782914963,16.643767647196697,20.977536516326587,19.4439594885589,18.63282834976204,17.330642542408867,16.598199205294986,21.15766169068595,19.810654038681907,18.626393910784167,17.338977103844663,16.63070128482578,21.55035312758759,19.8639836867179,18.49685337574359,17.22588118585357,16.682912368651454,21.574625341363312,20.262824944451076,18.898598235413175,17.257467158958093,16.588757733883718,21.438666624448835,20.177123769558932,18.882753163707726,17.199573876564717,16.524254750958374,21.726513102225603,20.282366279385606,18.996256802413612,17.18738656683045,16.54179052250519,21.600495995648547,20.470272508760115,19.120138962663066,17.26709002106244,16.569122666522315,21.42179642723726,20.160752889375694,18.98999445021854,17.38792314487382,16.532082286719053,21.57726365567043,19.47863495620295,18.504037122433537,17.43554622272818,16.537859809340205,21.512930144582647,19.650194494208154,18.483937273519523,17.28294064074786,16.46169424385818,21.589629789467217,19.452341017181613,18.284307787324007,17.333988797953744,16.43219428020614,21.960565686670968,19.151783317118447,18.00024423052202,17.221743772122316,16.438395904534286,21.895174507559496,19.272400666929386,18.3660340389466,17.50956882289373,17.002977062221326
20.977049754330483,20.633094031567055,18.86385264525886,17.4645280329677,15.986811742843075,22.787527020962813,19.71443537968244,18.902743048769313,17.120857045694592,15.842382327707346,20.71509070253733,20.847645714963154,18.889970966847663,17.438660213977972,15.873533782242275,19.534503835263287,20.321263661365915,18.43614396730853,17.63122454047615,16.125619453124504,21.128262283880726,20.212363465704705,18.822861992199844,17.354731548521663,15.965534936496445,21.219869584004762,20.18688365121225,18.855167224729758,17.33217982777211,16.0354451271698,21.162964530867498,20.43464435631933,18.9377506872629,17.399636549913563,16.05624516956425,21.129298902132433,20.17816611495682,18.872911232112244,17.419772919597417,16.14866925161787,21.880203908172728,19.972401646343496,19.027625025466175,17.35705613299617,16.163692895582937,21.811913954229556,20.14710433453185,18.995095274695956,17.44196356066585,16.161536455367614,21.34641760484095,20.182128202781904,19.030952894991845,17.423211855548228,16.098501029918342,21.015341518344616,20.05373395338801,18.832259123445656,17.389321675341797,16.17764882255069,21.262627123051505,20.095556301209953,18.945601504217002,17.33036888290689,16.043855058279206,21.223494390559715,20.196774019064634,18.995993063881997,17.288197053085742,15.989231177484916,21.28112481404325,20.05439554251315,18.977532151592527,17.167992342598176,16.157248112735452,21.523708950529944,19.848187349208292,18.919567746808166,17.296596716164284,16.215821069645948,21.567627570837313,19.84867072692013,19.047640835309785,17.35289590479626,16.26857437414077,21.73772542100535,19.84857632914601,19.011816222804732,17.332765259586843,16.48717528923453,21.62227495300518,19.78421827655044,18.979153721511917,17.373059597951872,16.63223768657707,21.43561370505152,19.93320094106182,19.23441740848864,17.508903910228845,16.453278802952006,22.128810224441544,20.00342206370336,19.2145704339982,17.312868907664175,16.478875083141048,22.173432681754417,19.70118080815613,19.057843486019525,17.151324582754633,16.37124641970081,21.97122881137567,19.6639422918395,19.17567107123953,17.173277959908006,16.217107877962626,21.879119815479402,19.652516063564303,19.038163203967677,17.22101419390228,16.256322649197852,22.076575528943884,19.45972814497187,18.744378425935583,17.176128329731608,16.32004817502995,21.579188542264554,19.401706713088267,18.790681605725684,17.271932475073214,16.33266021701016,21.489750650346032,19.60664481748901,18.85789956020753,17.436489330945573,16.415279342031173,21.340572956538153,19.556351127478827,18.678332176008063,17.4637605317436,16.45701205669213,21.228915377572697,19.644353502980074,18.417734274178713,17.397800249600703,16.468807377475088,21.13151072268259,19.651617029814457,18.33845283142681,17.417444002299387,16.396566149346235,21.108948667174538,19.562642583884106,18.19805232905067,17.415767234956,16.42438825556275,21.420634350224013,19.62551250357377,18.259668996683,17.37313193792272,16.475003009718098,21.54905509941975,19.820303388879005,18.336528106340964,17.389909278162207,16.531170354649678,21.635638352724392,19.831189464267915,18.55543726883007,17.42891449710451,16.445598077020964,21.595713777665974,19.917294982403448,18.741878589044212,17.41926228929781,16.468437033244793,21.79006581866467,20.207055537802454,18.92331204334763,17.34438644259675,16.429317849141633,21.832082267359798,20.128286503993195,18.839838777637247,17.354067790340583,16.329383446596335,22.03079887189131,20.16217514711663,18.879597298578716,17.3140823505034,16.22567551241287,21.86787801091993,20.223976779883483,18.776438543878278,17.33484350076313,16.23992730809413,22.118662547120415,19.863348973556924,18.740014914985164,17.347793955133415,16.36349081683014,22.016650624075538,19.750532239202506,18.579390004646825,17.396189501729708,16.271098961336637,21.744824419623207,19.75951670336083,18.532255501948946,17.378125875029447,16.36586131237959
21.30252154905343,19.764360358241284,19.652130617454063,16.948189388257028,16.228131062041225,22.199308602619958,20.45570040578561,19.4272540858751,17.30904690827142,16.161180572459944,21.80427948541602,20.004258397112963,18.57226518509515,16.861668443758244,16.084038687298506,22.079185006781568,20.105851800878202,19.09736559114551,17.511456402726754,16.07690120589735,21.784928723258776,20.01088496633277,19.17356565744437,17.1869464108074,16.226211098869705,21.65304384742859,19.964866921668705,19.035244427836698,17.340432669769246,16.091458054621576,21.466487142075025,19.906144934359634,18.913681118559612,17.317615460537976,16.068665695293962,21.448891036627668,19.845976149051527,18.956143178816706,17.344466791457144,16.035504164551536,21.66164826510535,19.819443636801147,18.929342673301477,17.295772520338787,15.995602954348408,21.739256597445536,19.87478451580679,19.033481248059033,17.292631927769257,15.95694642060477,21.900182830455442,19.90159293950793,19.206642502926556,17.20950155417324,16.041374277732267,21.89438221403775,19.963982724115887,19.25351878307735,17.27234651249244,16.10138187225787,22.00051756737717,20.028501226202515,19.342612637280858,17.364673350085422,16.11493681532593,21.51533635217819,20.087724689550576,19.291924451789697,17.399468329182884,16.175285596454863,21.513501769113567,20.16683115607458,19.230560081402423,18.09942379008745,17.129618423114866,21.760566570476595,20.30810218399389,19.18859294140183,18.667714155758357,18.085673126882988,21.85945901329244,20.391968505370883,19.1395685458996,19.100320214998998,18.846565331005085,21.778464531628398,20.333010721599273,18.981795366032493,19.495470110296644,19.88852611928393,22.056852333667837,20.17939988579272,19.120877307170502,19.93906102290072,20.6765086915434,22.25005504723012,20.378965915551213,19.623501407719694,19.748937682973537,20.48434643502727,21.80129646201363,20.222820091630705,19.491636181462802,19.582034509768544,20.41867740813265,22.04269358277493,20.263097097780687,19.93461020847036,19.587941932386904,20.444557909235776,22.028817485703673,20.281045718391482,20.235440636956945,19.64838257818679,20.221488663116155,22.064933216303277,20.419412654404127,20.338833802423146,20.076854898973558,20.72520406633266,21.91576454390096,20.094765875139366,19.805491298400533,20.08213750466362,20.774142803064944,21.753229601568062,20.218046109503593,19.83656354631455,20.102771474355613,20.72525893881678,21.469298260141546,20.018150702696563,19.55914467613155,20.13909255421401,20.7017811688398,21.483237948254743,20.14520864764898,19.410843825371895,20.127030494796408,20.79090167785889,21.18616556957621,20.26851494369922,19.38628615054866,20.066018094038373,20.608715649973288,21.005442297697883,20.158572636880425,19.521037223029577,20.072180076825283,20.605030176138502,21.417989211083558,20.031562472458493,19.744269289594875,20.211203573351618,20.73739517556679,21.760504861091363,19.932529636022828,19.605130257186364,20.244904950207093,20.880295986708614,21.554960982199354,20.180970709391083,20.004225768182696,20.29883711349165,20.836125620149637,21.886114102267978,19.993979663785762,19.889261558968485,20.00354278569076,20.60686650899786,22.198193315235798,19.96689173129916,19.884817787191004,20.09654435614609,20.644502237786412,22.45156028379784,20.068354900125392,19.809978641522903,20.140223072962044,20.58768791064626,22.230144327156243,20.322059307031545,19.831796749326536,20.21448424355471,20.57007501190419,22.19331896001422,19.643490520988532,19.331834974582094,20.258290231055934,20.527528322549504,21.860805691383742,19.656329759177996,19.306118981128616,20.186257389198364,20.51754085271577,21.432247371266765,19.905228170839557,19.038827627751317,20.073404059693054,20.493371350103992,21.239702101665227,19.86783306329313,18.91035635322729,19.86607405590647,20.457525778285742,21.116807183367705,19.63873881246094,18.973151840040025,19.849443891939917,20.41886047293279
22.570460957259144,21.01164851902726,20.128440600231542,17.780869512606493,17.065387403813777,21.86139455304142,21.359103365260125,19.85105869789493,18.04487223202665,17.176728183991447,23.229883097789386,20.47119811535805,19.652632920138068,17.90705061435567,16.93453539074998,22.734364787673236,20.94706335553129,20.13909190995601,18.12114036302883,16.933085447491795,22.601771581202367,20.81789175735551,19.879189757194364,18.141028205869965,17.36448926643681,22.560033650892088,20.70903043267765,19.788870217557616,18.31580884560749,17.22102095107148,22.783232338059868,20.66992772368552,19.704250546546756,18.287650602952553,17.1861731704955,22.662121523726874,20.742795965726025,19.730060668073783,18.234777109511292,17.17042474163622,22.927313445076887,20.752648789810436,19.55989550308977,18.17414128921842,17.16777838795685,22.93907060194321,20.782664575832577,19.683155234796782,18.014851544008263,16.851170330750186,22.94238957839606,20.755741294366267,19.770126136240513,17.889391883545535,16.976466632885284,22.671548430819872,20.772942646848293,19.86448163536894,17.991892878155532,17.063523068638784,22.75796290475486,20.794731253467898,19.929422353161662,18.17998243716133,17.116065172392872,22.215632753838417,20.686564973414765,20.05687013051139,18.270778568559557,17.15478636373037,22.378955793153096,20.937548055146017,20.253069557751875,19.292442840848217,18.429113874594485,22.764829441275662,21.11509653870165,20.399316024458678,20.17057078057582,19.653068378843596,22.875378547146784,21.16951934220966,20.430609575723235,20.838191199284516,20.683291767264777,22.71083536220754,21.119069367994364,20.321993863034628,21.468777598429423,21.95465957399903,23.086455196233494,21.224260200561474,20.49669745994162,22.190063286488346,23.042388875334098,23.091047335243154,21.27227663444956,20.78294066834004,21.959919043533674,22.874390424543584,22.482135502367225,21.222047461273867,20.69407399870078,21.820729626572,22.846674806500392,22.800311530303063,21.23534645972612,21.013892687398247,21.90434708624831,22.882691108327926,22.808755162335334,21.26104548031755,21.254074408609476,21.98400295141871,22.690412811449796,22.76010553955318,21.29491376082677,21.457554422518086,22.491785113062555,23.232627566219453,22.73059322176046,21.011229520868255,21.016223940825995,22.51163328360263,23.283755579275404,22.759860404574653,20.960970020399042,20.959968219540585,22.551874990023208,23.209562304765043,22.627079593385353,20.83714238552692,20.7560560187488,22.558281075285798,23.17459404205411,22.79132450853131,20.912555321075047,20.70328621074048,22.546742156706877,23.248272293182804,22.715588900049504,21.10499704133364,20.729643991142602,22.448265108227435,23.01847740528436,22.438604225621233,21.175567083053437,20.79491010816122,22.491186740182982,23.034635628426038,22.67059943215302,21.157029128539104,20.99363258737919,22.575365991606326,23.18054150470929,22.686887574731667,21.071987226594455,20.926177855950076,22.609751228535742,23.31777796910382,22.446534478210587,21.321484337902653,21.247091575344747,22.67720864199012,23.301000299929683,22.346397429225426,21.123817930304426,20.975569230369686,22.38682736026295,23.0869317811918,22.82555809311759,21.23027221512084,21.03717058960643,22.457533499376233,23.11445551254273,23.212036101426214,21.277510771932278,21.029435985219926,22.556296953470017,23.053663185274644,23.097819398271636,21.5291583086236,21.051571659058546,22.657008509411707,23.074730589344767,23.164946804362863,20.943454862194653,20.604356704234355,22.66170693612639,23.040431531047723,23.24866278915653,20.832309235106017,20.587349373093886,22.569949679760718,23.02037119327299,22.829930015226296,20.78240885382646,20.408356691487604,22.454887028840982,22.974275572487993,22.376875916143906,20.765169943723418,20.310015369807708,22.22368508656958,22.943996757655267,22.455147180420948,20.445645968963937,20.441842303933452,22.193938226402768,22.852539746184398
23.68391126362572,21.893007657428683,20.53909005247803,18.989509481471952,18.77912817549076,23.038960511413467,22.048057569994377,20.56967242968247,19.221831695835377,18.56563316087542,24.422703851107535,21.145566158572876,20.16121589993011,19.058557918097886,18.430590081407797,23.78953383504692,21.148390071259318,20.716845378193455,19.12810221536288,18.418100685911345,23.820294729289735,21.368865657272966,20.476168165944223,19.28038749103416,18.722536247350728,23.721961164203062,21.191489110978857,20.44214646448362,19.411880033380147,18.593517163292283,23.917042586759862,21.187899007118112,20.326122984066235,19.38730221194047,18.685198851878155,23.738256986845435,21.274486306343153,20.424629616485273,19.378989303967813,18.78085466397169,23.889055752775647,21.364807931106323,20.272989934833284,19.405948986299443,18.883219937500478,23.738930988043087,21.476478491019883,20.23879232474976,19.310995603485665,18.784150472761013,23.876242263190132,21.545880663118304,20.220733447974222,19.32092003501512,18.962627903975417,23.770241655929183,21.501967628784975,20.32516086416339,19.443235343142835,18.98435817571875,23.82112172163756,21.498309787005557,20.353543761974784,19.622849921893298,18.99887291348144,23.421875433461334,21.413742124214863,20.47270876032385,19.658118300432044,19.043097903428173,24.109981554904927,21.691295573797877,20.685800733535494,20.335618701040005,19.96996796237689,24.431580624869152,21.85716428344987,20.924219021789753,20.95018788045749,20.775920799581655,24.308536303825946,21.965078179361605,20.95137640263518,21.471095659412065,21.559792722684666,24.3092638947116,22.031718378743278,20.957049061606607,21.944054144991995,22.479228414347553,24.62273056442221,22.20921294682078,21.10821497501292,22.446513267438657,23.27713088447322,24.05429280438855,22.118930482646846,21.482020561730245,22.29785779336823,23.156399408475252,23.35208565368433,22.02399919943492,21.466478564345124,22.15718007942588,23.202655467191224,23.737046619924378,21.966662265450555,21.727510184460368,22.107639313101224,23.153146783026948,23.609445888736786,21.950123878946,21.812223895317356,22.146735751858714,22.915822637645213,24.061609558952487,21.874259131149536,21.892816209027085,22.652643983882978,23.256617643519764,24.149278722995202,21.8535912005208,21.334187081001538,22.782201896323222,23.392259005774285,24.367724082568664,21.88623470698422,21.247390376557057,22.89877360347984,23.36316350315661,24.263090135342246,21.818716227546453,21.19354719108239,22.974058781704883,23.35784669844563,24.474686695665163,21.890317589857812,21.146805520099775,22.99470026780308,23.49997232528079,24.364217265610854,22.075797992412447,21.268615474418084,22.94777411693699,23.381705626936196,24.204809280772636,22.103781645906558,21.550995895779696,22.950393488410803,23.266227005298067,24.3040584640002,22.0826236808765,21.638451402876512,22.904387278383528,23.244799282373872,24.32044522665066,22.08170414447694,21.696554465498586,22.939511899697315,23.38125586959548,24.09435582803298,22.16870611674468,21.859456152140964,22.967075904337843,23.46552247971412,23.454981547177916,22.048855096271968,21.62873861436284,22.60973263499786,23.280972120746334,23.853347311878988,22.04307922401463,21.717158378810083,22.63709386183573,23.352651191929404,24.32203033136803,21.985554419556696,21.704968593712778,22.749707957997906,23.414144927835547,24.22205051308685,22.09430168671305,21.42374997350982,22.838641962117276,23.411589478793697,24.377185571882148,21.763083765097413,21.291833772832117,22.842345119882502,23.348385665467276,24.503693832815664,21.62308218536713,21.316553678861926,22.830538305841767,23.316440532056,24.15497437818438,21.60968161308297,21.027855622472504,22.705121562335655,23.130630242108957,23.454670428602466,21.645530095437437,20.928819911974635,22.52578246930913,22.972558123208394,23.809787972645275,21.292966328139066,21.094084340550594,22.598164617377428,22.956737330914695
23.977033499894375,21.31837854906481,20.587415070243278,18.935267005430795,17.809268748827396,23.51310218144973,22.12501115530118,20.612111140286842,19.074266233021238,18.018610725218807,24.904444208582095,21.047841391486234,20.16528857617961,19.077641384166903,17.873193193443466,24.00108810081037,21.13300586854427,20.685346963710536,18.815395399132722,17.855362519920934,24.151423225982942,21.23595453403093,20.517884917267047,18.861692606005317,17.84929462916792,23.89388575973827,21.21657845599554,20.572417445640166,18.904863798289178,17.760024714407955,24.02727518048023,21.283141313933395,20.447788739591367,18.838757033190053,17.73155769336612,23.7755001334646,21.32217536091512,20.506519117984425,18.741722201914605,17.62245917656008,23.839427093253875,21.46073713938258,20.381485350370237,18.681172286437583,17.587195284962785,23.4897328342715,21.583384366625555,20.318861795913403,18.67036162789261,17.536558078442816,23.692506766871325,21.449961706857998,20.088479144605895,18.615959425967183,17.59401469236237,23.460266971114542,21.29846544226669,20.218770426707582,18.563307296126197,17.609543235235332,23.444197269627274,21.356289247246895,20.234837237307346,18.576358476367478,17.731866543658263,23.222150245900245,21.303215802648904,20.295101706094098,18.639454455601218,17.742351613114934,23.7225202555735,21.39449737712487,20.519772807188474,19.096424312576033,18.4899445577098,24.034064817075524,21.71510296012097,20.731987551827697,19.38082628421771,19.0679065482622,24.014566928889472,21.726465314244763,20.700024687865877,19.678275491534023,19.57482058423448,23.859536589153027,21.75392824264495,20.71418970112479,19.87386525161034,20.04512206488111,23.988707197047866,21.959578195444625,20.838856778073357,20.010830855435852,20.570914177082237,23.77449769885147,21.97335569827224,21.033269392361355,19.84330032543908,20.3666302900736,23.240529524888338,21.793100096390333,20.958183558711692,19.789927413171363,20.430489131944377,23.536925150232154,21.81996456392527,21.20927349307882,19.83453928403552,20.35247717777032,23.65922964775706,21.916497748048034,21.23784136617901,19.843194006636946,20.250089629617882,23.784514780578345,21.664011926892904,21.170409376089562,20.395610328101913,20.621240814275666,23.915489798605925,21.678697487300358,20.68703541846555,20.403074519345513,20.76933425838705,23.95128358144705,21.727049426303402,20.76259150440668,20.44987644734824,20.722866605951932,23.874571005557485,21.59072805915419,20.474238005952465,20.44959722073435,20.79128978037098,24.02756532157085,21.560615995657827,20.29112457718093,20.61081981625808,20.965026682985997,24.054218009650665,21.588484335390568,20.377685802786615,20.358387912525778,20.823045287326387,23.73498902812831,21.468534637730876,20.565803807249676,20.447671926573907,20.7845139764511,23.92244321718136,21.47597238320996,20.459903981903654,20.373104191309828,20.72600960838969,23.95592420492929,21.358446493655528,20.459295910482574,20.324102737688328,20.802346121626158,23.792371327457463,21.319341435561334,20.416862118091046,20.28104703279684,20.727986762526307,23.29132369909727,21.41733526073908,20.216639285890274,20.122014699737644,20.50807780433084,23.7531130905787,21.614738734645975,20.314013432489226,20.123388346062725,20.45181153453181,24.190859106678552,21.665724875965804,20.452330430025523,20.134673978513028,20.502247507861632,24.04207958034076,21.963191772248447,20.3467499449914,20.217676888397058,20.545282603079702,24.16859745056203,21.769610935999978,20.29031909166492,20.111642230339946,20.584718556618647,24.26285857678995,21.6162360208693,20.276781311989986,20.07547163037841,20.596162293212934,23.936017333076414,21.589866761122114,20.124604971456954,20.04941812825806,20.529745332810126,23.23969105780855,21.423646622480998,19.87708336140777,19.98903014700135,20.520811056243538,23.367521052925504,20.985600189393644,19.955506946883748,20.185316983422062,20.5563833588667
26.702971461087955,21.861404149179585,21.225589219624357,21.571855258321335,21.664680286320284,24.762210363405625,22.913147817086777,21.062639418740158,21.418236731782045,21.04217418763519,24.126636708830155,22.97000174643958,21.483175185909737,21.219193154203275,21.535743993129827,26.31531038657363,23.08804138384934,21.130427728189144,21.70080971315313,21.709411093351957,25.26646664707406,22.45417912272989,21.310291996760096,21.398888394990607,21.421602732316973,25.19052325997703,22.570868480722616,21.355280132049614,21.344728698714793,21.32272095830023,25.340365556944427,22.528255997725513,21.247563674467294,21.247752211542814,21.42485502550803,25.430621936670825,22.309563936796685,21.344793678633703,21.217588126884934,21.270182736166433,25.165593866200382,22.073973332456593,21.378259702287444,21.135779150259744,21.144683761500925,25.046830612132357,22.338403241689708,21.29934033114057,21.247074596412514,21.13207701580176,24.659924067609456,22.347156242455576,21.31915436811869,21.21842724748118,21.11205814656456,24.539618495502232,22.259384325408483,21.615750298291438,21.34413632578435,21.101422078550613,24.71057533715542,22.18585481889205,21.62776168749238,21.36812080752571,21.26774218285442,24.564568530843317,22.208912635152455,21.672671426932823,21.32702043840766,21.256540065044387,24.954636204587604,22.137869631936947,21.963928317892403,21.27840932575438,21.4074046921128,25.268437893318698,22.176418976846442,22.07475609550922,21.201601085826006,21.394353063817174,24.982164831755988,22.336880421535582,22.010492328200307,21.15800446824929,21.244699292393925,24.88699365197894,22.385885041335918,22.01477343119162,21.15708910126284,21.012818048431853,25.082332507549268,22.593507805299218,21.955756357678947,21.151222310331946,20.98188932776981,24.78899533000858,22.566496257665797,21.719385452016294,20.91522410639633,20.57750315928568,24.322613122074237,22.315141756826268,21.502940097913868,20.990587580224947,20.66432140679936,24.772403411737223,22.46477077733875,21.469957319427813,20.954560007243977,20.707712384051494,24.982785635800802,22.810055745507135,21.36488036225,20.874984491383515,20.695934792657788,24.94635288570223,22.587974108132574,21.47363616468286,20.893368013820215,20.779909273631397,25.027983605565428,22.680299389666157,21.470716595288284,20.999204456773604,20.88643450842138,24.953776810392004,22.799478997855402,21.29407348589502,20.897900196882073,20.594185147460685,24.615779356278374,22.362120908276655,21.2007454565925,20.653227034782738,20.268504343238504,24.571440298366287,22.212057018003787,20.986007494735578,20.430007660893203,20.09073871163304,24.61183106472709,22.19801574916773,20.812850316891247,20.352160770294624,19.88012920726914,24.451934749673832,22.024428605254162,20.66112568302859,20.261537645009554,19.72465608779339,24.74879226136296,22.146150040059016,21.02869666343346,20.22562438104418,19.7846726768732,24.963907953667587,22.369394682117377,20.963022674185016,20.192107334018612,19.89425390111033,24.63673725791881,22.500658611783543,21.30920988663623,20.28528305251057,19.875033644523217,24.367420793824444,22.699858843751134,21.337804912107558,20.185623124216992,19.823759951604515,24.675934542678146,22.7757062304721,21.421313123339978,20.21250504955909,19.917479587537844,24.73635403387008,23.091301555112477,21.436122791350364,20.33244631240905,20.07499156764003,24.63720397065483,22.868561590370625,21.37602101424509,20.417530576012034,20.15276015250019,24.804817289747135,22.657440835996823,20.967618332315453,20.459804059085048,20.258847262969567,24.764436695913297,22.55773008548292,20.90846501836388,20.306498217908754,20.246491837258112,24.240598243573153,22.552767233861218,20.890967618884765,20.35152483419255,20.355471012469895,23.7564747068226,22.201384622521168,20.44858811384386,20.14439035960769,20.126201479387255,23.80785473217515,22.38276772260417,20.495522073254683,20.50803742591439,20.364516367066276
25.876390647643223,21.43320986370576,20.48927607731574,19.458571649187295,19.572149260036998,23.18889191919923,21.49309233951159,20.21955910204197,19.229145868722885,19.295873714001324,23.894259908795327,22.274157990573087,20.745286780918192,19.312487751217027,19.504895412962025,25.169533192454637,21.638434591038806,19.85507277260158,19.92373005890179,19.954833547429946,24.24866431921944,21.61502170132335,20.441916700257888,19.347373263009956,19.455717370268907,24.11216467806164,21.73482955234856,20.429993418986648,19.347646577621912,19.426120709321197,24.397643953330707,21.749332949675626,20.407556250690803,19.47469316771902,19.52474401100819,24.39615938305295,21.519583948927774,20.418306989234374,19.485820805655834,19.520765947415224,24.221663826410214,21.43049730380671,20.56177700471074,19.390899632814534,19.325191557804573,24.143366015072555,21.572697426924584,20.52737235803532,19.487831391077126,19.34151746615749,23.73784891908063,21.453921143662274,20.585155905830003,19.489896991862036,19.390168885133605,23.67659181150426,21.443110783837046,20.80344929450367,19.477524379298238,19.347840311184804,23.84001909771829,21.316463342316933,20.814169146799788,19.51106538026888,19.31307408365813,23.609635373508006,21.302872639487163,20.799641732306803,19.529246558867538,19.32201968881727,23.696191873876693,21.176836578759797,20.911432549907644,19.68557323320052,19.482071426919504,24.03045797167068,21.327587848100464,21.154152170511,19.680452492163266,19.39930501720559,23.650965916087866,21.414480676931003,21.08892733719339,19.633770597781393,19.24269297627171,23.498657007651087,21.478515360859088,21.12841686756505,19.668477874925905,19.222478635858717,23.70017427088959,21.634401772106624,21.131075121231866,19.59296824703066,19.20586344130313,23.693158048881706,21.787165424365377,21.098940918841727,19.427522694927504,18.982369483786673,23.24468853168691,21.544787787904617,20.700011970391763,19.498643582857415,18.95798341796339,23.727496019073726,21.738507781904207,20.726874373598463,19.508735547428707,18.945778736198626,23.87337689474132,22.155558411089224,20.59501875779255,19.37376613564826,18.888889285721067,23.809866384909434,21.90842472810549,20.652588270629774,19.580068005978536,19.178306378790825,23.8779089902688,21.88041664321644,20.517682851929795,19.595114640649562,19.163560273922876,23.955776244957686,21.81493448669508,20.314236256470718,19.480332352262344,19.10370602710525,23.62648568925197,21.385433632598772,20.203307052940676,19.39394309800412,19.040324822720343,23.544536624700417,21.252077166631317,20.1238237006174,19.298506614693434,19.015758446242685,23.708770443503134,21.268845279139764,19.969711133752497,19.276919900571237,18.856500315272662,23.648891931964222,21.06794963187469,19.966945354384134,19.30293799105069,18.848363665103857,23.704531770120393,21.306564002547702,20.393943050412425,19.368930116466327,18.87998770036216,23.9430938040274,21.554360774626115,20.275682763335322,19.279333143276887,18.981099043387566,23.753275220036443,21.611528977449492,20.54024009456906,19.479926295957057,18.93547598528368,23.459266633758762,21.839538067681296,20.533712983074516,19.298886698393897,18.804959894713512,23.62238370331695,21.889019131335893,20.58802473403798,19.28310451283098,18.820646294188872,23.709186911734975,22.13863936962089,20.729797864635252,19.266300933510042,18.888430700378326,23.632390345702355,21.94641170474155,20.720874638419975,19.34607775752604,18.88292257165045,23.723752258557028,21.710081821761428,20.341368191370133,19.29572538186979,18.869863871042075,23.599469582980213,21.66711141632132,20.388172049938106,19.119639737492655,18.808777911251934,23.385659106490753,21.72553993069486,20.300047275723138,19.06487362086275,18.82636670325719,22.905701835412835,21.445696493039755,19.875554524387535,18.958046974332,18.66021957837204,22.823159803774786,21.61268411544454,20.00460024871318,19.14264251503278,18.831040908866512
24.136651045160708,20.428090907121668,19.92012680517383,18.11541709626587,18.152458799691072,21.87876975745652,19.890672486913083,18.903532919887077,18.20708367996002,18.590946785278405,22.016754901125694,20.829677167636074,19.27446802984097,18.06971140276773,18.366590970333757,23.540093940895215,19.844387389229283,18.693206791549613,18.899711127104467,18.627006392208358,22.841100663990023,20.280910086696977,19.344027368200482,18.168811405503742,18.20035750905403,22.82183368105225,20.38690164081124,19.249531518088283,18.214841621359124,18.226528708011394,22.896319193312017,20.411869398936588,19.42599829182543,18.274010683044004,18.191249961464592,22.98003714343105,20.296436559742684,19.482132004624397,18.300119118950786,18.127868786698418,22.89032874414077,20.343870673150604,19.697333022447378,18.167790948761574,17.918979270303385,22.688049668585094,20.36796658556539,19.57675348285157,18.217362644210944,18.008138250490987,22.194009923107053,20.189374099102064,19.633992138518757,18.16558983598112,17.910652569435022,22.34149743963873,20.262989778304913,19.6100801862398,18.17628751004963,17.794083708188488,22.352059522406858,20.07063199086605,19.555527419416993,18.152903218469337,17.75481421615605,22.07623282074964,20.149419212708956,19.44981900070886,18.083500064614693,17.727241057682143,22.29517391736804,20.122537563265674,19.550551443920845,18.33411189933829,18.003092213437174,22.647203047483227,20.25767473208719,19.749096033090026,18.37417216961392,17.978008832097373,22.28539654983079,20.266015118835956,19.702979388771563,18.230994034503393,17.943381738301163,22.176220911108146,20.329227542681277,19.72717959046097,18.222853684249824,17.972840028341952,22.37967431493587,20.288726927184133,19.695795093729025,18.14177276130806,17.90484423837988,22.124787211898575,20.385437910900308,19.75932329053966,17.946876740189868,17.558638495095447,21.71289430789515,20.061098498927443,19.32678037732854,17.912995359850306,17.530816126962222,22.172826482142188,20.21716892516792,19.517935579367848,18.007699917335163,17.453739796077894,22.427137163143907,20.59398357681101,19.405516262636727,17.8967026209386,17.291681337197716,22.360749922661295,20.52292059278488,19.57791838203019,18.241934504606576,17.757801192861987,22.490733166768575,20.45795284505144,19.401793454801236,18.2133932188894,17.746880225740608,22.59388913392043,20.457534959676714,19.33116827164857,18.187280423175913,17.739969672986433,22.295303244981742,20.20924119396052,19.118975091948794,18.164270488556486,17.706738426066746,22.237758653343057,20.169928202621822,19.166822603807823,18.164660231243694,17.7659874531333,22.37216745266723,20.042826359385227,19.00722561756598,18.08218494517927,17.556328228983375,22.284037458499483,19.83812677966959,19.050772767159778,18.116017952894587,17.540801933681088,22.29079706510933,20.164774711445478,19.37124450152657,18.167989447676245,17.567656632751984,22.52818752374914,20.311697992164543,19.29611877365191,18.07316111556998,17.696322753792668,22.17103790937518,20.505312396591062,19.700170151002276,18.210016675027493,17.641521019125456,21.801133731648143,20.590799813694993,19.671584905501057,18.099009785988432,17.487372564277443,22.02950213725964,20.61370272457366,19.686455664179295,18.09700307335702,17.498674447969073,22.042415107267843,20.780381822294565,19.870819453370178,18.11727133921154,17.520458405207112,21.916220066787798,20.562339689243636,19.781922276104336,18.202536021887404,17.48059632317203,22.023149494308214,20.00737498201696,19.258317512180543,18.215316209154743,17.483265370050237,22.066590563063198,20.160855097036777,19.25800102226926,17.99486107018523,17.45781821500952,21.91329577338467,20.179500556658002,19.14395708721773,17.946565442164378,17.505697506861445,21.706359417651875,19.90120372980569,18.689738603436872,17.782893100969225,17.447166086645264,21.61853079113745,20.060325331556623,18.94711921188332,18.13679150145768,17.860926612631783
22.399015786071548,19.0302986970944,18.691795758602954,16.60771873826343,16.038283335317065,20.1051518344152,18.3770275134186,17.449890667001455,16.556934470270377,16.21022289958043,19.629417505910425,19.476058948181304,17.97970836727074,16.32929020858272,16.215656701827786,21.45466491849909,18.18289833502574,17.526046042970687,16.903675751061265,16.222406956710877,21.010993063031822,18.87551655114448,17.992070123310224,16.43832324806579,16.056700613319567,20.963137709920254,18.94049671111927,17.8601417764608,16.455940767605362,16.059260165204044,20.968609247251965,18.84595501234803,18.028972841413044,16.50792075132305,16.0730470214772,21.137892882054267,18.800910869821532,18.064277694184845,16.543419020324997,16.02066912775207,21.222783652297604,18.927269746188916,18.227008473509915,16.457033169972824,15.88405532607002,20.920137365839597,18.93292448613067,18.076950437946106,16.552326573687548,15.83305283424654,20.596071177391757,18.81437849393992,18.187918851032144,16.538986073710852,15.744133039742412,20.771452244762465,19.03825301387273,18.168129797487072,16.565287654807115,15.614685331981837,20.74113668779207,18.86688450367611,18.125139602641227,16.53144142062553,15.532816717160063,20.376652598286313,19.00314569259403,18.07495939894888,16.536553318166177,15.522671384029582,20.533719192869718,18.92759867198815,18.21969622310884,16.80371722345995,15.925806078169444,20.76579850264591,19.041828914259867,18.356728422728906,16.890899182130322,16.140477206536996,20.580444304892147,18.943380514681845,18.312594877625177,16.868927633097464,16.311023007361978,20.69640440259475,18.993270245938003,18.32155032026314,16.98648749151311,16.545124045356513,20.78889865139902,18.82685268037318,18.227070084791034,16.925230730984417,16.66315814837069,20.56907907818219,19.01633491325039,18.390187815267172,16.813674144796547,16.448211609481994,20.27789636725985,18.70177571807709,17.992913576947537,16.752307435330994,16.394667889405778,20.63108926214895,18.91457699171695,18.22136181216831,16.836322362364218,16.2928028686834,20.6231749805392,19.107899812957093,18.17944644761632,16.749957929622592,16.14886654923506,20.650391243748437,19.106786423798155,18.34596777950577,17.08225221549059,16.56739558955611,20.699571445419092,18.9331891952153,18.05627912978353,17.0456679054904,16.58888799287677,20.648202272262488,18.890818499096305,18.027863845733847,16.99687421411096,16.55991313555814,20.3912857244892,18.75350831234313,17.877813971198158,16.967105618649292,16.581811719841507,20.468468054937595,18.756275163059478,17.846269813117395,16.967575099380788,16.65028237031609,20.531971219870552,18.70348280553605,17.784602648583697,16.93510299616326,16.454802012683622,20.567788360382757,18.525575299167954,17.974969635837375,16.939191254016357,16.425447137214327,20.61314434517303,18.838993892725707,18.230652322315287,17.036992388831113,16.472218691598115,20.83619307810508,18.862723651714795,18.133228102474202,16.971802711105912,16.61131773923196,20.269029264406555,19.01054955228189,18.455067008677727,17.040577017933238,16.557715903249658,19.973886432426944,18.94492158453106,18.33241156595674,16.894168471374297,16.391609391879182,20.164987099431087,18.96477544995229,18.254011006539415,16.922839626308928,16.36850541972769,20.171559527220328,19.098804118763056,18.45976003706601,16.918747058866668,16.335742855162202,19.9752522074427,18.93484822910414,18.342562554175675,16.96834248504973,16.275439421658014,20.283820441416147,18.472837565608696,18.01732973223187,16.96478551553734,16.30043952185335,20.389770462767473,18.644378153961135,18.084633061242723,16.850277135631632,16.30590174830027,20.160146570672616,18.589264643297764,17.955413467314752,16.81651506513558,16.341900626766954,19.979833274707296,18.370773886456824,17.53563712116358,16.713627087346673,16.323888494562944,19.84827075852268,18.520167923384992,17.726790700807385,16.896687677624115,16.561266345882277
14.61597304614812,14.206371328180367,14.477698358729253,13.043623101848025,12.845596033330226,15.712090823166989,14.37042553357463,13.553858755246507,13.067403705300903,12.742951758060595,15.302461778245664,14.413369373657446,14.592003734312874,13.72351575328994,13.252305489495544,15.982436283919759,14.664476497070623,13.579375315070402,13.505183026687103,13.292263712388507,15.409626063428396,14.351681810509035,13.919115846559592,13.185973058922741,13.073344161345622,15.427834628672827,14.481803471876372,13.732115240937778,13.170003219860934,13.011166922816617,15.57262851726603,14.632396088875401,13.615327183000716,13.147212145564575,13.062948785284096,15.723401232212822,14.70564683805081,13.326955227366378,13.055287507605943,12.889707105189732,15.677824525117382,14.647845335707046,13.496025765589113,13.070771186291418,12.797779551033505,15.738133293583207,14.784996665243904,13.494322409615904,13.211181172813136,12.70359402868129,15.833911193574858,14.754691940493768,13.524259356285782,13.313606309751838,12.769892161144401,15.782668009367177,14.472871391454387,13.644082165089126,13.360913653795288,12.712856943072385,15.496041168779815,14.509939928600236,13.785541108166077,13.409354531596772,12.877233058816492,15.40644112589355,14.491246170844374,13.678630000720464,13.364753263507046,12.903155499745575,15.553364756724417,14.456611179112054,13.659671376815647,13.373654218643225,13.001592676490176,15.845426580352381,14.446187972231263,13.718921876850331,13.44539898547248,12.985845154997813,15.596246688825493,14.629148390934839,13.89650637013322,13.616492524086553,13.253407974856069,15.841154139389573,14.470352115571822,13.869136135924814,13.658617590485676,13.256188073706307,16.131819905506358,14.329554788240907,13.966186970027456,13.725563552857745,13.410890150430498,16.118833670273933,14.450432066037967,14.235801056461174,13.68631650547519,13.32761097434739,15.846175528254216,14.418493147478582,14.301317829256387,13.609341938017613,13.446354720250596,16.014807249413174,14.291220023572816,14.285671205732296,13.523857685021222,13.255568997429672,16.064046636368722,14.28348003634745,14.102748047620485,13.480110782270959,13.216628632698596,15.849636245371823,14.367950658834502,14.01230888807623,13.381618942220362,13.071342037542854,15.57029722640605,14.148374986187367,13.610928110911896,13.407562895414065,13.0568773415359,15.617645612516018,14.22496184085576,13.473389875039803,13.353149274434674,12.88380025795216,15.48808608316258,14.231293001429325,13.380283766830113,13.341084568350363,12.87872094397743,15.33212804601419,14.240034918437152,13.523272914053532,13.290835934410797,12.8292307316046,15.345011460705749,14.318608819291205,13.478772684951537,13.314732314384045,12.80360325852306,15.572916267948566,14.413905730724824,13.730636951215917,13.305286287045764,12.785365794701988,15.572409214930241,14.356152207015551,13.626177297811415,13.327017444187977,12.889030092730911,15.569516951386428,14.473977845000562,13.654707616562053,13.264524703640856,12.840096291062313,15.671686846540831,14.446934933222058,13.828151883684509,13.121474607871761,12.909258183181297,15.616675352598929,14.40555240524076,13.931790507842958,13.061682644293679,12.962910696343709,15.383645023993603,14.543897715325746,13.717122418416071,13.117944474296474,13.048428565187331,15.547768861330805,14.524310613986662,13.8311849052973,13.146289492346293,12.95848186233351,15.714659508227339,14.442323076410432,13.862859672071213,13.201904367710728,12.958094941438352,15.624454301542263,14.44637654291723,13.702048593846062,13.273182236412751,13.006328826087644,15.848415035496462,14.485130493373793,13.64611223964396,13.343157541780968,13.005171097796259,15.914965312823787,14.39591062740829,13.897687114348972,13.356932491321894,12.965990721317894,15.793142404608655,14.263373767520084,13.867471120347195,13.41325031159991,13.034974764082287,15.754623454573016,14.442672948038018,13.816665805175642,13.404328941965854,12.967368869887858
20.066272629598377,19.246142086690615,18.745226192177764,16.68067436933992,16.04104354899455,21.233351021780255,19.897719464406112,18.999053002585097,17.256767531568318,16.389606221884474,21.4604997374489,19.37656379209302,18.128583564874987,16.749226825589123,15.889083013238402,21.53231847687619,20.00694618299983,19.17032647399558,17.530988994349798,16.28559192418638,21.025359713939714,19.53902591017348,18.78607468131968,16.96384447151818,15.984229349181382,21.139521369217043,19.503879186513124,18.838501819544433,16.96860299065934,15.888629926919425,21.12981299710321,19.627022150010212,18.997548375974436,16.955278816269203,15.653148016941003,21.079115406193658,19.657890825300736,19.151305912179907,16.959980931633634,15.605326265361029,21.092230464514277,19.804154003385406,19.0229946868644,16.825903936479612,15.521149862870953,21.068678184868503,19.733569833320946,18.991706758690093,16.83064304780691,15.541714365873148,21.219890359334364,19.972073379710583,18.98338605425454,16.90736976779462,15.552823378527819,21.158741311468283,19.95121790684948,18.863883957384836,16.950924440784163,15.651482494970566,21.098214430887833,19.90642685253606,18.84674368312408,17.075626568525937,15.634261411482475,20.794896511429585,19.613450835013715,18.944606490713962,17.092154515774553,15.577573205052564,20.84411229032488,19.775085015863105,18.908740939259193,17.335004998048362,16.03852129197386,20.90210168517269,19.629877675261888,18.85144628912455,17.43848502247486,16.338276656657165,20.854437903978656,19.365615064677375,18.597115290640073,17.41444357485487,16.56144365442685,21.073620705000145,19.26878951859488,18.603371196390462,17.371306382184066,16.91879411720807,21.31177715667794,19.431238152034823,18.561887769000364,17.350895061397704,17.121062202234423,21.187404952063424,19.37758222648674,18.742918717174952,17.319901470310505,16.942153999775204,21.11986125805509,19.23143232345938,18.70720271170197,17.204294783138046,16.901800125733036,21.447334656315363,19.288012709997624,18.963481127651317,17.212649669952683,16.92784924022171,21.36571963852766,19.337263147348473,18.80240618125582,17.292021198241766,16.760030787113323,21.08982607126909,19.182867001768095,18.72562306667003,17.600467823605765,17.241306213820646,21.3236111474073,19.151622314865964,18.485191385543065,17.542536176475473,17.323658297427055,21.065895518543147,19.25053287747063,18.4842110082462,17.574688338663197,17.2971788506903,20.75162233439044,19.191874540656148,18.342162255860607,17.639564538082993,17.251326607434027,20.59217930547971,19.398531472986537,18.52077013519597,17.61334920685032,17.354375721293472,20.893828819507448,19.410002595443583,18.556331482002413,17.572173073038368,17.15824595457496,20.518310976725914,19.084978243848738,18.72261548876396,17.506702390528698,17.122676380856355,20.774186977497077,19.115136432441165,18.61132851058896,17.619332515306542,17.258134600385752,20.677371531960585,19.204052349192445,18.641212435096996,17.567595321074812,17.302051339870964,20.730318550406416,19.21692851961112,18.636839666090925,17.54212803253633,17.271351493109314,20.807133170995705,19.245380835734842,18.581141679427304,17.43602187440552,17.052023025620837,21.198924062681385,19.753183062807107,18.619583123675447,17.523672614899176,17.063256210771144,21.318083236062808,19.866936942373552,18.77969218120499,17.47880791112489,17.013916406267235,21.553650715319637,19.726197534955617,18.643548856282887,17.44892252350369,17.07292221383584,21.750034392505096,19.483742415160226,18.351329283107333,17.50701931444204,17.049503440870446,21.496899954457355,19.344961520390065,18.20739867534233,17.384519769445657,17.037409727164352,21.558887356342876,19.121518496950554,17.75619996201967,17.387685527115273,17.058530485683743,21.36434589696704,18.908519736508794,17.648440307771875,17.348605720353447,17.017032025153558,21.488947726110442,18.987836495944457,17.793909116141737,17.530880186249583,17.015022577696875
22.02518642830274,20.113878336260658,19.9869437166779,17.96229429175703,16.73853845952429,21.686565126135044,20.958019925279864,20.13974216216753,17.87273620782987,17.28158111996532,23.56880007571769,19.893611556972804,19.215566961487024,17.808395414879318,16.654136891034202,22.751807911972776,20.786493027566838,20.063331848187527,18.162943405861142,16.956990776868146,22.476166964314427,20.398375213749837,19.84257729347296,17.854936114300266,16.85215427355488,22.23336960447579,20.415697917769375,19.839166408344603,17.92720243782299,16.725944431996787,22.51109475274521,20.470756192135358,19.779342995318,17.916568967210374,16.561399935676157,22.196627530589932,20.541025538168398,19.826650643514714,17.86526863163572,16.50533594486874,22.330384742606366,20.58155409465144,19.611949660792952,17.7548356466416,16.49611414955253,22.12011390612131,20.474294149734998,19.583013435906434,17.777764335944664,16.510167765230687,22.445771528748306,20.459892748250006,19.49340519680981,17.65789570991973,16.587515536861133,22.1067782545159,20.40003702796528,19.48934081967638,17.77272325012277,16.80044369390246,22.16442759550368,20.475983439534833,19.57216920583514,17.943715525531097,16.92823547594547,21.611778264091072,20.28451177511554,19.744916650825946,18.08100064895647,16.950762676335536,21.794062694837137,20.574775782795374,19.826288722957067,18.813589556993357,17.89123019708861,22.00608922388446,20.641560773026093,19.92433454552114,19.33765087087719,18.79425609337546,22.047072188633884,20.617142441177815,19.773688424808427,19.63506364450564,19.391457111646666,21.807901337895625,20.443571644275025,19.736333154486978,19.91526142803273,20.251103665870133,22.133934255643027,20.731320178339654,19.706923838892088,20.213045257913727,20.93230465796002,22.25310629009356,20.6962139144254,20.027759740185495,19.97724172664814,20.766580436671134,21.70701316367164,20.63654166685982,19.96719765463044,19.805575619097944,20.71583878980685,22.017224794368758,20.58783436013296,20.348040627736292,19.895628182256765,20.728265734510096,22.297422781338273,20.67590138185813,20.356109595230784,20.007945894647413,20.540823784474174,22.290352381625873,20.528276616236223,20.551154026364607,20.527091730397064,21.092313709106346,22.385483115429583,20.482201526976105,20.024331716421127,20.600570024531127,21.153022262186635,22.418501694021028,20.527258842316037,20.038033334536657,20.746831986942272,21.128644856445135,22.250728780882564,20.504680767418403,19.79343307410379,20.7759285192242,21.10054142674617,22.263055350767544,20.68619845688242,19.819936248041486,20.753029945817957,21.18009115637141,22.34112201938062,20.78611309405708,19.76905750659847,20.669847632811404,20.937629344852244,22.040184234701165,20.674288866486993,20.0144779387197,20.63771715902405,20.955895448074294,22.360254018806927,20.67863739542337,20.027880158528866,20.685398602985366,21.071567172708495,22.392642094470833,20.647093611124443,19.97335859865332,20.705248650206634,21.18414719841922,22.283165572956698,20.76453157572577,20.14395177005299,20.73187358895136,21.170318063061544,22.130190650701497,20.73273452969972,20.04700061114844,20.4372539243298,20.926925061167537,22.53543028788033,20.841031032150347,20.12347309137485,20.549957656149893,20.950524763278985,22.7536917094936,20.84396930285035,20.186442610393126,20.605879429714342,20.86328956244273,22.74562723548064,20.976556267274724,20.07374479423878,20.643215206939924,20.911452454084205,22.848281857741963,20.540440377063316,19.735240371993694,20.689979415018605,20.887231694887884,22.86516479194674,20.338207078174193,19.60379736823318,20.617705205763006,20.89565588407364,22.569664010986727,20.39409517093495,19.22371361641,20.522589061486713,20.814108065441843,22.070642267921965,20.29741850105274,19.060280021237197,20.35890312039175,20.787291004864812,22.070739591536956,20.038391596992888,19.316883973926537,20.36354508605443,20.671308140489835
23.958790994442847,21.011147507297657,20.442101505142407,19.023809427650843,17.861383781613917,23.309298901241792,21.85657568589647,20.67214969236895,18.98951083797155,18.096778060052486,24.829411976982552,20.945841294852258,20.192489859054454,18.895481924857005,17.775582269429083,23.392346838541073,21.0902676246661,20.79449583315697,18.924202040462635,18.001543568225024,23.88424368816647,21.09927322898282,20.52419555018283,18.807277331252784,17.880141774993263,23.547639726946176,21.133488196267475,20.631621279866714,18.829008237453927,17.78274827109292,23.777675880985562,21.26949034614383,20.53596713946999,18.82378258575779,17.69933719521899,23.47946565663222,21.298864001633618,20.53863750723811,18.777841590994903,17.648620918342697,23.574357141966573,21.456286300962137,20.422489771861507,18.706003491251955,17.61277836532137,23.174583246989034,21.543139408684915,20.319624806506994,18.745114496047748,17.60054134138587,23.40277986018283,21.460119496450666,20.110115034748503,18.721076712200603,17.690830218840222,23.04323063811945,21.24361122486024,20.197786609646414,18.637621625831475,17.76839633117709,23.079220255669394,21.34766387158813,20.256881024324713,18.67485218168546,17.830190934162523,22.981780155401605,21.22193040798158,20.292728929875516,18.71017248833048,17.855332171753865,23.417547266962664,21.321168577179773,20.565250904974622,19.0180774678067,18.388536941683167,23.632683557225043,21.509100893078966,20.711502053793243,19.144628404897553,18.74779185494974,23.699867793078234,21.493221551116495,20.617951126322115,19.265536842535436,19.048270918020272,23.477432576399405,21.44214193129855,20.645046720972026,19.32572728460312,19.387514609867914,23.428215909913938,21.747147273531915,20.709806725487756,19.29434682789286,19.656566691364404,23.337031852372636,21.666967123584133,20.8158040951783,19.171536936391952,19.47315244428729,22.926740084517583,21.59426193850556,20.734288289967573,19.10043182440078,19.518898667032616,23.13356676889169,21.65628430507673,21.029140336959163,19.21843616172541,19.50424926260739,23.368027589181562,21.743872824157332,20.96248871160668,19.245417747826078,19.404816536181986,23.46236948933639,21.410723308305805,20.918953083201387,19.78547676731219,19.79760700999062,23.629968287112497,21.504742783578166,20.43810870598277,19.79207522626243,19.89018170473671,23.668826816869025,21.497663301777926,20.47084978655895,19.827415795440096,19.816340120175653,23.569623802380203,21.37845015513885,20.154814503406975,19.770920583077377,19.78660106800705,23.58768049467727,21.405972861526052,20.05360252263002,19.833788609654885,19.893684489562112,23.74112337298274,21.413869654823174,20.10695492330598,19.65499518221778,19.735425841625148,23.377582200160635,21.30316994649556,20.354850473007303,19.700902326324307,19.733888851130796,23.580029393579192,21.330104713982827,20.288995771775436,19.64501413763938,19.741789475725923,23.652661515989926,21.177878942756998,20.332244228085223,19.609902555125053,19.814213838334325,23.582176252283993,21.12573629731383,20.343740565358296,19.636185849597286,19.758540262631463,23.127808402819245,21.29893929859868,20.16475262652869,19.48702707478663,19.533358416125147,23.590375365403336,21.45439239517222,20.269695682867223,19.527230096708916,19.45465474992498,23.89972699718194,21.469986049127517,20.45997413284863,19.601477874818606,19.45734961855597,23.741223541332083,21.77237348670169,20.31682139778477,19.709824855172428,19.534215623390004,23.886846706733518,21.576120616507364,20.194195088870043,19.606972057660204,19.607338973970094,23.994107602789345,21.368341691797824,20.160989078400743,19.588177595349737,19.583570025931085,23.730889643355944,21.389220577512596,19.93894794614519,19.540126906160488,19.519471104020568,23.031707683484743,21.214428787075178,19.64146233746498,19.42536184293352,19.534598224670322,23.15517171539167,20.889117124796947,19.74406350172335,19.63235135063362,19.52346314216578
23.96795227009261,21.047799187941646,20.487520870892382,18.993817790918577,17.850727447514867,23.38995331444587,21.89376430047489,20.6841451547061,19.000836964564584,18.10157657683321,24.87132112112266,21.01146342917626,20.190118555594058,18.971237193473964,17.86754637123037,23.526778586053272,21.050362591188787,20.80307527992058,18.933896913840194,17.98706199966761,23.958119723184428,21.131784694228404,20.538288225851243,18.822092594767717,17.893454896462902,23.6410749512465,21.14377188856883,20.622643687028877,18.847022393058364,17.806429696872904,23.84936870614919,21.271178865805812,20.50875250517577,18.829871951164648,17.74327725041096,23.55875295416448,21.26919966005176,20.52389086243246,18.78324211632501,17.673967551744816,23.636847309816844,21.430581516878867,20.40128974113918,18.712353028818956,17.652542991337764,23.240497259634957,21.524814492162406,20.31591818493819,18.743876909669893,17.63695638157852,23.45296053607526,21.460682633427048,20.10516635137973,18.728679046657078,17.710207717590343,23.1146590856314,21.257454968020845,20.204536222127178,18.645652924085137,17.774012700199794,23.132315958226677,21.369908173115054,20.252567684350435,18.664277852125554,17.857675470491362,23.02262313707401,21.27243301983456,20.29972706427377,18.721437014947888,17.888160578597628,23.4726665533324,21.338097900796175,20.54549669112898,19.0569157310464,18.452899174341848,23.711601626102617,21.54466956094214,20.710772071355763,19.188743280174165,18.853431814966918,23.764456310308173,21.516333431923925,20.632683253267203,19.352045261152313,19.175822655185982,23.55333658709548,21.496782734562586,20.636564045555502,19.41667394326735,19.506829907445216,23.538441666933302,21.771683792099985,20.70604292145355,19.39044785236409,19.79293443947879,23.427322642097458,21.730171977014773,20.839811917514602,19.260714608683823,19.597298661153445,22.993857709635442,21.625301476722,20.766419238070892,19.21970234490727,19.643248248326504,23.216189072469053,21.699314572421706,21.051091969435966,19.30928949532788,19.619395681467857,23.447003614656836,21.77837514316214,21.023981174501255,19.34519744509203,19.524550151554603,23.535246687594686,21.449457920202764,20.965598314398058,19.88268020050598,19.921155790054637,23.694027581749886,21.52699269218281,20.48180300187826,19.882823993404617,20.033794539349167,23.73587545688085,21.541610912839527,20.513637532332424,19.904213771793415,19.962346478842242,23.64067674343621,21.41997631341268,20.227056413298662,19.863485367027824,19.945925030205164,23.670788982159547,21.428314594253273,20.1103171115281,19.938334503409074,20.06268804640937,23.808240940181857,21.439535108458955,20.178487553948518,19.74492930859854,19.889889283213886,23.453443752050966,21.328487820407897,20.40563102625938,19.801438378344933,19.88070697377821,23.65067256143201,21.348155792112408,20.346069557063018,19.739129001031873,19.877828291692534,23.713299413501346,21.170719491558895,20.361389084779532,19.68866857148811,19.947052704596658,23.62372170530166,21.130172749543085,20.34564081078041,19.708297416540375,19.891194319771465,23.153114105363745,21.30115394175079,20.15963224298431,19.55009994736465,19.65906103013919,23.61527998326061,21.47054733355178,20.274200678331532,19.580405484189356,19.57633212485912,23.94361923342245,21.50447865666507,20.442630197767,19.640819700902874,19.57823496409576,23.78999428564727,21.82885499039364,20.315174076743915,19.757942819405443,19.65437995719274,23.925340045727026,21.656657786625534,20.230059239480774,19.64385612919188,19.72335563987114,24.044198097792815,21.452861017641673,20.20064543278615,19.630394508639775,19.726818275119182,23.769607931046334,21.44990770091639,19.993574677206215,19.589701864679768,19.669677460336384,23.07411167418914,21.239856370087235,19.709394151982508,19.476804122454116,19.687330224335568,23.187563920271284,20.88370303678695,19.804254580183024,19.677087002501068,19.689962385784856
26.457540763738116,22.204687156602468,22.02545905653247,21.810352729742263,21.018290104670996,23.02261886893176,22.57714447793649,20.890419745082575,20.947168324668205,20.694810438506863,25.0715495839007,22.97570605514131,21.878062923645647,20.717763339531988,20.38580032821041,25.18480933361882,22.68317376774395,21.453093360622706,21.211715588747,20.94791905260805,24.600623294664075,22.403989862586293,21.62137669732524,21.074890519340606,20.760648751779588,24.402522787589593,22.438682354856116,21.52731028269675,20.815694079669516,20.689297125541835,24.988823446918,22.576751747298072,21.55598423749644,20.735577409318175,20.536960927778384,24.789897713749216,22.353076253885664,21.44805065376471,20.572169340437974,20.341439727689334,24.760670924513885,22.200443130609138,21.434848517560347,20.4206888437619,20.14898562697141,24.88954406256017,22.506917942483952,21.397039788606286,20.32150609366867,20.013221379799127,24.779942975617917,22.543430571547535,21.30345315153403,20.346542133343995,19.98679063818058,24.612560586784035,22.34566426498216,21.44361277776431,20.398543645435957,20.23751538943753,24.843433927736882,22.41958224807823,21.628860922102252,20.640615723915637,20.56054737422535,24.640507683131982,22.434386192228196,21.64601292139356,20.696403433680434,20.701981152857066,24.87572624898829,22.15655292342425,21.835009393143675,21.03225966007745,21.056826516454908,25.02625159808837,22.20710139133577,22.051506828898546,21.001564751244633,21.07029511168496,24.72395094084776,22.286823359583103,22.124626873595304,21.147619646800838,21.0715237541882,24.801153918333036,22.236336432787805,22.019149072221786,21.062292534266273,20.906854298879917,24.961129772105455,22.442766985862143,21.936577991411273,21.0697239831917,20.796159678075654,24.803869631567625,22.674460219058744,21.818561447421434,20.756830496621482,20.427248084166415,24.506109944108477,22.600236186895426,21.78741029562095,20.971996129826636,20.5492562204818,24.840045976402504,22.828417889707044,21.715719500508698,20.745674689229066,20.318029776318454,24.57643962635609,23.13072264241186,21.62769999660407,20.698820333048644,20.297820650809783,24.55015592092389,22.91043039410829,21.784988430043075,20.783167646775375,20.45184244584548,24.609918885849776,22.75663055965377,21.602448587538532,20.815904311791755,20.46988415981599,24.448993071748227,22.611013824478352,21.17940442444379,20.562839400037923,20.23046004575828,24.16125864528199,22.10311298068561,21.03955330629122,20.502120646775314,20.27294572484597,24.308061432642102,21.909607170635113,20.880763953412124,20.439156440779378,20.31957204058157,24.47927020390464,21.896117714695386,20.70850254181982,20.401011386964804,20.25660917827269,24.261750369969864,21.771085587800247,20.77986812032676,20.435037354700754,20.218628471950815,24.36251309379586,21.900560192282715,21.149871261501133,20.521570347354338,20.310217785519622,24.589975542328936,22.07504241069725,21.02795568639387,20.529333631845493,20.283582099885237,24.370532918407175,22.03262038617782,21.198976613404074,20.661840318630464,20.229942576543735,24.235342962732215,22.306510542285892,21.078863231032493,20.58400028428313,20.223199481378153,24.49320195292933,22.481900557562064,21.067062029851638,20.48575840933377,20.290701997439886,24.79665342355775,22.835293916397298,21.24236438419542,20.649360950863795,20.528794570171467,24.648870129935382,22.856210739177815,21.303523001998045,20.678693966152593,20.657396216710524,24.905177409390326,22.912163565010864,21.054042729964536,20.614768902859453,20.680460671307692,24.884421463215627,22.785290982198603,21.201669522906446,20.437287421392746,20.64426859259826,24.678461026341324,22.84665491106633,21.17665335664909,20.610822237935658,20.702002980965382,24.07749280962345,22.479929659709576,20.808111978421056,20.351639204726542,20.419596021326107,24.156054824198026,22.610619842063638,20.729131747517172,20.45794892615656,20.4380741085637
25.822311108963262,22.038513421127444,20.842287685306854,19.772873085335043,19.225959143567515,23.24688568925921,22.075749805836413,20.68975200003258,19.29314370796003,18.553780944519872,24.660050239288285,22.491446451956286,21.65534962763946,19.145701455723113,18.82615819681529,24.761321788897707,22.082928224925443,20.51261936805223,19.658924996494786,19.118199880396794,24.209528711544234,22.007804511716728,20.8615227332803,19.43795259586064,18.989218085572976,24.036680358805874,22.056044832224565,20.898201588759914,19.359421915079203,19.00834846748653,24.58746773242985,22.249657380303034,20.834763864532693,19.43167674712763,19.08734614775057,24.40536574204113,22.067952017195132,20.686697939535307,19.441641741022377,19.01981492742822,24.38779573377139,21.979805568036443,20.76206576760659,19.39793994453943,19.00021874920206,24.56649003730086,22.229152033630097,20.871140695548114,19.444662434670917,18.950377489820767,24.494383200879373,22.272338158806274,20.81845057357861,19.522295336807247,18.932936495470848,24.271999485309042,22.10164574129697,21.052372399730864,19.500961285238752,18.936445806256195,24.464578608778403,22.164858288652727,21.26395748170269,19.59119338571403,19.060067661309404,24.14993337304934,22.13747855068595,21.32384420886772,19.64390486070272,19.088593867692882,24.290657006131944,21.901700632925348,21.47450089862688,19.861856908626265,19.337352225493838,24.345448768304113,21.880416071242976,21.7918695503378,19.909649452044853,19.477672607783386,24.014949248554068,21.900072390791756,21.75774544442802,20.022147545101593,19.64750921881005,24.024359466846697,21.820187557100333,21.673106113388723,20.06370281320533,19.764148245678314,24.19118062952638,22.000566121063986,21.636194116303514,20.109146354164515,19.82958731172791,24.1047087830623,22.307000665880583,21.596824765196732,19.950084794147635,19.64073683095252,23.87550498040461,22.207105810153443,21.24757925555523,19.97619666163661,19.5576011254647,24.133419239219123,22.422535346444192,21.340061983652618,19.93678412902557,19.44990924577043,23.90696754223728,22.72354384124028,21.214074795454966,19.857076598700708,19.381284545612257,23.965370325547404,22.55389608969452,21.20839947761724,19.92176314397394,19.556589905861312,23.96842077605661,22.31099469580625,21.006610652517132,19.897792336502153,19.561168515294206,23.861002786973028,22.211046270019708,20.876582851813943,19.76997814977389,19.512263949690826,23.58426958451241,21.662491823730175,20.647690231613925,19.67422258554392,19.511618033560833,23.725673193067987,21.426964548554142,20.423288361925348,19.632873330136594,19.522130685392565,23.915368876368618,21.419809506043464,20.35782287197056,19.68571663953967,19.478306509792283,23.732667221563872,21.19151252459118,20.428492596713813,19.760884183235024,19.484300182545745,23.750867475581337,21.319668177676068,20.705486537599384,19.84271426868107,19.580861319121638,24.06459385063066,21.50388932953278,20.67190908733962,19.91204393758242,19.756780663787193,23.83818389890299,21.54818047356496,20.98514576119289,20.089792801168006,19.752170568140848,23.549169254316183,21.756410264021902,20.813660623099317,19.966709202791268,19.642568680793097,23.797038390637347,22.07749017588699,20.8927818409776,19.947763153560597,19.693800504069664,24.096717192741526,22.313495967828835,21.163409308162542,19.944044766624078,19.702572418602,23.82398130566071,22.35227646531487,21.143733516423612,19.912234299072225,19.572902392518806,24.11765868110729,22.294068587839394,20.795353654303433,19.868088435816357,19.607923538934106,24.109804283173837,22.140460285857458,20.90974837985494,19.753475611885683,19.62002679718249,23.948787564188713,22.08559603269945,20.754951390015826,19.743628461284167,19.60440561700103,23.40417255375803,21.814613013851734,20.233557943918484,19.673218309726582,19.58046704223944,23.66755175736856,21.948256485413467,20.23929446679457,19.762710425264284,19.67956412839461
24.510119419208248,21.26917955056465,20.62840105057527,18.61870928017301,17.795643438933364,22.368249506469443,20.940971894230916,19.902181141323954,18.40621047550989,17.329675145108936,23.16250539214534,21.848858458797437,20.66660748645775,17.912565231998673,17.462467332777706,23.621364262982976,21.148972351718893,19.689375584964864,18.751711421893287,17.86911924290243,23.19220932635374,21.21970514062222,20.111483151598588,18.32009194482261,17.65317845360632,23.13019083257874,21.32828236522294,20.010319445573593,18.26707607191684,17.649610395881496,23.49084863902373,21.54397387751744,19.967396583528657,18.30715474027238,17.764950963878952,23.448772134010124,21.366709589861053,19.91041579054575,18.359448743992978,17.753318315038566,23.5837949997402,21.344281203422735,20.012882325609905,18.22834694861609,17.690911025389852,23.613758814031947,21.492350706502677,20.084275487723534,18.36223820411017,17.603894185952775,23.44597154961318,21.432710937168462,20.16818600206593,18.43342261656433,17.650233348144287,23.34343566511603,21.35433085715285,20.350173261760467,18.46953586627532,17.57607636675611,23.437494737844165,21.42365816557949,20.486017509234728,18.560625703574097,17.62792897533624,23.039029749580582,21.43210470026147,20.52957067165047,18.652213792042442,17.646387019854643,23.198353748465344,21.314053832344285,20.73691908918666,18.842326559444302,17.959606496062435,23.297943970085775,21.341232178003345,21.01679843514295,18.93849834126275,18.10182266762397,23.09763805022383,21.28824065570574,21.02302484337611,18.982954846455574,18.282927974437825,23.15139186063245,21.21068184860747,20.975573924889385,19.078816715780302,18.467995679945265,23.237891071592124,21.21223537636523,20.98654226757776,19.136901100290565,18.556772767920574,23.06415279815255,21.449370589834196,20.932283307940516,18.98780403408136,18.40082568191111,22.8636212772106,21.304345031073463,20.50877075107455,18.952201066297384,18.337060881124053,23.028692943434333,21.498028498293685,20.682068989983645,18.982422502908292,18.261852842157715,22.84466199721714,21.72858227954011,20.58181119255472,18.858869515948346,18.149781890138435,22.89754146135597,21.606510236196538,20.563710840244177,18.99084656515429,18.458583245461575,23.005977302785737,21.4096937289349,20.39075604622399,19.009709797256313,18.447952704704203,22.959008353888084,21.312878957104413,20.262270550931028,18.864498350536547,18.402407463076834,22.801226576077283,20.86163190013391,19.95999141305924,18.78397315251435,18.39576284043512,22.929100578689766,20.77508220223197,19.7790527308545,18.7152158483295,18.444902148788486,23.11539823175425,20.884153747910098,19.692605252970303,18.722161011739313,18.343983692591998,22.94502179808883,20.55030669567658,19.807514482631653,18.76076623770045,18.34659829945323,22.932766809275954,20.730725680137805,20.12059754650121,18.87212185559746,18.43440943454042,23.22268696130076,20.89908923647401,20.145152842188917,18.899441354251188,18.612266522503102,22.948348101371636,20.784085620849822,20.3582132781254,19.138514847725776,18.56944058708395,22.777089529303716,20.944006512177673,20.240671256048334,19.017299091110566,18.430572716020702,23.067648909692032,21.2339131459386,20.324077923764158,19.043298450542682,18.458488921226458,23.311650213294566,21.394803350001336,20.632633755860773,19.08258501628513,18.4186736999757,22.973939809371977,21.429200443342225,20.56068488046811,19.05563104185294,18.33900471412722,23.213384300166446,21.342816362855256,20.32774027231816,19.00990151629569,18.404511153558136,23.08154837343048,21.169707981565214,20.42446348182239,18.859548061705762,18.373630557275845,22.851451498817006,21.132836060852277,20.223731267160737,18.779700998641296,18.375408228930638,22.53016476105248,20.97596689461073,19.66818346629965,18.686276210276013,18.36771658375147,22.69309299357693,21.113720457110475,19.717957230110578,18.80802635720883,18.46270253043856
23.242700871374872,21.174968290311107,20.213644924153538,18.017564874744732,16.65586246536242,21.847821068256742,21.06431454669845,19.378732622941268,18.024953294907167,16.336807021195845,22.690459662502587,20.782200534004236,19.824817188968222,17.899247652182304,16.19752601835113,21.975422849513453,20.22195248362548,19.211857171805768,18.15771841866542,16.61771376439588,22.222043397910898,20.77824717567601,19.572970125477646,17.87912977731709,16.493391708164076,22.26608966115578,20.706647265396406,19.34848617774312,17.776198865609143,16.473936607038258,22.426957434424946,20.83492954579775,19.25679057379039,17.735156625677103,16.563098001296105,22.179090681104633,20.81841700988043,19.28489720858434,17.638629240024994,16.52672431324343,22.498632473895093,20.909858156327907,19.334290611524857,17.601499432750593,16.49223874401834,22.784485266287554,21.055230350388108,19.255973043404957,17.676340795471425,16.44675702968857,22.655272906655377,21.027127920091782,19.47617192708203,17.839052977749656,16.473186811235934,22.678416789457057,20.98815540592237,19.6919407680346,17.87139220427167,16.365018144421054,22.80092168357661,21.00524732669261,19.84388014451059,17.95884202874407,16.4870782542046,22.56158536049314,21.135386550786272,19.93822983608166,17.962930103623204,16.520576775639693,22.376150196055512,20.955975490873872,20.212746444738396,18.227850997687845,16.860511550387653,22.44008866223421,21.060042353616772,20.366028706450777,18.278916603369428,17.135110499922938,22.350028141184787,21.036182085549648,20.338025400786655,18.360115340796575,17.42610101463539,22.66354986459074,21.019231953098416,20.30021483245647,18.506590386655862,17.661328291172705,22.40335756330902,20.915048014311992,20.249142696104695,18.55505993356108,17.818657926885248,22.31144090085497,21.20585904477962,20.345305065324602,18.395368288425217,17.69022390758001,22.28492885908593,21.094115917980066,20.080869158502615,18.3162886642693,17.617557178315074,22.351122448401075,21.097191067210158,20.313973557346067,18.29745156781949,17.519317694662835,21.955094856042496,21.062570116948596,20.19290336334378,18.18026186735589,17.427775289221515,22.20307119914131,20.861264070963266,20.176552795047908,18.2670176712865,17.725668659419956,22.227660924725523,20.584221055400455,19.923221168996356,18.28034287008135,17.70992772800695,22.074683728193907,20.431926524677078,19.858395001444617,18.217597785166078,17.62977091106859,21.945711991226247,20.11319187264538,19.59799976622814,18.216571426115586,17.67567425842828,22.139097547094124,20.004496843305766,19.247122569900586,18.161000838660236,17.70496763060276,22.39387796142166,20.191483789249748,19.2157259956973,18.201331813757765,17.60154947681699,22.317971925575545,19.8675278272671,19.333158597371032,18.161621315496028,17.591449540970665,22.24994017679301,19.952810116114524,19.54146726110438,18.223080884228658,17.718349497040208,22.546614995630136,19.80128034238124,19.569470796138553,18.221449323536632,17.900759894310326,22.32182797126966,20.021381146119957,19.992956888335037,18.39088465986673,17.85825302562421,22.16634974942108,20.01109353491675,19.82591911232831,18.306119436767073,17.74833798683905,22.55740373556233,20.305179157947105,19.902426342135637,18.404004918565196,17.757715529086862,22.866087542017674,20.50462841020009,20.142420528435203,18.46260669320085,17.69415844482673,22.497990762661995,20.845218080306594,19.966281082128564,18.43600307291968,17.588055202479275,22.755243389370115,20.386013333235564,19.75214659161282,18.442634496310394,17.652358712385066,22.479440805471008,20.249475548343057,19.904154547906977,18.363118491596865,17.608340107343633,22.25854862169725,20.148410356623195,19.709935954616775,18.29177991689094,17.59376304394987,21.834340284736317,19.980455997559552,19.198820334852947,18.17546425405044,17.595719016265402,22.134386727261052,20.025714666947987,19.17171390568505,18.276431042930717,17.655465357054148
23.449295743729646,21.401093094492374,19.607191276169466,17.901517905563015,17.10589904972106,23.064058840231006,21.30912214856672,19.453993061681434,17.956463222457636,16.832259631485194,22.97805756037506,21.232946066332218,19.606702604639413,17.908545078197534,16.710478533238327,21.30872922390559,20.83016830897415,19.035503233482903,18.189545057271957,16.981986781923517,22.53620131613833,20.989230240264096,19.37311970562153,17.782717669934836,16.861118609017147,22.392830348094776,20.81002011191311,19.372449969338984,17.673089245387803,16.84132860751373,22.60846638414035,21.0412901339724,19.308422586285243,17.680007325887985,16.817523360822072,22.429262581469764,20.931055997465037,19.42035096328592,17.617929447178923,16.67318121509614,22.890703216113916,20.990522612200415,19.565057847325637,17.531800471321173,16.575745117794753,23.091639313072342,21.313187613581714,19.583429587789023,17.597316731490753,16.61750079507265,23.23769304662103,21.556198634877454,19.633181961716417,17.798952714827266,16.635160701011575,22.9759609255326,21.404993219260984,19.81659224609566,17.7473077752263,16.541140182402028,23.160005566922894,21.549007694281624,19.94841755773448,17.806394608937076,16.759444031549215,23.001165099982416,21.66512191403297,20.10637399838516,17.780160419216156,16.762551412259644,22.819778497059087,21.310955697789602,20.35319035850869,18.14769788484201,17.037673557606205,22.679207133210202,21.145063822956285,20.43160854887741,18.15281328297367,17.193309428534317,22.628987528395093,21.100264072465418,20.391213429465314,18.263665142519677,17.484943789060384,22.794049973743135,20.95124837872305,20.29182284471731,18.38856472668051,17.643380910471237,22.529644677092314,20.86642299012488,20.170518635985818,18.502102742266867,17.889739030932,22.495113271745865,21.214654724337315,20.199792489681634,18.278099076384244,17.679095397044637,22.6109181806979,21.137441544980437,20.076627498039226,18.191233109934323,17.624165351852763,22.72770741184097,21.247464217517678,20.201866566807073,18.13002250745025,17.518429750606078,22.35881076828397,21.286305141535614,19.96748738866997,17.931706138383277,17.391134212217942,22.550377075402228,21.008620071930274,19.804549533472382,17.98410526453262,17.53937860388647,22.709670630491996,20.688230342989065,19.525616255554002,17.95279220216839,17.587937822611117,22.31408772453797,20.73937801306132,19.435295704130347,17.929627406634232,17.51890990122829,21.95677591705928,20.387871785542412,19.175968259564655,17.982384718025976,17.56669682734878,22.032222583234386,20.188108391631054,18.97323996889661,18.027208470039064,17.608842914973827,22.17541646005837,20.3684671998005,18.976881571069615,18.1322048132425,17.560466395270847,21.931426607567694,20.066133336980975,18.982669451920835,18.15811297481979,17.55522071944393,22.054532525342143,20.088513104435986,19.01533674427435,18.153691743665934,17.672088011937237,22.35506542952961,20.001940289561244,19.024591837196926,18.147694168476075,17.912249585989876,22.17617991048207,20.472122288497218,19.57631125244893,18.262253271984434,17.862208059650136,22.054743453096435,20.49526369920989,19.477125725603592,18.152889409312856,17.77725896614964,22.344437128437114,21.07158329652375,19.66842851862451,18.247239420213866,17.857379425819936,22.75733625662338,21.286210129615284,20.00668563825033,18.320734873030787,17.811906496575226,22.540016988064703,21.468903015433007,19.854872399234278,18.296308506585746,17.63074230574266,23.021448846172518,21.020756278466195,19.270928293282577,18.273853139895333,17.742998299344894,23.007462103695833,20.821545332845027,19.29524270336769,18.24288500150745,17.693521659019883,23.0099793461392,20.544998985396784,19.085629347383072,18.230639993461345,17.654318024195412,22.687464784513498,20.266448045444644,18.617527437125638,18.192114863146674,17.625838177560915,23.123187113577423,20.37871300093323,18.670888085420593,18.318346090860697,17.824182449531484
20.170045241884832,19.36759142418192,18.80872463238397,16.878385488596642,16.109957486818363,21.285446138595834,19.832178001401026,18.863711426206017,17.216284164971967,16.374527110631835,21.468933613186753,19.49990339040244,18.49523789529821,16.940102288340444,16.044235729182358,21.574104080959792,20.13818256110765,19.13949043655436,17.60357515862789,16.290513785928248,21.090635377478225,19.601060539022946,18.850540926124292,17.046321737538886,15.999289841590548,21.21159227418007,19.535828211097915,18.897669382390585,17.015847259379967,15.907883640320113,21.192751934774655,19.69628497251547,19.074511934690825,17.031775868956366,15.713761993224802,21.153277613850264,19.718346572870683,19.195184397344228,17.011971584937065,15.660953718317192,21.149165789249366,19.844699747022826,19.091906028157887,16.869390686620058,15.569077386745757,21.114033136846217,19.812931980673433,19.03223821188844,16.934303332756247,15.631066052572436,21.25795516308742,20.070270870554275,19.036193620350097,16.98349979892038,15.608406302894716,21.214715005623155,20.047665302503578,18.9201965927575,17.02397885987275,15.660654897453464,21.150746275689432,19.98697207914457,18.901056803629114,17.15433870860983,15.598738885392638,20.883788671117195,19.712634535581866,18.99433987614348,17.171866077086165,15.60364370324896,20.948035594197147,19.823262276901836,18.984225896498813,17.359432984841007,16.02099184755117,20.992421320897595,19.684108874365926,18.906856737754865,17.458189084846687,16.301637432404465,20.96143546919887,19.40456315575859,18.666374357209044,17.43399853627726,16.507593726834692,21.194579497831665,19.32508998753529,18.652314484581446,17.36053129821402,16.86889920415562,21.402055334490544,19.474615312583467,18.583131510914843,17.342997461502733,16.995470853100223,21.25351706952056,19.426694584617824,18.75614681878858,17.301199487156172,16.82251233660397,21.19668671008783,19.27853394544156,18.703235586135612,17.22447575266193,16.803216588621044,21.496310903320335,19.325415838982813,18.94995252897197,17.23338859855877,16.835021394268,21.40702329612376,19.37466326844992,18.761773906146995,17.324676507838195,16.68693685611592,21.151979597099846,19.208839373365272,18.695881487854685,17.596922765201075,17.170821715526927,21.40285998245788,19.165368975678458,18.469769793729164,17.558949098572263,17.24645314918135,21.143992764757492,19.274526665719527,18.497709012811463,17.589816353840273,17.211129435880245,20.82356910161377,19.235425771891336,18.347484146232283,17.63764322598691,17.15521813323457,20.658124742882233,19.413514696625732,18.536605729052887,17.600199860434657,17.237334991786412,20.95741208843382,19.444200469345354,18.58320936877369,17.565877745768915,17.013632852956032,20.5392024718844,19.18417500723728,18.750087384133664,17.4885148784565,16.992876994455482,20.778197979294852,19.177563831889675,18.62960017635989,17.5854363989722,17.140692790738655,20.692044985832027,19.244713914200375,18.685532160900706,17.54668381231877,17.19892700916001,20.730047212289474,19.29058510137977,18.678515325580022,17.52524990680679,17.195066144347344,20.80916054948668,19.301369580415617,18.625611615597627,17.420966217927678,17.01780170284862,21.222267773247797,19.75594282291271,18.663313911401282,17.501292401146166,17.046856560659194,21.355162249924412,19.886678122887147,18.82276818112268,17.474156817086527,16.988223376171995,21.579247634188512,19.7394178746232,18.673468327681043,17.421847508876137,17.04579286980315,21.77614476837645,19.486684710205274,18.34810179645047,17.467468801463205,17.014042046832913,21.526799035581483,19.358120634384754,18.239106199217765,17.39009869506458,17.00605914114439,21.597315091225973,19.139304776031004,17.848893885061663,17.38043407754271,17.006947313904107,21.419567089863023,18.957917577782958,17.759035075403137,17.29808911694199,16.9747241585194,21.564394857265974,19.088933650098756,17.883055606005122,17.49015244215855,16.992666963673383
23.960509615191302,20.954456375641268,20.422439277770202,18.962607369960004,17.815194013674905,23.296257059770557,21.780922947366214,20.66332015773138,18.947293628137384,18.117898375354827,24.81984823625491,20.98077990155058,20.16887364773472,18.913526463452786,17.779840616133303,23.381221920643725,21.04345463861974,20.791898185547584,18.822003596552953,17.950950735386986,23.87327393693665,21.068807774837026,20.517429297275243,18.764272186899973,17.843502869184853,23.528731713924266,21.097785960580147,20.613778662342426,18.787593121052737,17.758133909008148,23.76370996853666,21.253566223434227,20.508729497951613,18.798409704196054,17.674125231027322,23.46515320143275,21.262339858383992,20.527768476839718,18.757843385001497,17.634193856130054,23.55658655366238,21.418920978573933,20.390886341370305,18.705213125330797,17.607737072289552,23.163242397410567,21.510136644069057,20.303119384787568,18.756878510453507,17.607853764478186,23.405350357504233,21.464604315301898,20.10589097005565,18.747515117537166,17.671126917174448,23.045678672411746,21.242561111932265,20.205071714767698,18.662925310188076,17.73740753711057,23.08010913846498,21.348574603064247,20.254377342882773,18.68276586254535,17.7950785493972,22.985246253676046,21.228737622480327,20.323777613462063,18.73413688359019,17.822350745558765,23.420592884555884,21.307048952642624,20.560131001941013,19.03760527238178,18.36247710964744,23.623776395796813,21.468802963782846,20.704093417007435,19.15873557738329,18.72820097714499,23.6953909551893,21.440487768341292,20.601552954556468,19.272109356995227,19.02199824959952,23.482579092396684,21.40092224743119,20.607146918088166,19.323676009579206,19.3315015149052,23.433714628930467,21.707742637201832,20.659645241325077,19.280210462924742,19.585958463276295,23.338710096161922,21.63876933660498,20.783533670503708,19.150574127528976,19.395658034206775,22.937820964849156,21.55434629370766,20.706094458360443,19.081280629475053,19.444423709661173,23.130848880342516,21.63485940552325,21.009367291663846,19.17660895450455,19.42928786129722,23.364144463280763,21.72479070619408,20.954312829735134,19.212964415141332,19.33417017677466,23.450877460940852,21.399625197208273,20.892522497450642,19.739084695622644,19.728085536786743,23.61099347614356,21.51092907859762,20.430816008356743,19.74005295150396,19.823084995452934,23.639476978028735,21.529012505759646,20.45662849695842,19.773164698696316,19.742912520217338,23.535159839467422,21.40423931147838,20.134619193416828,19.735836843324687,19.717647085778786,23.545246639395906,21.425910103060446,20.045901718394376,19.7970868806501,19.83360294036377,23.70489018005961,21.415998254508075,20.11120484449797,19.616619674303116,19.669577969674958,23.344356304208713,21.295663421643837,20.32792458079434,19.648716821787986,19.66340742341286,23.545666325032684,21.30139544774454,20.270943765982093,19.587755930753506,19.674045023930635,23.625477359861158,21.129900888783293,20.321138578605563,19.536400778950945,19.749696142068586,23.556938530023018,21.093606341648517,20.31939413371559,19.574559289150407,19.691349393855823,23.11182827983065,21.27544059260781,20.155228967959864,19.41738480292492,19.469086639310415,23.578598726235306,21.445424099988305,20.276283612836114,19.46545966188877,19.38068701269554,23.888091486825004,21.468519488819613,20.464232392320092,19.539254405709475,19.38805355442229,23.734196961066083,21.786002213809212,20.31300973827282,19.658970574229905,19.46890249203483,23.876768470941165,21.59917782300402,20.212833846009435,19.54867559073997,19.537578764148748,23.97409411609626,21.38633621245085,20.162480222086867,19.546629417659524,19.523237628117762,23.716497015355493,21.383043214603887,19.929104337981727,19.502755542399328,19.471408270455207,23.035505111515455,21.189243405792915,19.621895890887995,19.381908696341434,19.49112514349949,23.15786235125387,20.866726797289296,19.71941535357756,19.592675330402393,19.481185782585918
23.86201674435648,20.92274077022379,20.46041193807471,18.982395678446743,17.879260813420686,23.328688437314554,21.842768303947707,20.7039191533242,18.93364676678603,18.08176461522596,24.84522163734288,20.91172316456109,20.173202006797545,18.947922381007967,17.760715329753463,23.34057061908549,21.071686001366068,20.804508710330552,18.955780808684473,17.985571318817673,23.861040243058948,21.070683452534873,20.54237371914427,18.80130806928642,17.883141998291173,23.54308277070797,21.102666015450193,20.617356062672076,18.81755475916173,17.783172783392846,23.757285142135125,21.23911277430676,20.535073753478475,18.803502726149997,17.71525898884385,23.457774964927626,21.259935710945268,20.565562727128416,18.757117190323747,17.661667050518748,23.55429114588339,21.408461273529717,20.455966110069344,18.683377921189667,17.632446056708503,23.178214737252258,21.514734121346304,20.36597564593424,18.737042943028946,17.593302287904365,23.408800681326625,21.456707103194077,20.17902199403454,18.73462709948361,17.683269165581244,23.074098594175993,21.24495267567908,20.24361103388742,18.66101387929808,17.749394814331684,23.10887337890361,21.368440644607364,20.300693241978625,18.666943329667102,17.821739370494793,23.032164205282783,21.272809056167052,20.336945741024703,18.699222381089765,17.857430095970777,23.43640382811683,21.32102978569855,20.568895485188023,19.002012883850462,18.403363787317492,23.650335893752942,21.506327214934107,20.73275170396649,19.104204115908185,18.759669096775987,23.72006190304312,21.492151047247336,20.656092089445632,19.25105847602694,19.05736816751168,23.52983250590714,21.45343366466482,20.654645096868038,19.32147348202415,19.382007175119146,23.479153433651653,21.742165992839386,20.736297360475312,19.292379925154194,19.622277987782315,23.399629271254636,21.69220572248708,20.85836328443349,19.164649309165107,19.432368887665476,22.996504860765757,21.607244135073966,20.768618496186157,19.127709850005036,19.47979780402482,23.202184075673056,21.672534981773104,21.045028915942915,19.217202475574666,19.465019217594964,23.414006186921068,21.751925600543093,20.982345718074075,19.251002309440942,19.365919888418265,23.481561405727817,21.423557218960838,20.90080880517236,19.778201165921978,19.767910600111076,23.647157195767132,21.52414766725798,20.419118992607274,19.774680182056724,19.86223445013108,23.6826120165531,21.53212497124735,20.449948737173475,19.791863509172032,19.767712636463184,23.573399515352893,21.405299471860726,20.1373116006311,19.75772958838664,19.718583838692073,23.580157230373782,21.40957176471428,20.02870402535566,19.817121221147765,19.830625101684173,23.753556168923627,21.41187271168523,20.096225137844563,19.63713747804324,19.667954153648843,23.401505311045117,21.282869749362437,20.326591093313667,19.69229737363521,19.673828052019537,23.595044438448205,21.2915494730855,20.260132516538874,19.641755506664673,19.697862963723374,23.658888708028062,21.13627713409977,20.2947373499046,19.58561093975431,19.78536482946775,23.581443768459252,21.10235460909458,20.322971502109517,19.60712631104102,19.725925003106088,23.125587786066326,21.261591397701817,20.141098935464328,19.45632672524521,19.49477569302588,23.576949949677378,21.436209004833557,20.264086155395198,19.49372188998666,19.41494146952764,23.885074200504093,21.47258999991835,20.45062021330833,19.56666367079305,19.415437249064382,23.745879211408475,21.763470908767555,20.334576648771844,19.678309364843976,19.49087885480415,23.904273505461955,21.5698806799291,20.217987791116194,19.584282873742648,19.561744370289567,24.01609080796161,21.3677513438787,20.183590300091318,19.560949510122395,19.558817542435683,23.76062082512562,21.368810115396705,19.968622681669363,19.514290137898403,19.49543549187561,23.083591108684953,21.175591000842875,19.668249389244075,19.401436494587237,19.5178387793271,23.183980704254733,20.888063082284116,19.750354258054525,19.612099896413305,19.51096195566229
23.976602630362233,20.96946865004155,20.48548802468499,19.036337976072772,17.83448230551216,23.35368891276976,21.87928226785595,20.641378395062397,19.026079054100645,18.102871396614063,24.86794637111781,20.983861719133213,20.198918856137304,18.95318317592646,17.85447416162586,23.411186850718668,21.003253712939493,20.794040346733905,18.9244140283448,18.00758625212583,23.911417560900283,21.102501759088447,20.546153761147515,18.83683121454156,17.882183742961548,23.59168490869806,21.136375286786112,20.637112393229387,18.850915058842595,17.781468379355225,23.816665424424283,21.279470576573814,20.541502897169373,18.835438404316683,17.70746821855899,23.51965144634538,21.295151293361535,20.556369419606238,18.795235524043626,17.650245106308812,23.61640999751589,21.472698168314775,20.445608280628736,18.73662443973154,17.611160421978514,23.22234820176261,21.55249707056379,20.33660287675348,18.773619821391662,17.61524497758478,23.439578515192363,21.4944121575114,20.140649263519162,18.760646223246304,17.69826232617467,23.07997867542674,21.269182983125138,20.235984311727925,18.661987880112992,17.755616547592588,23.108040377138515,21.37891485044727,20.284126575620768,18.673130896699753,17.808124367989443,23.006061668441507,21.26779529267798,20.318844883643784,18.71100841854565,17.840756924108003,23.44391311256022,21.325990631908535,20.57286773802022,19.014254897221587,18.370838654175934,23.65243877373526,21.507506315024393,20.716703034180178,19.132967532925573,18.74509915481631,23.722354768092995,21.500017014168815,20.61882373873041,19.273473091679193,19.057655894378577,23.52296425467674,21.46136124368255,20.64049995191686,19.3436986037759,19.38987661397845,23.47347999209828,21.752017455205362,20.70793348282938,19.297549816328008,19.66366174686538,23.37318469888652,21.70798085121159,20.821762638512595,19.171390044285438,19.47112379323816,22.967444236444784,21.62267481792672,20.74755706784124,19.114384406896814,19.516332554316257,23.181549523292112,21.677965086658087,21.04595120893774,19.228981618448806,19.49586487937312,23.40128664005451,21.763955667787076,20.978652454363587,19.24237800363191,19.40022001461878,23.490699814191174,21.43402360771355,20.923924983666282,19.780475204298988,19.781635092297762,23.65683891450176,21.5313410109367,20.453475708325392,19.77795693693574,19.88236493355207,23.692383685467238,21.526426759919012,20.470803526331387,19.79932217047773,19.802557422008753,23.58349171294316,21.40708738717249,20.162571697063548,19.743196932636224,19.779204375332732,23.594763234031106,21.41354746336458,20.05853143405634,19.819740837561994,19.88585767583244,23.756938519600773,21.40312300811498,20.126028065373653,19.648165913222996,19.72367441137812,23.394344330678877,21.289484348811005,20.367957229676655,19.691855670822832,19.712596144318802,23.58952669776686,21.31546187324054,20.329570240268293,19.64238987442456,19.722217647060837,23.65715852817258,21.144698854288023,20.367949325757756,19.58758927334036,19.794442305761017,23.585443786953622,21.11801559109972,20.380040828383418,19.623758341333776,19.73939198252976,23.125567030511327,21.301332059269136,20.19436221082129,19.467612663653078,19.511412384610033,23.585183003451213,21.473232942845208,20.285564757462446,19.515244430606348,19.436746289152623,23.899453340701868,21.493141421041635,20.460359641102222,19.574140366209768,19.4408174171967,23.746122952066305,21.804956355316463,20.316493270858068,19.689168062175796,19.510433954180815,23.888328061797512,21.622053326526053,20.228564194595176,19.578561121084817,19.581770098045755,24.001473197860754,21.42560265430396,20.189542672184736,19.54931454079856,19.575899860306524,23.742066727699275,21.417324829924066,19.988638531861305,19.500275912985074,19.513033125611162,23.06186182835386,21.23588960212342,19.669789174505706,19.399954715243073,19.533044055111542,23.18584473008145,20.919482455763966,19.76896718451717,19.61445418184124,19.535281116115534
25.832800749489312,22.040257671890945,20.85163503943517,19.82233751976305,19.259322592785104,23.33799656676117,22.117534962323028,20.67319954201048,19.34589039855622,18.693417548624936,24.734322296836677,22.549386086201885,21.71500374011535,19.196292764482873,18.9096200863664,24.736627633098138,22.084020464249498,20.52209618099846,19.662207716190377,19.096991248349934,24.23308440898801,22.041822715498466,20.88264181469332,19.484311825195764,19.035598667646905,24.055024963850997,22.09139516116204,20.905666635464343,19.401120708279063,19.053555762863695,24.5917966983203,22.28709635310088,20.84911808948443,19.48286170410422,19.110581135203763,24.405484447681907,22.10242070397515,20.69720333144572,19.476315525077286,19.026761285378118,24.398073035796408,22.0153669754964,20.777623317081304,19.444937168266968,19.02103505222667,24.59260153876665,22.241152919889675,20.878442770806423,19.477503024584287,18.998102279982028,24.537771359517563,22.295374059697448,20.8399041291376,19.56373148264459,18.990099384094883,24.31284873835211,22.128413787098715,21.074553615491517,19.52683709765178,18.986423812559273,24.503926113228495,22.18948424227719,21.2827090654586,19.629532864060543,19.133033387265225,24.183368548049327,22.143075908198625,21.354983631681883,19.676703562698336,19.170525681379992,24.31637298185523,21.920700071414842,21.513136561776605,19.901874001680067,19.40664541149561,24.366928812113468,21.888856339388372,21.818306155435003,19.94282992575675,19.548973956894304,24.039670055168557,21.889881964322615,21.778668643171354,20.049361290081954,19.72734255119409,24.043585682767763,21.80147127384419,21.697247834482443,20.096484892846547,19.83259020622566,24.21349738676509,21.997461411655483,21.637327922125532,20.135959669329857,19.884745998205943,24.140308369145913,22.30265844249275,21.602071389018228,19.970590438297783,19.694577885047842,23.90160363521354,22.200220559483057,21.266496942290374,20.001065992329693,19.60486831003505,24.164174042243175,22.43147321603224,21.3697371543059,19.97292597353272,19.511936722904128,23.933016141520806,22.73484285205824,21.246490830313206,19.90274822317473,19.442002816237526,23.99170363873999,22.569941045752422,21.242110495373925,19.981692746618243,19.614713041807363,23.9821713825701,22.32676773638642,21.02439084284448,19.967930152569693,19.615945684135262,23.88421857798682,22.21769162277866,20.887213025253722,19.847840721821516,19.569800892143054,23.604567213574505,21.66410625507378,20.659139921730834,19.764540840623905,19.559671041888826,23.754017147151966,21.43526458565476,20.418240034111925,19.720781033283124,19.581350154887726,23.945843461063184,21.427235970324457,20.35599794135647,19.772507512815526,19.54412636047369,23.757110800824353,21.20143623813764,20.440740489595775,19.84577876012018,19.548129477138048,23.769502482562835,21.33997949823428,20.730000826809977,19.910583375258746,19.64614226994673,24.089399557838867,21.501907037449055,20.682354285340477,19.959913912048734,19.831876198965,23.864092017097743,21.548990216514106,21.00786729172117,20.127621192565748,19.81764276845643,23.57747718908241,21.76250931688832,20.81500493651124,19.98959514784573,19.70651403615794,23.827643182203765,22.07911827051758,20.88182791168154,19.96252371162182,19.749660838049987,24.13046136405359,22.316319002607685,21.14688646616675,19.960136240104767,19.74662224956938,23.845437346389396,22.389102466688367,21.138651460151188,19.925686425228893,19.600332603142004,24.140120499851832,22.33308521585795,20.78776608460299,19.885951330234835,19.64113239095156,24.14650107064525,22.15947924560311,20.921156212087155,19.788937749772526,19.662853028659196,23.991397931969182,22.115803835593564,20.76585216097012,19.78956856118959,19.673991259432817,23.448962783994155,21.843643234635238,20.245914900870797,19.721395591491625,19.65561394042773,23.723856803166317,21.963366924141262,20.238423063318578,19.817812949306507,19.763511801964466
25.83460302886175,22.024907008061952,20.84784784380354,19.792148573178768,19.26991468203482,23.33140611566612,22.13298135944789,20.705710666536863,19.372298842769407,18.635494513913446,24.723263199501496,22.57847238364937,21.7130286677216,19.17743636776455,18.9208657231723,24.719319832328424,22.07682335475308,20.506099709938887,19.708204936346018,19.16166290031169,24.224881320071024,22.029323458520913,20.886913469976044,19.48800290123925,19.046387940000056,24.042795273996425,22.085134580753483,20.91484317294676,19.411104720779175,19.063707392172198,24.58059091176935,22.276544263479884,20.85821881386161,19.479939792923595,19.133054517507357,24.38890745095391,22.095198510234372,20.690938171543074,19.477258654859504,19.04655709102634,24.38815655038169,22.019095882099865,20.772562155231263,19.437961168949748,19.049135161589565,24.587276795516413,22.260437161726657,20.86902815336405,19.481798529713615,19.016908359354836,24.532245928590036,22.31350311409091,20.830069010412014,19.56551978703261,19.005713557259774,24.307743860223802,22.130432019603244,21.062176705305447,19.534424358201655,19.00456471498358,24.50031398902095,22.190900623747336,21.283263505535416,19.632464203534294,19.15521067904067,24.174030091346786,22.15217175577387,21.35339776569949,19.67018838590663,19.16574662302117,24.304767202097757,21.925655235185697,21.512423009731698,19.88491713547296,19.40993820449259,24.360247402114666,21.893899465456514,21.812122235432362,19.92445608565443,19.549597835786894,24.036365108553973,21.913376874542628,21.774734363833332,20.036822101964077,19.713225545763002,24.04813517472595,21.82426250843311,21.705727348826507,20.083602832802118,19.811527132307894,24.21872923247445,22.00280419453447,21.63081605777386,20.14755438915953,19.87182776984285,24.143151432517776,22.307661739478153,21.589277793480314,19.991988025803096,19.682346666135572,23.906614996126322,22.20838356094032,21.26240949620638,20.01500557539573,19.604717987699782,24.16335837710841,22.434301201427065,21.361214981497245,19.979661660495864,19.515119180183273,23.929044359487968,22.728961077451032,21.23602064835252,19.89405749555098,19.459308803661624,23.992427653904798,22.56935848427637,21.253522047301384,19.950956341146963,19.623918181663136,23.989618150707635,22.3348042659551,21.049495727848893,19.927352035885256,19.611482824091297,23.877057985329238,22.220427677504958,20.916033985036744,19.797122761967238,19.56749933110736,23.59181885875253,21.66753254902518,20.677526574347304,19.699964883352145,19.569802054371188,23.735839428130195,21.433187236564002,20.417573874225667,19.66674212417726,19.571349731688684,23.932322381326365,21.424049718381657,20.345634311162016,19.711134264336238,19.543577143353716,23.738853956368096,21.191628338562474,20.417934124157647,19.78675334506906,19.552059814391722,23.752880933993108,21.321052231106524,20.69042045921615,19.86304882112748,19.63623194603848,24.081367278170795,21.493874017187434,20.64580730786132,19.942504811024797,19.80850290722977,23.86771944550006,21.540625838803003,20.981630399152607,20.12282351247394,19.803931391817258,23.576156397719906,21.75249245333684,20.79865720988422,20.00696865772211,19.671502067624022,23.822572640634043,22.095253005069715,20.87034045068939,19.98278144620184,19.721512686852982,24.135328379316054,22.340126228708026,21.14380101852788,19.989126819484067,19.72728353024234,23.841824788417494,22.408941704105217,21.138026386127535,19.945399966195748,19.58696057711213,24.131728863952894,22.363207027446208,20.79457574686174,19.88819438835619,19.622658466650627,24.131137025122165,22.192170141045196,20.927719634659642,19.76937260774499,19.656937584831734,23.973855522762378,22.120944152686455,20.77703224829684,19.754430252815347,19.644225342743955,23.43788119824076,21.84663242897038,20.259025701133645,19.68161119799002,19.62313772984521,23.72190276449096,21.955837829634874,20.273278997994204,19.7738666931421,19.730725715782548
25.839501457923095,22.086561322608738,20.869116766526496,19.807409073066886,19.261076063689657,23.32174741181809,22.170249529626986,20.687609314055702,19.389529300172413,18.669151147070124,24.69919757389537,22.539431506253244,21.73287366725266,19.16796797431968,18.90947731876902,24.730128385087937,22.109163875060148,20.48709547956454,19.63567469111212,19.07278044227671,24.221401542224466,22.063394427062462,20.887116801443522,19.47893723526932,19.030826877776796,24.044202316479957,22.103654511840322,20.901719404025062,19.399789732237863,19.04491035051561,24.585057007590372,22.285556327625017,20.83580630660895,19.46122868307756,19.11288395324879,24.402137767462655,22.110211588589205,20.667201094160216,19.469552883159015,19.014443799843637,24.398737199552272,22.027757035845763,20.750438826778353,19.44587008949511,19.023173964408276,24.59695358346644,22.256959460613363,20.84588821396339,19.48444218024041,18.99498569997629,24.53171370995264,22.307359853630903,20.813102416364455,19.573053962993086,18.9875217257717,24.310324013246976,22.134093826343225,21.059270123915304,19.549739937757096,18.991720373206284,24.503821102396586,22.18988786674294,21.28258647489093,19.646913273887286,19.147194494085316,24.184586339857383,22.136315776071775,21.3574832429428,19.692439050900912,19.167250013132833,24.317762140308403,21.919417748244495,21.51962094432056,19.91153230416354,19.40069017690316,24.376096007464433,21.892986498319924,21.82728344195474,19.953035478221704,19.539931729323932,24.049249811530167,21.910424631617694,21.790846488443794,20.05868946810094,19.702911393508437,24.054162209394917,21.826244817467085,21.70728423916078,20.09983412490749,19.813902729424807,24.219020866161436,22.023479541709317,21.646719353586796,20.153868877371245,19.870036010937234,24.141283696135044,22.314709552990045,21.60423763473559,19.993632063190013,19.689163693248272,23.901889989703456,22.222724324650855,21.259323542152394,20.00762066552315,19.613705126126668,24.156121626110973,22.447858016482577,21.353716377359994,19.981579362593234,19.522747386596883,23.922081320895863,22.74703670628643,21.22895685278938,19.899734033405768,19.456127309818505,23.98389304173687,22.583225384771126,21.231204888820038,19.95440874119906,19.62508741602458,23.97845883834181,22.354499658953426,21.027264191594558,19.94013553283013,19.616766658403844,23.867669667789446,22.243701313849677,20.910297772283236,19.82766165338082,19.573630753073168,23.58393388739559,21.687873199222317,20.671489460471804,19.722494631708457,19.56778469062675,23.72928701200819,21.450530813648946,20.443740538349623,19.689549495861456,19.58109845897431,23.925207937375653,21.43524671372329,20.37621438344932,19.748082779814872,19.55097516885728,23.73729630253309,21.19958142850657,20.4547095629485,19.813619764269596,19.563889913099786,23.757498990250898,21.31834155672076,20.71963407344353,19.88496354374346,19.649680139427744,24.089042016222617,21.487434285112997,20.6826092058798,19.95728010236775,19.81852681168963,23.870381499903868,21.536590777397755,21.000633339946198,20.131686953499365,19.799733228339488,23.584713639378606,21.754398839183935,20.799848151056043,20.005490500005543,19.681536463258222,23.835586345957108,22.08540223755536,20.866120689423724,19.991799866810407,19.72550785650852,24.14216555171154,22.337338281210673,21.14868504220484,19.99161737593666,19.72037802838732,23.848139622511123,22.397930695029245,21.14443477937921,19.956784743604068,19.589781183017557,24.146707235889494,22.328086882259445,20.789342081501218,19.9109088901857,19.63745893434409,24.146367881198238,22.16172256442638,20.937693282432814,19.802731698708453,19.661530102449014,23.988129094234246,22.09977061072017,20.79190064253441,19.788999717531333,19.644630374351728,23.43560966433396,21.820428669945088,20.261373726142587,19.716357204824643,19.62883589802497,23.70990721719668,21.941274947580826,20.25254208753909,19.80700582665008,19.737242736964475
23.48125556858401,21.476631140632893,19.680441863325445,17.958689649522785,17.099613873116844,23.041943925470704,21.340169806185692,19.608761683872334,18.05013288288947,16.80479004041388,22.964730179340442,21.204983925619356,19.638859420695454,17.994732099865438,16.755995696415734,21.340984560761136,20.841294211764176,19.16757316114582,18.23190349623468,17.015555762467258,22.542216279941112,20.99756778229041,19.454106541615722,17.83406178726492,16.86903429671879,22.40096410707898,20.814624994807723,19.430838741681107,17.718200721448415,16.858398211034988,22.633368185160457,21.04070803447008,19.34334981289474,17.712479755913108,16.852469897863823,22.457683648467007,20.946626542945133,19.459691288873913,17.641613529130677,16.690328962275224,22.921863836576527,21.00910638248548,19.56778678394468,17.547648340364454,16.63445860474486,23.118895924203997,21.3543537055036,19.58501448451009,17.618820947161957,16.668164014957572,23.26767240854293,21.601569220679348,19.652153478463475,17.816957053286007,16.688711077639347,23.001068717658057,21.434392170037277,19.835842374986868,17.76522444195905,16.616199183685417,23.180034060079233,21.55886540770806,19.972509842468607,17.8195683598747,16.842810109484727,23.030502405447532,21.683376744938776,20.13243234934578,17.787155800839052,16.821982765577552,22.856633063417284,21.311876544749502,20.382466073316632,18.161022035308264,17.121213757311686,22.717000949818807,21.137873450737203,20.464185577596453,18.162671879633677,17.283427079351803,22.661409165815524,21.12788835934349,20.416828866239964,18.277041111420328,17.56157276140674,22.833253508824697,20.980901756591884,20.302163297439332,18.422794473213397,17.750805095447497,22.567275501772183,20.88435786967592,20.203924574150513,18.55844228192804,17.971502595098066,22.539682833432312,21.232684593483143,20.227497359639443,18.341741779346783,17.720381554106,22.64551828973033,21.161237870144966,20.09302173347156,18.258137392264704,17.651273255501728,22.769115514077697,21.25997924085368,20.227763133091663,18.202336547964897,17.52706863986999,22.40648196247075,21.31323940611447,19.976706432789882,17.983905156231952,17.38234518258051,22.5916991640761,21.03713556516297,19.803038258277482,18.0232796472432,17.538665639834353,22.746124832096523,20.731293504734403,19.525883139557216,17.999107800227822,17.610775135386653,22.346765568697254,20.765720985652468,19.44104611399747,17.9780904586001,17.553837257345453,21.987699043400625,20.403995515866875,19.17039748179929,18.02167351862357,17.615814644677968,22.05303311870386,20.174955683306745,18.9967153153446,18.06317078924601,17.650529239019743,22.182659987508025,20.354262443447162,19.004764935663452,18.176366606645352,17.595536090186364,21.945698516185818,20.04355736513203,18.99225102779214,18.187576620645125,17.610811697108584,22.07422792923359,20.06156910611471,19.026457355223084,18.201377785184015,17.740743114717823,22.368592128428553,19.97258953818387,19.04320048232778,18.20317115160823,17.96715001450325,22.18926685764226,20.47633309645196,19.579602278639634,18.329659637088298,17.912167040604068,22.063061742166582,20.509936310692137,19.478455794650092,18.206136529268534,17.828379810557163,22.351947700528495,21.085749408392992,19.695943670105926,18.281148711272877,17.89242823254057,22.76188180483542,21.306061799997224,20.028130653222608,18.324391953541223,17.81680505187819,22.53355308260604,21.5020867216498,19.868187302899,18.288999792197096,17.643541463180192,23.02161768870571,21.05670058480839,19.31030159691052,18.26240428871412,17.776040415038782,23.020266696678224,20.836224877847904,19.34020604657008,18.232887407738996,17.71907199851335,23.02163474097163,20.57410397063818,19.139306727025435,18.246648821310828,17.66663075218991,22.71307245499272,20.295583385704415,18.65476862641923,18.219930320215212,17.664085993708806,23.17240547516589,20.390229431910644,18.708459332894858,18.349513981488364,17.855222433069912
23.961926396967822,20.826431636376796,20.41434276113281,19.012368417126005,17.82820803212773,23.28204739543557,21.822377708219204,20.703703587283165,18.99396743143253,18.19218835102408,24.841569910341793,20.910278812016532,20.229852749336274,18.940018237595943,17.82325910382926,23.309681460766008,21.028770183612732,20.826197832123142,18.858828982885917,17.965688871535683,23.859360989533688,21.05614083888889,20.546296620925766,18.806908232052837,17.8931813321745,23.525898810766968,21.12771169566469,20.64247349652478,18.822506210309268,17.803698162604793,23.77103261300983,21.281533866308454,20.550033818960475,18.81253998504061,17.715991097235673,23.468887803167622,21.29623975323201,20.564272401708273,18.769865318741676,17.6508836963894,23.572284078323044,21.449262429046765,20.44822920036582,18.7238262379476,17.621655964391852,23.1930346437319,21.533138768466774,20.353488525488917,18.749659563024487,17.588975609308363,23.421010455587428,21.472186982965788,20.16268975442022,18.737697340980894,17.686388533274716,23.05037840880771,21.257617085498534,20.234428742349742,18.635597568068683,17.744147882300176,23.09514069694459,21.383573920972136,20.271673879368254,18.659343032130607,17.80989241781245,23.000717543976915,21.283369144438637,20.31358536041925,18.68269408131542,17.859131416117208,23.415381599321606,21.333366917841193,20.558563183094243,18.98907161891642,18.392713068418054,23.61498999072546,21.49924869397699,20.715029952560503,19.096328242683676,18.713563618508893,23.69199507853778,21.46052198288254,20.628683439445698,19.232558103432442,18.99117460365977,23.48495765612708,21.393728191889515,20.627550131179,19.283814509059688,19.30334502331528,23.429674424136657,21.678417795212567,20.68722999476704,19.234903123259514,19.52400134680245,23.333329576894208,21.622036677576293,20.789392095168807,19.102598777119585,19.333496662953582,22.93859961940057,21.53955651874988,20.709071464661385,19.04090487942353,19.382692047206152,23.13521125810434,21.61341295737379,20.996872994075158,19.14182105251067,19.369772018662967,23.352727692095996,21.712621869167585,20.943689831401002,19.174841817108643,19.27639222881734,23.433289416915535,21.379869710466345,20.877421668040608,19.702047823723564,19.671820366557203,23.60505611681872,21.48876415521703,20.42035251537426,19.70893162353279,19.76843356270158,23.64271525086169,21.48792385881105,20.438040338435883,19.745574970457874,19.681203307527824,23.532220477017496,21.35227659910738,20.119461017331208,19.696378381289016,19.64631755385394,23.537885384655436,21.373364339913536,20.027240022913666,19.73730787241404,19.757124161229644,23.71512200617956,21.365988562256984,20.09029456034397,19.568463969908656,19.593585897283948,23.356496689688054,21.231973014600058,20.315852364703396,19.602002489862468,19.59299540414208,23.54818835730753,21.256283552402984,20.258609829406133,19.530014761443773,19.603970924715647,23.626471886836136,21.09723751656384,20.307894837790926,19.472380913673685,19.68668438419825,23.55737349787262,21.066606432864262,20.330862669020263,19.516504607506967,19.633497577696602,23.104578115075917,21.257758996373035,20.16056572673692,19.373280066760152,19.40941082367854,23.558266738664525,21.445029045424633,20.290750526982887,19.425721273275883,19.328047513156,23.86508424278195,21.4819708147344,20.486996777765007,19.51222956466001,19.340517027322896,23.721269543231546,21.799240460069313,20.358983467576667,19.641530214966412,19.41693066673385,23.8748589916315,21.603713174627618,20.24007851721055,19.546519239137222,19.481103811880505,23.98878368660803,21.39437332854812,20.197541355894785,19.520147198422908,19.45748067858894,23.74027777060576,21.39473278451092,19.977307483641983,19.482723397418255,19.397038255301904,23.066780150040522,21.19942129685154,19.641377696956262,19.35428360781803,19.426841893452682,23.178666990995744,20.88827148070562,19.72911661192587,19.5605898423063,19.421964250593902
23.975135349670783,20.874350646519414,20.442386125135727,19.02282675152462,17.808436749524287,23.30522217400112,21.82632121718397,20.73114109428855,18.956133626973873,18.155891930348044,24.8508734053239,20.95072038461462,20.139796159594887,18.904376403126214,17.881981477327503,23.339352226894714,21.0521717679557,20.775111324870796,18.880390020368218,17.935203266244407,23.8744173947658,21.082231115431473,20.527606256630364,18.77874335049946,17.87229132835008,23.54733100088297,21.145485230446965,20.621453177736907,18.780278059536858,17.78870821281493,23.78995150737986,21.283443272453706,20.532007802390957,18.774409051172558,17.699102961131576,23.487728228236023,21.28836062525206,20.569235755797855,18.73202330329435,17.622737819616084,23.58667706569045,21.447779400283434,20.46322416182236,18.675043136958685,17.599532644941398,23.195289485462062,21.529045701269176,20.372294252821675,18.733459166669356,17.61362067955572,23.419463319315263,21.462963637260593,20.169089717903425,18.73423827911048,17.702485338398482,23.04867831859338,21.252106877751494,20.240010476091303,18.646569748945105,17.782102974063445,23.086550782698225,21.378638010640437,20.28825198698497,18.66917297816314,17.849616104211684,22.991232388383942,21.262620131151817,20.316913836726673,18.695217127867444,17.890271665746244,23.419985718018715,21.320860978879935,20.55511072490079,18.99533781019443,18.400402318714328,23.621059180953488,21.492625584035885,20.71770346186326,19.105304895738005,18.74140264921511,23.697915484306538,21.4732245625805,20.62326747142572,19.233824299328425,19.025188208790972,23.491461271561878,21.426152446852488,20.61496760039311,19.2863993946541,19.33794964987019,23.43248740975445,21.727050322687074,20.69240649515519,19.251038934250914,19.575683473157362,23.33376403376536,21.67258582772245,20.799231073897747,19.11973458890168,19.387588959552936,22.940173177941766,21.582120063119994,20.707792966152653,19.065142347031696,19.433301216057746,23.14005666508361,21.656552995655403,20.998624640770906,19.17880120799744,19.409873363518546,23.358799840705085,21.733975365385607,20.942642003052562,19.214002388867403,19.31317854818589,23.452637112440566,21.40217476890253,20.885438377711417,19.73753840990016,19.704770669970195,23.624221551793802,21.50038621159003,20.43466994342469,19.72339828827506,19.794474795587217,23.648089795053973,21.50750136840388,20.468284673652576,19.74428211056601,19.70521372797956,23.541203135174875,21.37478613062429,20.147664639100427,19.687611870844886,19.67628387451405,23.558878013111915,21.395816510692594,20.051713763535094,19.748911777510497,19.776180828900568,23.733007013049612,21.398712069661833,20.106288473336306,19.578565640368367,19.605979420221793,23.37890873024279,21.274538734369838,20.321787475765298,19.638205600251815,19.604025472568512,23.578535757532666,21.297636971793445,20.27208850121568,19.591359848843787,19.618619904949558,23.65394239704862,21.129797757385024,20.322736416346274,19.538035327541333,19.680920340771536,23.576847428359713,21.10345628025225,20.356984355295644,19.56886940950475,19.64142604530386,23.1255028311446,21.278377874188124,20.186048055658034,19.414920550731754,19.420561626740476,23.58062401109322,21.453388356017008,20.31451498277652,19.454392199667012,19.344466944822727,23.893108896085554,21.481830446687106,20.49235758051921,19.517310760048066,19.355804553336732,23.727499012281974,21.797097445469948,20.353278789646986,19.644950365296154,19.442264075811206,23.879169708883794,21.598508042392485,20.224647618956446,19.542955853217517,19.508901476935065,23.997382925893774,21.39201831641496,20.16719692288698,19.5318037308221,19.49885002597616,23.74985993453981,21.389588016623126,19.941585702419182,19.496134356691467,19.426083744922135,23.067989693497974,21.193176239742975,19.6259418340009,19.381863149094606,19.442778826771995,23.193141868514907,20.885322736005616,19.722878554287675,19.57755820341314,19.43775896172954
24.011524923538175,20.9036872074594,20.45543445633588,19.03913206094738,17.89397745442502,23.337207106246133,21.857428022324523,20.678677922164027,18.991279569536342,18.114346026265917,24.87161406466508,20.94790122358578,20.19914055703258,18.926303699608862,17.74406464197565,23.383463778986446,21.0598069734442,20.737750216857368,18.936018484993703,17.991515475696495,23.904104228810255,21.09626761596159,20.52006634497463,18.823475414648023,17.870104807626205,23.56577402116675,21.145209614443715,20.62158267414538,18.82825953087514,17.7797299660905,23.79859598782468,21.28376382267579,20.52395155585304,18.824764932620617,17.710500033758173,23.492237954593367,21.28315851869629,20.543717915153266,18.78293058461591,17.661685803909563,23.587784749621584,21.4464822634876,20.448715224963717,18.70976116566817,17.629307518755905,23.21000319105892,21.52656401887847,20.35837343923246,18.75814392793122,17.63818573281791,23.43796152397437,21.45917651394188,20.15080457667811,18.74102727817432,17.688903539149106,23.069964461033244,21.237166153031428,20.241683735452046,18.649306491959067,17.75253919487891,23.108615098104156,21.367947441069443,20.29771296874025,18.67258329401738,17.824305015074778,23.01465539459251,21.246274881351205,20.330305927975324,18.710480252407127,17.852325940159538,23.430479367699057,21.291412158884217,20.579026296310115,19.005718436956695,18.36884120967355,23.63435787132594,21.4751145159406,20.72734290945374,19.122849851840886,18.747806455275416,23.71411664319637,21.455882395170327,20.63719011529425,19.24450132965144,19.030517982884298,23.51387436488325,21.419366398396164,20.632238575698334,19.30080211160818,19.345170427030588,23.46087679111765,21.72114873250455,20.70146744287583,19.26393478538402,19.591564346502448,23.369585028489404,21.681867654232907,20.81289478179286,19.125166538325384,19.40102915546048,22.97982566343118,21.604531163027595,20.742677416970142,19.080374697422616,19.450200830897057,23.178464671800498,21.68623984577806,21.02944532494827,19.199922908908448,19.444307231697714,23.396482502578266,21.76152515297907,20.967460230881734,19.231924624341552,19.346764676211187,23.482809689013433,21.436519752464363,20.914061585712638,19.757921851644788,19.745502729430207,23.649282571418887,21.532823767142776,20.4352911681736,19.775126229822913,19.84284640977351,23.672327479006505,21.529133756195044,20.45763065479512,19.80486831418019,19.756618633640738,23.56347553683088,21.393625645782095,20.134973835440984,19.741071317367645,19.718714210006574,23.57366323503853,21.414574390532636,20.02885856831755,19.788086117189952,19.827585943664594,23.736971098576763,21.408255601858734,20.084545341677426,19.61161306635922,19.66643584915163,23.383512080923758,21.283748780045727,20.320034020069205,19.65299106014028,19.661207508290516,23.578341718527575,21.307270171045822,20.264577614051134,19.592805796279457,19.667809849153773,23.647998121950817,21.14324281294584,20.326012709912597,19.550167360464133,19.75087796485188,23.577220385953513,21.10197969185549,20.370636409419472,19.59899134912309,19.695259666255502,23.125259912992778,21.28203917474913,20.204651935057107,19.46061179325683,19.465207686961662,23.580561717884702,21.460340702998373,20.331440959256433,19.50402452839959,19.3906188093599,23.891230368709238,21.478536892136837,20.519665762380036,19.57186815461997,19.3933105560341,23.74702394702238,21.796177219930115,20.368749142213414,19.68445897677239,19.465957078917576,23.89198617259877,21.616793545150617,20.245990407989023,19.584978812462623,19.541046430822593,24.002860289824618,21.415483302974643,20.18829675999048,19.55848864025088,19.53366273306414,23.743383633448058,21.41622187772719,19.962002501961045,19.50476258109061,19.4670431434321,23.05158272568749,21.233677822801734,19.638929524018554,19.387630011787586,19.498753520312725,23.165349085222076,20.922912950619683,19.725711083641446,19.593111533047825,19.485571259882484
26.2495639544844,22.363879376162117,20.834775533079394,20.331232946208587,19.48127568152448,24.690947183051335,22.695368656829274,21.32303293877755,19.995227562231296,19.095993416028097,25.787751227291448,22.74408952365844,21.67149511975606,19.753942445891536,19.395237426900298,24.579933543412736,22.160306786503913,21.48958596819964,19.913487076412757,19.20036486479141,24.894000011706346,22.372902362864757,21.216859562416985,19.86534543166869,19.21085122656781,24.65530216876135,22.40257165885074,21.36159196964436,19.716744303583376,19.166371996095844,25.106811009017953,22.662040771406076,21.22933945704891,19.71384514620089,19.176102834085047,24.778566501163336,22.574093192885606,21.203622824071676,19.758497116553013,18.951462674447196,24.905727076525856,22.561220104296332,21.20840524225587,19.80699680604627,18.951739248241427,25.297443242658726,22.906824146570518,21.317799694299612,19.905291357301675,19.01724072726945,25.42679183600379,23.096664782897573,21.22672399347516,20.003985361489537,18.993439195777277,25.06817749777481,22.828258647467806,21.361084126231166,19.940299049056126,18.87721574705417,25.345225352167212,22.92534505482584,21.480296458094664,19.82390981610509,19.13903173542497,25.255508250237895,22.95711392756826,21.494619075393082,19.71125489330304,19.06651017461325,25.193555513900986,22.70568745123209,21.68819088767861,19.992248009400004,19.362580382534723,25.12252052490713,22.60043169653641,21.909377246378853,20.017027298815776,19.556051130328775,25.02592356646607,22.592198982331468,21.971401613309734,20.08530164563843,19.865059891603114,25.0958189620262,22.329380078781707,21.938288974058366,20.280407413196436,19.955724178891938,25.057219401588917,22.586919403065203,21.908743524664313,20.39395917329701,20.133857595377076,25.160141461307823,22.64071254098344,21.72339846594035,20.22007259588047,19.924016678875965,25.050901066734475,22.57343268019784,21.511280638336444,20.144057584188513,19.871393124943715,25.170589402466305,22.794669380584363,21.561468753809955,20.20568612839975,19.749840504382774,24.837605995724978,23.16043085382617,21.402111412874433,20.131683110864934,19.66274119208365,24.946433348847084,22.996158959976647,21.374540823329134,20.242736579461635,19.88344908410288,24.796737662725455,22.827984511354533,21.319023271594467,20.193136647957893,19.91138511468877,24.550132545889124,22.743763712076024,21.215843447276463,20.212005440898178,19.853810323024362,24.294655750386184,22.419553130876828,21.108808445415896,20.11685398110575,19.857836968001642,24.351496459805226,22.158240140236497,20.891231965724614,20.054751297252007,19.822335316400107,24.48843685047714,22.014473465119693,20.810456241543413,20.117817813396478,19.758979183355148,24.35032850736395,21.926735193657436,20.901184297567365,20.16393808743144,19.713726529808394,24.50180263984481,22.04176878116187,21.0781757616371,20.240929207677517,19.842688862120884,24.813834098223587,21.920244576781318,20.83401893527213,20.286249541643482,20.061596904837156,24.60797421766365,22.14954071464087,21.283294957825085,20.413203164189905,20.071515344611733,24.1630644934739,22.34962497557712,21.20599926746008,20.29983780534972,19.959684751382472,24.24437069082668,22.625100466171993,21.17729507921703,20.319724956048407,20.01219417338492,24.447223153306503,22.836478986910947,21.301754544409835,20.232027175096782,19.932313656315348,24.169228378975046,23.015766952796863,21.496421425843145,20.29378992835604,19.76322770349486,24.662876513945303,22.964509475439918,21.132686772076262,20.302837760811578,19.84527797288633,24.905820367736148,22.77756346978424,21.170732616403008,20.199419072318207,19.747071111659046,25.012212866405747,22.785172309264343,21.161175961821407,20.202943945756193,19.73309245958321,24.80761295920205,22.449504840761552,20.80422375679233,20.16506888612137,19.722502139048494,25.147952706720822,22.49115145400574,20.67846719859252,20.219318585190187,19.91757431734959
25.554667389160542,22.1556248298683,20.89380350099094,20.490475901440515,20.813968356934858,24.057836537802018,22.448395411254,21.006717456792742,20.33818868458712,20.1626183028874,25.168364782732876,22.700894392698867,21.677329246518532,19.92173452748244,20.29546076304616,24.15027131282892,21.825066094443663,20.646167898650464,20.225314633928164,20.251128762824976,24.32226451677665,22.168559047807644,20.986547005051335,20.269203296919503,20.402178567959332,24.085035576907785,22.204240646404234,20.985527837391086,20.21774127170111,20.387066520062287,24.564699379096016,22.449944443317758,20.93113486692773,20.307764841968996,20.452294297504643,24.399405871825127,22.382618013161157,20.856997127962615,20.373525951066945,20.332899778435443,24.5042353553771,22.390716558459022,20.993906936553238,20.453955464607795,20.39017250676521,24.81086685016988,22.644019811953672,21.14693550251394,20.47663538633818,20.43460814227744,25.016590977493927,22.763803042367616,21.155726508315038,20.588677163934545,20.441365498275314,24.724942286204488,22.544229640517038,21.348909153726222,20.50092905681429,20.362014404328608,24.88202726737403,22.531487640856405,21.557541837902157,20.604943167327445,20.577126913357027,24.67969695643867,22.527927738500104,21.68136703086939,20.62343621996964,20.52397213226325,24.72732774618085,22.23817052876186,21.805538425658522,20.8330234732586,20.6234011847308,24.58635191982184,22.178881102736675,22.073524774661074,20.849575517685032,20.67477769885641,24.395156437883013,22.149942915363805,22.054137454942914,20.965161942409463,20.855133745461096,24.423990202484237,21.968368224506683,21.982715506650372,20.959490442677257,20.814057584410662,24.42897967273037,22.1507251951056,21.823975218728442,20.975133160889072,20.941181015641824,24.40252331346436,22.47596383211917,21.82407606755276,20.77362312664676,20.819116029844444,24.328552621321467,22.422576887421204,21.63125803286273,20.7510504297222,20.753858643091593,24.528007801137484,22.606913763987563,21.747328625130216,20.71857030485385,20.65698743056685,24.1360328179691,22.91652152865959,21.516236565157634,20.63360148062161,20.627836880629918,24.355433190248768,22.714399143478424,21.517226734805586,20.639547159217493,20.667493916453996,24.144240591544637,22.451591380594014,21.320767488468725,20.67937481574429,20.72008464714193,23.99544538247578,22.29063007541297,21.212454446413357,20.644880869957593,20.636205247757637,23.60408209452033,21.94033850385675,21.029240619301124,20.565506301508517,20.587900331886058,23.74715615344066,21.6176408910342,20.76576269887436,20.551517333892452,20.620794288256977,23.848404493770452,21.548632484221116,20.669675981235702,20.6796308708866,20.61359921390246,23.955285977203935,21.399353018438468,20.71218744983351,20.682673919109096,20.58617101067731,23.893043475212078,21.52404270606923,20.874960616701255,20.712893184614074,20.738286432294736,24.243469246332335,21.437340830173735,20.69184395256992,20.863539640199086,21.00058303117266,24.129231145185788,21.752911631652932,21.239827871754056,20.9770695517872,20.979884701777554,23.725422861135268,22.01623973562486,21.124630030790353,20.87248519730455,20.893245326138832,23.824029232820017,22.321335627797065,21.192037266227466,20.922403961010055,20.919487244700925,24.21105653741863,22.533966904542876,21.435080427948645,20.918773771499605,20.82866020405553,23.936535947200042,22.704930518919685,21.579463695332713,20.795205585891367,20.629405442125815,24.337646270748756,22.553697786560026,21.07637434341486,20.82058929322388,20.73095723667852,24.593140937715624,22.280615670321218,21.20146733084731,20.770731581300584,20.814434418421218,24.551586524717678,22.186826820583452,21.051574027512046,20.795809980696905,20.828671761476738,24.20230100204956,21.907167317083072,20.628400352233704,20.7631116469475,20.876219013155946,24.559827616639645,21.961671557733982,20.51975859744672,20.7985027883308,20.988467535536355
23.499132293038585,21.469137723477974,19.660753864937913,17.9734948487655,17.2078879362441,23.132898567214532,21.35411078189946,19.648444051607644,18.01790397378884,16.919090225758673,23.06104441740816,21.24065829971789,19.64944007885666,17.977046596519845,16.824556819574482,21.43085617667453,20.826608498963164,19.11784443388627,18.202057876861165,17.012681247030304,22.600175287813542,21.026767302351402,19.46378314675415,17.84185111505088,16.92988764603688,22.456349314646964,20.8533759917851,19.45555583510672,17.725741209554986,16.886428325919912,22.685247945925166,21.08002934519291,19.3518370927661,17.731423637694537,16.86505932752279,22.502110704844135,20.96385713028343,19.46590266654862,17.67232928537596,16.710939628211808,22.950188651875962,21.03179846050796,19.600033128052623,17.59930641163643,16.663771421147402,23.146594128596327,21.35536700374119,19.62476171788246,17.64578563860197,16.710622986894908,23.303281910441875,21.587254790415425,19.67763875610385,17.835696184265657,16.756890933871027,23.027587088349552,21.42599160932902,19.871532781656164,17.782449433352326,16.689392055255514,23.20943719185872,21.564132676610964,20.0033279797749,17.81031445034197,16.891946123306752,23.04448836468653,21.67798810515597,20.1535454922919,17.764332198388548,16.853205239964016,22.87502054648484,21.294828716597433,20.388556077616016,18.140974036662232,17.139291289131428,22.721817089087708,21.117440177280393,20.486943205241175,18.15747577299563,17.30702145293036,22.6693740324876,21.08323563994587,20.432458305483767,18.28152649698777,17.581794806902955,22.82836745491991,20.960250850053633,20.31949803315134,18.43236862120049,17.777246520886028,22.570631387219596,20.87531436536924,20.21139969469261,18.561210852965665,18.000556063853946,22.5595543248033,21.24319535874104,20.23644514864501,18.335355551850284,17.769072456989623,22.67353357299709,21.200869982951097,20.084997287426244,18.24485769698273,17.67305542638221,22.779830769583576,21.328749424822426,20.231080129102992,18.16658980042691,17.57902589425489,22.424594426438365,21.364556789833564,20.00174180041276,17.989504058734873,17.411482636911828,22.62234385404682,21.128883110440785,19.83907204853697,18.03791837797066,17.58283540278569,22.749125537310658,20.793353165462058,19.583308799542856,18.030995479428725,17.640463304207106,22.3522704298028,20.82570131780214,19.501308695776338,18.02555819379888,17.607343442468075,21.989554101007283,20.45953330223002,19.224402053268367,18.07152446232662,17.629970014853757,22.057539407384688,20.22760143064728,19.00984170175435,18.090057429420362,17.684754124832217,22.20067324645971,20.35160416377953,19.018849474046817,18.21004229133103,17.642922642147575,21.96280311156061,20.064062537225784,18.993457617269517,18.203033119701406,17.653432388580292,22.102681957578298,20.080105837504142,19.046959198976975,18.18170147042892,17.771916694661137,22.40997398178919,19.971775986177303,19.06887421925041,18.207234444742944,18.02100668514137,22.221841063606803,20.46509320980693,19.642232564150135,18.33751388013166,17.993350405656383,22.07483967208642,20.52148023118625,19.53642709214575,18.21100840381445,17.904775767654602,22.36936422792258,21.098104231550003,19.725051756537095,18.29048143081746,17.964676315899663,22.763881417795407,21.310428527430002,20.044235561276604,18.375022074213014,17.9143730823907,22.54991069503871,21.529834233858562,19.9019206666212,18.339143600774015,17.735747745729185,23.041193087633438,21.08932443045909,19.3129577043628,18.29683731674746,17.85531450689897,23.045047744827087,20.852450019869757,19.32730517467105,18.271736974744808,17.81146689752623,23.05279468797495,20.598709136035602,19.134090528046123,18.290478226079472,17.75100926538692,22.735858690314075,20.325868697665676,18.639718543283852,18.260641712144327,17.720660921200796,23.17676067308692,20.41769731730164,18.683397646634358,18.371939889975767,17.91780794415252
23.975595145140538,20.896377079321006,20.43166767535136,19.02580939288729,17.79806648797857,23.30315972287076,21.808063013168997,20.685422660719993,18.900928418617372,18.170856656237607,24.8512996908903,20.96617388069079,20.142029251780663,18.882745094011455,17.827724201237697,23.28777882750626,21.048472164462865,20.811829705139786,18.904465808429094,17.973695804770397,23.86078412334708,21.082381470980106,20.524764230736295,18.778268861049177,17.865575174864453,23.529659716732205,21.12885769395578,20.62560147805386,18.77148568454161,17.768073286947665,23.77450959409518,21.283351238568198,20.535100972220825,18.774625935897284,17.681332570628737,23.476850480161204,21.297680001201588,20.55438656477099,18.74880860256204,17.62074244786741,23.586755388399133,21.45070815044808,20.437534671055058,18.673131203165035,17.594005805377936,23.20285615424827,21.530773671252483,20.338222629695196,18.714253946156173,17.593506777994214,23.434512025506013,21.47883361344957,20.13516806649509,18.72088075426128,17.688974944197206,23.063475405513834,21.255946864854057,20.22143018100522,18.653445259497982,17.74587256443098,23.095808931571373,21.363784671833645,20.27853716082972,18.652521581285235,17.802016030788693,23.005067790944608,21.27336208811021,20.332729981802295,18.691552968572783,17.829353668216353,23.424529897401676,21.331327854808627,20.586343274654276,18.99848417879994,18.348762331513413,23.611277346391404,21.5035521437061,20.75140165920534,19.105016924439642,18.689681210378975,23.693112777921254,21.484322941682912,20.643862759871464,19.20948698699555,18.980918364315887,23.495690321258728,21.443330683602863,20.648734358953607,19.259920648309095,19.30149915804108,23.43480970964081,21.725609182705476,20.70816738664656,19.22843884219192,19.543577370401195,23.33806610416768,21.670428753334207,20.809348150233085,19.08701789557685,19.356111441466073,22.958325326420585,21.585285814467028,20.734165586968157,19.026168227307956,19.395841094405323,23.14649311985035,21.655984815056193,21.027917392514013,19.141762044240107,19.377714004383893,23.364682890454084,21.741987653916098,20.96630383668448,19.17789549868944,19.271549543726085,23.44564330300623,21.406448940796487,20.885750714819856,19.68870407932297,19.652673583668346,23.618352944223286,21.508347799433924,20.41996843480114,19.70202649594088,19.748514347061782,23.6448579307465,21.50685006240456,20.421753109044424,19.73474761090496,19.66351809914486,23.536522086058568,21.384012219522113,20.116723825526872,19.682302391802203,19.628470873412443,23.54403067933341,21.397107382534593,20.01996496534743,19.74036970565681,19.738103206075415,23.727822985554344,21.3936590304179,20.09131908579247,19.576086338044654,19.576146573155796,23.375785444784235,21.26317433885925,20.32558165806359,19.611057108172485,19.566224447343494,23.571045830976725,21.292645402777772,20.2988704468359,19.551587111181952,19.586189998714456,23.64645475569274,21.121539594598243,20.348811584953236,19.49874922867207,19.656593869021137,23.576534602696295,21.086721542315303,20.390440243562743,19.55077642827259,19.60801252543817,23.132180905988427,21.273987684689835,20.218190250546524,19.393422573550133,19.388603711963675,23.581888685940836,21.459497548947702,20.336693370839303,19.438654609961432,19.307020013572888,23.888000780663855,21.479166501859474,20.505630576182664,19.51411902361346,19.319452597873948,23.73185509795893,21.790023140496736,20.362707285152702,19.627719116244542,19.40120604662777,23.885295551236972,21.625529527303136,20.232315664445657,19.521861765446616,19.468192281413376,23.99104992080947,21.41671050075911,20.182367086646032,19.508230046353965,19.460137917077823,23.748216779774918,21.411964667845,19.95282871562095,19.469760565746885,19.40506482115499,23.063545745391348,21.231666818174254,19.621873878059464,19.339406987216613,19.422802132498344,23.18720923526709,20.94240318426582,19.726540847773833,19.54023643827617,19.419108046902696
23.986414192336248,20.906204676439003,20.43892950153244,18.99910787642327,17.812618966881946,23.336701804822564,21.78493268202895,20.66820638717802,18.92687529642395,18.09056722679448,24.86659570451982,20.923628476406442,20.241208602361116,18.90900768945623,17.78680419677225,23.302065811893183,21.01692330744113,20.746953327119467,18.828209381591336,17.941572242405165,23.871310115232358,21.06470706220027,20.536516559295865,18.76035719856285,17.837605010058933,23.53747091976846,21.128805573062195,20.638835853676078,18.764597684637373,17.744024202432062,23.776590529238966,21.291513330790103,20.55259761647438,18.76450131915286,17.677790470146945,23.46546491229322,21.301593614072313,20.5636786130217,18.72868775350201,17.632746089175935,23.56737089013879,21.472320475464556,20.47521952030596,18.68677307263558,17.592023909119057,23.170647300833128,21.57040736364932,20.356725110282152,18.737283205575398,17.59763800614684,23.39363332523872,21.5110114334966,20.160602885436923,18.751105421405267,17.688321788206178,23.01963942808545,21.27902811785801,20.23343950746019,18.66850027967288,17.73362511274259,23.064420485656484,21.409169300315504,20.283265228593265,18.69182730356438,17.761527952242716,22.969284634248893,21.299624820034488,20.31434259604297,18.7243160439039,17.81590415169412,23.398705717898505,21.33874541523956,20.579336501945473,19.015086313951567,18.327925656058188,23.5949738750991,21.500379235336748,20.727674596368434,19.10304985293748,18.668692492171793,23.672364584375803,21.468483746955407,20.666069354448183,19.223060311813217,18.937863461750986,23.48512161298759,21.414872384855208,20.678777229920588,19.258683214807586,19.25679842944064,23.430931762388518,21.703701148794433,20.731970473139757,19.186943536650848,19.474746893107785,23.351056173680245,21.627751960868956,20.830772697075847,19.06340032709616,19.28650987249842,22.965700205093434,21.547979946427265,20.747690999209404,19.024517494587464,19.3294404971109,23.155901086221668,21.631495942149524,21.010850318925364,19.13748491003211,19.33317595393684,23.361351647569393,21.72241967684507,20.937902551233304,19.1754800738912,19.248319488909605,23.449934990753192,21.394451900502254,20.87237797896984,19.716838409309958,19.6483672834852,23.614034105247484,21.516525272698438,20.420727266703345,19.721400512885122,19.73861858427362,23.646725689474845,21.51142386732714,20.436586981270736,19.73142819779643,19.64270219094354,23.544047239090144,21.40089746125261,20.11948989981962,19.669665422308146,19.618582731837105,23.558261948067432,21.415353931481537,20.01864460928565,19.727271191313726,19.721795650836256,23.736067053312684,21.402241975080816,20.095352034186202,19.55785909842753,19.56146215005861,23.379370793425217,21.275450264238735,20.31898214407092,19.601561531792978,19.5700903715053,23.568503706103108,21.291461827569652,20.26928023191261,19.543945204280213,19.58790877365282,23.64575831652342,21.109202993897096,20.31290767991022,19.485292497693887,19.65950896385627,23.571565338736058,21.074122313174836,20.342631986867623,19.526290879499975,19.595422483049816,23.1313522125407,21.265956363399226,20.15097715816435,19.372152675924823,19.374558314924414,23.57933531117343,21.440043351971077,20.279474880166134,19.414687911940284,19.284785921811952,23.884241562400014,21.488290830134257,20.467140844503888,19.485144914064698,19.291784941699465,23.727450588285308,21.79785903382438,20.332801145394175,19.613886366953686,19.36747038959745,23.8726025534391,21.625197568453896,20.2100795763917,19.504295790274195,19.45316497721142,23.971515957825872,21.410396134039893,20.194292008522474,19.492816498098204,19.42260369942388,23.732590160234373,21.415439021000505,19.965056178742792,19.44755293861195,19.35900067819165,23.048656334269868,21.19984482627162,19.635943430286147,19.34788674573486,19.394457200746846,23.173000455148934,20.909198648644438,19.74798773835793,19.551676660949504,19.393333671284896
