0,1,2,3,4,5,6,7,8,9,10,11,12,13,14,15,16,17,18,19,20,21,22,23,24,25,26,27,28,29,30,31,32,33,34,35,36,37,38,39,40,41,42,43,44,45,46,47,48,49,50,51,52,53,54,55,56,57,58,59,60,61,62,63,64,65,66,67,68,69,70,71,72,73,74,75,76,77,78,79,80,81,82,83,84,85,86,87,88,89,90,91,92,93,94,95,96,97,98,99,100,101,102,103,104,105,106,107,108,109,110,111,112,113,114,115,116,117,118,119,120,121,122,123,124,125,126,127,128,129,130,131,132,133,134,135,136,137,138,139,140,141,142,143,144,145,146,147,148,149,150,151,152,153,154,155,156,157,158,159,160,161,162,163,164,165,166,167,168,169,170,171,172,173,174,175,176,177,178,179,180,181,182,183,184,185,186,187,188,189,190,191,192,193,194,195,196,197,198,199,200,201,202,203,204,205,206,207,208,209
30.401304520758586,28.243117018383067,24.718243898363166,21.988963769290386,21.068374082929164,30.104200751881702,27.64269986927766,24.1115820787318,22.156246674510665,21.31308700925854,29.86446198994868,28.10695406341468,24.423073505472694,21.883363210668158,21.224074584866738,29.719121921943707,27.204779766373843,23.699858559491428,21.613780542814535,20.288902327203893,29.840469523303522,27.54967615012173,24.21297009466636,21.8604985800841,20.826457508302166,29.727920094146935,27.481430839104036,24.20906496924933,21.90671591435135,20.809197282580527,29.66162779101103,27.424173065481984,24.184326186071125,21.854111247850085,20.676590531000624,29.827603471910997,27.367043171859848,24.352713958215567,21.827999371509758,20.644155436681075,30.035433719122477,27.600844272212793,24.501245588625956,21.970711359679875,20.841916179192687,30.259093998847863,27.822767455479102,24.53137423676128,21.974045096523838,21.01831201577359,30.23186807815066,27.69057414893846,24.36563171308102,21.930675695238598,20.992818385705267,30.32034642834393,27.862472984926114,24.60266378544292,22.075738512661264,21.386597051267586,30.108604935061756,27.78551653705845,24.528728864121284,22.252829485558287,21.419129536623327,29.84644069336141,27.56631923581559,24.39698569149572,22.08044533333553,21.358560886590993,29.88925435033776,27.70855811315538,24.40313701375427,22.087959993822267,21.206324963993943,30.0430718437795,27.798801551429012,24.670875642455464,21.951657323917136,21.245256105246018,29.90400651602845,27.593562098575802,24.570808525862823,21.678535808432873,20.938937845141222,29.84272876843828,27.521570337936915,24.458514404717395,21.494750708789432,20.804874483493577,29.99379417761815,27.677372916189256,24.595489597776854,21.416567549791516,20.77970621678012,29.995512725593198,27.67928329691166,24.57985257305654,21.201084576428848,20.763542098037743,29.904103118460892,27.84248389397784,24.653451223664938,21.39085755326862,20.554388232149336,29.825747977610842,27.844882146964828,24.621584843183488,21.520889024510403,20.497679432018074,29.921762213409515,28.02397242492599,24.647523872749026,21.494322218459157,20.510781331816894,29.941320581164927,27.838990755020745,24.333046798406908,21.64251089990963,20.477259808850324,29.73016489968328,27.41778917031447,24.244367395557433,21.827677073041304,20.513795210038545,29.688000880738436,27.038400561529052,23.864191411255764,21.618928991691803,20.616700587382166,29.477846528934425,26.822730945380187,23.672388370380798,21.641153686319804,20.584379173361153,29.336032409906288,26.51494635073117,23.423094520644913,21.599721507502814,20.66188897266494,29.214913240082883,26.60428480929649,23.57424041332242,21.620872492612335,20.73334071066543,29.46840029561971,26.873622247037055,23.594017180710686,21.708900372207417,20.89927778767869,29.357733089833495,26.912435145700282,23.56386470978218,21.877889320996253,20.969483692894787,29.494491180172822,26.932517252340382,23.699092728932563,21.774975108487077,20.943141708937716,29.300899508594096,26.718581153741223,23.86023519585923,21.82407328354475,20.759520333841703,29.27276063404878,26.64955109444738,24.103638126197474,21.892497855278556,20.683300385793416,28.978406846806468,26.510855535586852,24.18317756495009,21.867224961568578,20.414220767540588,28.914599641053154,26.567603494482835,24.349515374966693,21.7195360242046,20.176971129354833,28.96940190581798,26.53852903062232,24.22271995935531,21.60871657720599,20.104177231503762,29.138234974522653,26.71050782767973,24.14820577371487,21.470392985871875,20.14769255253355,28.95468342682657,26.549175206060475,23.865043535644674,21.386290308670276,20.330148197656776,28.53561160831638,26.016721260935356,23.37984240868044,21.321466720575852,20.39628183115363,28.295741613914952,25.425139673730456,22.913219853600825,21.490651401372673,20.64985368931803,27.775634300353783,24.863031331529175,22.58582666569307,21.57900688217139,20.630766455663842
30.535400744183526,28.34125600151256,24.806654089819542,22.205681996784456,20.99340161932617,29.95972755458644,27.63800433317959,24.40630687820673,21.96011005073217,21.183221316724808,29.934468676085867,28.16347219103963,24.68241041234952,21.67497746436408,20.984172101263354,29.551219917008304,27.02460604239461,23.591798420915946,21.272147982671783,20.55060104522215,29.83781590676271,27.59353722957004,24.32237113289626,21.740347598401332,20.862786696820955,29.7172133290807,27.538817534874106,24.31530331550172,21.682415060922033,20.746170326230626,29.70574806763232,27.52739213729476,24.33275784926267,21.614430241776606,20.566348189317274,29.830893087096104,27.488199593543527,24.47083566250091,21.6317469939088,20.529227430245392,30.060088336731308,27.824803403914295,24.673117866188107,21.775981747429974,20.657402346335765,30.2740352035804,28.02393313648896,24.736056182017865,21.679294165410095,20.64528023121923,30.23928591329848,27.863976349709702,24.56165391919513,21.655858121286823,20.690264048989338,30.36188420201063,28.02352599988675,24.69138525423971,21.795809694190012,21.012766662863708,30.183196372057587,27.993630850503212,24.67288799588099,21.964911047166233,21.097784413409983,29.952104201588345,27.70537238057927,24.57410225193845,21.880912711327603,21.038764629166344,29.9972843816523,27.86596833725301,24.590880177174775,22.027415795871555,21.034544635022694,30.183775530570568,27.98234806859835,24.822422249554318,22.003432329666268,21.074067887536224,29.97738111332137,27.75799350455899,24.777178658733742,21.807541495444255,20.82021169395363,29.88906181276036,27.620637522294253,24.591102744426596,21.672302884032696,20.720873812160015,30.04403883469221,27.79307067187916,24.690781998813645,21.616419597115094,20.63104999915931,30.067965929618254,27.76737264940624,24.655210057437976,21.470997894337852,20.56341930864165,29.9041487224366,27.89382907414323,24.786179371821298,21.531760850554996,20.43611513600947,29.81627805647556,27.897970233499752,24.704137188073503,21.583393029638234,20.40568243051549,29.88573085195852,28.05685782834385,24.799730802654462,21.499862227584163,20.3558377204228,29.866791537684755,27.874636282850084,24.538235074566973,21.554820071666466,20.24462749012073,29.630435289094418,27.433752557350818,24.44759364444339,21.646293253920067,20.283046686261603,29.627871240377203,27.093841550714494,24.091371255739713,21.542726324762807,20.345581907120447,29.425426180062647,26.875040431432428,23.89147261354873,21.60626966873174,20.43804030759559,29.3528035095693,26.611304755072734,23.604207870237595,21.653498728246138,20.585648896198666,29.284671456873717,26.734307297524577,23.697787746661493,21.816325610296396,21.00604582488311,29.550298643098568,27.01664684447246,23.762116412382987,21.89990676252148,21.366657837089633,29.40998089260099,27.03114623867095,23.67484643219165,22.09512781722849,21.523357562735068,29.566875855358422,27.071155831402372,23.823555822600927,22.00933196423411,21.56683993486602,29.394793536484435,26.843507720513806,23.952552842273473,21.91813094237551,21.441668348533657,29.344293611600627,26.733212651782832,24.1949364137198,21.818224497733144,21.152796429714652,29.035364873593487,26.628599706002365,24.214817691562565,21.729493531766188,20.6906697414866,29.010313244228076,26.729196230763034,24.49196627074196,21.414519191789644,20.405222051532316,29.11135094795401,26.753293991704783,24.363729648025753,21.265477225086936,20.17490224966594,29.229794626974247,26.9155882286676,24.32843470052706,21.203440157195566,20.016595979843835,29.027010820558182,26.78474888603244,24.01748302894754,21.106010586544976,20.17544631242906,28.588568632757852,26.215878261556135,23.41360923949238,20.9797906219868,20.29544515138242,28.23945363516061,25.615831011204072,22.873924998020314,21.217006950739716,20.515269026171776,27.66032518644527,24.99893735850664,22.5044002365082,21.247917487508847,20.520141378663464
30.448509272535507,28.174674537812475,24.589823352111456,21.91878058997052,20.501825291021042,29.767508650785647,27.49614343629539,24.314737017014895,21.80516538011759,20.982116914490707,29.915054909040467,27.877403740425947,24.73352656813158,21.638684713985487,21.144462298764097,29.197065522119896,26.668777195495394,23.443018021752916,21.126690081661465,20.187343388085647,29.673790447412735,27.37119167355188,24.256145746933804,21.51050156306489,20.500080527718687,29.528563275961698,27.305828609823163,24.265367007815218,21.461777486826314,20.430949641172933,29.52184598362615,27.282828522031288,24.2906964447644,21.351257550659167,20.145663567072866,29.594413181851223,27.278263737853468,24.39480621105417,21.35712196777489,19.923531108402905,29.86628622810813,27.69391962136058,24.651125506100417,21.552391473436366,20.153940313952052,30.06831807702766,27.894181485809572,24.674855160565606,21.570443198776722,20.321914997151787,30.01396133069797,27.722393178880917,24.484199657917294,21.584987376141868,20.416013887078392,30.165877372433226,27.908358779193055,24.598977461427594,21.833085624041473,20.959203656110823,30.075050802291077,27.893133640445512,24.609186713743494,21.94192638996961,21.272705681779218,29.87602598944985,27.563139911405834,24.43051107042775,21.82912676823731,21.12574218973005,29.94975678745473,27.719230604659778,24.447123141475437,21.973496071966366,21.143779687691318,30.186345695388688,27.859288632916087,24.670881750726018,21.968330590161763,21.137379724113543,29.923906324895057,27.628023082732284,24.643475196750625,21.777110447818348,20.805882557460222,29.7632165399624,27.43356118362839,24.406285696180063,21.671602732123535,20.627196426768375,29.901011080794696,27.621401166536327,24.558550614102778,21.653294039975332,20.596385378590284,29.920084960631357,27.618347489194143,24.53491786801256,21.58556124042581,20.566169482048856,29.73033209460896,27.7307485515016,24.67836117558455,21.636884983742686,20.56929600704678,29.64972366651893,27.69798602102224,24.620512945969846,21.68482045609857,20.55128296729798,29.726712174930043,27.87409973550971,24.759066156306584,21.649627869837968,20.515655729617258,29.64882345934658,27.656921547834923,24.513951368078917,21.62004279588575,20.351878713849167,29.404563235091217,27.207053907751668,24.41381382017992,21.596840277442425,20.34072198225079,29.385345801454342,26.914666402528336,24.066793450880244,21.429541595492765,20.266435382402513,29.178834459996988,26.697319062489235,23.835674852601908,21.330502566486466,20.182636267663142,29.109451317626146,26.423367840751514,23.557237489417673,21.2676602692543,20.199024506137597,29.062904360482964,26.569930385029352,23.59276787830511,21.40871468024093,20.452450685074616,29.317659457843895,26.831595933105444,23.68503192116766,21.4023832052352,20.581626146556456,29.19144100287182,26.802926414370148,23.632731792527174,21.461857038569786,20.57054546635839,29.367653603387907,26.877261583734686,23.802073158021468,21.40128440853001,20.510887300983104,29.153887207325102,26.646515877707174,23.913523896045096,21.30941085345077,20.31009509160187,29.125629252820243,26.52498017469906,24.146835359373505,21.232719156743713,20.145723184081525,28.833065406473263,26.437088704185395,24.106866051201493,21.225957199848004,19.75705870828125,28.82345734384205,26.54426999328269,24.355810853325742,21.068746064339017,19.521305149248285,28.923656536413176,26.551682230831624,24.172669877177988,20.919468046146836,19.299469701828308,29.063895481074223,26.715447512302184,24.13018754274477,20.955730489383374,19.18380555214495,28.887285352767048,26.581511252023148,23.862192328387415,20.84377216236198,19.24875488242497,28.492234955220123,26.01910980055871,23.36513256875086,20.635638536572152,19.3539570718616,28.162126047668114,25.405462408569242,22.826247145818144,20.84266660533874,19.630431861562094,27.566763858683068,24.83812155213781,22.40919285792728,20.84074279580672,19.788726209354028
28.302382764330353,26.247182753916405,23.45604727974654,21.50386074797327,19.520368225539354,28.039673624679015,25.34066583952874,22.74019955163189,21.071761713286357,19.681827327983253,27.819617467678846,26.204617457985048,23.562015194665147,20.71114286861639,19.528034355330938,27.469816640940913,25.16112595097956,23.078190939747355,21.01375330296188,18.886286511641426,27.74278273977625,25.477845295675102,23.15976301755982,20.990981558084787,19.16847992646728,27.594611769659316,25.384395003425826,23.181672255486326,20.862695175011293,19.083923079264743,27.484935352807657,25.349565470546867,23.22223636337619,20.886040467808687,19.036840481258803,27.678756093017444,25.158821191306846,23.32667300852311,20.98572586796642,18.967814744073785,27.919204591684007,25.38300693295364,23.323593967479905,20.95585688835605,19.170008932536167,28.08605268460595,25.64319086937225,23.218830689599177,20.93214103285236,19.449928379307572,28.082717784809244,25.55092308938496,22.986302191283297,20.913812908987467,19.54500399607167,28.23631438757669,25.707874541112666,23.165879050379825,21.030786558464506,19.93098617092676,28.01803308715602,25.768675092466317,23.0763792340723,21.103239143493607,20.07189408800444,27.743413498397068,25.60419240634667,22.989169335151054,21.163040992364092,19.992763568512437,27.85529167034223,25.728456307353827,23.095170580837724,21.20254285880327,19.89225362651759,27.995664776637984,25.753724781028872,23.411408950986363,21.169548354858414,19.894562820577285,27.839483838239516,25.606537904587423,23.332267983459197,20.925559102080772,19.4987566684466,27.797819676383305,25.50588512657207,23.280893265951597,20.781297169755643,19.351465663692288,27.89598698061232,25.63565698793323,23.329564609349916,20.630562875149472,19.344992020400035,27.88665982877552,25.61793902262034,23.28307351773318,20.555042881685324,19.314568690479458,27.822621066819217,25.790625758872732,23.34275943149979,20.7112713947431,19.198389552503937,27.77476168685643,25.79516299629541,23.39882695777631,20.9358629934722,19.291163140653616,27.786361757874396,26.022012986650424,23.404149951994945,20.940612603580693,19.24762636695406,27.879604229930845,25.765746620576703,23.15578794229016,21.11828672486111,19.21738366333867,27.758927606859363,25.39020196712656,23.218698672994503,21.286855623076367,19.30427005025196,27.68883454786595,24.963199576321333,22.95143276640829,21.12933428203854,19.42156128750229,27.472996028695384,24.83167679796212,22.752451185336962,20.91894651014702,19.275871227428503,27.362999458557983,24.497671523390572,22.561305380224223,21.01685244491751,19.53405106626702,27.260436688973023,24.690533062103928,22.726409831454937,20.98665210515688,19.675638328742927,27.39216631755055,24.902685232603584,22.691988473220526,20.884141864520622,19.76193176613498,27.260515961000674,25.04152288509642,22.615551940228148,21.0928441588192,19.77047114760305,27.309404286082007,25.03908537839359,22.831671510022808,21.110285910627933,19.745752368359618,27.064526626234063,24.87212376790967,23.051759612249825,20.782195662061334,19.393216473911714,26.984765724647854,24.788838002316147,23.338779131921374,20.740783909360097,19.218372164201718,26.666861989129366,24.66979086910057,23.41994517823959,20.69393769546387,18.935895010400394,26.63350600024784,24.74513833521017,23.564460439434857,20.389512220031,18.68807791214581,26.790280654320064,24.672072133426983,23.44358383843899,20.252949128459996,18.531649440421525,27.00162861630512,24.817035070469238,23.31440993234423,20.36680107542808,18.56572281741729,26.767107967393077,24.662313833802912,22.994313948474222,20.266483931894726,18.692730990133096,26.396342756159424,24.298192565019995,22.67118758089534,20.23919276966842,18.82597641892957,26.16549826094727,23.97836500672085,22.27292000892202,20.40611198875263,19.080830719383837,25.74765510031144,23.607505884489946,22.017811099278397,20.516484572281144,19.280318287602544
28.429042181407144,26.09739800995488,23.22374529718499,21.312402938293985,19.248100319974725,27.615896447072544,25.515332562255967,23.020292469751183,20.436038353327294,19.4689677314603,27.780287344937143,25.966403246989113,23.909896777142198,20.877626024893075,19.919325398427432,27.02245510150305,24.864946009200096,22.60257584505431,20.606757100225614,18.94558697429466,27.567277034609106,25.452217792895233,23.128858553357997,20.72719886841621,19.216408269494124,27.40563221361193,25.389258728637564,23.160428624114314,20.673390718596444,19.117004498389857,27.402007067047094,25.362754453360186,23.121606969219556,20.66843218986473,18.99067470499735,27.513147550222396,25.28160086411156,23.08469179962189,20.64983005123196,18.78948600285861,27.817435235211992,25.66239749454918,23.204500838965334,20.768322608387273,19.040626580914356,27.95725921656723,25.819740018389602,23.149467019508844,20.75090217795913,19.19632195231739,27.897017296544828,25.65887797889663,22.882143818391494,20.682196043891512,19.260503517654065,28.112296251377238,25.834562711607408,23.036844792962675,20.925506243818358,19.77577461992845,27.991076553487467,25.88208511509278,23.081436103070402,21.049153510990205,19.969255866336244,27.823728504822167,25.5647809707469,22.98032080501265,20.971419917217116,19.852032068973344,27.96160024579576,25.72623028538963,22.982609400032292,21.097304036146504,19.86832836440718,28.24433591134413,25.88850952873164,23.29871161114435,21.195968412949902,19.985955507891422,27.98704275447222,25.699358472658343,23.32481019775988,20.98495573859021,19.571991176882538,27.931393013248783,25.507543934060244,23.16924555462858,20.93526443144262,19.554504482049943,27.99541656655284,25.700261333860784,23.29504548703803,20.846173504711235,19.592625215374444,28.042012887783592,25.69294431190526,23.365592149863183,20.795016701692198,19.495624247303528,27.860988768719018,25.73316558389294,23.48997491137525,20.80116464815655,19.455457515258143,27.778850396833707,25.688631559275088,23.462279948777923,20.974157843933046,19.565498044528397,27.783072560350774,25.88316453798044,23.5175039320986,20.943331683003215,19.395384258336552,27.792343197812425,25.61891133942857,23.356871990379027,21.062467064741977,19.202525470165256,27.652402167527953,25.21310694200022,23.362783546637516,21.118779857368885,19.256541752573675,27.58186508651927,24.977617993684714,23.095045368530492,20.913371334365188,19.20726895701343,27.40379475970635,24.8817491428655,22.905052169999564,20.74585689496319,18.936443212693923,27.306843418989455,24.648864892028804,22.772045816109063,20.746454849628037,19.08842152069601,27.26412575717712,24.886394100814588,22.729320013322116,20.79475489260109,19.30044931214595,27.403787249656734,25.098712562062495,22.795792832460293,20.73814809143929,19.499177559944986,27.26680315605612,25.079059050013345,22.712636899487986,20.876483500649528,19.486649227637223,27.360188434380113,25.091904012077656,22.960147602635207,20.83484064712158,19.574574756827218,27.14308999102484,24.941003467263386,23.077752185034065,20.66092829991603,19.34200245805736,27.051432833642565,24.80067686073255,23.365321803117016,20.571342571556926,19.228560864377574,26.678160671802864,24.725323138031886,23.229525543059726,20.46909875688483,18.87563210685757,26.650423203326085,24.87355748226269,23.430105787473302,20.31676069684111,18.752766358889538,26.754795056261315,24.83443096488301,23.215717933487497,20.180363626727527,18.596928130911785,26.936903120035662,24.89972482875596,23.122228378443335,20.248234530754498,18.606807092831012,26.788366733827992,24.798095957273535,22.826358736560138,20.061726608354686,18.542311646402307,26.59264993353215,24.37788282741995,22.58826938863458,19.97251970106894,18.57671127481288,26.319850196766915,23.86809988984572,22.223439725072996,20.093506655750282,18.652975909520233,25.84786676179404,23.43397457424199,21.8961628906043,20.128501223539903,18.739690399373963
24.514921856157017,21.44296557876374,22.036282084122313,20.27251077759464,18.417364802401558,25.650357388344933,23.44496647567479,22.344701383596615,20.105411180266366,18.572014347188798,25.391020851843795,22.940137498188797,22.171030159885493,19.702157432141792,17.500453807570153,24.399196050618254,21.332842524822585,21.67170587988151,19.877812135138434,17.61794331185841,24.468318426046743,22.170492458932852,22.071450499992608,20.025086689546946,17.90650858106783,24.51673211388043,22.584301267206865,22.21096199544251,20.06668050832019,17.785039958188456,23.998689437770974,22.288729223897462,22.246866145821894,20.02770747383935,17.593801409056244,24.060256221840024,22.028983130144546,22.435557121749156,20.102044288658846,17.76859504324968,24.5150142339899,22.367944895538113,22.58133791117945,20.147145149701736,18.01588879485714,25.124924851006018,22.74322382335361,22.455433203747592,20.163172506774902,18.31770838637246,24.992156699501333,22.614523048963214,22.472270976118388,20.113206395201676,18.533527205152804,25.498762049400185,22.766771900390417,22.30555648386915,20.33809835039898,18.7316409153558,25.62863327473023,22.955457621857224,22.290163338808597,20.412942407522507,18.781012927623426,25.083053051148866,22.92657069174602,22.238589595740248,20.380972684000994,18.780120445203018,24.983235485616106,22.71361317905186,22.407256019321782,20.41653672226841,18.67261108561687,25.30320089097859,22.582622692354285,22.425492440826282,20.433589009977243,18.743836576845467,25.165060246447762,22.39896208849455,22.415014694739614,20.109915857635876,18.667739398236098,24.98958220931629,22.795996501931896,22.32869067747358,20.0803495862983,18.65123625390935,24.968975463974296,22.79552922091572,22.434089687896325,20.179708893924772,18.67121405021473,25.32895726133035,22.74268725230959,22.324674636873162,20.0707463564343,18.6457587174256,24.96318825846435,22.949526890817246,22.144107770299602,20.183963487639414,18.641309285765182,25.07452971392008,23.09891915696236,22.52938413494958,20.542628687577803,18.898915582390774,25.110646093991104,22.901726671659855,22.507121066286835,20.4870479615925,18.792425191539497,25.396612888888097,22.9040435278548,22.360393213721352,20.559422791802504,18.686242601974516,25.331454867220753,23.08049903901278,22.545704801084952,20.626606250672534,18.731568987522685,25.384758182225976,23.049694553543304,22.627660111355667,20.3802820977197,18.42316447464485,25.075086568905373,23.00020708444857,22.258557916098358,20.080482061856674,18.09384106493902,24.582574061807737,22.666587248843562,22.06933262044221,19.935411445222677,18.09994673004701,24.483353556394356,22.5905023777535,22.05292931872251,19.76071399577597,18.194478107503762,23.986092331772596,22.266948796146927,21.84754220436564,19.72797820352145,18.2293118955286,23.987477863481892,22.29364188343937,21.688008677563968,19.883098112623127,18.260881602663396,24.077985555302185,22.37141755713513,21.98926399607225,19.920154780075855,18.224612338658012,24.098918662050814,22.502629343051638,22.31009855278441,19.946827774261372,18.094587301741335,23.865199119621284,22.58545008488383,22.665467680869035,20.01776987236571,17.884789366576605,23.647658781561642,22.841584026083854,22.832579487069303,19.92050931539183,17.721408261582024,23.876818950409632,22.61256711584128,23.036233281201238,19.777366866421737,17.611789770415957,23.669217174865796,22.55200610513536,23.10148790389639,19.729171834009527,17.54865697841937,23.5610716590559,22.58891784915661,23.027139964964867,19.681673899008935,17.620605945949016,23.79393640747955,22.521711393689237,22.67187518792005,19.569976008747147,17.76087768802468,23.819020613429426,22.293303421144522,22.380759613559356,19.609467164429685,17.805236370809283,23.76539382989163,22.432432930058773,22.13716864070623,19.71278701255587,18.00676863050087,24.17898965498424,22.580330495308722,21.76012402497098,19.748837717111723,18.047434526706674
24.54941031733245,21.475039070189894,22.088192431661632,20.238916481570367,18.49141478698783,25.626959017220226,23.451232637391183,22.33315910953015,20.087765423283102,18.54956642595645,25.391821544268826,22.93399698571376,22.162480276440224,19.73534686264789,17.60908604331968,24.398640553423085,21.351832007487815,21.691634942184706,19.860523507240526,17.57592043864368,24.467565635611308,22.173713028183673,22.08275843797435,20.01565271018511,17.95146542603169,24.515988420857198,22.581736874738972,22.213792428261133,20.052438738789434,17.804229907022414,24.00051896544706,22.28078220642127,22.2504350970947,20.016821597013276,17.602331442638175,24.060273478334807,22.025547808812384,22.447733969096532,20.085096211388553,17.739575102726285,24.515649797541307,22.357217779486287,22.58974226059868,20.131357745162457,17.990862006215515,25.13145829666428,22.738275407180463,22.457588375591822,20.141713078908662,18.269300029768544,24.987271419798795,22.61023554423863,22.466908026250824,20.100309688831484,18.475614571197426,25.497423807493767,22.760852569146483,22.298596585910474,20.32444453802575,18.689178257480194,25.629664007835107,22.950780855017403,22.2685663434758,20.39706661192958,18.746165654930955,25.065078277714434,22.92914634026997,22.21782363309945,20.366513622380054,18.71116006605563,24.96974075244668,22.707075675880613,22.386287927193944,20.404534149862872,18.56444430880441,25.29849570691956,22.57118263715641,22.41143533338135,20.40547342051625,18.611038999954754,25.160005620482853,22.391989898262334,22.41134483123045,20.07375905334059,18.545933690664036,24.98476013505137,22.779562588757575,22.333000126177787,20.048528188149312,18.54530041306968,24.98209712193771,22.770556805345553,22.435787968360334,20.149552052402946,18.601794017395356,25.33399513096728,22.735261210026746,22.320281709200618,20.035897731740626,18.627706390461768,24.961684331719056,22.94939116867962,22.132045288487,20.169734466124996,18.676129767519264,25.06882748993995,23.102387052855224,22.50711319190807,20.526104109186186,18.919544208114225,25.10551329255936,22.909063141782916,22.482143779369924,20.471627785628172,18.827252723202292,25.39631705788806,22.916500143609248,22.336140331738573,20.542717795495243,18.730486418624153,25.332002860296413,23.093067586557684,22.52817711059169,20.607600126332564,18.76479761182381,25.385660472152896,23.0470190983336,22.615218636562673,20.353788190565375,18.451254284429957,25.076159987407276,23.00087856625116,22.24334294451571,20.06887252188641,18.122849545855363,24.587000555277335,22.65702770189466,22.05140327688877,19.91620034671932,18.104455480835316,24.482136444747407,22.584217964403187,22.0332055632052,19.752329354735103,18.17548953452719,23.978085815270305,22.250653682707085,21.83224525320318,19.729368461825917,18.204001954131524,23.987390624792177,22.283517103824614,21.67908260049231,19.894984627449926,18.21810347302688,24.080407091047665,22.351589765591253,21.98524688972679,19.93221964054859,18.167932219218052,24.098313207034188,22.487335493530512,22.309765742159435,19.958794681743996,18.06084349205482,23.869866220894785,22.56318566958463,22.66395488950137,20.029308948230504,17.873269683021658,23.65567771622596,22.816434229608888,22.834919821705984,19.941933786607155,17.70705622596639,23.87865675710448,22.59893220431909,23.031632292162833,19.791801014465427,17.598371410129936,23.676548618619677,22.55107137446142,23.095458329071427,19.738219763473143,17.55628445808104,23.561702575684137,22.596117944304858,23.018504940222588,19.693550743599083,17.608607367601117,23.789583145305805,22.538428985791917,22.650627373543724,19.575605132811535,17.75210434868979,23.8197737936702,22.310203097935773,22.355636348898038,19.613981815232773,17.822607418364207,23.7652195342932,22.447520611219424,22.12168510970302,19.716826546002796,18.045312960138162,24.17318886927051,22.582178167635462,21.744385004970802,19.760969107357415,18.082944025560778
24.522997880368493,21.472547793666315,22.06272176058872,20.2634934730932,18.444340702439476,25.619065964906262,23.494300463002478,22.318172063208234,20.112445878554894,18.475994309526367,25.37973406573617,22.907074761992078,22.145551850851575,19.71742275112967,17.47946579807733,24.396577056197458,21.297839316004886,21.67159451539499,19.8423636063606,17.588473103932635,24.464805225894228,22.149370239011596,22.071349784077803,20.0115059319434,17.899761991372173,24.51649572194369,22.55203120973858,22.203421184857767,20.04178296615466,17.764343125251532,23.997353668259965,22.24179490615969,22.24724871207004,20.00025805578469,17.596286299875313,24.064770574475826,21.99694355572917,22.44140701382682,20.057676246222293,17.75934974117513,24.51988114091951,22.339313487517348,22.58501433280491,20.103946518364502,17.99882885344141,25.12133230864224,22.73661235426593,22.444634368930657,20.118160867542464,18.272847231644555,24.985384221478313,22.616144053332878,22.461050749221094,20.081736786432828,18.47173968778022,25.498958455336144,22.76720038818295,22.285668843747526,20.306806623840934,18.668129447800986,25.627471528582163,22.94864365609325,22.267511653236504,20.38503208880166,18.719283504188716,25.067720114749203,22.929522097921343,22.21983422725366,20.364138568232995,18.70924576941676,24.97987106122363,22.711419651666645,22.39509753783735,20.403971624513133,18.59490658536418,25.299436440288623,22.567342261934208,22.419726958609193,20.39992316288481,18.6578432055366,25.16379511613396,22.388083146072866,22.41965432346403,20.070034901867206,18.584676758995375,24.984543903307724,22.78096669166631,22.328602715840585,20.051715064142456,18.61007630873811,24.979808613593434,22.768072742546586,22.427697228071846,20.14653065074099,18.64000046194988,25.331588128557332,22.718503641906555,22.3108787948793,20.04082848910504,18.638608424225282,24.964315420700807,22.94173155181812,22.129603588090248,20.174735827974978,18.660286172975322,25.067058041807055,23.090819241291392,22.508277386079374,20.53014574000104,18.906378432109015,25.10524094020095,22.897211568996955,22.49364638461083,20.468649048460595,18.794389067296343,25.392381342782972,22.901394250114556,22.346182418889207,20.541944368270663,18.70581868029664,25.32920539311612,23.08057463638791,22.548299370715124,20.601739029785954,18.736031480513354,25.378761854308753,23.037573551997973,22.625158286522517,20.364463232198688,18.444810008565977,25.089578021408094,23.014866134764777,22.255514706962444,20.072208052727134,18.135250405284673,24.598937795957468,22.680237852281365,22.064149237372575,19.926772655825104,18.127270525883212,24.492241663706515,22.611647839100222,22.042326959737828,19.75257045999112,18.21773459413423,23.98998760798168,22.285875806607212,21.826911962498116,19.72021012429378,18.274019211539102,23.995214832810802,22.31583748714653,21.663998102799205,19.871243418825678,18.275159678989773,24.070716611057406,22.36409830001629,21.96614662883728,19.903654260293944,18.229641738557028,24.083411106209475,22.486041178170076,22.289429419118825,19.93611080944537,18.07891085813675,23.85305305584305,22.555276105936777,22.649921704674032,20.010091845860078,17.86436925843191,23.630395021194282,22.811668425347566,22.8206371654653,19.921900851375714,17.672620379269954,23.854285407602582,22.583016526297534,23.030261427478944,19.77608180334276,17.589710047161223,23.669370292725926,22.531873580282014,23.096411966712758,19.726731100439583,17.551453398993708,23.568442293228944,22.57234146942573,23.018643734252983,19.68607737438433,17.62853699283154,23.818636814339918,22.529218617695975,22.673851054820428,19.55787415835936,17.7853376903011,23.850907249098487,22.294501896604835,22.380214437551015,19.597866246950794,17.84745633965859,23.792311902054177,22.442227903968387,22.1468827475014,19.69848758341125,18.045506164877963,24.183755289501672,22.578312687884306,21.7574870567569,19.74219001782499,18.066956643437727
26.17358304861117,23.987398966576464,21.889169644126888,20.237801070623505,18.075177453676186,25.85768926014698,23.35966317312444,21.422150351366973,19.826990018958696,17.81832549163714,25.9489393757218,24.401440833595736,22.682572315744146,19.54944993522183,17.809141359474342,25.28737652601887,23.277835237641884,22.49520703340072,19.959704623134794,17.717528808659537,25.64216492096931,23.614991589341887,22.067763377936252,19.890740665388535,17.674199855688805,25.472237810049833,23.487873365938725,22.232420347160325,19.747268916776292,17.64544748662639,25.350742554119286,23.32773027519495,22.262434785179806,19.737201192628905,17.550076210083027,25.51592791034575,22.97134184277234,22.244962149753118,19.782936802861805,17.499797488530298,25.74841186676172,23.10597300445117,22.106653033263076,19.84574548263754,17.60979650728108,25.867453252202573,23.33481976290282,21.83189171199468,19.73097696155303,17.84735102024847,25.8904973118187,23.267975851659894,21.472857112301384,19.779637861329043,17.85190756311112,26.042214737403377,23.56512695718147,21.566766867126322,19.85572564988234,18.283693891745123,25.877007452832817,23.820117811921797,21.47871021748096,19.9977988048372,18.46196150667564,25.673916776682983,23.775796362722552,21.419444205459158,19.942390701838498,18.456676967539934,25.829947125686534,23.792430230882147,21.677786187556126,20.006009398707942,18.384558269166035,25.942268881614062,23.883434925109338,22.04279417455212,20.04006859659449,18.479506751319473,25.87855612744956,23.77015970922293,22.10974234274219,19.97901466299721,18.198584900035012,25.929991673875644,23.775854215363545,22.231890908137682,19.941803312094528,18.159182831549444,25.935761972933154,23.813188713065372,22.252453071888063,19.898012801990028,18.275316561711776,26.054362466774244,23.818881147998518,22.24638475456799,19.954915652914224,18.29551810378835,26.047311046010226,23.929293237599335,22.30281757306588,20.094385397590568,18.376581940390885,26.024499278464532,23.962520934317524,22.391212118916428,20.375917882204426,18.63687057806402,25.92502275531325,24.058438767019755,22.308749702036756,20.284614033580397,18.519859761713608,26.15518884959328,23.755320380018834,22.171290584294205,20.45831899288205,18.300420041623696,26.132405856122197,23.573682333921106,22.278113610532337,20.53588339855356,18.387597293063276,25.915136735665897,23.197711171989567,22.033087317362952,20.30215310234532,18.173120720049276,25.699205412942643,23.146680082795037,21.818543591328016,19.932196714735873,17.811967579048332,25.53420359589334,22.88936294702586,21.52519402343912,19.906447893727083,17.910347773206098,25.379988554409493,23.16525107146428,21.590674838274953,19.738246305946372,17.969102503185653,25.219854569170923,23.188725861646482,21.466088760089594,19.546423553645187,17.95407136950337,25.1906270906549,23.3548091857267,21.38505661994474,19.71505877424762,17.920596406012315,25.084987977977256,23.347150887805913,21.669685177494138,19.75445396901383,17.848250901138545,24.766813683973787,23.29286380627807,22.04705012548634,19.67305361522785,17.66076095822086,24.59851967597897,23.338485912741348,22.44847123140532,19.669263982414503,17.63358623709828,24.270715872345086,23.219709400562827,22.533768019258154,19.65947056002059,17.451269788051178,24.289494938415267,23.34531259734011,22.701714325914303,19.46525786761546,17.336946097741954,24.531986849689233,23.31098878282309,22.444849363623295,19.283432392669646,17.34474176320332,24.812233152882584,23.37098659447047,22.281855228428167,19.27846918713265,17.33812908170576,24.595524522112992,23.190976167028197,21.850216979660665,19.0683835890308,17.337977155023513,24.539528879457844,23.028835324212984,21.626146705319975,18.98090859449501,17.38959899142963,24.435589962750235,22.934144765190222,21.311665558303986,18.98947852193728,17.608006957256713,24.316745285861465,22.61571105195502,21.161459755027376,19.13918456007243,17.723580977070327
26.31560403285578,23.873882024191314,22.01567696958253,20.215058543011487,18.008977203528996,25.85866981806194,23.908245698877824,22.008860335866437,19.586088860391936,17.678700539761255,26.17010856513352,24.304853931951246,23.21067728314648,19.912487514717,17.958375892447265,25.179796562369393,23.355067754660052,22.676664883935448,20.047176486454898,17.860591667298447,25.63447999051079,23.82670449571943,22.360690979982394,19.87780193970072,17.692794683778338,25.43201249237808,23.72638733027845,22.531642725283014,19.811337550407444,17.678680767923492,25.376854731563803,23.50551322346794,22.52342170912016,19.822390665543917,17.679234308994843,25.431164427591874,23.105848285099263,22.399376818310603,19.823263403867923,17.5807615340002,25.702687727965202,23.274658021077954,22.22623026527066,19.865825166689866,17.690988956221677,25.78244894426782,23.383983437427343,21.921778319006336,19.8034057748414,17.868709108525508,25.849735246555685,23.188923164279156,21.51607054907585,19.78511575227653,17.846849232693422,25.96649832364927,23.47335676183058,21.49183019604141,19.861529569392868,18.09126642259885,25.76149159833862,23.753653863825445,21.409697375406378,19.962548008178477,18.29975081106548,25.62066511799129,23.615072972326935,21.40584355360893,19.892457909931714,18.248673945743565,25.884053386893175,23.62981348778286,21.661063540455604,19.980052835876972,18.216362984911488,25.995886874095312,23.905176618661795,22.067073302199923,20.020534024189324,18.313676484769566,25.906916776711313,23.77688889431122,22.23505053795413,19.990017170924773,18.166293326438815,26.06875911011851,23.798884009718943,22.397073112629933,20.00314583632542,18.151051621150913,26.00129101420102,23.90045642912431,22.428192752262383,19.95622907526355,18.301731178476746,26.123381708099668,23.88648742312239,22.510829391021073,19.997106948086646,18.30226633358175,26.031963621916667,23.90612280119145,22.53546325823362,20.13877772668517,18.417755275696315,26.023283258714013,23.970729119370993,22.517185683991197,20.427739148728634,18.660668597366545,25.941073416492504,24.034942167748785,22.434614090524093,20.34089006651798,18.48219254730775,26.173387955331343,23.735479444036706,22.388745577856227,20.517493664691635,18.228594384248034,26.130095292904436,23.642917176844385,22.45659434864614,20.611660434231144,18.402161063837628,25.990026661990406,23.46036837567928,22.27244748708615,20.332736607481234,18.161199772374108,25.752186830640348,23.438956368880035,22.122238053859242,19.98136475546026,17.791390831151485,25.619989497807346,23.290859464159897,21.933101192318603,19.91512027722373,17.91913222217592,25.507189678100893,23.561682327642018,21.892907577373645,19.803728264043986,17.999883191096693,25.360197791051082,23.50249021998775,21.807242503751368,19.607955627619738,17.934785959225753,25.263104697704954,23.54002520532137,21.700464923207395,19.769225364295373,17.91379089410586,25.23914704999953,23.50304870813872,22.002436534910544,19.800567021347273,17.930766494298574,24.83343848559117,23.513772731781355,22.23184521880267,19.804284277210055,17.81181890020547,24.61566124506501,23.5618126745743,22.576080994379208,19.733881317110416,17.826421801029447,24.269256843468966,23.540159509288557,22.603862444354174,19.71710808854991,17.71374579844663,24.291871982981014,23.654903904229776,22.7952397940384,19.568769322699335,17.689168160593184,24.395159450271116,23.623095345185458,22.57270902598456,19.443980531890002,17.632425938399418,24.712278730576553,23.580528472643948,22.42990040492012,19.37154570112947,17.590055617274814,24.551003932865743,23.43040580197517,22.050471683340827,19.22802447965461,17.489472142566054,24.436694629305737,23.232078566880443,21.810259503670768,19.11734647752934,17.475771009344264,24.40248209070807,23.120401155891738,21.525683106366934,19.152338110958993,17.541676660651717,24.340711795766143,22.80688639348571,21.270593106870685,19.20087168944378,17.671175112984752
25.862062464051235,23.339989778816108,21.213292877130424,19.732375887746986,18.025954719623822,25.056547973848023,22.971473578000055,21.17348815221347,19.136903609685735,17.636089157404868,25.117062812860084,23.38611531383943,22.486302482147774,19.216892125087302,17.880574374058607,24.19570088781357,22.601697424215672,21.45808020119307,19.36433131535473,17.804530185623303,24.82026761954083,23.010159629804043,21.46626225141504,19.27260918919999,17.681491075009298,24.644400453904,22.912388744987997,21.637439967911483,19.257904826603927,17.56686919752244,24.576116518651702,22.744090320081014,21.574091768424175,19.18678648928982,17.555676916811983,24.64935813333916,22.535936026385137,21.42195359868579,19.241381283458534,17.36438986914623,24.98764306476194,22.812200654442584,21.36186348813674,19.355283210549807,17.554486486851363,25.081145957731074,22.876322275334534,21.154284372769833,19.376486824130627,17.733951299072334,25.007578201004584,22.645685464735553,20.812180283307892,19.303140154089288,17.776068759660756,25.237940075828313,22.977269798136454,20.95438553280123,19.622421870657995,18.37441266205177,25.218989998708167,23.143035908857474,20.98107387149509,19.699789920293192,18.705306905406722,25.10982421736188,22.820463279611737,20.92006790297872,19.607632647969023,18.66323678844993,25.40411881320543,22.91386679729988,21.13301040852147,19.745448949892886,18.70941743097302,25.710410187740944,23.188358038642992,21.431644036658106,19.868019165969287,18.928314722442458,25.519649517397156,22.94730814322627,21.483928934989375,19.64513347349171,18.454025871421127,25.67251072650506,23.061165291312193,21.547231253989274,19.71092539836932,18.498754689876865,25.615949839727215,23.287283848702877,21.702354278533605,19.72853751629678,18.58156107714468,25.794448528485265,23.384225207549022,21.858940834634716,19.765408313547834,18.567338700643038,25.699275440242538,23.384968993427584,21.92136591652068,19.82060724301082,18.66229320714178,25.60938741299352,23.52348449443054,21.9340172669413,20.15333329407891,18.923678576233893,25.572642539692755,23.466621348918572,21.86321100459607,20.017750008724814,18.794455866001776,25.827686404915738,23.146776445967642,21.746358117938843,20.104795346190322,18.611806801217046,25.832664826325434,22.941887142495116,21.845912288202346,20.12119788230564,18.718460696634683,25.570850088823853,22.76579876093733,21.693618252560128,19.808590432306442,18.540880999730803,25.418067507996003,22.657768496515374,21.525470488395655,19.443535299276864,18.132966003909722,25.091182100017356,22.44434228031425,21.38755127045102,19.392398154432712,18.08228336283436,24.866430386908824,22.767978921603298,21.371006581833207,19.304965486274085,18.120396603758998,24.682647017154927,22.689256482753404,21.17367094486931,19.258143506407443,18.043678089993282,24.66066074626476,22.739688306113603,21.023286345030677,19.402117070551824,17.94338991588154,24.63626282223144,22.704578658224346,21.354067055026455,19.372172825873243,18.066374106018294,24.345805558212728,22.694811488602305,21.57375036651977,19.380733179272564,18.090142609918253,24.250189380214398,22.623975878494978,21.827556117969067,19.35689595226782,18.088288146822293,23.820135160064428,22.550812055485704,21.778923990852878,19.096323325663537,18.030528896270898,23.864339259570286,22.65981148756942,22.010601131837987,19.08902816760255,18.03311724464217,24.00542860673381,22.581601433542072,21.81223169499752,19.035227961975416,17.9459427403816,24.21926557443775,22.538044761007455,21.627979689333777,19.060595570281777,17.88828501961907,24.19201130943877,22.44390835879955,21.30193514610996,18.840235160319036,17.721860075430676,24.27846056764637,22.237621388664444,21.05387807487179,18.86735374883994,17.530793996600888,24.269779452400776,21.979425542573516,20.75700092491004,18.88016750269772,17.41679678020332,24.175001423137722,21.673318757679304,20.380326170273044,18.847844165091306,17.348025845062587
25.890551541632803,23.413009807521224,21.216513810575346,19.786497232742423,18.098256845596463,25.104206438448294,22.955318091012668,21.187707979834187,19.189261567005804,17.73136389840226,25.135123638199804,23.395366302964835,22.447259051982286,19.29328164993849,18.01145042609056,24.237102257736527,22.642625869163073,21.518420316244704,19.373427096949946,17.797892536215834,24.855207978674965,23.029238017227176,21.48219041357728,19.31107420705967,17.750313210937456,24.683702706895524,22.926786615453572,21.64792369492454,19.279827382825506,17.629568704169266,24.601570971651643,22.761651835325118,21.570379781406935,19.1895237828618,17.614685976563056,24.676782682688003,22.559062379385388,21.43297461344579,19.22130082962902,17.425253886995556,25.015177556624984,22.833290533320948,21.365990090282544,19.335675745261277,17.633415356780628,25.106494529497663,22.899110127625274,21.15733961005331,19.361108878276333,17.822197338514325,25.027446818352207,22.68090713992155,20.822648437711415,19.29702682875801,17.863082275284476,25.267896900312017,23.012298626530026,20.97441607798077,19.626389881923764,18.452103115455976,25.253686771510104,23.167455426456833,20.996552949012777,19.72238697248274,18.744311520933913,25.140081905028932,22.850681185857947,20.927978535416695,19.635863712464847,18.692351703288587,25.436975236291087,22.946352511225516,21.128116053446128,19.77383323349006,18.732511887937683,25.74574389180526,23.20587919013211,21.42867882274366,19.899105126038883,18.95057080624345,25.554625908155895,22.972085604083265,21.483338982771023,19.68171208250448,18.490587385081266,25.696719541621263,23.08770342784494,21.546646054335273,19.74280723886715,18.573049608029315,25.645483281470653,23.307582557995225,21.71183297126107,19.754726173575442,18.664350299270307,25.81727511209558,23.40780520902601,21.87952579197212,19.80436159172151,18.62928939572896,25.718734289536492,23.408839431031595,21.94046559970618,19.849884556401683,18.717964010513345,25.624373708180297,23.546308378105774,21.95206447642104,20.177100076240013,18.96233254476386,25.59442523696177,23.49341244982901,21.884919879341275,20.03299003837472,18.818811554826798,25.839363468276993,23.168214447111314,21.749650607782456,20.111567676538062,18.62176723622134,25.841050376155085,22.953842682381598,21.845937018556906,20.113052768553096,18.745331754893456,25.571885526921125,22.762330094380214,21.691417329287017,19.804789002918145,18.577271895618466,25.419772459273286,22.648279667542536,21.52128795878945,19.457052918095044,18.174724283794514,25.083710147830104,22.430190746307687,21.376759160471863,19.40327507277912,18.121039708592807,24.862050258241762,22.757465041624375,21.358893493078146,19.324108048920003,18.183625055227413,24.685980998877326,22.685128552019115,21.164585145645702,19.294453357097463,18.0921377356494,24.661785580811955,22.751834938872346,20.996429151392057,19.438590922359445,17.99719436704825,24.632594913596897,22.719752563626734,21.325811158456187,19.391588756265158,18.120161950925098,24.34571636846377,22.71629771984375,21.54435730658509,19.394259639468682,18.126663683264443,24.2507475577057,22.641587586365155,21.814690225623636,19.37162188574523,18.11106826665954,23.80761124929639,22.56990487136401,21.760651924616035,19.07981738133882,18.072152111487362,23.864419084996882,22.66436226724219,22.004114412090537,19.069800738534592,18.072575373600188,24.004637636418998,22.589557049923904,21.804580854867943,19.010437763234254,17.983918186183754,24.224989796917164,22.542000398095684,21.6242147402927,19.0515816477795,17.945618749782785,24.195126943697392,22.451285929116725,21.2945345726342,18.83855542798021,17.771075200884283,24.292943591531817,22.237496726333838,21.032055678140303,18.87514429716959,17.567258106384134,24.278521195186244,21.9808616576389,20.728070432070176,18.882571004311625,17.435353672337207,24.183579239133444,21.67819484921989,20.378973579579526,18.864706213743425,17.35698960503734
25.919284925895457,23.412482234388342,21.255770135239963,19.833761772186048,18.131365639551287,25.092821397026256,22.938301894800425,21.192626381122416,19.147886208263355,17.719695150684423,25.15752395653085,23.377098173142485,22.464292381982187,19.306326257367047,18.066610154145597,24.22086931327054,22.646070151507985,21.466586241955056,19.28811537512927,17.820043737553796,24.85903401590552,23.026046807982635,21.479043194592066,19.29716550590897,17.77207346269413,24.687690813843542,22.919219362569475,21.6440564847029,19.261700893881397,17.651943873421448,24.611255018863428,22.7563843614622,21.569080607629925,19.19433571036857,17.634207101536752,24.683999779104294,22.560051967260797,21.42519966418363,19.24468321357269,17.436253382407926,25.03132118472521,22.83842226243833,21.377764377093108,19.36845754165945,17.645837988833698,25.13031513247438,22.901623883898374,21.16743065048123,19.400293260084332,17.84488102476422,25.04663421622044,22.68254604903879,20.83024719448126,19.33731511624413,17.903126523643127,25.291707963148163,23.020809499254163,20.98083946494868,19.664327507725343,18.513640280107303,25.282625730857323,23.18213910793917,21.01393718405679,19.7496596104891,18.823327143299156,25.15892803906495,22.849665999085985,20.93513978140597,19.67920035229516,18.79418095584897,25.45260324872421,22.947567201888557,21.156471425325325,19.82262526118387,18.857046532445388,25.76404428232966,23.211210744429316,21.449721289936395,19.96373188192933,19.092029739384955,25.569826547135854,22.973390834002192,21.505346591393348,19.74447214395699,18.61939780281866,25.70593354814601,23.081987049775652,21.556057677959615,19.80010612147245,18.68085605346929,25.662797948848805,23.31398311274858,21.715836709769302,19.811982438831254,18.746756224184306,25.834440260722623,23.41132132377553,21.86770549864584,19.856058822823844,18.70306698511761,25.7378250579566,23.419816625614267,21.93494047452321,19.876391748360597,18.768819974407535,25.640634536771678,23.552665583911413,21.949942873995685,20.19538765053644,19.015488048588036,25.61245749610086,23.4990679063662,21.880076933280762,20.05299688833225,18.889736678717664,25.854499519542504,23.178777166701643,21.74791078946628,20.13844528805496,18.69784902030102,25.85401828179253,22.957902309824828,21.85029324399916,20.140106824587235,18.804735373316436,25.5781439838595,22.777254381231547,21.69064807324551,19.82691998761463,18.62695620723352,25.421761098868437,22.664318989930244,21.51671764855318,19.468690166706445,18.228976835758854,25.08660922585689,22.45184481046248,21.391537360169956,19.414025691621834,18.17275936278083,24.870264690874123,22.776808127052426,21.390234964681937,19.326613140492196,18.23324258664217,24.69766715481003,22.712008631512205,21.19357242296052,19.277969599065763,18.14988376397223,24.67995602559707,22.749756645404442,21.032860129618008,19.434549510381537,18.045305079730067,24.654221581227993,22.718372255320737,21.359223867171863,19.398113672095086,18.15618242272547,24.371068817211306,22.70485485987022,21.564800977207845,19.40800754673006,18.162068703228563,24.27537016555801,22.62552559501144,21.81973679573249,19.389153331234787,18.16577255280722,23.831938211059406,22.55178232080904,21.767187404133995,19.136950011434614,18.112409263054488,23.887369674499915,22.67081593417666,22.007062264482176,19.130577432559782,18.11773234162633,24.03217412278043,22.587250463184308,21.804507493027195,19.072696063134877,18.044643191929886,24.242119282615935,22.541045477210886,21.628788602749136,19.10579878132308,18.00626670121334,24.21742222692955,22.456641849439194,21.30027043155683,18.88172807816024,17.81188055494394,24.31030981228465,22.251963145035127,21.052326290143828,18.89671704092345,17.608115146622474,24.29051491682577,21.98809787821274,20.757280333916377,18.903641652029656,17.48978159613177,24.190430950946855,21.684853368630353,20.408770767050537,18.889060505730676,17.38761621843627
26.07304181705159,23.30759948353271,22.593561156151853,21.081119627126157,20.09800723896973,26.873831476815425,23.910237875499604,22.64999922935678,21.077159114773238,19.95369321361616,26.35306581720008,23.67553290270932,23.069504785652295,21.032697154794203,19.647035069920136,25.466752583416337,23.24273584251148,22.194003618333568,20.78754039717764,18.484228653926387,25.440869269655042,23.220650277627826,22.570211455160482,20.79390609054856,19.403624260613448,25.562582459497655,23.132611136595372,22.6861507357345,20.80850705766235,19.168984949911334,24.963602782388573,22.86281638343356,22.60334970686547,20.685732380817132,18.885049255633255,25.103092602078455,23.02641501821592,22.69463890960817,20.581240898402736,18.829288983376177,25.700517019052825,23.486172626130465,22.850319508331175,20.685330205185373,19.18998128776641,26.683085572841623,23.785934549294055,22.72103610140641,20.908278041865863,19.34217296011213,26.322566104789967,23.887163414941256,22.594455789394782,20.839588399082555,19.541200481442377,27.110660000225312,24.182131066139167,22.69284597779948,21.156508150410144,20.155531490415708,27.263663478724492,24.363199685674516,22.719543626050598,21.363598075444308,20.445909036104677,26.514606104435842,23.726853838436035,22.619317848273113,21.271403992880586,20.39830102860872,26.266710427067757,23.796421993416267,22.746568085877087,21.196228295005763,20.49341447642189,26.88471419668746,24.038019706854687,22.76812195940187,21.311129453274223,20.556235854729426,26.36912753238147,23.73869003066338,22.654221036508353,21.081019455560114,20.219904965643632,26.170381156691654,23.650243164364813,22.487693239577084,21.001981512044434,20.108547745847197,26.508798026538148,24.06909398651803,22.60613787192447,21.050450763787442,20.04791735822079,26.77162638895524,24.160126448596635,22.612251370679775,21.03347232851356,19.91835223890203,26.549187916740493,24.00286503841358,22.571391282760437,21.05203440255795,19.91444392145198,26.590849177228897,24.189953430755526,22.892154514633496,21.112313198878287,20.00366475926368,26.823958814785005,24.057066361851327,23.00538214817542,21.067542111967306,19.87016975378338,26.990984201060808,23.984780452143053,22.989207631284806,21.004060691858474,19.76911761945961,26.864820530799754,23.800563779390792,23.080127444521743,21.063609288455233,19.677759747469658,26.612940696475892,23.60719284780298,23.134763823818083,20.823501734692286,19.42916522215297,26.556298916118134,23.45257067505715,22.85118103828257,20.613868496734746,19.228975689840784,25.869893285040085,23.15327248726434,22.609438313110612,20.46028431738168,19.178304573583482,25.34978082547631,23.153890584424534,22.408054649075346,20.482867880611632,19.403353151310554,25.055701897147248,23.11877619235979,22.28759678312339,20.354500207576947,19.523586529814075,25.118929798989605,23.304001362155354,22.16473116553029,20.50950609493877,19.602813961746367,25.198734892274512,23.452347003352546,22.435761465792858,20.60470217025455,19.519508083731576,25.14040436202997,23.33498238766369,22.66843326741303,20.56430789894924,19.41436357264888,25.45376515620153,23.17428726420014,23.01469288031992,20.438460089091837,19.101663714086026,25.387057460624742,23.397867995952733,23.06086048938428,20.39698230435034,18.845570385570742,25.257547937204073,23.232731727917876,23.20415928724205,20.223096576581003,18.71677155555629,25.22445053525496,23.095051922273726,23.196953795084834,20.130177946811916,18.62159864036924,25.37286088012576,23.285297617135797,23.161008985260175,20.17511473273695,18.59659897755088,25.482815774689758,23.314197376331926,22.799495060045064,20.227234330062156,18.82015914817171,25.633821554898702,22.882614105211225,22.595871452201585,20.21162312128578,18.875928201527596,25.82197641830671,23.050902354807675,22.416952240776915,20.414086410881158,19.033601294738443,25.74561266263231,22.966072524450315,21.937949340544712,20.320305236430144,19.077101335142764
24.527501741882194,21.455564090904662,22.02532669692067,20.287130187041384,18.439752674586643,25.5941732109069,23.444618914918482,22.37838255384372,20.12473556746466,18.58424637214853,25.3828828484346,22.894941707196626,22.175672308052956,19.774573003043905,17.564422261754412,24.38808550604884,21.31176013114482,21.70074002997647,19.90915091384501,17.61364934601955,24.449555002605916,22.15464984522906,22.079056201318892,20.054208664549297,17.939545890983347,24.49515909807918,22.56640463619507,22.22287221604083,20.087698669044848,17.79630074983017,24.00205584042768,22.27477626912359,22.253601326916712,20.045866617074427,17.601822312321453,24.058333459327848,22.016214525374075,22.446379183696724,20.103001480510464,17.743226708432122,24.509167667395246,22.359676804086703,22.58648266480954,20.141364226523812,17.988445944409214,25.130864980975122,22.742794866524154,22.466004285336272,20.150708381291363,18.26914315160949,24.99341288061363,22.6103096996278,22.48577129921202,20.11460927205811,18.491385922512567,25.484583421861892,22.764527650808354,22.315659622775957,20.34400434191844,18.687073232567577,25.616400727561558,22.956123437561498,22.28943501376029,20.424281708095876,18.74144112486393,25.094431175951463,22.92611413234306,22.24487520414116,20.39046161150935,18.732129071759527,24.98415801373931,22.700654656057026,22.413474418807162,20.43226463471141,18.60944741015143,25.309232006005438,22.581423282171563,22.42710810311161,20.423872034575197,18.652099398356874,25.179970023755025,22.388341818346877,22.428677908452094,20.10082823284053,18.587203952033665,25.007543911804163,22.79310488209287,22.340065568469004,20.072956722663875,18.59358573188871,24.970495662676072,22.794510511323058,22.445362758194882,20.17784353247766,18.618680699681427,25.33098960173119,22.741508097292446,22.3309874404702,20.07557568481348,18.616130202759944,24.95968321869561,22.94159082399266,22.149024186816277,20.206615435061355,18.64474760658669,25.061753039306346,23.09274376757129,22.524454698539607,20.549516985084455,18.895849997383245,25.09591131673991,22.885063301533744,22.51398239289248,20.49088969388155,18.80326012453777,25.364836314396456,22.888181467976413,22.365286830531353,20.562415403786524,18.714040707114467,25.297783676227507,23.08605156784201,22.560885680531133,20.617139304107717,18.76033608502349,25.354068607012536,23.06514426564602,22.64273664403673,20.382752388592728,18.46559789064326,25.04250590186347,23.020686673238906,22.276131557165247,20.087646395434064,18.149126954104787,24.556954061590883,22.696974792301926,22.086288401882893,19.943800887511674,18.12553187552755,24.476439602346623,22.62357577561138,22.06178222999683,19.777885031370605,18.214221259668005,23.978718781460042,22.301475799706818,21.85017931743968,19.750085909339226,18.244783618176896,23.976054316295677,22.316733368165238,21.69258616335751,19.894217676983537,18.26438897794364,24.082722848213585,22.397714663149408,21.993475156753526,19.935258751349018,18.191597655877285,24.103028717312622,22.5278171656747,22.314543991282676,19.960615484971065,18.07148669631946,23.862571262205588,22.5999410132256,22.671766447105576,20.029990595225417,17.868680658591,23.659532541238605,22.8529220311951,22.839975700848704,19.93225390492721,17.71209789349588,23.89700343250765,22.631279966729455,23.04991135876767,19.792896021147563,17.597217413120028,23.67802340524816,22.570066016517394,23.112497377538784,19.74735832511985,17.564521006353182,23.570877495638506,22.60535584608099,23.03474932325465,19.701527508565885,17.634986271648597,23.807463906706538,22.547067016367883,22.68296650480635,19.577384286769785,17.759965246962146,23.820929384872166,22.311368537254605,22.389786822140216,19.626859995548337,17.815502229271207,23.769080405677336,22.454034910579285,22.14714079305836,19.727137162855353,18.026488683891657,24.184365385971695,22.604266071204528,21.76697394774817,19.775071354928514,18.080343387216683
24.967384287494927,22.811476309168295,22.495332936824273,20.897964538621665,19.696292871138308,26.624682823166307,23.958330386103153,22.254130942531578,20.692672000751053,19.763582085676408,25.957390532115202,23.697555975848672,22.64820445109388,20.30735847770314,19.013214767627183,25.22007313987258,22.499230728090126,21.918354214933448,20.260314064856335,19.306061228740226,25.34895327812442,22.919815642088953,22.29289874050082,20.479912166794282,19.385769485477464,25.355522045409355,23.105467923885854,22.41830033717287,20.375187717365463,19.099620684388796,24.661369295916614,22.73781809004388,22.44229578596805,20.25751827890744,18.74294518334741,24.859389606688747,22.535693471505365,22.52178624020093,20.295715588569887,18.694654692239357,25.340113675396555,22.75680184820999,22.62466106936801,20.365769605708653,18.675189995043937,25.71878882306484,23.215939960559844,22.57797642438362,20.34266918183929,18.639365328288484,25.654423509512498,23.153880400570266,22.406472716963187,20.307549434505194,18.84679559944705,26.23549580967377,23.365076402223526,22.459193959604086,20.593409532629966,19.574516187994497,26.291764736872302,23.572831359105344,22.486434886150008,20.671021482143306,19.641341961643537,25.370407543676862,23.563586134715152,22.422886372787293,20.639430993696568,19.60512296116394,25.38789606546167,23.38790176440898,22.529044823514038,20.710307060183382,19.586571860875146,25.700301788402033,23.12759325224264,22.714624060536615,20.7400042684675,19.54252465700848,25.52602169642217,23.03551021503888,22.64551431237588,20.36906982092023,18.993435831798653,25.256916944438263,23.186641258657776,22.561341030639962,20.271950197979727,18.91811178773542,25.58071663913222,23.07153583140101,22.610277133098485,20.26130491403323,18.966329661267462,25.77503816262315,23.075668418170068,22.452161078296285,20.178665179689496,18.899114980346713,25.630699227848385,23.455945359749727,22.263271735630138,20.310359468138415,18.94359790666696,25.711414211191546,23.595084841131317,22.50404441707913,20.62947243939274,19.067356474197187,25.81890869116369,23.558847827123067,22.486677735779143,20.6176358762185,19.038821002015272,26.19902357998916,23.575778608449717,22.422778651172884,20.78998281151597,19.053961597738002,26.174212917096128,23.59916049212603,22.6375116467473,20.866332871203358,19.15371884732628,25.997734930706635,23.192795209870503,22.631815168615923,20.629108538370296,18.936940047093636,25.732061348296185,23.002610218526826,22.290623772783743,20.346236715042792,18.62121128917972,25.143428047326946,22.57324724346565,22.022099418375088,20.230502224818963,18.55867047580976,24.88867219644647,22.484326595143333,21.868802541468618,19.994695554173887,18.52670647446624,24.511487661076384,22.31042981477976,21.685288434806594,19.91574376911962,18.52151366285961,24.52809452838543,22.596720241594163,21.666361298216952,20.09521802377433,18.597851774146076,24.45169560872774,22.52379300108112,21.959390218395193,20.132589807345614,18.629473308034342,24.41878311202386,22.519446235148262,22.37009758210913,20.050336159438228,18.53558323721988,24.289088556190016,22.672598419217117,22.820311143138703,20.11096284139838,18.278647117830246,23.979609903342542,22.662783273372245,22.96561316208673,20.00646840338287,18.057361672817127,24.105881386562938,22.495790212059227,23.042043967972663,19.82417641230815,17.77961056409369,24.21108397690341,22.538637856497775,23.06757279427534,19.7341279677884,17.65661576830921,24.28291927514897,22.647950288813007,22.952099909670146,19.759164975543,17.626793361155425,24.490407713987913,22.61456818330325,22.614587538470495,19.62985730640802,17.836738359671745,24.452596599131503,22.520934254709964,22.291346114061884,19.659121871067228,17.86172173240654,24.396482854218686,22.600748701204413,22.128689436894767,19.723543793646645,18.183328521136975,24.57430893706874,22.71065603754112,21.76898115206076,19.781061417658968,18.294563526398175
24.343870498926332,22.163716401126713,21.382277285045976,19.747304670453612,17.728491172741855,25.04067670727934,22.73700001681782,21.43399279080789,19.474315558176883,17.79792109008692,24.83036503760481,23.224323040298216,21.672234972354367,19.26601178041991,17.235984999644888,25.053186242771137,22.558235900980527,21.6809759237568,19.43895954497107,17.34664010385933,24.598484917739093,22.382709735322305,21.506177771952267,19.540792444710434,17.508022504796383,24.528770716344145,22.430713910398588,21.690943771781477,19.494809380296427,17.44846629708158,24.157704883334667,22.13107385162001,21.704343284713065,19.477946851622573,17.296744851913573,24.30951154401451,21.860123699348787,21.755556656472688,19.45110631865339,17.325311205003537,24.512428022254795,21.840528284537616,21.710541249660658,19.535758859487565,17.467442547394793,24.79274318650702,22.23414425900939,21.537608731767214,19.39434956170342,17.493874089168308,25.137880575358253,22.347693861911903,21.44168721093563,19.483559097809035,17.65449687913275,25.575850511139524,22.648761840576476,21.488339687540705,19.63221966725218,18.18797832285457,25.607402725833623,22.934928578051732,21.423338902175654,19.810171148742093,18.24554356505599,25.16489723544648,23.02279369962876,21.336536318281606,19.817107254836525,18.273415124906542,25.0968005369051,22.900688511859073,21.577516863900435,19.926941502835312,18.334249407296397,24.92048060070415,22.593643711727506,21.693721641334644,19.929882944418427,18.387993268460495,24.670473070550752,22.518721509690742,21.776671712055958,19.79793047060598,18.0060508477307,24.646658277016478,22.65154732695924,21.910297461216878,19.79049264101156,18.066063489880236,24.668171090292823,22.52781676245403,21.948069526852304,19.814774044833612,18.16954966357494,24.973098246754937,22.61082473809457,21.94992480662203,19.884499418037414,18.16727148849819,25.00329798437183,22.9792759737036,21.905058929507373,19.962751733293537,18.20612723371762,25.059141609112793,23.00950346670662,22.006199401211575,20.30256251309819,18.482478983640707,24.943604479737715,22.954205002203217,21.88339156000896,20.225820023411764,18.41275962010243,25.240706546066388,22.91825619772349,21.86501434136776,20.36002006094942,18.202858087400667,25.26006477975927,22.896691022330646,21.966180991114353,20.34736621172248,18.2256461453777,24.977317287688614,22.443854788860744,21.784246297169062,20.065733966299,17.91266619532514,24.668138005928743,22.247136863546864,21.439955810168023,19.661615361607822,17.525145763901577,24.23848436737568,21.897900123360017,21.147145941374095,19.612557301976572,17.47590273265201,23.943585805743883,21.84684790376794,21.05318872785342,19.309781725272067,17.460832809725787,23.49502247061288,21.676161987072657,20.801816285909894,19.128128316347766,17.4325750466265,23.572966822841483,21.92924129203331,20.811317869956515,19.30128654843558,17.4246295909605,23.508186141918607,21.927880460386106,21.105853739595574,19.33879430191867,17.38675188553585,23.312107689224387,21.77037372964288,21.582662454105478,19.257671375385037,17.310155627794693,23.206716875429514,21.999521731594058,22.031269452770697,19.352049393057623,17.324637818608636,22.85305140394708,21.757219765522844,22.180753123776935,19.34939457318963,17.259960687574644,23.00631655009509,21.73808185821287,22.254478696458822,19.26419584660214,17.144196782790747,23.211298993802835,21.760690924188953,22.2072691788105,19.107492589632578,17.088879013215394,23.48017632618082,21.876323271816588,22.076438034055567,19.112000115520374,17.080272517561905,23.55227687447772,21.72426235289617,21.66988840051577,18.927972695104696,17.026532084597253,23.562812265836577,21.812832361846226,21.420184876972733,18.869984942005747,16.97187811840967,23.467613673582882,21.880818894946373,21.186638225469736,18.79710337066255,17.18624811126276,23.65636651993604,21.8942382937579,20.947523161295074,18.916445235330126,17.288656151040712
24.203924659796517,21.76452583126974,20.399777378084725,18.904504443777974,17.12978062568209,24.16659058290107,21.73103936732029,20.39522734700493,18.834929092520674,16.934392762871724,24.226512796823265,22.617935881192732,21.292833028302056,18.369075059505054,16.66343673612263,23.84809428965936,21.54518081121018,21.4022237325615,19.03106594186011,16.822915667541892,23.82753240737029,21.86536039576418,20.84929263398553,18.81112290770601,16.795990072919203,23.69204903828282,21.88313066364758,21.104231006937184,18.75116149570224,16.739674359551586,23.544939554340193,21.711887058707603,21.120614910604598,18.71763238660906,16.6556578407206,23.730439410145546,21.468205046142792,21.151371856176585,18.770189637635998,16.61839122672593,23.935587997334757,21.53902201408794,21.068928342578094,18.899879466721906,16.703242324203284,24.235007061792977,21.754545920393035,20.85028778845742,18.829160136760805,16.77830737059407,24.250336141282425,21.59952605859571,20.46569412086587,18.90120338572941,16.861989662579994,24.422324728971287,21.897657799762417,20.540198880202112,18.987122482271495,17.19419131593971,24.338883525299643,22.148597363337764,20.317191933508354,19.13242885591385,17.340991949018964,24.209744422733138,22.171614893183282,20.17026894989319,19.031231963283666,17.421081045158633,24.270001772355094,22.088988550786162,20.477323381729132,19.118268798592702,17.507231782663307,24.364649863200814,22.194886815567806,20.852772018994628,19.18967710741878,17.70458183502996,24.274831258572984,22.14235453281416,20.95670639963288,19.171557168775337,17.471924418195748,24.44436757837885,22.38267009565397,21.29842117968798,19.248555786015324,17.57248019304522,24.323860258498165,22.346357711208487,21.392513988668263,19.332123632942505,17.749502005043233,24.674354316017066,22.491912423436183,21.46716973039676,19.455711614981162,17.79607549176476,24.75987163439309,22.703235378948623,21.52787509819378,19.607996953971643,17.839257213615717,24.735212966443918,22.798533388291553,21.678506995363836,20.030291688692465,18.252675933312936,24.58991508571029,22.64705964825407,21.515819944325653,19.93248174127823,18.12354275349831,24.920138277933415,22.437856566651128,21.51105176615905,20.022785878935355,17.73457442713525,24.953297666994736,22.403970779351464,21.548398463921135,20.014363969482027,17.75146082778133,24.581989366740412,22.01061198135582,21.23896196699434,19.642045518819895,17.392975392392163,24.31375947899982,21.793202998630715,20.964450230437446,19.083741535168855,16.91470965673343,23.89794372503236,21.548906010052104,20.570760636358447,18.954653526693896,16.849983668989385,23.55253441607789,21.619710865855758,20.45575059582456,18.72569713070235,16.929714734773878,22.98607711216468,21.38655303985704,20.183709281190705,18.48995602340109,16.84111380349875,23.109216230144494,21.60828591419793,20.232942124825108,18.669739452967697,16.80252943314501,23.01268520753137,21.619728696523218,20.467726187534268,18.74983731703677,16.744536190953976,22.735497847429393,21.552190558101778,20.965825809284034,18.722833334488126,16.684258096743214,22.60277399282675,21.803615213618208,21.398410053275747,18.71950337592782,16.672086948432288,22.31085907803628,21.756532146690006,21.541790863366174,18.696661987250955,16.645826385285964,22.50526778794857,21.842198929750307,21.605503661687948,18.637604901567702,16.59121996616145,22.71675307656965,21.889638721267215,21.396245825031308,18.46190068044536,16.61056375405287,22.921576421090357,21.835496831146507,21.197097725055926,18.436440435385048,16.5907013412452,22.93613373058367,21.70773354269506,20.67840183318006,18.246247727821505,16.52475431554719,22.83267102333479,21.609104129532746,20.41675973790197,18.185390145144567,16.47179603641913,22.840269927679362,21.601586929066862,20.186946697105974,18.074694283886412,16.626455989985054,23.12505089827463,21.490835282507728,20.089945230814628,18.225728466237392,16.703275390397256
25.799532894740146,23.3249626720173,21.18850434792159,19.712170857641862,17.97355231060643,25.038160619672038,22.884512827613882,21.184363454959406,19.129219727068893,17.617689879819984,25.03751680380853,23.263658645244146,22.417927597478794,19.167788715903356,17.84946817193732,24.19040481440282,22.59208910372333,21.405820728576735,19.28141750262364,17.765458357414023,24.781439525844604,22.948671535111004,21.434667066081165,19.231066080347176,17.629245211105587,24.612633567365222,22.847388830280742,21.607526483064863,19.213679389095745,17.511302394958637,24.536688613589565,22.68271549674809,21.517849455421086,19.129968176780555,17.480824683823208,24.616260290959975,22.480497033199384,21.378462149996,19.182596144744434,17.306513959224123,24.94471735973852,22.747645995819717,21.31942931974346,19.312637983452234,17.50170480133389,25.038407677855453,22.81838749280782,21.105922705616916,19.32509308130131,17.71103389535761,24.95840553843641,22.582647351383095,20.753141150782653,19.25646806543091,17.764342557296704,25.18578147276046,22.924721928750817,20.91299061714749,19.57193335294529,18.368381462274254,25.16752614855619,23.091197401335513,20.928875854451167,19.662580323406942,18.66099502551585,25.062310717275317,22.769847530325706,20.86741302432182,19.558859620375916,18.615171486439756,25.35399796116864,22.860533074253265,21.08665964245047,19.706155133629114,18.66959398188341,25.660057445247634,23.129970201169083,21.39700099406587,19.829582705436955,18.901245742883894,25.478823911528583,22.89001259761867,21.45414443747531,19.61569628498783,18.442742702822528,25.635742417385252,23.02033418761732,21.523521948109728,19.667982902677743,18.521981175186927,25.580920250058245,23.247152267386532,21.673928386926697,19.695532484843493,18.610598678936753,25.765211302360274,23.34413793017427,21.8399839625802,19.7476845028075,18.57918659958524,25.670055988140785,23.36021998447953,21.896637092416142,19.79579132329743,18.662625097818562,25.574515710858428,23.49356143041596,21.898832936305197,20.138753251107175,18.9254333979489,25.537926009217102,23.435996509667483,21.824746053370603,20.000486475914503,18.778533014032128,25.786862288757373,23.113250824404396,21.71095742019098,20.0794650351463,18.55314028763646,25.790426290448913,22.912463864140935,21.801195319083554,20.086030515026927,18.644628547953182,25.52244417613543,22.715281838690892,21.632577236378985,19.766675090117538,18.443033281878705,25.364408439497492,22.60489707068529,21.470612860721744,19.396839163484053,18.0185511928266,25.02999293824631,22.386172577528548,21.336780132762545,19.342809051993893,17.957723652991774,24.805591026776344,22.704861045114974,21.30869489035867,19.258497604121736,18.033071613180475,24.613936245647963,22.619717759801027,21.113754733919766,19.21862362670504,17.962759204434004,24.588717655599343,22.682962969864345,20.95798648445393,19.36382096169401,17.854509063940338,24.56341032003063,22.64407684841743,21.284503954259748,19.316609009572066,17.978750571169527,24.26632355110909,22.640882867949685,21.497752688464544,19.33322860718763,18.004574706934516,24.16493101557619,22.574762285671405,21.773190271631226,19.304727278085064,17.995775243766353,23.726465498436788,22.5062182732129,21.729693328565798,19.016853398615424,17.93082016903673,23.788200104432637,22.617498535690057,21.988087681775777,19.007577739811087,17.940119514794553,23.927756578002594,22.54800772250304,21.790134787736623,18.963617812193746,17.828597854745738,24.146606317072525,22.493441393740056,21.616327050267063,19.001821424952617,17.76578770434039,24.111190182878605,22.402336536087727,21.289593454472243,18.795339721363803,17.604333498418953,24.200151564237622,22.193197923594607,21.013579021330624,18.8288755904142,17.426430672017347,24.19247217108416,21.939426921892686,20.705543445429154,18.848248247215245,17.322059683519594,24.112298192078164,21.635648690908212,20.340956664940634,18.836530823017277,17.261640226834746
25.77675453944167,23.339289903770275,21.147738538383514,19.701345102996903,17.949880006381097,25.042890504355388,22.937481391944747,21.162357391925248,19.171518151442772,17.65840116938893,25.073018575154194,23.291912081799943,22.433597341133225,19.17154413721336,17.94900217090869,24.207486993068535,22.63525925941777,21.500918210238897,19.291965035543544,17.714438627167542,24.77391184417651,22.98836266808905,21.456790671822915,19.267717336257295,17.64111812250883,24.61581555996645,22.884273251435967,21.64137753138794,19.252386975797933,17.538955955340043,24.549446560262798,22.70432442743741,21.55269235962142,19.168218879043746,17.51778230192,24.632099569443334,22.496128831294598,21.414977542161257,19.226416176691178,17.323319699794332,24.95531242671928,22.754300346978077,21.342955896787885,19.346622075484067,17.53426106451729,25.059713832440686,22.812985374600906,21.126677607036772,19.346817866686447,17.751711413225355,24.97535005054249,22.579223058192145,20.7707596167078,19.274606552941485,17.782283034026396,25.203126868105556,22.913624654887855,20.93618065489988,19.586697254190092,18.365061644243912,25.178390284068094,23.083532639570812,20.94522731785367,19.67469020986754,18.665784962035367,25.07783427755185,22.767507008918578,20.880054523422256,19.59244767885447,18.612496446645014,25.381242118178903,22.86501876086807,21.088807870639176,19.729084562152128,18.645191922178263,25.694115234016135,23.138251733760566,21.386365371822144,19.85859196509545,18.898719501163193,25.5048359494088,22.909251092736763,21.440681524251485,19.643931612402504,18.44856747491117,25.6578497344425,23.035023676623688,21.512870819790212,19.697592900688512,18.51061399757753,25.592567771333375,23.25946404289197,21.668740520780755,19.71007862133407,18.59828265473902,25.768744825677874,23.35871481638359,21.834901965446118,19.75993872397895,18.58144777861208,25.671011558536758,23.366764314126836,21.90308726024518,19.800446154377443,18.656407040298824,25.576183785990317,23.509974892479313,21.91509726534857,20.139721766660397,18.90457200020804,25.53914631802159,23.45602659099933,21.829853833392384,20.000042228727203,18.774421953997205,25.79922828655816,23.13231272755963,21.710487081371742,20.07544267104479,18.576529244302804,25.804508723224263,22.925926593324373,21.800637097402145,20.080296720793598,18.669379703818088,25.53895298455206,22.74369483395335,21.646603176815205,19.77063740377732,18.46988267361376,25.376953316904853,22.63165575831605,21.473527910066775,19.40468643270249,18.060305326674726,25.053260633353947,22.416605522510203,21.345747777207453,19.351320982302976,18.005195476207383,24.818063874723507,22.73950520815466,21.316475627820548,19.278321650348552,18.068105257807158,24.632956731864933,22.647232414154978,21.126396097247454,19.240978741746172,18.005870023627125,24.600575506417208,22.702121381531057,20.963339085259108,19.390136587575746,17.910141177288015,24.59195327212091,22.662896523789684,21.286872459657687,19.34054033758735,18.032867176968644,24.292771419512228,22.648681169462826,21.508739289659463,19.36318331337035,18.04099921038951,24.20721273081052,22.584872649428657,21.777938538704184,19.338226954637452,18.02706121858779,23.759246180584093,22.522513800503468,21.726932502910838,19.059051433618702,17.953390685887154,23.82269693906153,22.62892255887358,21.97367560055789,19.054207895143318,17.974486989328124,23.943201047854416,22.56225835554545,21.767580941345592,19.001814124739663,17.870444803088464,24.15293436819332,22.513580735119973,21.595655112612675,19.023255921359585,17.827297897423755,24.10400306057256,22.418959484174263,21.27340830502648,18.78713960561278,17.660529084339156,24.19963705406073,22.205569938314493,21.00326744127124,18.82513103058987,17.475795555153883,24.191386237139493,21.96127912756416,20.69731193607752,18.82332262328437,17.34842963741974,24.114899143207843,21.639040002985457,20.34619192430618,18.80176934928256,17.28751475448376
25.830327148493787,23.347840518245345,21.174616328733915,19.735173027112797,17.97601626824591,25.0335910306397,22.90060422338001,21.163894131081083,19.08997692453092,17.593721307310638,25.073741469816838,23.33112031459089,22.428146945485764,19.16746174131151,17.898137771020313,24.18201168153948,22.6022122313203,21.49938680312099,19.287106682330418,17.718631193850126,24.790083116534696,22.977398744222857,21.44987513564555,19.21756341235554,17.65131156231391,24.62080692914669,22.872946542779914,21.622531170891378,19.190033102213537,17.53927220105273,24.543697572541408,22.69845561144171,21.54287431856661,19.114548025665698,17.50990186712515,24.619565886927198,22.483176596690107,21.39801312913683,19.169131220212314,17.31747615929047,24.954748054417188,22.748486632428232,21.329320831411756,19.285599848948085,17.514935174172017,25.05407446378764,22.81745927417052,21.116715136962668,19.317734471819698,17.690247587912186,24.969528844469018,22.580658624113816,20.764662157684413,19.249137552060716,17.726509961056454,25.201774079617625,22.921353673878805,20.918373703401564,19.567879208516757,18.334490470580906,25.18201403613201,23.08881522996603,20.93891296051813,19.656073435080287,18.651494138304425,25.077162587271637,22.771480722396824,20.875239316841604,19.584834104984168,18.621110501342606,25.368661471275438,22.8566435286744,21.092075660682116,19.72770351837831,18.6941932980724,25.676717126504627,23.13219209652898,21.405529947277362,19.86788803643306,18.938717803527904,25.495116741299846,22.89826234107905,21.464579861357443,19.65393707393314,18.485229972474283,25.650876565851824,23.025012583748865,21.53299787840502,19.714144494827973,18.54184224352887,25.59327559699265,23.252385998595646,21.68379409328698,19.723241943426324,18.619941445216398,25.775587684364275,23.359445486636492,21.84347372999693,19.766944741227924,18.582594716321218,25.683224508041814,23.366154499435872,21.905157021455178,19.799244245972012,18.661435375117026,25.588349226726713,23.50075443556501,21.91154526093407,20.137974652702876,18.922872653231344,25.551515741678422,23.447248027178368,21.833667737268467,19.998463906978113,18.7889536405172,25.79976977406239,23.12553659667442,21.70803510322736,20.076744758555993,18.581664776153065,25.801920828362114,22.91947579058435,21.805168360109015,20.094240893516837,18.683091303334578,25.529615422854114,22.729027187161627,21.644394370461903,19.786514007685632,18.487826285041866,25.37249647104202,22.61631183693946,21.473885001597267,19.4100646767939,18.066419178155726,25.035189278994082,22.39749169861069,21.343745154057665,19.360635694158958,18.013926555725554,24.808368341148032,22.717085973192145,21.333356045712925,19.282556709022316,18.058353234830044,24.619711123382963,22.630950453911378,21.135046964190984,19.232514071438075,17.95975492375681,24.597685310910254,22.692228390362125,20.97925751217383,19.38401477501047,17.871306161371177,24.569798227489407,22.657531937570404,21.31253605897236,19.35665120232394,17.97818060710539,24.279248250635618,22.64278543420326,21.524312487492146,19.3654945076589,17.99305778309533,24.179997881319906,22.572739408482278,21.782402716111786,19.334272029441575,18.008736327765263,23.74087923627066,22.493988601333704,21.731561388998493,19.06490148596035,17.971152641268198,23.793822637128848,22.60244208780722,21.965806667642312,19.048805935132822,17.960209964617796,23.938547273746856,22.537299998110363,21.756362031470182,18.988789331298477,17.878225866067197,24.154497349960376,22.49742199035379,21.57870237827052,19.01124992401801,17.818249221760652,24.123800278980223,22.41359130718421,21.252519140702095,18.782430896825424,17.641648945306667,24.215805506666058,22.225967421703555,20.987520749124336,18.814496239740304,17.434886088299784,24.212956824999264,21.96994787313389,20.68750646953452,18.82935835117801,17.346639385441826,24.123905904501118,21.66930938883213,20.332951338838427,18.81467010314538,17.298377872092967
25.90954974428069,23.404200073246205,21.223516801392897,19.73750742250379,18.1477791404434,25.101020905047264,22.971600363035567,21.229871359491785,19.18823486752986,17.69922648449449,25.172085071104597,23.35729238423925,22.466299492976592,19.284610815479066,17.978906613809766,24.227096114368205,22.632546143395544,21.497368592159365,19.34291673257648,17.762773819853535,24.861876121132497,23.023732667706646,21.492257438614768,19.29371967621441,17.758384886895964,24.687572112284634,22.922183129149666,21.665332295232297,19.286069300568723,17.616137270706442,24.6066168221354,22.746880735983222,21.58422585873884,19.205676634416914,17.598230987388778,24.675961606362236,22.56014374924163,21.443125782183884,19.247468961641665,17.43701826573895,25.022559909459535,22.840949092254895,21.37979652063679,19.376198110170257,17.657490625002843,25.11955133322586,22.90356568693828,21.175238491418902,19.40549526041699,17.847995374989218,25.034369303345933,22.675259826989983,20.82327364764941,19.33589797483403,17.929951260302094,25.279221633973272,23.014339162885587,20.971842073057985,19.666369104875532,18.54565008889801,25.26574929951297,23.1689739576631,20.996161947342525,19.768173902324293,18.829633098003953,25.143113765173467,22.83414688538564,20.938915098839328,19.67944931654365,18.773735350561644,25.439687014503736,22.93049005916401,21.155467068855756,19.82287207624561,18.834176190750707,25.754836067891706,23.19648122835195,21.468750436533227,19.950965041428912,19.058073599686075,25.560877981534446,22.964563115336695,21.523775662143276,19.72274080680934,18.61396693581295,25.70255696617907,23.07205698207219,21.580651879501,19.770567857731386,18.69455554635925,25.65726236590954,23.30468635335799,21.739352001555154,19.777802000168993,18.786827715944334,25.829510156454738,23.404193553317533,21.897829676408342,19.82220641884342,18.741967378640503,25.733797950374917,23.416518008736517,21.944914336431047,19.849164842712522,18.80183642976569,25.640365095484373,23.553671182947298,21.96851093805091,20.176514390731136,19.018900437444444,25.611870998681223,23.5066334554786,21.896865850520975,20.036232361926732,18.88262659114016,25.856466176419467,23.188617932079143,21.78175329066091,20.12209327478112,18.689352071058966,25.85263415490969,22.96708569656523,21.864388147895106,20.119323290176922,18.771411445068296,25.584076730008434,22.785637115491436,21.727740791648678,19.824309210071608,18.607247934002977,25.423033389462567,22.67004231360108,21.551278885048426,19.47468275149195,18.208910187945047,25.084266444221658,22.445327833729245,21.419154513372355,19.435767525949,18.148138795293228,24.860621873585732,22.766796430869967,21.383251734431163,19.357514930058585,18.205427282738206,24.6899209017299,22.701419566196797,21.19592959625288,19.316733624746593,18.1446068528296,24.661423798907872,22.745724087191487,21.033578755156636,19.463788156309228,18.037147123007657,24.639994607350623,22.707630557260888,21.359584716643962,19.431589694340747,18.14481713621428,24.36039752326179,22.70002148342011,21.572295181894173,19.430636383272795,18.157911142234884,24.26923048619843,22.62115416521211,21.835430870601506,19.414214456251653,18.15589463671585,23.82457064735672,22.54688182259195,21.77828652060108,19.145238273576748,18.108732097505587,23.883691728533712,22.6596653225235,22.020741888016083,19.136245654024794,18.11545176029615,24.029843860689333,22.581502987230124,21.82286174867986,19.072026543066688,18.045303383527568,24.240830693960003,22.53102207567951,21.650717355239312,19.112312767411233,17.98162495586765,24.212690385125075,22.43564403276493,21.330487696366216,18.877098977157907,17.810011572816798,24.310927838208396,22.222328605764154,21.070686526450686,18.909430272186096,17.61946265023574,24.293564073253656,21.95842626380935,20.78382002743739,18.91295962019374,17.48677961592897,24.18821030703746,21.650499091452154,20.41528848288472,18.879137992069243,17.395939326861882
26.075565951267873,23.325696231258135,22.567919679945454,21.117361867469867,20.108297963239348,26.871555577226818,23.899251701521877,22.695269756247264,21.071979164111923,19.937240883691825,26.360839169534625,23.70785547125272,23.054542878478582,21.05974697071963,19.62919337456354,25.45034766697559,23.18208688716367,22.147438302341953,20.794672836032785,18.495999991393706,25.425957466799296,23.231072643861282,22.565393817309616,20.81369006391737,19.402122190058012,25.546561796463266,23.131402607030317,22.68890069426041,20.820703620665316,19.163221621279437,24.948405170138418,22.871926105790344,22.59816805117716,20.69886289271958,18.89068213374211,25.08491731111186,23.026649009554763,22.69072283720525,20.58697087943531,18.83426782541485,25.685577460644595,23.49965413414891,22.858826269116683,20.68502582994123,19.191161222518428,26.68189143944438,23.778523638536676,22.726497228182417,20.89918105509074,19.33965831428347,26.320463851504332,23.889666369937906,22.596927982962455,20.833642150910983,19.542051054188455,27.1090471265968,24.16867222836191,22.686932696507938,21.14834702918424,20.150223057904114,27.263197669920636,24.347672239531697,22.72126926072796,21.358587554636863,20.445519632039396,26.5111895144497,23.7137253202039,22.61606520946899,21.266299079968388,20.401327540998786,26.26583583866212,23.789526611066414,22.74338681020864,21.19707935117688,20.491871200120748,26.8849545201905,24.026230069243645,22.757564633179534,21.311349153158023,20.54864378720568,26.369672593817437,23.742488757347314,22.651099972882513,21.08426800013228,20.216310121559914,26.171600168392455,23.66424632194633,22.479307335798616,21.00819423341463,20.115850115557627,26.515062069654572,24.083249836880345,22.606257849703372,21.066257705972568,20.049943099993172,26.7734356063319,24.175378903963907,22.61842880206002,21.045739340580006,19.92602758207506,26.551602132454015,24.022522251041856,22.58332825908823,21.060348558537285,19.932815679550878,26.589038050798685,24.199070026802683,22.903116322997825,21.122861223754064,20.01656862411702,26.82032503043057,24.056705065071476,23.013879733176687,21.076500867367745,19.87786481139236,26.982345496371046,23.98103684626572,22.989076363102285,21.006547781607146,19.791166646800736,26.858070978320985,23.797752736074305,23.067193635701393,21.06159793097696,19.70158025379817,26.61030157396607,23.603750260912605,23.120714457330607,20.82160125902636,19.446033163984087,26.556900933170226,23.449220401420842,22.83224970378595,20.60849151662425,19.24278129924004,25.873982904289022,23.154351965378783,22.596818611089965,20.458189977127027,19.17900733299272,25.364625301278487,23.153114229809653,22.400421805204033,20.481168530711848,19.392380116914566,25.06959432646395,23.114947998380536,22.289625152515903,20.360852348440908,19.51594084044509,25.127522508993096,23.29813303538436,22.17421265321736,20.516817898501728,19.5983227917747,25.208954201365014,23.450358895126385,22.450853097222552,20.61425087188268,19.513835999911755,25.143888224261413,23.335642959773367,22.676725960254608,20.579072123626894,19.411632517913105,25.45082452744422,23.173790222847565,23.01859133289663,20.453873488923143,19.099834593112682,25.3809233233695,23.40160084504475,23.065035684363387,20.40800957322953,18.85198810044656,25.25137221512284,23.23518599115456,23.209924966075203,20.23600212968862,18.727031032284685,25.217524479386118,23.103455977387334,23.202063075271745,20.139843153109826,18.630987230215702,25.36962391843263,23.28562996495291,23.169432564124758,20.167297258129235,18.59367218547119,25.475862797496927,23.318871581821647,22.809983465831845,20.225517516882356,18.807861416919753,25.63066022161714,22.882877101394058,22.595195819509797,20.208609033081597,18.853994649167255,25.818094028481273,23.05144043191935,22.40904315972444,20.400244746346942,19.011858716588968,25.736637218463926,22.975752391909815,21.94284055184069,20.302402619524806,19.06400959986087
24.533650020469345,21.48637600790823,22.061098519942327,20.244626326279455,18.407082826682483,25.590783157081017,23.454543719498997,22.335890787639038,20.13730477656146,18.544309699823618,25.389819877882417,22.89397343844559,22.15469986944726,19.758982305265306,17.51979053784098,24.352053894997276,21.291422537690217,21.702104232655167,19.873090317799367,17.563767388630602,24.43404052295698,22.171607108956984,22.074707389576098,20.029655056829473,17.905457764572617,24.482883317920923,22.575529862464172,22.212232293243726,20.072066862675864,17.791805662993475,24.00135596753596,22.262533893642292,22.253512026824477,20.02220600043184,17.610403822952293,24.04555697098426,22.00492165411499,22.452987624945997,20.083136927479238,17.774490190061876,24.493545903807618,22.344780137928048,22.599995211611095,20.119900784875203,18.018747750003627,25.124167225180397,22.712834895952696,22.479724511937253,20.15321756570855,18.301058312192257,24.970011287986814,22.579587563269563,22.500928206911542,20.116197401042193,18.49606568816802,25.447583217857165,22.756096055482573,22.331899036291883,20.359368256333788,18.681265195569843,25.585478437973737,22.945695858272803,22.30825454696138,20.433457015208578,18.729824544373436,25.09559182450955,22.92311639583548,22.253398177082406,20.407959779552648,18.707173275432154,24.983631983303066,22.708179596783314,22.41691234380159,20.437695246034746,18.583020680522715,25.318234366886692,22.601701047020235,22.424908546541708,20.43233583893425,18.63594880025929,25.19361247971335,22.40305411214755,22.42409303093948,20.0956635320593,18.571418469908245,25.02175479552729,22.809135140952645,22.330933694648216,20.077846375444917,18.56766972235915,24.956061086531076,22.813510058919224,22.44552384045903,20.188750928764147,18.63450001907672,25.32450976859071,22.760882357302368,22.33564617799047,20.07812628261628,18.631380698973956,24.951779946574128,22.938681988687566,22.157875288100268,20.208105627984907,18.6681254501448,25.053107754571123,23.079895339319503,22.535717256937136,20.55731427149458,18.92247611678948,25.0869688017069,22.86959140165003,22.521549537411907,20.493850493297607,18.84589606576924,25.357866399211197,22.881034057225566,22.37009283793282,20.561277078237172,18.73916287982277,25.285280470708692,23.070594763163676,22.564394937353374,20.628080394592825,18.790749727320918,25.348733256882866,23.06324075820269,22.65077321106048,20.387209675283827,18.470681959724885,25.049591746019875,23.03679125346942,22.272670743649847,20.102801951315367,18.152879433746335,24.58381729371975,22.70886334642369,22.080760530859713,19.95634265702396,18.114623881440885,24.50412161291777,22.622233658135876,22.06509323978344,19.789664005067827,18.196610113957284,24.0082969653679,22.27839653933871,21.845756121129956,19.755291588722844,18.218940196049015,23.99872428123485,22.290671438215114,21.675819420761496,19.90630368039238,18.247828549282808,24.094834952104776,22.37231741242099,21.98767611012562,19.931364050436066,18.199009499681694,24.100227521844154,22.512725107367505,22.316449490545363,19.957048103944167,18.08469434005965,23.863041074901695,22.576988151237035,22.657011871598222,20.025666600968908,17.882901156007446,23.64182881102883,22.848454143154513,22.839070296072574,19.92718984556579,17.71992520483706,23.886660956190344,22.629862099619736,23.050849047122185,19.79105121607327,17.638726276712497,23.660224535003298,22.574840531303973,23.115779262128765,19.763768728622484,17.58479342967677,23.56266538392374,22.61055155080619,23.035287323071927,19.715147256655666,17.658952301945682,23.78941485817089,22.56140617693165,22.685963332552134,19.58978403579706,17.79750276573308,23.81560408784166,22.320454420988014,22.393086424751385,19.640096627331122,17.86167617524093,23.766206099075816,22.46583309501413,22.15223934138384,19.740341878629756,18.051076372577434,24.18723135409337,22.59586525347325,21.782300140443418,19.772977022575766,18.101128706702735
24.01372635069177,21.42374650171206,22.269613319386742,20.44387267464679,18.789025819089677,25.778189369368786,23.64727680029172,22.288028609209857,20.238375594881298,18.648719694879947,25.665977637641056,22.850298954396045,22.433281393436285,20.060540723739653,18.070857355803508,24.319220309935883,21.288643678870237,21.28139994906327,20.127879602995453,18.13992610855933,24.435713905140695,22.23061250419851,22.08438991245084,20.229756372872167,18.398285499609795,24.517640414675178,22.640802326606327,22.192216760531046,20.224294644436924,18.259005269830308,23.943445953351112,22.310279006674637,22.22707632235654,20.167018722421933,18.10225118959367,23.933094254995673,22.098131250445455,22.269817008951495,20.165319133368058,18.158709900779606,24.398267824461712,22.41166085106975,22.46198500629385,20.17176310599356,18.258692404177623,24.99212763710174,22.702293170755308,22.342039583607477,20.126582284338188,18.301684685006983,24.819391046696857,22.61019484479489,22.28324553615922,20.08134580930893,18.380588884375577,25.298366617485833,22.737837401910447,22.203466122828033,20.25723018876436,18.515269519641873,25.429506900722394,22.956270321770614,22.26052356032343,20.32386826722973,18.556521882237938,24.77806531750158,22.997186485592273,22.19594758633783,20.302492704221027,18.62428333500089,24.662267859775756,22.81784930714416,22.356907210989245,20.35943934855381,18.648555523137954,25.061366272853085,22.592521724060717,22.43503128988724,20.40547806645168,18.77639708864179,24.970133568781865,22.433694651793,22.43181721971534,20.203822402771277,18.761181056850255,24.80808934830669,22.769074154021844,22.369945859314583,20.211812350911355,18.764716496927853,24.856526850376735,22.666164817614916,22.515932732236273,20.309490709124056,18.783617177382933,25.223339594570795,22.638827096304457,22.37434670357448,20.260104234675293,18.740112595610793,24.945702807011155,22.904945887898936,22.20416913970994,20.353774901064096,18.76351474821596,24.94299193365877,23.02790188680787,22.486201614345212,20.650395848191952,18.965845218372323,24.99933706101724,22.831040599036335,22.43746352045996,20.566960366143586,18.902090789940935,25.305594451944124,22.9151878141762,22.302450646526346,20.686054037816888,18.80221094291949,25.267670041405534,23.050887072782125,22.515824918448658,20.679161338730605,18.834898809571175,25.226630190681956,22.97751945622371,22.564299997726614,20.476528301352083,18.545469472201596,24.924653045836028,22.941821273484898,22.2105759268552,20.188571656284175,18.243493097192456,24.36485878803436,22.59757642877003,21.999165555307012,20.114613284210712,18.220135914948322,24.26307738728601,22.506581720781263,21.917838107677277,19.854534144205342,18.206560921862724,23.73336117381944,22.156837481241713,21.705191686244632,19.856378416307713,18.226243858476987,23.70358708008625,22.23120790894279,21.61905001906477,19.986986522362123,18.28830958013646,23.89910928184388,22.26723610387665,21.888901852684352,20.04629831856817,18.27238828958178,23.94877009074408,22.420512361342258,22.293304458065244,20.032664017169274,18.19891764890705,23.747320423297943,22.46378940810713,22.681016737811383,20.12497953060784,18.06405458095572,23.517939650190506,22.69297364556338,22.89168379576501,20.03087553020722,17.959091036515442,23.824517355228068,22.470761072730724,23.03622966074746,19.929000025208676,17.84753682658289,23.646276085329564,22.422360875028374,23.131948159310298,19.909365960543212,17.78110237499214,23.6124624792978,22.3968791537809,23.034306552522796,19.895067101935105,17.81002954584311,23.89443640815079,22.416263581452256,22.680128626979364,19.76466677007392,17.954842534672643,23.83988269051211,22.242395640635877,22.33997660042769,19.79744791072459,17.940973616954118,23.792763427568133,22.4413649392279,22.136955449117064,19.82931155984965,18.105590776973497,24.144190882709946,22.60389930420489,21.759182197110512,19.78322872527707,18.185933422838396
22.752047711674123,20.604729407603394,21.440443824398145,19.552865575453957,17.468224981735485,24.158101919492765,22.472657095591476,21.64998313117571,19.40386901513016,17.468343418987732,24.271156022961883,21.856549564081224,21.603943468430913,19.591241768581458,17.032612815077584,23.28642816531455,20.907885439333356,20.228778724298724,19.466014485284628,17.30069943934108,23.20501325410418,21.351058162387858,21.210675220821038,19.544369789180962,17.33333831944893,23.112829542077566,21.68690694686441,21.296087892827035,19.531280448359503,17.231829994832292,22.680445045673924,21.378478515827272,21.267389054090973,19.47890854806671,17.102400819954877,22.693898160353164,21.268188710019533,21.213963723866172,19.331934830846297,17.142860363436416,23.055538680302256,21.372815210790414,21.405816241221636,19.2957067399063,17.190708917602677,23.541012413881695,21.682083552210397,21.281697571730252,19.147213938685788,17.19158317731243,23.4960713659759,21.52420082864679,21.154285592168385,19.074389316073404,17.35782601829752,23.92355316735728,21.688419362418152,21.157620717008715,19.164718993100703,17.587202749530974,24.033614535233063,21.867419573949526,21.15923568583282,19.362628593355666,17.58756019257435,23.425322706071405,21.985712234893292,21.043028197175023,19.362859476423363,17.699919011958496,23.268367189627984,21.79614376327472,21.253059790505425,19.49371425132319,17.81313210265459,23.732173713441266,21.657447224717895,21.44504928172187,19.65575193280795,17.95593494368987,23.540863231527425,21.548582956141978,21.58593961250618,19.674255727483068,17.86707375454166,23.600625634827715,21.915144612260498,21.76101021556638,19.65764218016115,17.990208252758666,23.713760325069625,21.805936076948562,21.932139874452695,19.821727696077616,18.09993296366852,24.3050277332114,21.95172872102994,21.923160329716257,19.917056325720544,18.108009479295998,24.187539218202346,22.288416396812035,21.8083830212766,20.017005271108037,18.153534896036923,24.275507284453596,22.445809986820244,21.871021202793834,20.307789172949605,18.450728173842116,24.178755617539196,22.14188900847501,21.702655088382382,20.252501556188243,18.379113471450744,24.49289190210714,22.30016397964922,21.70265582565637,20.34021017973837,18.16197172919548,24.501154169037306,22.384210068626015,21.816178592350404,20.26933531067027,18.184220564134385,24.348979395825666,22.176570344411125,21.728323128116735,20.02129858285236,17.846059255794664,23.96569449315259,21.980181811594328,21.33792061852484,19.57631639477355,17.508028593219525,23.390049973971898,21.633510132678964,21.18645532435783,19.55320763310948,17.414516757971562,23.249006464206577,21.470088627069092,20.98537537976221,19.25148719521122,17.383306709672304,22.6843578607628,21.00387674787533,20.718347365052665,19.154482047885967,17.30745130739133,22.630091270154917,21.086661263933337,20.78263269786202,19.253449388876366,17.333081412095954,22.885009587147458,21.07127316419861,21.02560388897878,19.355864257496883,17.29615108499247,22.888321049694284,21.221929332528237,21.354573507756093,19.364513845709848,17.29621671752857,22.717299865365383,21.266911757355434,21.757861685108598,19.441749716992113,17.273748150578612,22.364390041232394,21.320639285506058,21.969825691629364,19.396011049054263,17.259259139567924,22.747716672769545,21.242090879703827,21.95992339996164,19.38193153843501,17.163312121571696,22.547819784421474,21.254269775230235,22.089253559408668,19.299565998128134,17.125024346085656,22.447594339135115,21.2029481177321,22.083739863005952,19.285222932498055,17.12443666089419,22.6169743039182,21.162769899536983,21.68753096129284,19.16017610030098,17.036918834990583,22.552645303040855,21.157668837671338,21.464479907599248,19.1450972840762,16.963759318503694,22.548027469043483,21.32997965791068,21.266037652680296,19.010159473229315,17.08427192357705,23.02411765380184,21.506727242036263,20.94362540408925,18.992877671790183,17.12617522882978
21.080097267305977,18.957677467816016,19.61272823268254,17.767005422094233,16.24191176068266,22.480970350951722,20.75137432076508,20.167832374779874,17.920938461454085,16.1361304989516,22.168373013991005,20.49939251484744,19.611078999588067,17.926864244931757,15.68706979584286,22.287816092281805,20.10300207435769,19.209326553325166,18.22505771625036,16.11625091344589,21.70881638839039,19.936536317154008,19.68283036661456,18.040294578342905,16.06990068859097,21.60821332752557,20.28421353541053,19.813096611272673,17.988099840604757,15.960849174761412,21.166804618480107,20.036686534383207,19.68301697813293,17.96104813331782,15.890585726620937,21.209833668271234,19.93597826706673,19.75826160490776,17.871099363622637,15.898020717678268,21.398150123956313,19.88494767892397,19.902252126268003,17.83479111222569,15.873261852967252,21.894511682735633,20.204429473426565,19.73540366624343,17.695610795869804,15.820581835907944,21.939457954944864,20.00869937091938,19.564550440342334,17.722428745859908,16.00306647362821,22.502951548452707,20.095345728187898,19.630131592529985,17.819409807114646,16.159645055717064,22.660517591748267,20.242594458252704,19.419335487395955,17.95911135634656,16.225314457917552,22.321503718060875,20.310023170646396,19.11908510502203,17.945939096429036,16.484798585673005,22.12888559249169,20.190526604810668,19.45994443088049,18.171311151242037,16.75152447992837,22.435914115646423,20.221440203754337,19.6880369780321,18.40187653728281,17.045268890164543,22.156580827778832,20.257948198350203,19.90133062054781,18.463960661085295,16.97767068406246,22.56847378321236,20.89017705912189,20.43781532453415,18.6184673845839,17.22439759412424,22.52002428402529,20.980043991688508,20.770349752912022,18.93388817028305,17.436296482624805,23.317343512136254,21.350029621493565,20.86289737144666,19.076120102980422,17.473014093083144,23.313947745054623,21.62280527613431,20.951016439452605,19.26541010406043,17.519540003850842,23.400158049209704,21.90879328752637,21.09559536813994,19.71377833440772,18.026862097628182,23.240626493672515,21.502721564282435,20.841556847042405,19.63051066944958,17.8356768301662,23.806546559720843,21.48406849523374,20.888585784333394,19.519363221048387,17.37945525315563,23.791871082574705,21.551730977115042,20.901692856940038,19.422897656883627,17.343672257637216,23.431168404266025,21.235972992135775,20.52966878848235,18.97960535898904,16.816087656190284,23.096768279242625,20.886532740805887,20.129600392955005,18.27245094179323,16.288420818135318,22.18244495690002,20.40549125782336,19.880350787879905,18.12683959073919,16.199878136117558,21.693806617758668,20.28737330390876,19.574075357463528,17.884323658747775,16.222261445030842,20.879511404841573,19.695327894924763,19.07348303680262,17.604448884301753,16.056734359837385,20.987988866299638,19.79181038622891,19.29737163163246,17.755031103189147,16.139076290017947,21.030016056360292,19.704270306387194,19.400433191013892,17.851106455792355,16.04449438848004,21.111297961696703,19.753692407198844,19.5657288747639,17.913769119240936,15.992143534386878,21.069545993710012,19.793444854426074,19.940978331680192,17.924341069488964,16.002721602542536,20.691185269458334,19.55187997398923,20.22420412318904,17.88903049836589,16.00155805853357,21.35367498632656,19.741655318031697,20.146381972363482,17.92926031641675,15.920244025849906,21.384435391397993,19.811604641298864,20.237065705586378,17.80199479834526,15.980344034836975,21.438859955559426,19.700391792516918,20.37763008034562,17.743140409119583,16.042654887289483,21.436141676719465,19.551902854507297,19.93687518062924,17.684020461947775,15.891616286103517,21.421572613952204,19.792263220721008,19.715290395001585,17.706221840103726,15.802367348237155,21.429538976844903,19.852173201484657,19.559230307648424,17.55469393532168,15.857382965165709,22.115486036231015,20.073673609470244,19.388813923896187,17.67664258006148,15.83869266051959
15.947361420792927,14.952567561738752,14.054513820013566,13.364267027539809,12.690774457665512,15.242976025714352,13.440422575516747,14.493323898990269,12.845369687041154,12.881446260502454,15.738827824440317,14.63395567918439,13.815366753993459,12.878764264039068,12.928589737470784,16.22128881174556,14.64347883283809,13.862631180554606,13.52719053073669,13.049919969292414,15.751336040846798,14.341720248419023,14.100396550658306,13.191671471421177,12.82611097773065,15.748289635179878,14.257622826437238,13.994654017071422,13.265579507917812,12.84012651452323,15.97079172201417,14.50588351632716,14.002378795522452,13.347722147620573,12.826920127159596,16.03981868336683,14.401084163230774,14.0003000983053,13.451975059926152,12.806947932130068,15.89771757601638,14.192853163734203,13.908511693691409,13.390775505122878,12.872157642828828,16.138869277263883,14.429657586657422,13.784649478505804,13.440789617976748,12.910528002146275,16.19074004752965,14.539907112122325,13.890424859970418,13.549913017838872,13.096416303786253,16.14653848860504,14.585552480991703,13.616500092489801,13.67541277825672,13.231070957775207,15.995650542875008,14.63658887612944,13.731975641063656,13.722287455025807,13.272625427958076,16.062146667821498,14.760474097179763,13.921860677429526,14.008225407351109,13.794481222049715,16.242624641708574,15.01669041552158,14.512061871338938,14.423739897104355,14.312291808870409,16.013248873941627,15.100085010494947,14.762075018334741,14.794264765935333,14.834360280526075,15.951836001479919,14.678633850696025,14.919475503229048,14.74688210803724,14.885284986879068,15.717241709326577,14.80866595570466,14.85376950344525,14.737246051647762,14.967481257743554,15.82252682051364,14.796612781977496,14.880326741960385,14.550624778243664,14.525253956581423,15.302914031984505,14.40318832716863,14.363270102001726,14.23099155449612,14.214921109979656,15.50773160217586,14.326542548724234,14.19652749913622,13.645229007935745,13.470292851950797,15.74417984960741,14.612614748202706,14.19100064151238,13.563291396737975,13.35172073970232,16.040899923387627,14.48124142480913,14.107000447132824,13.551332850034138,13.182435034908128,15.8704234417302,14.391073962574325,13.99416099658652,13.512400225470765,13.003221728168961,16.059536917124213,14.450271650755605,14.016408963538215,13.43060893394377,12.812590671325196,16.048346758261324,14.176388253431629,13.846678079225097,13.476810697736976,12.810893255812115,15.824958788948077,14.405202404710394,13.87568249359246,13.499044733097938,12.81794787431976,15.689700859522096,14.521535725488482,13.899886427339677,13.49920182924819,12.848237455054038,15.843255783365555,14.687797706571697,14.000488576507573,13.436823023925394,12.861710545745883,15.763212441739933,14.71290346388497,13.994633888562575,13.337399761716108,12.820898183080516,15.605291609922531,14.862586961215106,14.062516074032695,13.386659208752272,12.874133660602945,15.42307305199301,14.531352434086909,14.137710853369232,13.363201112537123,12.88953256210884,15.473093807085286,14.522148218158048,13.986625366044308,13.239882992242348,12.863458461515734,15.41651945708523,14.593241591291378,13.752417685480813,13.25479807422696,12.88515067276813,15.412247520106282,14.648458200671731,13.795631591298198,13.29894489072133,12.968305640989067,15.56983949047638,14.561877135086968,13.788152232048441,13.232695317489831,12.89310632864822,15.515544986146471,14.769016127037435,13.61125510934338,13.231720817092059,12.77465130569001,15.621884468590716,14.649964283468211,13.844870497993899,13.343564828245182,12.844101050897816,15.909979553899017,14.635058595312653,13.903082052402606,13.382520824441817,12.861957624833485,15.885025330281525,14.513340256102556,13.89878414938504,13.388671989969907,12.8610471513899,15.62204059538097,14.604922492342135,13.981982511366715,13.304832645786007,12.906300620650896,16.010290215414575,14.451274349500064,13.994092281956423,13.375486744588281,12.98297915640364
15.369128238663162,14.715600230268212,13.401463827940828,13.199754050693075,12.798293287089963,15.104305322655238,13.737659912967661,14.100766795107731,12.981738262193817,12.750414698375309,16.20164882465032,15.185810267219166,13.605344466797533,12.610164009423304,12.765179837479712,16.22019091417019,14.373466421722707,13.574322724972848,13.242056598088869,13.026394485537775,15.655085896420426,14.429175535340818,13.763215653456985,13.079756565236284,12.859720233812203,15.720914813619169,14.3613801937906,13.86256553058663,13.14438749398683,12.843176615816736,15.895302801440788,14.426980037172793,13.835361525072646,13.177210061114835,12.759148572935755,15.846887233131657,14.38183199165591,13.831039644758045,13.349720004037348,12.680216684775194,15.797253273277533,14.333293423367355,13.872212244430608,13.320819657433963,12.704245678250484,16.05802678191534,14.561665375689026,13.813357042809619,13.394967850622654,12.714379387832352,16.0438254790663,14.644365431086214,13.859567219255464,13.550069728179121,12.942515688350756,16.101134329021384,14.740854911944876,13.751177206955328,13.725860749869742,13.231816354186341,16.030748593576874,14.481444178558263,13.825406853227127,13.686864665108306,13.302615852728593,15.954172173345444,14.598484777577577,13.953250628359939,14.000298132386755,13.907708907779533,16.18237785034596,14.910089283058003,14.572516560894178,14.41268127223454,14.386451928204426,16.199808759109118,15.01794506282788,14.69337297077561,14.868223456522392,14.934314010532836,16.03647034375914,14.743162625585958,14.748429140247229,14.741420690232852,14.914987894855239,15.76380132913881,14.918801884494055,14.776123539015217,14.836489705050823,15.031447716271083,15.875303272285578,14.858496472229524,14.749070324538177,14.724010252600573,14.574386265449709,15.376190743043816,14.318804048057917,14.137591043105747,14.33244595522724,14.17668906228727,15.484991305698234,14.375248923597713,14.098833453052674,13.66773588776628,13.403973385621189,15.70089217663502,14.4863100068975,14.109596209040012,13.610875714740605,13.316395086430358,15.98492898825298,14.50934341535067,14.064022274592237,13.524342379991618,13.13726061218371,15.86459221009348,14.400702437522366,13.995123642811624,13.37194199503882,12.941002407606707,16.07223171275216,14.429991688070135,14.017997296717947,13.225994498402581,12.75183407297597,16.148053822154775,14.150162723727131,13.806906484046987,13.352926660505958,12.766613727307018,16.065721249312396,14.323473219964256,13.730036970127614,13.343005073460677,12.720732701443481,16.005324424030732,14.426311700872784,13.760576709909117,13.291734450117957,12.818851436762959,15.994405688120338,14.528872916807947,13.767121215036605,13.259638810741524,12.855422979635756,15.804562381936993,14.633722198057907,13.678085854694093,13.267368731961847,12.922976297193276,15.535038449551854,14.639833482271296,13.814218833611061,13.153911197781085,12.9100912783653,15.237046030698782,14.379944677174384,13.851855366196741,13.187221816524659,12.885144701950628,15.19999989071724,14.360483261759228,13.660434203338975,13.178446133140477,12.789918744107274,15.242854520018222,14.22033086781581,13.53739792108538,13.141804150567314,12.71272905944419,15.212933610584113,14.306784169598348,13.693999239149894,13.170034176531669,12.683385898693421,15.322283104470921,14.35665043693622,13.61788793050475,13.064960618177741,12.618757006942754,15.304192524738795,14.588515135219348,13.52090061524282,13.124320993998719,12.556883683127882,15.523260974096369,14.39839095154596,13.58977905611022,13.162023848518729,12.595115557761346,15.865643195612625,14.632677966694871,13.749417866232989,13.163760414846355,12.662077067860237,15.94615813591154,14.450856830198697,13.638610740766552,13.206811900005004,12.681334211743572,15.63919706718247,14.35578755339335,13.68237410616336,13.268163095806566,12.672285671254633,16.099390519979533,14.228773925877709,13.729460246849811,13.230910913584495,12.700233772369115
22.601872491317707,21.224203512569485,20.547649896592954,19.48266933771536,17.40787227070408,22.92136028278721,21.420453567242927,20.61931968310141,18.47683018364611,16.936237575289848,23.09143881426508,19.886471196439103,21.2526700656157,18.40141537195723,16.890846976414014,22.79565952913188,20.610151562351113,20.46636273836613,18.71886241078173,16.33143049551831,22.487086421580308,20.727354048937222,20.67484111841696,18.82838467105326,16.872451632263914,22.66428507337149,20.382129828192138,20.669882340186625,18.83710909331473,16.669142815474576,22.317149824737328,20.118779394643745,20.53392560802213,18.882283228853165,16.517930373435856,22.53928539453181,20.412540524610627,20.520319252545086,18.9259562917247,16.31388075594112,22.793678243578917,20.53251296762695,20.41824228964904,18.903607317403026,16.538398846064133,23.0559624578545,20.527270023448196,20.36692530903995,18.822323526935484,16.52148488823371,22.678449656212464,20.81615960951405,20.317926662635184,18.537258532312563,16.57933401234904,23.24919476787458,20.942279793851547,20.53252078846454,18.622681522461175,16.97962316176111,23.15148515765932,20.898967402961613,20.539620558955555,18.72417844508325,17.235306283669452,22.876480072705867,20.665008555204576,20.59853122568516,18.70988536962677,17.30134972327564,22.758867005776757,20.851258651737815,20.75631875275608,18.86989817691894,17.451723540781757,23.01835679042881,20.97249313864002,20.801308206052738,19.210585065136375,17.808789933723894,22.779955939693338,20.904617874257454,20.666421448875454,19.16828504061406,17.54836752829921,23.081030394801438,21.47956360956624,20.747767236727142,19.25250619308047,17.63111847634041,23.159304685220416,21.976236345598572,20.98984207258861,19.541858924311676,17.75817844558111,23.99193543590507,22.303188708046655,21.130249988108567,19.578754161890565,17.791817788130583,24.089199691142035,22.285487622049242,21.23924339754177,19.62987513114176,17.843310803616923,24.26667139885318,22.72624727398548,21.583699534070643,19.968856542655928,18.290464773195158,24.23002038992146,22.28213224952422,21.39975067056607,19.898424510926187,18.235542164563032,24.580392052001983,22.066003802345556,21.34522103162123,19.691290307228023,17.80467606026219,24.63853292359653,22.007368991527414,21.29835559228431,19.666096115062665,17.829775611830712,24.614615368948268,21.74336476424927,21.025817647560068,19.411832315418522,17.3792340711877,24.46382744460095,21.309118230311935,20.713769370866583,18.90071365841579,16.86789718722366,23.798865624093786,21.05446626095595,20.510503294253006,18.79829887583747,16.78854254231525,23.595201681898068,21.088409400829246,20.348927463562543,18.928687092371625,17.34943590223973,23.086306978100993,20.647588434912734,20.091693030154065,18.700378590350976,17.182834501741294,22.663874810861586,20.812010620983223,20.20258928586288,18.67802456138447,17.18223853507294,22.504982432164987,20.852296085876578,20.440606807296454,18.73344070326853,17.17464228546559,22.618407873613158,20.73197903511373,20.721357619891883,18.709933192200026,17.096002061021036,22.52434589003842,20.63519900776722,20.80455962891456,18.565078080795644,16.709155624773878,22.262122738604482,20.842856098284447,20.727675595753897,18.56841949978035,16.607599358545883,22.82120072465016,20.96836298273814,20.878964576477784,18.730882986017242,16.69870643223921,22.690867385687206,21.005779817603692,20.88678301526707,18.730102847870576,16.71838724617591,22.498148956786384,21.145415608543612,20.95420737621697,18.81368454315995,16.71193498691704,22.79154441970939,21.3426819139812,20.829071613827267,18.798109790306086,16.708018187037556,22.89489668222264,21.124214147678863,20.83312299695653,18.78409569609999,16.73116401720908,23.069420878488426,21.092747678319487,20.570347799682192,18.648373620886908,16.601695297289588,23.507205312612506,21.1693687651772,20.150925411429633,18.625648735094636,16.47905991344786
23.998077917681805,22.205691888399933,21.957835945139813,20.88315180643186,18.850628724436877,24.91749695844454,22.673020675191673,21.55222429310498,19.527816308021784,18.4875481039335,24.248961376326502,21.582610063723646,22.244468688139452,19.77568872421555,17.847993041226783,24.348546853042517,22.158059450808075,21.319759214845,19.587728663976968,17.662355935698642,23.805168658878728,21.922331397606023,21.727922156833678,19.85568207567722,18.1225182754779,24.045723785671555,21.648423892551826,21.789617974711884,19.743996754220568,17.85874778098139,23.616925553364595,21.432323280064036,21.69067786731976,19.840370218290367,17.66222163143606,23.737128784104065,21.66096989662165,21.753217165024466,19.780027904955837,17.634613734720453,24.08983379984864,21.89582851790491,21.79304504183607,19.83332490963981,17.863119019386815,24.54705659056314,22.069201469625803,21.616372763231052,19.927569299803807,18.04617415746888,24.182266055423995,22.348281794584278,21.516876698723483,19.73690862659953,18.170306797484525,24.800652364032835,22.46537429876563,21.680110280395024,19.88329086547501,18.699517116820168,24.997415087627537,22.542013233472275,21.712586433867866,20.06290880451131,18.90928401898517,24.50961961182237,22.185421482460086,21.73623076871893,19.984099323571783,18.89302717681062,24.63226589341214,22.291457923224364,21.984962705969558,20.005115361599174,18.839768353472344,25.07641881997067,22.47429829823822,21.93999204967768,20.260522226617564,18.98508280483673,24.71574282419372,22.3990223993678,21.78185267645943,20.139553149487103,18.6205373559112,24.743341381442157,22.667650265434244,21.623762532795887,20.069840591726223,18.676375456060033,24.958221989552573,23.054994797719367,21.799422181296514,20.273433494617567,18.70169770297573,25.326366775265264,23.255533496178348,21.815706820686046,20.31032292842135,18.75236701885192,25.267154253428306,23.074588821939102,21.83586018851052,20.268427088845,18.800019545796737,25.151460149384057,23.28231519915978,22.19044263803263,20.426019225791567,19.072115551637076,25.215559209491392,22.872430688793333,22.270255394184744,20.43081661860385,18.90680167869996,25.434577218188366,22.761985790698667,22.165982616589137,20.318713354707334,18.661907706561202,25.43704151916249,22.70258122236709,22.217706265673577,20.326372296622505,18.57712521988692,25.222034785181982,22.599817796375028,22.164958663155517,20.13614638732457,18.299359073396605,25.197849658571403,22.292162345870018,21.928854708311622,19.818795535769652,17.98658422962556,24.5368726824003,22.159905424192637,21.65944984437174,19.691022466617643,17.95888696700684,24.340421663354572,22.20740191932419,21.62911567094616,19.943418326973287,18.555639427352684,23.884875424688865,22.002891194987864,21.48411414329008,19.78818632546965,18.521954442195835,23.78966786431662,22.17441914476546,21.529356347890896,19.904202653386825,18.600494677585665,23.84063058044867,22.424713620215186,21.83083254720774,19.925849596231284,18.455178621960535,23.872748886307253,22.28089717647821,22.192190954205348,19.948968658243455,18.387797728904758,23.74562123555196,21.987736157531092,22.381306530104634,19.687601765199297,17.89011783492441,23.657160236707874,22.222967923818796,22.390466947945413,19.623584876745863,17.795724008347037,23.82738836842561,22.177723545099706,22.50691091440961,19.59916947737841,17.716149283179124,23.831455897022398,22.043389659340527,22.481200058067913,19.58361972409468,17.727813415012168,23.85333612545962,22.262013200910832,22.428250484112077,19.665095767458034,17.67027272140668,23.74758671372346,22.366810702300608,22.02752429227088,19.614233366418727,17.68723767345116,23.924173819649624,21.993026951030444,21.86504561969982,19.613546731662076,17.665541895807962,24.091225167810034,22.06565450488456,21.675102727217347,19.614036585897768,17.62899777594591,24.076404426012175,22.01908348464966,21.24335209105309,19.55414726846755,17.568871979282697
26.073794079184598,23.328078237130498,22.577218028737533,21.106437034937663,20.10076334672742,26.86270459526132,23.904164141076308,22.691881650643417,21.08165599182913,19.939847802832162,26.351984457565628,23.66805920081373,23.04959020957716,21.05000068817166,19.678480583554645,25.454607402488943,23.24424296945956,22.13456788277048,20.787275329742375,18.503371363478372,25.42868695034257,23.234215006773876,22.565849900415422,20.808533980694268,19.40553319601029,25.546748252277578,23.1407664872468,22.683039675637012,20.812338892338055,19.169302014421437,24.95345758130366,22.86878783185947,22.583932231753018,20.69174411953152,18.888943452089343,25.092827612860216,23.031481423792556,22.674455428488308,20.587064985991653,18.821569410845335,25.69371948948874,23.491805067078765,22.843697417449427,20.68713224718227,19.179768180900357,26.68568200373099,23.777904768299507,22.713216943243815,20.905713594472452,19.34338562262029,26.33143585562438,23.87715312183928,22.588985108625153,20.838111133294113,19.54696992514737,27.117315599477024,24.173042400420837,22.691233552999428,21.15080609364849,20.15713699261082,27.268219773795153,24.350459032192497,22.725468193881834,21.35434343872511,20.45783777676601,26.517470001100225,23.709264529071664,22.624272527284358,21.26875918985068,20.41528371398659,26.270593642901154,23.781792126389536,22.756707438778285,21.208122949640007,20.512100827077223,26.884523672060833,24.02463569445687,22.780859691823174,21.341064728601793,20.584032795275377,26.370137930849246,23.72758752709458,22.671104907458954,21.11382024936419,20.248008756248375,26.174789215877222,23.646501117985473,22.50184073712876,21.04019052080661,20.139901151126086,26.515222527206276,24.07063470092651,22.62385909477711,21.087696772427353,20.072927427210896,26.775719265412995,24.161815147188484,22.623399314272362,21.053270296422973,19.928667331185856,26.5538719219466,24.00781290618168,22.586339225903508,21.054569864528467,19.91314147560882,26.590747318770838,24.19581791519935,22.905119769795654,21.119412267446226,20.00838944379678,26.82251203916895,24.05942310010105,23.01892704289305,21.0767535187013,19.866882815489667,26.987119739246385,23.983971683154778,23.00416942082262,21.00753703729934,19.763555834249708,26.860684807869678,23.8005862763768,23.089109490649967,21.06926966895579,19.681368631465297,26.612264965095573,23.605490573316438,23.131534762606954,20.835305358685854,19.43750535985065,26.557258219197216,23.44589443525621,22.84457942858897,20.622090865556604,19.23572011187801,25.872203817334736,23.149346747467952,22.600854485031025,20.467272416548962,19.18660125967857,25.357538034787915,23.147158332096268,22.39180473305651,20.488123043654934,19.40464479824079,25.061125258560374,23.111638936570454,22.27457898808269,20.372243805185626,19.52260706221221,25.12007321238102,23.293614152451546,22.16456163867513,20.527666188400694,19.590839674447125,25.201584091743463,23.445779166650887,22.443769342485012,20.62780401385672,19.498105008042916,25.144698260792385,23.335681172875184,22.67417768276848,20.580043951777302,19.38284412874882,25.45165135607713,23.183470174176556,23.024274104397414,20.458178543007744,19.079893051582435,25.38314176320934,23.40387148508975,23.06553469812453,20.403024336144817,18.836051187093652,25.253579748577092,23.248863255702187,23.211940275221913,20.232473441510535,18.721997188964604,25.21982222594639,23.119609772370552,23.200301320304654,20.12365734631756,18.63229829143738,25.36220805914135,23.299759316656292,23.16885298572093,20.169118078042736,18.59740205424602,25.4724533502639,23.331478796217095,22.806055074593505,20.224675189936907,18.807531189930984,25.628573554672933,22.902686400292257,22.591811869490435,20.211760172750317,18.848455272510392,25.818256495641247,23.06211591316591,22.401596234709224,20.409957964547868,18.988880607766284,25.73844069566734,22.972916365627007,21.936033469583712,20.31979287712793,19.031872708526198
24.536033913665182,21.49779961169214,22.019357151008975,20.27781543957214,18.409796171256396,25.539936652676435,23.4062551791429,22.377041878090736,20.06677326127745,18.525936849030494,25.36477364297536,22.879936529413605,22.11151318171241,19.754215786436845,17.501442007214322,24.370542096475027,21.271231600753122,21.713437180067576,19.908981336585562,17.69717726465549,24.41224046060352,22.15764923017182,22.0710312016407,20.033935942018115,17.922125742131584,24.45815097654208,22.562035428453232,22.21388859701047,20.081866986338266,17.80454987690594,24.00088278227413,22.273119624508574,22.25517977835424,20.052671903709687,17.610101324034062,24.03981996084564,22.00507345186144,22.461926699847872,20.117735589625926,17.764973048942718,24.47659130156159,22.345699423253183,22.60308539256242,20.14966447485936,17.983390257506862,25.11648098709264,22.718706110445133,22.477908134830503,20.167286918329335,18.266559189652448,24.95360507987653,22.582743949777544,22.504556861259367,20.109303261309783,18.473116451364763,25.412712103041265,22.75189751312638,22.327712646810443,20.3498237029398,18.6699334183771,25.547298876853944,22.93898780853075,22.304126695248826,20.420147704444673,18.718493574387203,25.08322015129889,22.906649221522706,22.256367138829354,20.391402052065654,18.71018424960257,24.970336688233836,22.681381419069556,22.424012632145377,20.439239467815792,18.596330750083773,25.310955394329874,22.573423918401982,22.429269136701983,20.451815674338274,18.647574220456207,25.192191777688453,22.372553544514822,22.41808707055473,20.11808335350397,18.593912850140693,25.030930039631762,22.793145127736242,22.322972150975822,20.098860297511443,18.604478189692895,24.949408793391672,22.80738505801677,22.431620461375104,20.21070822549447,18.635747711430486,25.317005639382504,22.750951795865447,22.329679971355613,20.09757349168506,18.62549414999555,24.93552511177653,22.919134260266397,22.14765823450883,20.21211855458205,18.66186299389831,25.0292769205943,23.052855353811793,22.53141610107976,20.56119869723232,18.91987512089467,25.060887666385526,22.84328154071259,22.521829550454566,20.503033463699797,18.839474851606752,25.31903628504012,22.852070690607167,22.380213308561622,20.56418569741062,18.733038844330316,25.244533186917643,23.044409314418495,22.56147484440154,20.61800229587225,18.783569470803382,25.329597355853714,23.06310484105189,22.652803659823213,20.380456418270217,18.46207586892195,25.0355870281406,23.035491048730936,22.2808895859972,20.081640750313024,18.131939833477123,24.582568400327308,22.714634575043053,22.105629784814813,19.925896889566598,18.120861564478453,24.525485582822284,22.639324855366464,22.081829772012743,19.76861905932362,18.22094667912758,24.030027061204642,22.307486454917175,21.874482335190002,19.751155712935397,18.237164415278993,24.01043625331318,22.299240272658828,21.704364361035385,19.903957356411063,18.249602929020586,24.11434528740455,22.38826598222765,22.013010727378536,19.943787692568655,18.195532895108265,24.112605589417804,22.53572329565832,22.31692232967244,19.975625427178848,18.05411224645565,23.86269792477891,22.597419901107454,22.658172440729963,20.034051313770714,17.86094188630468,23.647541189635525,22.874414949031287,22.831653962975533,19.936803948053335,17.714962398877436,23.897897864471037,22.657107263601418,23.045530754695772,19.814564418795744,17.63009499675517,23.656954224231562,22.59523244243175,23.111814460554154,19.772246175804753,17.60988704553674,23.55674428171726,22.623761312220154,23.04094478854384,19.73234047822377,17.687347000145387,23.77780245854982,22.57184081311987,22.687711571871766,19.61530240985187,17.808656079651417,23.808805457432022,22.32838075702364,22.393395014172633,19.654143593421296,17.87201996999627,23.761328298150822,22.475623201790803,22.15187857276946,19.733491408494665,18.069477974519053,24.18882899923593,22.612957760366232,21.778292788070694,19.762978847143152,18.090771343248576
24.52019500921168,21.47490102305833,22.076306610682664,20.231044861093128,18.44523142428453,25.544181633733423,23.422463135205053,22.379576370079945,20.15293364458965,18.465239662821695,25.383164685770762,22.887934303557074,22.104801473801277,19.77484165277371,17.52533776681859,24.347178053021988,21.28368796998208,21.699244903261036,19.953603558088595,17.60977780368109,24.414009976747433,22.161550597258575,22.07245758351175,20.05240307429076,17.90188902467455,24.46737419912363,22.57236779318873,22.198693992987444,20.101765156767144,17.774090617345802,24.004906115786056,22.27980404875412,22.230868211628582,20.04638123745716,17.609762633432133,24.030272142131928,22.012412881822097,22.43803549787327,20.10648487606132,17.75676371116677,24.46617104197887,22.337147782500274,22.58148805561786,20.128758971664006,17.990405986436087,25.100576732573415,22.702841719558755,22.467811144065173,20.158872977384238,18.275833072946636,24.925297906967852,22.55975068759668,22.509053766997702,20.115507692231244,18.478440986942672,25.382382794321863,22.735218317965355,22.35119963225426,20.356678680333278,18.669485181435967,25.527624259996713,22.922795948239102,22.3255834689074,20.425551839315357,18.716357507751283,25.06844456265182,22.906472500888118,22.280131961172163,20.394403466957577,18.7280790617514,24.95145341747871,22.693681675810076,22.441203178325363,20.42573191137735,18.628071817185663,25.29843350911738,22.601519209046746,22.431713208122403,20.4365127511417,18.693391869657198,25.18573346620152,22.385685478203317,22.40470839588493,20.115666197755328,18.62461184624512,25.02290816004289,22.804186948485864,22.31703921665291,20.10189077832094,18.629817917995005,24.939225296904006,22.814192505963995,22.4269655422641,20.214857071448716,18.655553409699102,25.307629997583255,22.75111357700026,22.32444505482687,20.10198967960174,18.643382534790906,24.93001754351257,22.9071427701141,22.148417417561713,20.215370484430814,18.653054773928574,25.02271287690088,23.04784306224966,22.536553457060542,20.55881324653263,18.899940351616582,25.051655943942414,22.83479157886769,22.522171837511536,20.499870478260274,18.81915840873932,25.301744630586953,22.840969914094877,22.37105643200216,20.558256490906405,18.7178379238021,25.227473245777354,23.044769620430262,22.562014220816327,20.622302813153816,18.75473844331163,25.31162586521935,23.063122827717855,22.648862698537066,20.375953988773706,18.452828631560873,25.021547823660363,23.04432909692621,22.280125926169845,20.077775802973598,18.14602121075469,24.579736242210355,22.725207413104435,22.10005051098273,19.937194705091365,18.1241843176821,24.528849492368952,22.648741955287626,22.078408314780905,19.785915316722036,18.20616611252354,24.034229070590918,22.287554690354956,21.860042053944426,19.75781290571754,18.23711705051177,24.00835097917839,22.279496673272668,21.699772586662938,19.9103610696214,18.25679957412463,24.1123401490514,22.371760410031783,22.000151874036316,19.94677144275287,18.190948615372953,24.11076606312144,22.522624664627365,22.309606215374572,19.970159617126086,18.08268468770768,23.86124623794261,22.585757744289037,22.658596977221,20.033135782108054,17.884831713811575,23.642478906440925,22.87945284443534,22.837492572880898,19.94422024023394,17.72431375045348,23.89738478511094,22.664138960475846,23.048567277086082,19.82241222003678,17.626030012430114,23.646523375290943,22.586034295721095,23.123588044244592,19.788591983919936,17.596824084758268,23.542041937960242,22.60822282760416,23.053428496036474,19.7456167872287,17.65347737832761,23.76553198216618,22.552256901275577,22.689768350620845,19.621240680227306,17.7938042718175,23.803223485033346,22.304611204520945,22.404086238135044,19.665864940374597,17.85041836115401,23.753890173780462,22.455390067797893,22.15397604719958,19.76335464555077,18.046152464280606,24.188552455722668,22.602719729108447,21.774759641981586,19.785243371242856,18.06114289910367
24.02008347156445,21.950952579671846,21.493691773125708,19.558498639951136,17.783960178850304,24.1027519080241,22.58831492853223,21.90872410114439,19.805199605575424,17.681658602237434,24.55467350337895,21.724725714499233,21.22507934546449,19.569546953148766,17.17280528646141,23.203104895873704,20.774884003132364,20.826882091325494,19.83999686573697,17.374099943645067,23.28790507153529,21.636665693871198,21.375479457942404,19.705178734288015,17.464568182547232,23.10320301992578,21.75803633264032,21.3612768606904,19.71325088804384,17.35383346733908,22.926021910886785,21.48907493063917,21.31520514928497,19.607224387116503,17.27516592536354,22.698244657667555,21.31291473660906,21.39282864728795,19.53295441772618,17.277699426532678,22.959483716268824,21.438539581984095,21.490576590894666,19.46482837975104,17.364097882802376,23.63885016344512,21.668636458582633,21.34740468185665,19.400521468858944,17.42467912091259,23.238404555878102,21.43573265192934,21.483420158745474,19.34777188669225,17.602051774755036,23.306991385950187,21.632513488140674,21.461042603542175,19.52901527278042,17.72699744520057,23.461790447303677,21.748721995231197,21.461232258587966,19.621356919512028,17.791818161269653,23.201963189918168,21.82595961944977,21.361933683348113,19.557221303001665,17.904629940816484,23.011925702746176,21.709169752732656,21.54176964956077,19.650464498800453,18.051263134791448,23.721071914610313,21.76346225498427,21.48203344840369,19.773915668002964,18.193854211142394,23.736384243848327,21.53407976133553,21.460982610024818,19.663953661752586,18.113786646986192,23.89890826421155,22.105791902300876,21.58109434989634,19.6988708329989,18.22021045471076,23.86636196566936,22.070558996503777,21.829900384278993,19.92667251993625,18.30664847348156,24.494651801979025,22.21251545388551,21.84709594925924,19.967920757903947,18.22599823606152,24.289592791181313,22.282471490135926,21.81086401723835,20.07983560393646,18.25153875608876,24.27210979808936,22.431476549901458,22.066623714752566,20.374544264270174,18.57588174859909,24.20747544867814,22.039633865776835,21.9561179984049,20.302748802855557,18.47838645261664,24.333452506817974,22.17193177595314,21.889793264651843,20.32707493978065,18.24896515736168,24.30159597385702,22.22998310522852,21.942638141084707,20.30529554901765,18.305994156966243,24.320143977886527,22.327145324711786,21.924452874256534,20.088388956910062,18.03648947305806,24.122905649561524,22.331731202375856,21.50328091963909,19.66064664647342,17.725446223288813,23.802603703078617,22.052358997694018,21.3451116243153,19.605638794221797,17.722432545054215,23.625573319027982,21.97083302614627,21.168230103865742,19.35776822044026,17.749932339893046,23.074073326694087,21.49595066439386,20.940604597085116,19.284964789195282,17.682561052739658,22.87897020272241,21.383350686424286,20.911024315157363,19.312609828212302,17.621049577285625,23.168832016503234,21.368398605321648,21.151013695726643,19.44705516524089,17.514006508827265,22.947974860501457,21.60773423006311,21.469724966040708,19.548979703962452,17.47467369476198,22.88130692747162,21.553843827146245,21.810160146437628,19.604546046378474,17.407702784343787,22.58055251622743,21.79914108755151,22.028369678681493,19.501542676554198,17.41340025570222,23.03522103931251,21.686958132687476,22.100280028378997,19.509364396570497,17.38231099320685,22.686750932761676,21.694810974305263,22.29868318795874,19.436763885490855,17.39177615890302,22.71562672324892,21.581086879052513,22.273316175070413,19.301003680554746,17.35934278455866,22.810225527945455,21.421467467686764,21.839534204014278,19.185328474739716,17.28085711104692,22.915158098653983,21.156222826138684,21.604067191575304,19.213170956632812,17.273563683028026,22.892865339626685,21.350410877192353,21.391931540390345,19.2008864153326,17.281326905016684,23.386750704686207,21.410946549235454,20.984734653410698,19.20346804843167,17.29253418783213
21.419442104820973,19.840476887181826,19.867300455114606,18.08988803369887,16.262635476217923,22.380599010225307,21.4125064622087,20.865170358761777,18.810752687185783,16.373004651092337,23.005182792904687,20.336219214531642,19.822291248384634,18.275854825688292,16.00294814300833,21.943977920674293,20.451779082381975,20.058869469885952,18.773476058503388,16.379938650638856,21.681401144059738,20.33871125182339,20.19831057953034,18.464655659197515,16.281924482036686,21.686140378936326,20.536146716283305,20.233296250104026,18.43495760305358,16.241751446815535,21.632426444102446,20.27342624451597,20.08747303646741,18.305011389144333,16.159781291014802,21.390742680741347,20.174985403523074,20.150097823625064,18.237634097270266,16.163418982117776,21.634999247949878,20.099478333645852,20.1498854063863,18.17217197610683,16.18194209762266,22.29627616870585,20.343156485239927,19.93590745217233,18.0711177840646,16.18465357920008,22.26655191115992,20.074905321097607,20.033926239268776,18.083257585117206,16.338134391782273,22.353123459083356,20.259325371559534,20.06088506929247,18.194293779153877,16.502722791652705,22.529561518094233,20.328130823467472,20.02927669992808,18.24901230347912,16.521939914063687,22.361558839534954,20.381011973850214,19.840712967109646,18.162169114105335,16.703701375633226,22.45396991646063,20.434755397652236,20.162136375676415,18.48904588173105,16.915899809687364,22.869202352218434,20.6143331633556,20.138855515084238,18.67532234164123,17.157232186890887,22.809288858244805,20.4449377142696,20.168854614508284,18.660319550388564,17.101770249651793,23.26095032464485,21.21931149274522,20.498062139637128,18.819679073077552,17.353158682163247,23.215023613662822,21.329550953945283,20.828791312655014,19.195453411959544,17.553470809723105,23.718163177402165,21.548725527154787,20.94728506151426,19.241999985873235,17.55118746145224,23.594895171441472,21.71626274529869,21.026283256453237,19.459010232117496,17.659788811368845,23.59601439382583,21.985985682903795,21.307132651186624,19.873408445678336,18.106390663653805,23.494016903184228,21.468399230804145,21.145230731974024,19.82581877817005,17.888230908257135,23.809840253517546,21.482867020777682,21.13784938285145,19.561689372439208,17.495424867495547,23.779777260458314,21.497499564031564,21.008973696034655,19.484213383661405,17.49260237248964,23.605732967915472,21.400971609740914,20.8490746053673,19.133203777938952,17.04877557158542,23.43848973458804,21.24305797758597,20.355353027120625,18.517676212426885,16.601283200355418,22.884571619373965,20.829902454325627,20.178881294959222,18.377702272932837,16.601171217073208,22.405621461481594,20.766682530779836,19.903227462882548,18.27804275849011,16.61955586681905,21.614497247323893,20.16157810863566,19.582045585354866,18.05007121311944,16.467872008806758,21.55574672423748,20.0345831048068,19.649004866510435,18.113446781281997,16.41483997779638,21.759866294101833,19.891292774292793,19.87123567839198,18.210171459725405,16.27283951229277,21.56267077114179,20.15190177823111,20.02696994201341,18.342546944168,16.185118316586777,21.552496263099705,20.133813130021586,20.320387829737538,18.336975965187374,16.18892186337559,21.45987180542689,20.239809505571866,20.515371472893527,18.2029089019767,16.18079341135509,22.061179130959733,20.439162400024394,20.53639611057007,18.225471208921952,16.19718495698752,21.74670559094007,20.520831440603818,20.708303903497537,18.163033397392997,16.193716104025835,21.79475177406442,20.42595322516648,20.775604201239823,18.005018145218706,16.21145372867744,21.770610646819875,20.167736672899316,20.338677953498387,17.98107402852103,16.021861455591896,21.770089313112468,20.075087404322552,20.173280010218157,18.11707635631366,16.00913496473142,21.780123525240676,20.124119811227065,19.958987735055626,18.033265535272555,16.01275371576446,22.45766437347796,20.239187867964162,19.608637273939898,18.102951856362296,16.073945746613987
15.908478882319825,14.600093777208095,14.038993830845984,13.53488783428438,12.725304919252476,15.26819941133683,13.573273394506767,14.053819997891544,13.136292068012818,12.966397482332955,16.096174688537424,14.757683648517393,13.644508775347102,13.059223317990323,12.526740401160769,16.16174243942232,14.536437577830096,13.887471711161655,13.388555357173878,12.714057729299883,15.744525118716405,14.465552320446045,13.884389954893177,13.303562395512921,12.711522124512749,15.737259561107487,14.416564066157894,13.906716187505884,13.33180328104559,12.730604726982458,15.86588022859284,14.524393445157461,13.93489104282786,13.41910092371593,12.709446619404588,15.917646637328295,14.473445130563258,13.979860812025922,13.4700179567021,12.725984517067733,15.879576734580755,14.36004250136186,13.938880022414278,13.517455583754543,12.928566907809568,16.124397863638936,14.414736564936074,13.820485104065408,13.58708157371179,13.011453388067157,16.178322849769135,14.592150686266175,13.810149696097298,13.6889440297743,13.211082821230757,16.24516536647366,14.665650540024947,13.658736847264612,13.779443077531763,13.369032002983982,16.033636942683543,14.535277627384065,13.652205761003334,13.774644907156144,13.474994580952828,15.911810584398642,14.741407674227375,13.78600977430527,14.02549701280625,13.971256356998202,16.206613859802786,15.125647254725441,14.539041327312423,14.467737917993261,14.511890472253205,16.109281293779436,15.241551653574598,14.720642414506727,14.939244670936333,15.05738964674309,16.036978402441225,15.010016925115607,14.791452389203565,14.975990705062923,15.097115743383105,15.90353338929295,15.14028909382738,14.783704551168004,15.043536910226454,15.115518088121036,16.05921682441061,14.983371906683956,14.768254320292437,14.896189055226339,14.638601921361715,15.574638751557638,14.505338587710792,14.19389293289293,14.553485832468391,14.265515350743726,15.67564576184435,14.378880423220412,14.090909191977127,13.89441864623617,13.591518583383499,15.832314375702078,14.642958481410489,13.95384424836974,13.71072877787687,13.455393820274349,15.99588401081061,14.526552510219233,13.922616665669434,13.627546410455318,13.35682915371948,15.863509551790932,14.390557545938288,13.895787434034705,13.486957298983707,13.141096087102635,15.998032436329776,14.422843898395769,13.864305873475809,13.33946274689794,12.923522860134455,15.967573086114694,14.203307582098997,13.664074260072042,13.466050451160049,12.88130320561505,15.771729885947428,14.283569160406575,13.773675316574728,13.41743819840834,12.847043920376084,15.750528538879738,14.44353097327649,13.623122553763404,13.441209911720204,12.84632480938232,15.765724221456967,14.585171278706799,13.674415420644834,13.397720553538903,12.945195674273581,15.609927912827322,14.586592413443707,13.645297048974005,13.397169473448747,12.965971074162908,15.485495155843685,14.63249612073533,13.79198627767253,13.26388384089547,13.012843458208735,15.299687783423812,14.347067740015174,13.966789191155225,13.374262157489284,12.94293020910501,15.29924954899694,14.280004262364972,13.997872154067101,13.406570155303854,12.947147853920939,15.411138950697566,14.397601077105383,13.875408880541608,13.48130178183473,12.893130599860324,15.362321525105378,14.466016077086568,13.982168326052399,13.417221339338301,12.874218662017602,15.521958546566257,14.607035307361746,14.015098963156126,13.434730127725004,12.781432385193483,15.523813218797935,14.853276457108114,13.863727494576107,13.45692417314867,12.742109776609842,15.66324969685761,14.966817779607803,13.941254249287832,13.429543717687855,12.77233089424381,15.912845413713105,14.931238505413427,13.950369647570454,13.41134774146424,12.774651389823394,15.894109740853253,14.759999201059093,13.93112325754021,13.425406918479865,12.702031395172124,15.524057652672408,14.568029470632244,13.945690083844108,13.35451898501108,12.720409412582665,15.995837188434331,14.431238783479362,13.98076004538942,13.297761865800812,12.777915705936113
24.42594100913669,21.78416286481797,20.239255657231666,18.61144132956527,17.271841651586776,23.618534301970435,22.55117130842363,21.69514533190158,18.893068550106097,16.765836056763014,24.416042300051114,22.104413330908606,21.048815449699212,18.99645267532016,17.2470854525928,23.78827792965454,20.6338578600807,21.62999987614135,19.850411834076738,17.137307931660043,23.92414721921953,21.55256465333361,21.115714166226198,19.11671475449527,17.11489214681805,23.61770492271067,21.26022760274211,21.410794732942797,19.440005363514388,17.07912790125432,23.708989770652185,20.912275148190115,21.370106471628098,19.533627405998264,17.0469800930761,23.689443486980522,20.705839837349366,21.68142356091152,19.57900359317317,17.017519070741606,23.803176396860135,21.02184072025802,21.63347110919078,19.609267046455873,17.081615475251294,23.797855803651043,21.227808423760553,21.780494110827505,19.637054556602102,17.17052265315214,23.848763661861472,21.539875497886516,21.725459057442112,19.40604134968317,17.2864910601169,23.686216622243702,21.759295792486068,21.73779091105737,19.589137732612656,17.572966372204668,23.54729487469062,22.0417137810525,21.580004921704433,19.57814193392946,17.680863986681576,23.6013430802797,21.91394129214549,21.47310205114961,19.447845906528105,17.732873494037655,23.79760316799745,22.053343871560692,21.435058412125777,19.64277984405636,17.85873850797112,24.100665903222346,22.096269972431593,21.40534647341852,19.8588220122678,18.0664691655141,24.250982526399195,22.00406774994863,21.28079395719793,19.588078875489835,17.82004613488821,24.527088416399984,22.419524439739174,21.30710001496599,19.653539113062596,17.851174511086803,24.560884188882785,22.63142223599889,21.636458502401332,19.897130756499166,18.063167183135203,24.936426682429694,22.802735129864082,21.86789610745166,19.773173288336245,17.978052710630855,24.950775017602677,22.925908362489345,21.99397852204884,19.850442105226875,18.061090730347708,25.065422965004164,23.151108633546357,22.313094731747604,20.234545071263476,18.491381314514662,25.048338507149044,22.75669142209467,22.314848446783447,20.285853230710465,18.49180710432225,25.069837783321923,22.653703480823363,22.168136165175035,20.050573389578087,18.15294445775084,24.94997921919741,22.57371310248245,21.990513542499414,20.071355045765603,18.155786708486186,24.68729927880429,22.404840713177585,21.833379567084318,19.68168318711708,17.716435995060404,24.560744423243374,22.070640043758093,21.464941725542243,19.24928426851853,17.264121940680212,24.321095587673575,22.068539645379804,21.220969188553255,19.11980865290398,17.181462684804803,24.1910936040541,21.89252337764824,21.012156412965215,19.074761710849963,17.264065763168446,23.787113177906605,21.62356802664826,20.850200579321243,19.022854458186103,17.23886233425771,23.906063119528735,21.502706422636415,20.746017190289173,19.100702084201835,17.227189208980445,24.10905228757928,21.75114726632731,21.033032096798525,19.159008734142027,17.235302333542386,23.938255285785047,21.565228516171338,21.24821641072935,19.14217504077461,17.199617913288986,23.713744329366303,21.698649630482457,21.484183185120724,19.167042672600502,17.20178043498661,23.36818192056814,21.823945433568216,21.42779650545421,19.06072625549679,17.042834837334933,23.51966411221999,21.88671325727865,21.621051632379864,19.224430054386534,17.08289270935144,22.776740659538092,21.844336185022954,21.527706952500097,19.275629196806072,17.034165301247207,22.77633223658173,21.894847942143702,21.634496343529715,19.164423573619022,16.924873177774266,22.72649024514949,21.812845757167352,21.31834177444338,19.104687436856654,16.714465603810574,22.762551091410337,21.462746361634412,21.175388758731962,19.059406337718364,16.81840081968526,22.835223428989657,21.55590650667483,20.931612939708515,18.964590870509717,16.804306851938208,23.538940965280265,21.453647579917206,20.80958455792032,18.88473194238788,16.835540242458837
22.614512532250792,21.235551550000476,20.59821495191864,19.55538521508101,17.487077798501847,22.912045400524562,21.38781912276287,20.591082141082452,18.427751095150757,16.892216844512912,23.10981500075407,19.908137028946502,21.197926022337214,18.38675189921358,16.82131253886108,22.78017731275746,20.599057721870704,20.46343673220872,18.631082579612215,16.199863298462684,22.499521066170423,20.71127028558639,20.673025720059204,18.825747570743154,16.818707208837143,22.67897704082095,20.379816587278082,20.66129416248988,18.827161866928556,16.5972184964079,22.345846430479916,20.136290683895616,20.537156016463786,18.892941329984726,16.497568998269816,22.568941170466356,20.42313034649858,20.530996208288908,18.939370623448827,16.35726372191796,22.83007143815147,20.552650157255478,20.414746199004323,18.93427725413026,16.618039484540315,23.086312477760224,20.557162782096484,20.356479687439286,18.842460604087986,16.630734992112018,22.69129118415443,20.834439143617242,20.311909840035174,18.55694582460957,16.696936560161866,23.253683155635134,20.943330910653668,20.50556905072394,18.633935026575728,17.063209534497926,23.160623525984693,20.889506112531315,20.530306460736426,18.735680515502345,17.266000858129686,22.881729031364014,20.644365161469505,20.602460521296727,18.71484532668013,17.287882573570744,22.752829412253618,20.839827183612265,20.763415566634723,18.85968567178863,17.38832539193002,23.01886860165398,20.951246258095054,20.799115288251517,19.18444071888871,17.7039342320368,22.78008936402516,20.896965297824412,20.68699110729338,19.162872689314778,17.448806892378204,23.070436121613575,21.484796774042138,20.748967184158158,19.249608927062738,17.54790336512874,23.155989177589724,21.98316576694872,20.999639175609143,19.55365625808613,17.713001495114064,23.992905144532877,22.304577052416054,21.143987471903422,19.609170679533698,17.796777312620947,24.09438215053866,22.27399894553228,21.262132424283756,19.67107247529273,17.880756453489298,24.267757766074432,22.698632271423165,21.59346413534729,19.984787167473513,18.31763346070715,24.231629664897532,22.25198519387686,21.416803438021702,19.905731129343287,18.237385771150834,24.57225261868476,22.040735438314982,21.365098646841385,19.685749993640428,17.81079626387816,24.635829406960337,21.974475415967344,21.310702015904102,19.661361921522587,17.8120661183156,24.61470101353343,21.737521458657433,21.03413301189466,19.40401673790539,17.38396502066012,24.461918542000465,21.31128538626837,20.733875695287207,18.901394152401558,16.854410919182836,23.80074539797104,21.046389083837123,20.5359054174455,18.804373045459325,16.790390289910707,23.593133145596784,21.074442611812138,20.352414225676057,18.938940819893,17.34167550676562,23.076578450516813,20.640430965602242,20.103226872766044,18.709529260841826,17.195264585922605,22.657968978376974,20.796941863832494,20.199839546843204,18.686133672731597,17.212112293592227,22.496209989240164,20.849058169602255,20.428441247359054,18.727593625685298,17.19141632145868,22.61595632362225,20.749531548199787,20.712350098899964,18.70345215160952,17.092306996509215,22.525278345927298,20.66840312666769,20.81665884698788,18.573828029375537,16.706420365891294,22.281334051197316,20.88222124698273,20.736634596266427,18.58470620625869,16.550349593081,22.842728569086496,21.023352340308215,20.906739434776092,18.749241838271153,16.58387385625653,22.718862068675055,21.04145358238016,20.921821852558445,18.761416327722223,16.60701836369345,22.518764306384277,21.167628201980847,20.9743786900647,18.8515083648769,16.609208507881707,22.81105245088175,21.355804384537624,20.844709956887446,18.814229273475956,16.590161997053645,22.900234669599264,21.143541495438196,20.84067601021511,18.802045831170684,16.648276266399616,23.068554619863626,21.10181162894095,20.588396635468076,18.664967173406765,16.52869846616269,23.505094841611413,21.193783285834837,20.17959946955774,18.641157363034356,16.468668582891052
25.25049297796352,22.48278847270276,21.646760554124373,19.643299992562664,17.848941866221303,24.82042315417236,23.046170159525445,22.11755452507778,19.73393014173954,17.355129395740146,25.336288816624737,22.781907577416085,21.65371140102002,19.93886848108149,17.671076156904412,25.221878508068933,22.01492632064219,22.188833166913728,20.427066268816215,17.355302262334053,24.93340272507655,22.414807971739737,21.849463224697875,19.899331119222406,17.591118027192653,24.88052361954957,22.280994183059825,22.048755703067265,20.162184348301196,17.497712354671794,24.828867718325018,22.057601332344024,22.09658198624684,20.179279114795936,17.46732610082038,24.81701280278307,21.94200327758414,22.460343632443625,20.136773822728692,17.40837950578898,24.774943824985975,21.944481362721444,22.42017153365057,20.043803369899234,17.565907305863675,25.06675578446038,22.267909710709752,22.536367178199548,20.293448699391593,17.922984194426736,24.802508045568878,22.513263515318975,22.54254332201737,20.05895386246994,18.23873773754128,24.99379072366393,22.820306118174877,22.60102519968647,20.350210281536228,18.701214042839343,24.886233172588494,22.94867157812036,22.47319258053293,20.453555580518593,18.87538533433051,25.085507130243936,23.050027757342882,22.54847973784009,20.429440733600686,18.888010136346868,25.01442200863935,23.07400119689927,22.51224575828257,20.340339832298366,18.660505112597,25.307668772576427,23.13657396427405,22.42836934625215,20.519987369020562,18.681039177476222,25.226288830221222,22.86403522093066,22.175646955688485,20.133347767980162,18.288010314459633,25.359560151692566,23.200481325093982,22.072148397635313,20.104602790002705,18.285186278975818,25.273475172940145,23.428094692953426,22.184987641091517,20.318956139293988,18.37259201808701,25.580375529435273,23.311265112778976,22.304058415642753,20.196456526548758,18.35975156706868,25.579895749489367,23.238520470373448,22.303368211101827,20.248106648997897,18.36020163859761,25.579106447316775,23.260805564497787,22.7053838256764,20.59309368132442,18.717636644121363,25.585676904864822,22.952044983750902,22.724543915655058,20.610576943631823,18.66017658541296,25.574619332268373,22.869642861125843,22.521779996960646,20.423981169283575,18.4836904244705,25.397103998121217,23.015953452598943,22.498210678085627,20.505705893529775,18.442182995766405,25.256977521191402,23.11028635725222,22.447466967098883,20.169629090994512,18.11571897526245,25.28543522510782,23.055358437810636,22.13043380793844,19.87887489942056,17.73631271176556,25.164609174888714,23.0908602297904,21.94618344287764,19.723855196087797,17.73786483951748,25.154961822469808,22.935963138859496,21.936403989952634,19.734302661310362,17.994668153783458,24.967865789838193,22.633350259719723,21.715835151441446,19.679590127628906,18.124299786031678,24.95040905243266,22.502551554085976,21.613662643848194,19.82532799639801,18.18006847878398,24.826895191905518,22.75751647237554,21.922322129041174,19.858782249886755,18.164673704003047,24.684922955088744,22.65217840417595,22.183847412788225,19.878193142155432,18.107550567705466,24.472866172400636,22.66103365655937,22.480861881533492,19.893126360609397,17.865447110436182,24.203269421264423,22.970725268152016,22.61744720770964,19.845519156115206,17.608226561798247,24.392152024395955,22.960604745269126,22.83092328511762,19.906944495147908,17.570919827061726,23.97375007607505,22.828517793899877,22.819875058485604,19.960887066720694,17.529462394121385,24.010032709246076,22.892188114596173,22.870583982890277,19.95700841728315,17.544234259918422,23.808029917438116,22.83051938783287,22.424254844114966,19.89303074643177,17.457323912454605,23.751059804798295,22.36502907347098,22.23915482990416,19.860162096940336,17.576339475648744,23.80980366743571,22.3347568991442,22.007439111875414,19.807481817227426,17.638620632040876,24.343694085357157,22.313309491117295,21.684536137245892,19.698284356086276,17.67893149373099
26.059292134854836,23.33050355121385,22.570185734203186,21.093511673015243,20.163288921084373,26.855330093177553,23.904638117995212,22.683825940414078,21.067699136209725,19.92070469466516,26.341023000747793,23.684449365793594,23.04744909125542,21.0498230642119,19.61049677896455,25.454239321044184,23.205807450985652,22.16163866241683,20.782820274850078,18.498360222010916,25.414662586281644,23.220431289879357,22.57078543518376,20.797199714264767,19.39886639460553,25.53924188116158,23.12616110806679,22.69195433428571,20.806916157382457,19.1351246992394,24.95071354975269,22.86227314636368,22.602468302096145,20.691873825347955,18.857022866769192,25.093105427783737,23.024238585580456,22.696117813926783,20.578210218680276,18.813847736345874,25.69255293359056,23.48840338721751,22.857461439153745,20.683316165851856,19.175731404882086,26.691800629106176,23.787616635316446,22.72270980824444,20.899988769960444,19.328070611502348,26.330160226824347,23.890397524444502,22.59410980042158,20.83069604360012,19.551291316331824,27.11054685763828,24.179382562424205,22.687125526275523,21.143620495989317,20.16900045295049,27.26148223989342,24.352816391708718,22.718044564650928,21.35944161715644,20.45325597373076,26.511147170539466,23.722337920445494,22.62259814637925,21.262969003747138,20.40163818312961,26.26155156157399,23.788289442358504,22.745915092862486,21.196697797723225,20.502210102985053,26.87911093720776,24.024189313609877,22.763767724464845,21.32136100371529,20.555217155446343,26.364815104154633,23.731879004856946,22.65613296176581,21.08794523696241,20.216834668279766,26.167257035866385,23.65494536181339,22.485273329200403,21.0089972116322,20.10858470655155,26.50888141041097,24.072613817020265,22.608468618429583,21.07241474836394,20.043029024870176,26.770989180608773,24.1631879254852,22.61677951517144,21.047014006439287,19.905264936262476,26.547976543366808,24.011279986548036,22.5780149436915,21.05837473072951,19.907462314237076,26.589161821296322,24.193001835632387,22.897591126296238,21.11880168528658,19.99877287050375,26.821615049011815,24.052896761735486,23.01360472176093,21.077146591068832,19.87967199274625,26.984562298703896,23.97416759578769,22.989932016773444,20.99713730688062,19.78374928716437,26.85563303299751,23.792710598830535,23.073319420990636,21.058294648701157,19.69888584467261,26.60535266267026,23.602091038410553,23.127313324344435,20.814984556857663,19.446142237463462,26.550110151402038,23.44440694958922,22.834592802543174,20.599807561657684,19.250185128852507,25.863130394316023,23.148649657191463,22.592280926173448,20.441653088715547,19.173123098354438,25.351541891805425,23.15141316110963,22.395777118987798,20.47037375054445,19.39022647449612,25.062347063188433,23.113552658834486,22.275662941607862,20.345649742428094,19.513345570518496,25.123996256431727,23.293889149257147,22.163642151632978,20.503022786684376,19.584782876675458,25.1969902732004,23.448132095712108,22.443632290607216,20.605356789767455,19.485743193768197,25.142476014012395,23.333878924579583,22.671993346656432,20.56427110646018,19.39436701565831,25.45162333109418,23.1725100805475,23.018745227399627,20.441827742174475,19.09476132075504,25.38116591676345,23.399285575702187,23.066336097087905,20.394269375829445,18.853446407634777,25.251929738586494,23.24127740273505,23.211172489464953,20.2211106703132,18.74063153696138,25.225542699225777,23.09859654949825,23.204753741069688,20.11669824575819,18.659759103467824,25.369109235298748,23.28694883811166,23.177482352434474,20.161172755583017,18.613190950893134,25.47509217569534,23.317642455871585,22.80909970152387,20.208141670382048,18.820192568044444,25.627609547851257,22.888930056773198,22.60268160351034,20.200980649265325,18.857220515332664,25.813987915632417,23.055279779063543,22.413771635243275,20.405303261215128,19.017027838204662,25.737166624132744,22.97856937547478,21.943742387922182,20.324526826955797,19.06003130464304
24.53492949416193,21.457664550752774,22.06944050105659,20.23129872237187,18.473896518248704,25.54749240249415,23.415773263111774,22.38455494062358,20.148105413469533,18.534385741121,25.369935915081,22.86660469343562,22.120646718809482,19.767549327424984,17.492432909653846,24.401612304638643,21.33605175646178,21.72970256025697,19.945577377831523,17.62036590568179,24.419315096663333,22.146720492406008,22.08178033299662,20.048090299459947,17.9117521481863,24.465306876963417,22.562706342680844,22.21536080921182,20.10558572102358,17.788231245248994,24.01349866742239,22.27289329677877,22.24603336198036,20.050112652953885,17.60599540364996,24.041906881807385,22.010193721054947,22.443073066158224,20.099203688696228,17.7664554123797,24.46466054200446,22.329090539701564,22.57872931614336,20.122329026725453,18.005065988568383,25.104639778190723,22.713136335842343,22.459499786897418,20.151377574901964,18.30377963197241,24.94178820096887,22.56735003991956,22.48977494816816,20.104212546202056,18.497067434072754,25.383093267290803,22.742977056450535,22.32306534431104,20.35000181355868,18.693201033894084,25.529867497883643,22.92415171699485,22.303813362225476,20.43062487265957,18.74905532290424,25.076447359744385,22.907918520844213,22.253927278107266,20.400323842331737,18.743283112066333,24.961127694189145,22.69239828586337,22.423188395416712,20.433939092211432,18.639752435855872,25.30093696374369,22.610682254445106,22.421386197883102,20.435192566870732,18.711192663337194,25.19542457671286,22.386873511448968,22.416150505053103,20.107849324827917,18.642085071551808,25.031593689181967,22.809695324415152,22.331178073184194,20.09081713123546,18.631560760413826,24.949685018671055,22.82073707635829,22.448123012624503,20.19897484571614,18.675449197848543,25.321187789573457,22.759570024139254,22.341649233086493,20.090803038520466,18.646584835281153,24.9396360680265,22.90621566954412,22.17085934207454,20.208339114579747,18.66929787674744,25.03297097029212,23.05833873527115,22.546186427967065,20.55770953425694,18.90955343717751,25.05993366950092,22.83885084204758,22.530488872894292,20.498449925073114,18.82827081815663,25.309926545841797,22.85170273877991,22.383090256444603,20.57279099064043,18.711765531439525,25.23376338105404,23.04681617545274,22.568830827870514,20.632350336146523,18.765118943875926,25.326530997423447,23.06266640765575,22.65055945086983,20.39049630424658,18.45177179976693,25.038568638409323,23.026203294207207,22.282170680112934,20.099321351138293,18.134739757099553,24.59588345554276,22.723945924907017,22.10138193476003,19.954661189965293,18.134594361919262,24.537773685877383,22.64406255002233,22.081817315524493,19.788951054867585,18.22684364554537,24.045101538639084,22.29445380704916,21.87022204936064,19.75577821425966,18.247819542356616,24.016774217817733,22.289624318976347,21.704140630983552,19.903002238432453,18.250912756943343,24.107763519639803,22.38704942816466,22.006947364934508,19.927700616098758,18.201592628769937,24.104656651479978,22.527838648108652,22.322631581590745,19.955008166290764,18.06694715921145,23.849814788804622,22.58232251471308,22.662652981519074,20.018669508056043,17.857704233558554,23.63105218138206,22.867934144149707,22.83773555885305,19.928503527530957,17.686588475155343,23.88613198439534,22.651445271355332,23.046000494199138,19.8140143836101,17.607548919432524,23.63666861838293,22.585906426978532,23.1175780630208,19.782820563995468,17.570194856155226,23.53773115732967,22.612476376902066,23.036488335809302,19.745720243850762,17.647361629315764,23.76368490745301,22.557984401995363,22.670402571885514,19.63337057097427,17.788584873676907,23.795682243579947,22.316823966899854,22.387784323559153,19.677704980588892,17.870040881420287,23.74407285225222,22.46034792470062,22.14146223890107,19.768515603838445,18.061877208148,24.183243686262898,22.60123632170825,21.765596762405284,19.796782581166575,18.10492822527676
24.53746983330182,21.536027123870312,22.039370960393043,20.210943276321593,18.483375052623344,25.53399879527586,23.42405769366279,22.38918318881751,20.116916861638973,18.543543513425806,25.400986460298128,22.87015727234521,22.081549230123247,19.771340610544236,17.576823616189863,24.3696657785496,21.28102320328744,21.727794566742645,19.92369779949429,17.697396794071768,24.425744157635968,22.15985071016112,22.07290307756829,20.04290504448658,17.97834796315245,24.466677756639324,22.557920925815925,22.209362725582313,20.10240125371407,17.844753542328842,24.016620989125517,22.278004219356387,22.244510287869215,20.051172189535333,17.65230653482459,24.042184769542356,22.016172862111755,22.453975421388172,20.11057125432848,17.793367913976468,24.47712350106058,22.35350397012121,22.586202920942085,20.136937592927303,18.00434862080732,25.11206213959533,22.72846115601993,22.46373988873125,20.153909465782576,18.26534923388844,24.951396758017022,22.584814928080966,22.492393780375007,20.101299624887627,18.481326418380142,25.400610777730073,22.748155823007917,22.32396827022314,20.345632727416948,18.673668442398025,25.541531005624407,22.928588278668727,22.295110710707263,20.416195639129267,18.709600366890392,25.078907810263182,22.902881165291877,22.258708613967592,20.3840888634978,18.72427938219039,24.96128803251717,22.68884512488864,22.426713181206704,20.422810445127944,18.619708635638922,25.301683710081733,22.601923403053114,22.42480339539589,20.431664420393933,18.66403116092921,25.18592639117725,22.392489324020193,22.413113318249124,20.108451008664833,18.607530734127515,25.022853377556913,22.81915253655438,22.323887825292577,20.08524793938444,18.625845219450046,24.93764158623353,22.82980692326415,22.43466184071709,20.207086941441855,18.649065946488925,25.305150499917037,22.764576183417066,22.328179235973067,20.099969384403412,18.644768705353588,24.920203717770793,22.92590910771299,22.160582455996877,20.224305350458177,18.67138324294212,25.01413115865204,23.06196906702989,22.540358176655438,20.571676128342055,18.92369532293957,25.04546682149101,22.84015749763875,22.533873629603285,20.519363774271923,18.82631529704314,25.298144933268524,22.84693867854657,22.379760900623722,20.576764979352635,18.714738497093002,25.22478415772968,23.048564440508926,22.56266264434385,20.625161611700445,18.743845908220926,25.317551963226745,23.06023082511774,22.646195656866865,20.381500163883707,18.433794786972868,25.02726494473016,23.031140125942915,22.27292469334528,20.085718054163454,18.121788362562157,24.57671223329323,22.724244672684172,22.088446054728287,19.937735654202573,18.124715234426425,24.519787053759597,22.644614554849447,22.072542115570272,19.772642603944306,18.21962493364054,24.031248445293663,22.30121943442562,21.86678915444263,19.763050285495034,18.25972378615591,24.009518529954082,22.295436760372546,21.705358745250027,19.903772229568112,18.27552498068895,24.11350049191011,22.39472325050938,22.006248260251148,19.930031147413473,18.20781392425543,24.120843623418967,22.54092968474702,22.31261769125534,19.96365469282148,18.071046772722354,23.87794542279965,22.603757183940065,22.65421317831487,20.03787619627261,17.897684483827753,23.65618932984292,22.8807671139704,22.820201126687973,19.926700650778457,17.741956209554736,23.906518588656816,22.66225522041278,23.03095527654334,19.810479636217117,17.651076998811227,23.65909608032132,22.59135779173356,23.106382243151042,19.77846155376087,17.61002805606709,23.55435623867371,22.61280278265638,23.04247900553028,19.715407603311572,17.697453724926127,23.769058189392997,22.557565898451024,22.688763300062256,19.584045300148244,17.79454794466969,23.794062275375904,22.31501871967246,22.41132997318748,19.63097017601796,17.852143447097752,23.74554019929949,22.463860121379692,22.155153365788493,19.720130359295165,18.046898957311804,24.174886727808037,22.60841650972236,21.784468576333314,19.75514028376135,18.083422125245146
24.529405754557537,21.48068983997923,22.082646570637834,20.237368281360716,18.445846194144593,25.541476785406168,23.44254588057597,22.361418226177054,20.152861509656773,18.457087546196266,25.35394936976541,22.871561683876575,22.12454456597414,19.768794209374562,17.43447579032879,24.348113084415182,21.288136559197845,21.725019341658662,19.901468509324246,17.50926276577034,24.399662412932607,22.155882130062107,22.074164643782307,20.038915118618835,17.878541505947396,24.447434213570773,22.563514265769886,22.197672376062656,20.092597519227528,17.75475045822664,23.999707132615363,22.260573664295457,22.24061650468485,20.040535393967772,17.580503752695467,24.03389523668593,21.99472711970639,22.44344683498659,20.09070983916537,17.73874467687496,24.47122090670817,22.32136666788317,22.58466214247723,20.117529574426282,18.003882291277478,25.117265659460173,22.69924358506538,22.47847165142871,20.151951891021366,18.269765032015876,24.953366998428276,22.56537899495974,22.511058152971895,20.105171934027318,18.46429167348871,25.398483770751408,22.747620056312904,22.335473624062665,20.350139920128946,18.65389516299994,25.539189120739774,22.932632009691936,22.308933734392948,20.43181713072061,18.729630702712512,25.082388789402124,22.91625102022623,22.262828005129776,20.407110971682663,18.71001108689626,24.962848310711276,22.696177562939155,22.42606484495674,20.431150067155883,18.613036295575306,25.303234025974003,22.60245213830398,22.431713980033795,20.441469825362354,18.680712481884903,25.188216942256552,22.379050866356454,22.42301984548714,20.105979492518742,18.632328003284833,25.027451155866537,22.799147597116974,22.33637813213058,20.091656065477316,18.625192301306633,24.9357242267358,22.808043609910445,22.445196930462693,20.205722181733158,18.670737111205085,25.30661295243551,22.746542622282846,22.332548309991612,20.101003151899246,18.63696562450097,24.919248617934922,22.899993778263024,22.157569958454218,20.208523923411384,18.65934028640374,25.01068969618727,23.051298312593296,22.538754018815787,20.560792676889907,18.89511392844413,25.042864215536106,22.835565220018175,22.525988623968722,20.4954806271024,18.81658436147374,25.3021136035614,22.851072845846343,22.37567788700627,20.55415005776714,18.711480378270053,25.228611425678316,23.049833523479354,22.56918914895764,20.616300568405357,18.778401119619794,25.32466772090506,23.069766210374336,22.648727271893385,20.38054505742677,18.461723728334498,25.031716904104673,23.033815246853877,22.284000040035068,20.08344455685204,18.14601931618254,24.586161210230557,22.71116466665014,22.105391637513215,19.9480832632746,18.11267133502407,24.529394108655012,22.626079183514804,22.082492277879926,19.795254349295686,18.212760101799354,24.03307688003689,22.272101893098466,21.8649901869258,19.77469115682025,18.237627310386063,23.99720655213697,22.262327978167292,21.70495697096428,19.921877029953805,18.257327606327102,24.102604270036203,22.364049784248984,21.99932868188164,19.954292625453803,18.208683149762244,24.096853351033296,22.520437873047907,22.305484789733264,19.98933021221439,18.118043506002238,23.85038191564566,22.585787965955106,22.652197122450055,20.05236689009709,17.91321987103003,23.63595401615937,22.881871551089375,22.831031829409966,19.957387984518157,17.74275589714813,23.904976236084757,22.659530056370716,23.039673781168307,19.83475829805143,17.650584852653708,23.660089855531183,22.59195165569957,23.117423235643532,19.80260846784319,17.620249287716096,23.55774269128323,22.623456756884256,23.044845630143328,19.74035461794145,17.665657400067143,23.77209650631906,22.571470445014597,22.689530215262614,19.625304050262905,17.779856569583806,23.79398884422909,22.32123142830438,22.403742223844482,19.6656753365156,17.853014766801007,23.737306541259663,22.474431635951355,22.159309516990174,19.754680688081702,18.04278839501873,24.17036531049793,22.61326002304896,21.77779134396924,19.782154705024233,18.071552793251854
25.24308572812792,22.409898370702106,21.44272911564684,19.472860019759068,17.585987464276638,24.79388691037055,22.952480353299315,22.111986925674895,19.6230957269303,17.24673605652738,25.28096278615027,22.68945150569262,21.478979895980828,19.79692743480054,17.309291772236616,25.149593392215873,21.745831214784115,22.139329191878105,20.283067017764285,17.250255563600206,24.881625492363476,22.286730506521394,21.74988760203178,19.75839588022918,17.373093549757744,24.776512990161255,22.159242024923266,21.956006035860206,20.01871703198581,17.322667223345157,24.744407516369073,21.938640508007403,21.988931959163853,20.017821766883692,17.27872476440877,24.735251217000304,21.81994674521021,22.35488226331056,19.971252410055175,17.267920754083473,24.697825439481505,21.89037131936709,22.317369113268647,19.916852787210733,17.390445713278332,25.085856299424087,22.27873703946645,22.41776144430974,20.141384131050067,17.715800452955882,24.868444099441597,22.433648112226333,22.41026757747031,19.909972719257883,17.97762684750401,24.78340636580048,22.760084512021763,22.45562858417228,20.22015797591273,18.4196887585971,24.662593599655615,22.886295895929685,22.33348936171349,20.30057833009634,18.561425140930954,24.89815933262156,22.934836096964826,22.382171131644213,20.224439436320278,18.60449622725302,24.73202762533035,22.900439784720795,22.35502119956775,20.19426177949599,18.39762017210694,25.034433762007676,23.022293137987198,22.296951539555796,20.3596508577543,18.451958769002406,25.196124820984792,22.74162489721506,22.06249251443971,19.959749285117063,18.060418634378827,25.334524769509276,23.104814697918716,21.979532659596863,19.965437680113983,18.107962957494802,25.2007934694656,23.328337875517395,22.11752454233925,20.196518240315783,18.21145869486569,25.52298649096638,23.212962033658904,22.241236870593678,20.04670810855054,18.228516479525375,25.518634590716086,23.165423623794673,22.223686090985588,20.14803280619125,18.251297994965633,25.55357137710588,23.180526259097157,22.616989450546306,20.518104923015624,18.637863403094105,25.546268263317216,22.871094950151214,22.63279430223877,20.536107207464923,18.564588887858605,25.534109597650477,22.810962497109763,22.430078679502685,20.34951627752909,18.360162942489023,25.362822485810124,22.931993668069254,22.3964224320654,20.424902731144833,18.319964831131156,25.237920194342017,23.023270935237058,22.363881715762282,20.04234156619464,17.971335894799076,25.22614450950577,22.957250866237352,22.020470260601613,19.71287724122692,17.585853258361038,25.12481813892223,22.97268030658149,21.846199469361913,19.545887396064344,17.551288877224387,25.00282455597329,22.792124390403664,21.785584895071615,19.538951084174617,17.799026875305135,24.795035703447063,22.49032786660421,21.555871511468105,19.496923858366806,17.91709929692083,24.7625942005094,22.339271850999193,21.45290058488174,19.635232279121066,17.941758795233156,24.652291805600385,22.596260464234103,21.76625166227604,19.69414941869404,17.899943381843894,24.495357192239233,22.50016681260049,22.006481519849178,19.748741820753672,17.850750757982176,24.381863462882546,22.528546539748227,22.336061553799723,19.79063053634623,17.621991067207762,24.108089448380717,22.85561725491924,22.476869499442387,19.718850602212363,17.375612858365038,24.29673444269807,22.864048421415056,22.685834469313225,19.804209256214804,17.35744633264121,23.888675278564172,22.749226690776844,22.687882941765782,19.84800750987202,17.35659831787014,23.93287396741989,22.818224632275484,22.7304061028533,19.786184475980768,17.40007828718947,23.763556193144854,22.76055391160685,22.2937364958422,19.72192438215928,17.28804649433757,23.684898075159104,22.288584973858985,22.118107106923183,19.695089503022423,17.428039103199783,23.73311578643579,22.24189180769336,21.865025661113798,19.66028733178176,17.466773055000655,24.27773660552904,22.216867981712674,21.560574624887515,19.564462334910246,17.4851680751624
25.25236577176425,22.442492005583862,21.461146719522667,19.435828564943645,17.49878299179498,24.790681292020178,22.936144537063832,22.135968650329524,19.560563034656237,17.313710292409297,25.283178165335098,22.715562980937705,21.47200217791733,19.789723479219933,17.3200183743174,25.164178058774347,21.753002233232987,22.15660060142361,20.278046703886258,17.24125363385853,24.89055281931413,22.29843134950254,21.762646633134313,19.72607199458763,17.364847417652786,24.788019813807214,22.174683203789648,21.965948724695266,19.99996101476953,17.320627345425343,24.75695077637326,21.953591424116382,21.997441237592334,20.011178221679145,17.264458900111137,24.742141963346768,21.83294335870663,22.365809264821213,19.962844150865497,17.225567834268528,24.700717365204145,21.906089832648533,22.327053427701077,19.902023366163153,17.35159237631499,25.08728378929457,22.29625233889684,22.427707380134684,20.13625359034379,17.671594109866952,24.861899524933108,22.45631460559754,22.423518085436733,19.903850670997702,17.9462716597119,24.78046578266942,22.789155374077644,22.46759637561464,20.21415650861922,18.389664916581143,24.664009974906804,22.91886190761894,22.341183452252025,20.310351162606644,18.55665939253138,24.906255143081836,22.96052901130081,22.390578860383627,20.24051593692904,18.59239663613201,24.739190798219063,22.92262624928237,22.358401167396362,20.209119322032294,18.41178154808768,25.050635300083844,23.033728811530874,22.30075378718659,20.381215476749414,18.469964062367353,25.207836182762883,22.74902478014311,22.066465789965605,19.982286675707474,18.088411290339643,25.35031353860943,23.105329242377543,21.99086449446711,19.970050550749136,18.127719438804007,25.214213379023143,23.338920650737737,22.120049185689027,20.1976065609363,18.232327354204777,25.53426668576358,23.22591785199606,22.247245881374237,20.047010715104175,18.242348411112523,25.523888906093518,23.16648580205625,22.218361049531858,20.126854396044127,18.261177391030152,25.561877868355385,23.18231324353687,22.61224823368285,20.49839982050221,18.648848041201155,25.55452052476163,22.870867630496598,22.62201508205434,20.512198688389407,18.591926025266936,25.536213443483827,22.809785401417027,22.42485583538434,20.336747854695368,18.422026681643125,25.36571527496676,22.9266098288419,22.39182446482924,20.403234594924747,18.38402452898402,25.250154685834566,23.03185153449262,22.374322182402977,20.026201267827304,18.02159509437663,25.23979414436776,22.973907465502986,22.041010137331348,19.704877235530724,17.615025078601686,25.139307044474783,22.997083747473855,21.864344621286584,19.55485740555303,17.583058130377495,25.021128816531238,22.80710702597618,21.81507912310947,19.544067160450403,17.81067755142964,24.81427343304812,22.500048979256412,21.587612462974374,19.51143285141862,17.92029099601004,24.781096312566188,22.348910955272327,21.48145204229265,19.661403359467833,17.97764876223967,24.662966711974086,22.597812241330296,21.781317644755454,19.704305122353066,17.924108277656046,24.505592272234214,22.48770873838273,22.029516714421522,19.74739124761325,17.876775170100046,24.402179376764952,22.52301568175502,22.347933582137408,19.78766393256482,17.63786221926539,24.136119973247823,22.850906473785663,22.48159678788692,19.73122254303355,17.400571011445507,24.31949094993404,22.84305743540201,22.684307235324116,19.797738692195104,17.386746904189476,23.920622703250963,22.73312508182323,22.690015452368176,19.852783465741975,17.37716214169967,23.95929647344551,22.815033290850028,22.732703749657674,19.802604747009084,17.395601121326443,23.77922698822211,22.752164850141124,22.29245996773118,19.73385312611974,17.30432537956691,23.701601481633794,22.290734696569018,22.13102016570101,19.695701714135627,17.431574301360666,23.747900403842227,22.249050708326763,21.876425209755805,19.68218673180217,17.45953684578483,24.288954956068938,22.221869927214605,21.571138268029515,19.579616067313804,17.528362975628305
24.463133282858795,21.774038986318736,20.21891919127365,18.698716659710826,17.355581471236043,23.5956867728039,22.544861366138147,21.691745888824148,18.86921994792543,16.87246602535732,24.433565676760303,22.16532144065226,21.04529440029064,19.03474454926133,17.190209761610156,23.807897772305036,20.590653356108753,21.630038196733377,19.924351461750895,17.238922313025427,23.935555840039733,21.57543359193797,21.127443532611373,19.15404238410945,17.18179941269662,23.615975918596728,21.278399000685376,21.43612673145689,19.459567709923565,17.125225510241602,23.720076575951015,20.94669877425556,21.39351987762605,19.55962924194226,17.04983223298879,23.69651376599337,20.726742607482926,21.703665255195084,19.611868422731316,17.024565015361212,23.81100844601079,21.059994101752878,21.665654171887166,19.62626263617569,17.06331375108172,23.801637808378338,21.252318745842448,21.792624371590744,19.647806420962603,17.139363112549212,23.86059111009164,21.567376427565296,21.73722909497953,19.40878337789696,17.27319304512382,23.696387704320763,21.765278776050945,21.757167655107608,19.57936807870006,17.578039077857518,23.55891629591385,22.0495707416133,21.61037723694239,19.56363186579866,17.68038328619857,23.615530404399287,21.917259049289093,21.506221760797583,19.42298014007,17.720314484678532,23.817991785137924,22.04629115524981,21.47223260827421,19.62805462182889,17.835473356502042,24.120063558336863,22.08455036716962,21.4290404301693,19.844668690067117,18.00090880278472,24.265130475850842,21.99760363633389,21.298717217514984,19.579139880644814,17.77184187268738,24.53998193166899,22.416729017843902,21.318051584623728,19.63431291619315,17.814669006249588,24.56325919951302,22.629172273455342,21.630815546081628,19.8856197541517,18.05216365744535,24.936484394809924,22.80633573782665,21.861115333367223,19.75249334852746,17.96410056167479,24.95038732402445,22.930878299304766,21.993526498577502,19.84274383770072,18.07869265617965,25.07416715225777,23.152644020812506,22.31212797525111,20.22692349585781,18.485891284895274,25.057196734211967,22.760223041293894,22.30855545223101,20.277045574261404,18.492765609952016,25.080547160622245,22.656145033607466,22.151029582837126,20.04819603006786,18.156649265035647,24.961580890236025,22.570001377343665,21.971643038014523,20.063148476326653,18.15812553776431,24.706289274528167,22.41496299839442,21.815496280012706,19.652483905653586,17.68538044675055,24.5736280559948,22.106750545458542,21.444467198078076,19.232361483150076,17.234551634655,24.33528716478502,22.09481683004355,21.213733066670432,19.087546998793677,17.150570966449724,24.20683181464823,21.91512575033228,21.012356453072236,19.035532486658845,17.223892688298356,23.801983757273604,21.645783199295128,20.84850816825964,18.990000958268734,17.198444839132986,23.91288950385645,21.50357385160691,20.74417332906507,19.080155409743988,17.216814992310958,24.114657431078587,21.74214784623641,21.02818095317466,19.13361740464239,17.289635132236338,23.939008320708833,21.565990230119798,21.23874817712815,19.13484052267101,17.23789912069423,23.72740039061628,21.700904600752516,21.484432876542694,19.168949317574736,17.269736082595806,23.372862486334913,21.827933268840187,21.440941243182767,19.054264895699266,17.101200181728977,23.52263601041987,21.917840973441123,21.6316513094353,19.222573234239455,17.121020469055605,22.791533207383612,21.856548206384126,21.552125248847904,19.28645366390361,17.021094286804114,22.802292995674566,21.90185683882512,21.662601899855183,19.20511575794854,16.918154924652583,22.73251406090558,21.823528948400046,21.35624215019382,19.14523823421058,16.696603945337934,22.77048408457982,21.478761248005615,21.20138884972478,19.101689716560237,16.789844449796426,22.84513685478202,21.556311057374728,20.960770822566936,18.994318934249016,16.823329458716806,23.536533414301516,21.466878440188175,20.826818859098964,18.915663873527222,16.852440928852587
25.241142198960652,22.49612141532541,21.62819308137727,19.656913092971717,17.8945287328115,24.81330570175445,23.080438545540545,22.092073300264527,19.734099286516177,17.39111679362042,25.35606690053726,22.808452188395684,21.6286402553117,19.96844156817588,17.64008187759448,25.236852429887964,21.98111586749138,22.19052543016757,20.39190257042691,17.346327262974047,24.94215186604233,22.426855160232016,21.841867373849453,19.909829494484335,17.61568643944288,24.894390139158013,22.27515999349726,22.045447542314626,20.16756550065538,17.513645437923525,24.849195977078725,22.05022119051594,22.09226226643357,20.191188740326197,17.459211284968557,24.83838651489839,21.922449156497144,22.45889368980548,20.13992641861144,17.399753521254148,24.793763269323122,21.923880077180996,22.41696778477914,20.056054616452904,17.568656725517243,25.091480455706783,22.241192255048684,22.52019694006266,20.30939285078286,17.914578795802885,24.815590444382458,22.49825731728518,22.52574031473315,20.084865333364874,18.21663212018834,25.005257400579854,22.809718120123925,22.599053864672964,20.372947413047747,18.70165126395754,24.886954509790307,22.945796175208336,22.476356761050425,20.479363771241907,18.873496977901137,25.08607118998271,23.05722162001063,22.54785085640862,20.455785685859425,18.85032178747645,25.004035439906065,23.082215674528236,22.51138596427893,20.34924106739977,18.600581930847586,25.308226069347974,23.151694749777953,22.421792972904797,20.520976761592728,18.62505292785461,25.21826846080257,22.86934035934512,22.163610775344885,20.11876457188556,18.23286935598618,25.35901720694478,23.205140887826026,22.061243276738704,20.094970903816787,18.254163455972545,25.277174903237523,23.42218609622168,22.1805276566669,20.304913093186148,18.367352353020785,25.585471243722452,23.30516276628719,22.304241845582148,20.1912193254216,18.369203373119355,25.579695183091612,23.232515832791748,22.304665983342325,20.251039039459847,18.37951092697508,25.584797231452352,23.25685642163156,22.703354240298893,20.604756739630538,18.717606747615573,25.58674945373961,22.946998615317455,22.717378006922633,20.611508856978812,18.639479795093926,25.568322922167113,22.870647958519776,22.523987080271283,20.438421433907763,18.464545586117072,25.392062373990548,23.016475915406147,22.501129727680574,20.498709891567405,18.441859434066014,25.253955672877215,23.10576322370736,22.45119383489981,20.149703355799726,18.114046847339814,25.286693177855817,23.04653993588468,22.130096328142436,19.842699623820543,17.746411470585343,25.169243441213712,23.085712937777163,21.947856803412872,19.70964334734391,17.75481248162976,25.16716224174447,22.934769403989527,21.923897637099046,19.71472148228283,18.011941426770914,24.977920000347837,22.636531454451493,21.698709265202428,19.677757178595304,18.11544228512309,24.963570761149814,22.51069101311848,21.612400425902045,19.827230152738426,18.19334465146415,24.831861151439913,22.77235041419805,21.92170159580873,19.87918586758954,18.174058780375738,24.690508710587373,22.65794281345905,22.18385893428098,19.88932422678411,18.120624590714417,24.47443096957019,22.662578149685608,22.4808139208242,19.9102807863167,17.901510595330823,24.212322757987586,22.969539710429554,22.624640893489783,19.8617757963819,17.665042579491082,24.397594015402465,22.952366676970534,22.82061812374875,19.9309714127463,17.606080312498875,23.980128074297177,22.81266911653209,22.814783691230428,19.98783258000659,17.564604512657816,24.01652256679865,22.88063570915634,22.866338269446576,19.974187965576487,17.5747716402192,23.827586591074954,22.822361612190694,22.419985031783572,19.894768878717514,17.431850138390676,23.75765142973545,22.35562753153744,22.23058084639593,19.863612947730804,17.539541372309873,23.820302995308392,22.326270503574854,22.000159455293183,19.80767249183861,17.581026697812188,24.358762795213615,22.315361718501,21.674921963499468,19.699539205347723,17.63083094069707
25.258862314425148,22.509581537162056,21.637560373835225,19.673615050940878,17.915447114913455,24.81531169001686,23.06962998396355,22.14383811472017,19.759193392650296,17.401286008808047,25.354909129582893,22.79672509911632,21.604471969270342,20.024416672739928,17.702365416876,25.214209382784464,22.02765587236742,22.212458323958884,20.413732834355855,17.368732707380385,24.943694442258405,22.433170929348798,21.860272752927937,19.926072716281183,17.615920355423714,24.87834030681087,22.279098104578345,22.054203562333615,20.1749861783646,17.508471689493174,24.83516640215236,22.06283957329358,22.10223534617736,20.190732440137072,17.451427568931365,24.815028637620713,21.94438193783106,22.473926611458694,20.126542244976545,17.387306271598476,24.776220627047955,21.946790024707678,22.425214763199556,20.033955328136294,17.532989857676927,25.072262548737065,22.2737099222555,22.523477636296008,20.29220269223782,17.90324385138731,24.8038344872675,22.530233291616373,22.54042275881466,20.077427410937617,18.216778899402282,24.987284599159203,22.827544941052956,22.598677447913257,20.363143082321013,18.703513938091852,24.883538654624424,22.965325485674363,22.482225529283376,20.46990286394453,18.869677971004595,25.083370608807577,23.079826700595,22.569037108517005,20.449302584036037,18.888266593415874,24.995831412948387,23.09572362454037,22.538553464559484,20.349551727795795,18.647604168128463,25.310352370228497,23.156125904741934,22.44744250222725,20.515404689730047,18.676458564160797,25.231246563532014,22.894936744913167,22.192934333796764,20.114763940355648,18.285655945295343,25.367046095277548,23.222422807374844,22.078492986136986,20.096638205946345,18.29075663302533,25.281154194885012,23.428970447758577,22.182917086119623,20.304025224583455,18.386702828832448,25.596423134529257,23.308805965794726,22.30478669169087,20.184180873523623,18.367593499736984,25.58849579409601,23.252856951511227,22.304789286665077,20.24221672319503,18.377316877994108,25.592977800850953,23.266241904085906,22.706663206536486,20.61132947088374,18.722583199787074,25.595909141071083,22.96543804205978,22.72052792365249,20.614821944354784,18.671620249216545,25.5815893233524,22.883270013494702,22.51417142355239,20.443136466380686,18.48827870160563,25.405516212314808,23.03974966547965,22.491458680698035,20.509304424973983,18.480530868389014,25.25719702933417,23.121207535336797,22.43922051965916,20.168356069791134,18.13551002108337,25.283081128263593,23.051202179575917,22.108395381096535,19.852777943953424,17.73634071450714,25.157991767890895,23.08599980601364,21.93701707517777,19.700134364437012,17.72823470341472,25.14917875576881,22.942153616343973,21.918763469334824,19.705740640428385,17.990159664428255,24.963633805339608,22.629248496882077,21.689114422676816,19.660034811171332,18.097735325381883,24.959517103926117,22.50189274919764,21.59792932432196,19.813374784609884,18.179770947579534,24.831638940832953,22.766947740972814,21.91246940326093,19.865811376017145,18.198850188302703,24.695693224501852,22.65578168665377,22.168219786412813,19.88914152397687,18.139339014335608,24.483295988195895,22.648954103979882,22.47326231730619,19.907693395597057,17.897227730041113,24.21115769142998,22.96473022860813,22.611115146628944,19.86189636585804,17.63848171452397,24.40276713311314,22.957206786605536,22.81807350701822,19.91880903068428,17.569901867666786,23.989006637697656,22.82262811927619,22.817372122004855,19.972341688944045,17.509135676962295,24.02564920011829,22.892327112669648,22.872719226364516,19.976722199556285,17.504831302746076,23.833880732601337,22.84933703312071,22.43575430075324,19.906786702766272,17.397551431197122,23.763459809209227,22.381924986699435,22.232484811872858,19.86855496271792,17.498720724605864,23.813469770504803,22.33752010525498,21.99097428068873,19.79298598875176,17.542575798992864,24.344425949492972,22.327884459809155,21.671968287759658,19.678421302634103,17.60459794176851
25.237471513843246,22.48741147572752,21.63733351348557,19.622006927224955,17.937555900667896,24.819510693122773,23.066804517595344,22.103299746054724,19.73384994462501,17.406941058926808,25.347285174970825,22.76042262361046,21.605473767203353,19.96644624317342,17.700587201056575,25.24412970012621,22.00999645688872,22.19844070064915,20.40779234671122,17.38960560267806,24.935921544401037,22.425144484444036,21.84218830336859,19.88816100884177,17.639124503648468,24.885531853119904,22.286939220364534,22.040047066680863,20.15625581927383,17.548066000209037,24.837038229407078,22.05532319112809,22.088754335626454,20.174297292466804,17.503495853229897,24.82073759312234,21.946171942953356,22.462722617009245,20.119044382046315,17.434698484728795,24.772906702201244,21.952848567749573,22.416131254922938,20.023287699951048,17.574754774247236,25.07552039176939,22.266287503528954,22.52423705867547,20.28759905244862,17.925117256632785,24.80878578827266,22.50899992344338,22.535527477411094,20.069231873878124,18.208556282318398,24.996468676306627,22.824628646296055,22.59920913141419,20.353347862580442,18.682855935482547,24.88985473569888,22.96104686288455,22.473237937744678,20.465889654310647,18.86181016234317,25.093438011020478,23.05535455483669,22.549535195187342,20.44461353949542,18.851655715625903,25.014899758462228,23.076104281404906,22.510740719614635,20.349396475360912,18.621170633028218,25.315688837603325,23.145069695152284,22.4201666251423,20.513016261389403,18.643097484887296,25.231404192940506,22.86386509015536,22.170551597312894,20.139687364540183,18.25510662374472,25.36682940700494,23.185267251018246,22.06219504841627,20.106324348598584,18.26230189720447,25.281745054793713,23.40720961639914,22.17565507555999,20.321663146701557,18.38592966650489,25.586178720382875,23.29156835812956,22.29845992917536,20.199434216410527,18.36739253702119,25.580196786102203,23.224410948997658,22.296577445225292,20.249833330042527,18.37704457136126,25.589033111569165,23.247555542895448,22.690826406145355,20.59207073587094,18.72140015265594,25.592184232114505,22.944955904492993,22.71461763676536,20.6068950072274,18.649224911252624,25.574952186266515,22.87177215934295,22.515395180520454,20.420828690293995,18.465013071819666,25.396818530030117,23.021775541164043,22.489000508945754,20.499237817603618,18.419738483708493,25.258289855622984,23.108130682238556,22.43874220621067,20.160327413741385,18.102375353771066,25.286116445253604,23.048692403158896,22.11948635884632,19.850538982777675,17.717916520401893,25.163031528199202,23.07990211469582,21.93625384804549,19.706999446448304,17.727969544353563,25.15534381526668,22.92483176594839,21.916485159955265,19.72049753323055,17.976898226941934,24.967704705339827,22.61928202132454,21.694212545981323,19.665949777872385,18.110541500756884,24.956150582378317,22.490662952033652,21.598245500538315,19.819654927122215,18.193071892433164,24.826623736473813,22.755883775315173,21.911404798198394,19.875154764977882,18.175499705712348,24.68651449243023,22.651570012558217,22.170317343144642,19.881791313606282,18.11806462792591,24.477645493237674,22.655966196764513,22.4790823631764,19.903732412676643,17.89957304357565,24.212081407467387,22.969975220439476,22.62201914445547,19.864144438868866,17.64069921303829,24.39269390534278,22.96499527657903,22.827619023083138,19.918593666516394,17.585079454805943,23.979032672477977,22.832059907157582,22.82057272575281,19.968278520766543,17.54885941521061,24.020914190163502,22.895614700538616,22.87259359246764,19.979222648439457,17.547016568690903,23.820942407213238,22.836993210126888,22.420051806058552,19.8989772812574,17.44372130981822,23.757426930553684,22.363092858143318,22.228541407936426,19.875162187503506,17.57017945920431,23.81919780517772,22.331516269654497,21.995128213725415,19.836844839106675,17.591609682009484,24.34858392401864,22.31258969269797,21.67002944126027,19.725495577199876,17.63956905853061
24.558604850154705,21.475364119607725,22.07103038576385,20.260692923247635,18.422279723713572,25.52798822690585,23.406643159988402,22.379164146989662,20.11708029818049,18.516814936554848,25.368155699970956,22.87152954173883,22.12753368245174,19.812857291193918,17.520349624092994,24.394077664013885,21.315766603480352,21.71524503763656,19.903081234955497,17.649317620898927,24.403183633297473,22.164203908489366,22.0819731916319,20.046617730364744,17.934085050140133,24.450369972941925,22.57353691908265,22.214408232711538,20.099907677637297,17.80146517115828,24.00827767935919,22.287260863300343,22.252429363058013,20.053481969691397,17.625822379823507,24.028712937139083,22.02144516249195,22.458246310534857,20.107995968353407,17.77393005415116,24.453150140072815,22.343081166756424,22.600821080615074,20.13913928893769,18.00082979707144,25.11055460158503,22.707687501812273,22.477815390822787,20.17395490687182,18.27902553524912,24.930934862408627,22.567449903710052,22.512898539530468,20.119527938978724,18.493903632325658,25.366606236895894,22.73961664606023,22.33786300876978,20.370155843318546,18.68103627535695,25.5173745992269,22.918472517884855,22.30899757207356,20.44101183326124,18.736959024789773,25.080633957574825,22.893443984339477,22.26512184671735,20.399293305190817,18.736855822182243,24.96097324552793,22.67499647776858,22.43376317438025,20.431205475864658,18.611792055774682,25.312124340297164,22.58706156400782,22.42779229618202,20.432472671199733,18.667035544753283,25.205266308607218,22.37322968720124,22.42771576651997,20.090297552686735,18.610391906262475,25.043614609767094,22.804023825475078,22.342526037285232,20.071443322971366,18.62703529616497,24.945499867259205,22.820358423316648,22.454201604476168,20.193898183577364,18.65894153955662,25.3198499550002,22.753032562564123,22.35183885670394,20.08283119963592,18.644470597559135,24.931049159845106,22.903457002513345,22.180220351744445,20.210211192781873,18.672689920793623,25.025495203203455,23.04070972149887,22.556760547432248,20.562438554182908,18.925418243670165,25.0530344339363,22.821320705861968,22.543635949839448,20.506616474631514,18.82759069458681,25.296593839067384,22.833067553069633,22.38679527191527,20.564352535847537,18.721888301352173,25.218774988236554,23.037982289691318,22.568883310346845,20.62236481307146,18.763309977708342,25.317243189590652,23.065555220324086,22.650888733016732,20.381913389236026,18.4580840690249,25.03379534586049,23.045824719713483,22.273008003229943,20.078957827257476,18.136495173475407,24.593984874585086,22.733039750396365,22.0973612373499,19.930449163168525,18.129176773361458,24.547958487886717,22.6656490796724,22.080836438235487,19.78370478974667,18.236307523770897,24.051301163420874,22.321324939487827,21.87059317361268,19.76659525995875,18.28448359679137,24.021028992861584,22.305687400435392,21.710345485206652,19.915802269974662,18.301954242943065,24.110952502592674,22.4006626757708,22.018128594842782,19.958230373394724,18.24534561809407,24.104326184207842,22.54740850230009,22.321563735776742,19.982191110620196,18.101746736731393,23.84654015551204,22.597654580106845,22.66187673250271,20.043633411676737,17.909950402307942,23.642789214621,22.893717094768427,22.837489076503044,19.93882659278505,17.73402617660957,23.900972878154693,22.6790496319667,23.047492432498164,19.818587406466285,17.639348461645678,23.65326184186141,22.603401824649076,23.119973839031655,19.786160622692528,17.600976704615768,23.55881263879899,22.634119713704468,23.0425337282226,19.744727210158214,17.673264631624,23.775527026385404,22.579914189010857,22.68453392498549,19.63597436487038,17.78048847136619,23.79706776888823,22.317542615978397,22.393220836617292,19.689135409853815,17.860280731034774,23.74702152779907,22.461221194397744,22.148351796412275,19.77060335000809,18.04905058849955,24.183168128657048,22.603534129899487,21.778313577855858,19.800223126882912,18.087083035869256
24.5483636331445,21.516428640430462,22.06415560247307,20.267708781168835,18.42642634072298,25.547522560450794,23.428457213279984,22.361833360792367,20.107402452837285,18.4709147789076,25.348994157287702,22.870726806069918,22.11158300735241,19.809778375505832,17.52877799028388,24.360705438681304,21.259228296795776,21.721916937691713,19.924558696362787,17.566547013777427,24.389286832147434,22.161434597550357,22.077275901003766,20.052850719014366,17.90493248423544,24.441216610723615,22.560327003714814,22.20859208975324,20.103438562446023,17.783340361735164,23.99083216177801,22.26166049554353,22.249438091015158,20.056443862831763,17.60775521089171,24.017596304400428,22.00657192271847,22.45706292687995,20.103692803024682,17.76273550385943,24.446658878205994,22.340698820466322,22.599547019751625,20.130403991673933,17.99687393912417,25.11305103526177,22.70877265492665,22.484626442238635,20.169417102363603,18.27721385821479,24.93669960132771,22.57057539121209,22.519914471289034,20.1168406377723,18.481835160374885,25.381780052999765,22.752175522829884,22.35130274435358,20.37565846617961,18.66533578679057,25.531928068359907,22.921254575882255,22.31979642514043,20.447027147689635,18.713659776182688,25.092335295061154,22.89784334625786,22.27279371195354,20.418796791734263,18.711459773791184,24.96720944078499,22.683524361521997,22.431036892663787,20.43570584629302,18.592405343553455,25.311947724309945,22.600848102752146,22.424526689041556,20.4383929043016,18.64972377991383,25.20227563900628,22.38285287104032,22.416212106254076,20.09684403896486,18.598088038901977,25.037191873492194,22.811839426489257,22.331010941577404,20.07903301668397,18.600617792863112,24.940954983401056,22.834580651229178,22.442991323372027,20.187844312203133,18.658291139392823,25.31623352037505,22.76997194287994,22.342996161795206,20.089081389392568,18.643147245729015,24.926026226760804,22.916739142927064,22.171868506535144,20.21741296324125,18.667285469586467,25.021459252358923,23.05849193685014,22.548204145211788,20.560096138837775,18.916508525086034,25.050896452819075,22.835469677185266,22.539150976485843,20.50499622474727,18.8294937391184,25.297091634876313,22.8455367315272,22.39700648389714,20.56669696997304,18.708678103894407,25.22085274414372,23.049126641512807,22.58145116284939,20.61896620928248,18.753077993363227,25.322995835599944,23.070627221883882,22.665688391975163,20.367847036119457,18.44780837132477,25.033856212598515,23.035099484981306,22.291819225511176,20.077774891538844,18.1346517680012,24.598603664619965,22.73317733373605,22.113381668373957,19.925071904773965,18.11789278143981,24.554132853188403,22.655738868349676,22.085845732908574,19.783002611090318,18.229552727544366,24.057296460782187,22.30220283120834,21.877033437389006,19.75918114845745,18.25930790840274,24.029614101033648,22.287284031503923,21.717825179970163,19.906246395616783,18.268061074128006,24.1294286844971,22.393243599737662,22.023491394489106,19.946970502302573,18.214581197595447,24.124087147769178,22.538684682317914,22.333676563357123,19.98072106649308,18.103649943640335,23.855574031613475,22.59070773211908,22.67629669954497,20.03295270350315,17.887852905435366,23.65450018349888,22.888489266951034,22.845388715702946,19.936980625275847,17.723121694798746,23.90318332138971,22.673819126592786,23.045295145348376,19.825421699637424,17.678775861998744,23.643495376193115,22.60618898382586,23.121820577886844,19.776113329757383,17.628140278852634,23.54203801199799,22.632391800126253,23.04741717896324,19.732629381550773,17.68555261634247,23.769561423647428,22.57779419231918,22.68397157118132,19.619629769493812,17.807027824379738,23.7918214241788,22.321937764455985,22.406760750022677,19.663308048739246,17.889709143545964,23.745081946500417,22.476253331244926,22.167394624569674,19.75236472009325,18.041784069319526,24.18840386880606,22.614141179078306,21.79475809983085,19.790306110607755,18.09718021928209
24.55998711934161,21.536306783687877,22.072411515777652,20.230776692476855,18.550760320328827,25.543497378601806,23.416101988493626,22.40882233475673,20.102379058189403,18.525602194025023,25.359066107590092,22.859773827850304,22.108487543403296,19.810316173314586,17.43993099270707,24.35813932004807,21.36724710172472,21.74588904387554,19.932585345238127,17.657483083161367,24.39547706920259,22.176595862575844,22.094073142679235,20.04864162217633,17.952002411296245,24.442337916966586,22.575518712182888,22.2230216512293,20.10532282697664,17.80019675482041,23.99577490154343,22.28232964048875,22.256886612343436,20.07180324474912,17.618541923634655,24.022195365954765,22.019309117474112,22.466699120490713,20.12258745356907,17.774753547280675,24.450040849364306,22.32825432668872,22.60085319196387,20.14578580416736,18.0049721930726,25.111047391604604,22.704013821734897,22.47419334092682,20.17552071276107,18.27470986293177,24.938337601867744,22.56331610450099,22.510149095439253,20.124048602586367,18.47896194247928,25.375084150272336,22.74102529940491,22.33764801044676,20.361876025183296,18.671514287608233,25.519209734978688,22.92389382774474,22.308841186352062,20.43403152522481,18.735699672838216,25.08096800249088,22.905026472124668,22.26645002931618,20.405191487478085,18.737449204887486,24.955826918307118,22.69499460592756,22.4328666695166,20.439878627806433,18.63242858321641,25.296548332907,22.601573981904018,22.436227650231405,20.455543433991245,18.700465197339675,25.189751355750523,22.391187369349712,22.425254635501986,20.117095367567938,18.62555216017349,25.029225682663338,22.818351545253723,22.333065930047056,20.091339060190073,18.617850916958325,24.934528527888336,22.833923031659946,22.447697494127517,20.211254718609116,18.646366580314226,25.31014366090586,22.766498668683692,22.353653571501873,20.097292894123647,18.61700229722154,24.9238734589656,22.92707318350167,22.18044646556664,20.21018116035988,18.636418310466695,25.01669181357766,23.06533247027256,22.559411681194394,20.564877750062628,18.900055938475855,25.045448331620726,22.846031395218112,22.55452067739847,20.520423717687876,18.823685328394426,25.287504483037786,22.852743979675683,22.40076867744029,20.574843622281875,18.716529217959874,25.215685935931596,23.051466144798297,22.579841976067662,20.63839774429928,18.759362228166037,25.318362525618962,23.069744414544413,22.654875972348798,20.39363073194241,18.46116197790615,25.04011866847246,23.03689670928747,22.282213478359832,20.096944883949316,18.13740649614956,24.606231830217787,22.73045932825165,22.099793416068557,19.946968900943574,18.124480397475594,24.56229290128993,22.660871755250078,22.088026924385485,19.79571202018949,18.22959515686199,24.064588177134038,22.312039721139456,21.87562396671935,19.765962541013923,18.266076575308553,24.031801643301172,22.301237900595428,21.719757196515182,19.918797018553146,18.26913548602918,24.123680355692155,22.39866475587412,22.020850305963805,19.95119794239671,18.218992558475424,24.109883681864112,22.544039665307075,22.323936038126348,19.986804436503423,18.089667187392415,23.843933192270253,22.592228945752495,22.657863142810882,20.047845401930367,17.896713728761615,23.644410849067395,22.8893970758416,22.832112164128812,19.957956804128493,17.741950571940087,23.896849077699084,22.673670262615452,23.035618987752294,19.832076936009734,17.669679819911927,23.638620209337375,22.60805977713351,23.11604434190832,19.79389372993164,17.62536134790537,23.550086514025434,22.628509387884865,23.048125007814008,19.73286839662473,17.705301517879583,23.7753193106419,22.573918095869097,22.683780684988903,19.62311821985305,17.811530721668134,23.787362084991578,22.312316002031416,22.394222417495524,19.66117136118901,17.880173466977215,23.741735188118884,22.45892135416263,22.163584846963712,19.75483791143044,18.0501732554451,24.183817465510856,22.600343223182914,21.79480658076194,19.793717064481843,18.09415424128747
25.26444976285092,22.48554157099528,21.43997522619378,19.49989425045683,17.559435503246917,24.782842632493928,22.942282721858902,22.119741406919694,19.59690173010285,17.290017792937288,25.316891026032575,22.696474296126272,21.50488556910762,19.79367729819369,17.39714389922148,25.18102651706126,21.779278552160484,22.15411166459103,20.254397886451653,17.16361591767936,24.90368479400076,22.327217512717223,21.758408115686542,19.746507655362144,17.384982722946955,24.796898982019865,22.19650681208891,21.969836921820423,20.006166464451212,17.328238882001312,24.766509359193144,21.983818210908403,22.011385428916924,20.010186605561334,17.286071349324168,24.74396191473361,21.856007175467234,22.375535962859356,19.95353659770481,17.234296285625145,24.699333135423526,21.917277629587822,22.33775498476065,19.90271125868851,17.38387785592592,25.086941418867998,22.28924883496152,22.44298243370846,20.13121193069357,17.691524307915987,24.866968324054127,22.442795811500982,22.435592700626135,19.88966564622215,17.964540573699875,24.7838361529652,22.767763225224925,22.47519957112886,20.200302382952973,18.39222038571986,24.669208562305034,22.90347786057962,22.352514139818762,20.304393483006063,18.551413725646917,24.908959987742417,22.955983621213708,22.402030547248614,20.230351371654596,18.585783108988046,24.735674538303506,22.91291252407223,22.364297229762627,20.205209029136903,18.398321095020265,25.042360012441264,23.0315606599651,22.300410797696703,20.38300806354973,18.45439313265454,25.204335468482107,22.740076737854782,22.065552858875243,19.981409013628447,18.089509774952592,25.34549630693484,23.09894810492772,21.990990351036842,19.974498228790914,18.147653984115998,25.211701676095988,23.32707220156019,22.124524356767548,20.199530356165862,18.248310214798174,25.53642774976353,23.216994716800684,22.26310814288616,20.05011204546509,18.269718338712476,25.52539985124151,23.16282630233476,22.242289093804526,20.130957947458292,18.298315817609353,25.55705798810927,23.189276668435657,22.634182566779383,20.501318645260376,18.667833144296885,25.550979426714562,22.88698333758351,22.63898709932976,20.51207013073931,18.596737927055266,25.531023930864134,22.81921428378434,22.441260519248267,20.32956535374911,18.390671391331814,25.35822497991923,22.945826946730854,22.401472981981385,20.398528802204215,18.343843196843387,25.238687183704066,23.04105096262332,22.38180399971469,20.030769494158324,17.99340840069602,25.232834987373405,22.985065847257538,22.047173434154494,19.704380684410886,17.596257801030063,25.129611806075765,22.99895460126904,21.872289056405055,19.554043208666553,17.5599795307975,25.012168830965063,22.81971663536329,21.814500893069937,19.552314880091217,17.797392444776925,24.8086483768924,22.51062559430057,21.58384439528491,19.513575364651764,17.911903787060048,24.783067690525634,22.356945006471996,21.480743762588567,19.65606032419703,17.965791120190563,24.672016772935063,22.603765109274967,21.783775909402596,19.724584075487144,17.927734608395788,24.511669323565393,22.50384006145853,22.027989292809767,19.770142876657893,17.88054547869816,24.40355600075438,22.531755093451505,22.35268911703259,19.810890302391332,17.67090564114205,24.13491085770362,22.85586038592761,22.49522852731251,19.747339365906896,17.422917770578476,24.314856613200547,22.857014839422504,22.69758070522218,19.82374371786133,17.370116938114382,23.9087270369414,22.740970231181173,22.702732861278513,19.853861313328295,17.35458914882934,23.953275829561697,22.809617191406343,22.748096810116085,19.802066282873945,17.389801329534198,23.7873370936326,22.759375422489935,22.302409248263817,19.733497210612292,17.281108707369093,23.702440846009985,22.304628329206658,22.128145242565,19.69932182282514,17.435001513087336,23.750250365032958,22.270882689380095,21.870763523238605,19.670404546858062,17.490751703177974,24.29149557601699,22.24879692860326,21.557574067222582,19.58338131488116,17.525874675449984
25.29689912563383,22.49274062664587,21.631756710338703,19.651522208465405,17.8475546032845,24.847102676527555,23.06328467157701,22.13301458293244,19.72778488811343,17.398975972632474,25.352559222915986,22.798210344268618,21.61488039685478,19.962809034278855,17.681078970080073,25.22084143711834,22.039017376457792,22.206339894109036,20.43773168123689,17.369542727194062,24.95521473564689,22.43019297245991,21.844923388506377,19.901499606015413,17.605177088821925,24.89610200614532,22.284870297365472,22.045406029787603,20.159798220103955,17.528156796975143,24.845287769363708,22.04943868673278,22.093379686168458,20.17549456057511,17.48426117706805,24.82877243132898,21.931437303600294,22.466593610854122,20.118349908531293,17.431697040488892,24.79137401315196,21.930733466794976,22.418020427143535,20.018166040193634,17.570114046898087,25.098105480405536,22.258300561834947,22.531743533020233,20.286865798741417,17.93610804990032,24.824345300327646,22.50265934374294,22.537314968972737,20.06215709034124,18.237016060145596,25.01895867869468,22.819566908031792,22.603621046769586,20.361193186795663,18.716891482349396,24.91423888617504,22.95458338025699,22.47504360562624,20.47729478555224,18.88256138111503,25.11295341889783,23.060759961886983,22.555047728800314,20.46119375788343,18.907789880897518,25.024940561100955,23.084539767443065,22.521669522009166,20.36840883750517,18.66376284330737,25.336185384221334,23.161308543460553,22.43486471460475,20.54140333472092,18.688880680249795,25.243391636351458,22.891496857864787,22.17257147314241,20.142551412462787,18.300995256551065,25.37735139072074,23.219308713568154,22.06959883541761,20.11614653956475,18.30852772541471,25.29362707577784,23.433130802277844,22.180682603424977,20.326044436349825,18.394892587668913,25.599485942665773,23.307606926924485,22.304080669001813,20.198928691501937,18.385285199332206,25.58607331255534,23.23628925266268,22.302414349114475,20.261080158103184,18.380169931970887,25.59629731996924,23.25604630544625,22.704299911460698,20.619151078408127,18.717565128775526,25.600790378357846,22.957254487212957,22.72081678464958,20.628661342551435,18.653063034258853,25.581104749873724,22.87864344347397,22.51455218865043,20.444168861554523,18.487952993097785,25.401658841327375,23.030425433874804,22.48183704157078,20.511704364543665,18.432978300604255,25.27555400485821,23.12740557656273,22.434348454046745,20.165957725697044,18.115408541102443,25.298128277393225,23.079088764672115,22.109112449240534,19.855763032491204,17.72418533679154,25.17527821667323,23.11256626961009,21.93173937555648,19.712194495575982,17.718585501499533,25.17511101515902,22.973414552909524,21.92063744089439,19.7215654632479,17.97095652243609,24.993326104344245,22.670505908740076,21.699899643673938,19.676434654515674,18.11443884070312,24.971415395488837,22.533170573174022,21.606883850494768,19.823252436378276,18.1772539498773,24.846845436672,22.785027022137307,21.918614277910592,19.87164528907737,18.17516294692397,24.70680239543496,22.67518321006009,22.17083699975757,19.885052456261555,18.111423621200032,24.486129162975537,22.669239121537117,22.474216491914994,19.912102015342963,17.880160391645223,24.212569341276545,22.9816758315608,22.610120728511134,19.86029430933011,17.643828330179986,24.39819489351618,22.97272681167707,22.817052298838508,19.91655044265773,17.566604595546814,23.983914263137127,22.833883380491653,22.811088962415134,19.972906122595976,17.51875404745071,24.020856050587195,22.90292737529099,22.864334621663108,19.9656320634051,17.533606593668672,23.83174424984235,22.847161554872,22.42453241759789,19.90183207628904,17.42419809829478,23.77213711021279,22.367921821395264,22.243355655954467,19.8764488612436,17.52126488288661,23.830678544514114,22.33462540506168,22.00008954098064,19.833596405358566,17.57167473417498,24.360459837605227,22.319004430356287,21.684436047196765,19.719333226405343,17.636577095958536
25.2791745599571,22.542647249523206,21.60289864961393,19.67304319947722,17.836525742970366,24.845726834207714,23.0613458392382,22.144305004348293,19.77470556517961,17.33346895284475,25.356758236551663,22.819132066797824,21.594764381099143,19.97343593667104,17.67716221493849,25.246130826912363,22.00983960768712,22.177240545279012,20.434023042202615,17.443393152421166,24.962230391716602,22.44799457000513,21.837639145880694,19.930544406125815,17.616976073794483,24.90493852460572,22.299524315952844,22.044418227521682,20.188901549678313,17.548554143523937,24.856983210500175,22.079131825118598,22.086220840684444,20.20247644281796,17.51761258918311,24.84795551892074,21.95858361355194,22.466399842690073,20.153429590462768,17.47242466864025,24.806553804325496,21.95994444624343,22.428660849953992,20.05724367028065,17.6118834669203,25.1107425675342,22.283315493021338,22.536499184495675,20.309945616048562,17.962256103330837,24.840883018405933,22.52153223983497,22.54410871402408,20.086780738808166,18.254825772073342,25.03522034035459,22.83597178317335,22.610231196155773,20.380418987224356,18.731392696216624,24.922389568641936,22.96235347559118,22.48064030574305,20.48235584892911,18.88943791355402,25.119140101004223,23.073417264756397,22.561541451652964,20.470350668274044,18.899099459789,25.02675699065174,23.08745789245952,22.52811120557864,20.383930093662396,18.66554471187332,25.336907141929057,23.15938538786614,22.442939831158967,20.556497485742213,18.69806129389604,25.245715969222996,22.88094413366428,22.189599396286198,20.15534076911366,18.30343966333337,25.381082006255273,23.217363132477153,22.088495793812655,20.135238160289788,18.333020375387196,25.29797692958229,23.434007763670273,22.199198368573967,20.335869968453572,18.431071445819818,25.607398288855688,23.309441678070385,22.31684258197331,20.19824858875154,18.422218145516783,25.603752410080755,23.248479159204646,22.3159068558453,20.250129885565126,18.412716755562478,25.612491487026467,23.264496148886536,22.71381045271267,20.60411917680097,18.754116384175404,25.616429835432463,22.961418552521792,22.72785990420554,20.60400858248785,18.678043021927657,25.59843213655807,22.87885201178945,22.51667427265217,20.43151944651155,18.50122496512231,25.419913149399033,23.03093995282072,22.492624000239424,20.506515213412307,18.46404046753671,25.28172450315541,23.122357094451615,22.43811131568081,20.158596176981398,18.13181674807874,25.305189543501616,23.070201836254604,22.11036688089736,19.855183498088515,17.739725387832312,25.18438530639129,23.1080809296734,21.92516801965852,19.719071211428382,17.72476018782505,25.18349943761109,22.97256248611705,21.913123698161705,19.72309820337128,17.971637886512934,25.00059550183362,22.664515604619584,21.688038383594836,19.676596544770604,18.099163468381956,24.97878499765688,22.52848767783008,21.59525652313588,19.825704252220238,18.172032428280584,24.85496506564607,22.787886690974865,21.909746846491846,19.864530699899735,18.192797199136066,24.71633852070063,22.675969649895528,22.17220541727979,19.880181246479147,18.133233109651936,24.49990798476682,22.664819476625315,22.4806865558227,19.897335187697873,17.89373774886449,24.238512829294244,22.98567442707097,22.61924776649012,19.850964480389543,17.615183004127076,24.42064267414048,22.976343694281532,22.830639150289976,19.918869912333996,17.561259607993343,24.00983984782153,22.829859033126333,22.825553590583148,19.98022521452369,17.499985001896512,24.0481762121845,22.897094842061364,22.880007021097747,19.9811232895737,17.52161251146322,23.855225519871087,22.837398577620043,22.430166302362654,19.91195346043896,17.423293621111192,23.780902939488264,22.371874819956155,22.252019036605002,19.882431073780573,17.550635521268028,23.844806675331785,22.329410256629444,22.01131430343292,19.832789726039067,17.58981969166401,24.371559475264007,22.323210516742492,21.69032416523239,19.718927646329195,17.647766267798993
25.315342441076332,22.515202812295772,21.646474341359824,19.69096140692584,17.83458650878059,24.840140731133125,23.051173919935472,22.144317766668156,19.784533224269293,17.433133559357845,25.382600134434053,22.819453636021144,21.577752933129307,20.022042039290156,17.609418733024576,25.23366846299486,22.037892974362876,22.22477462508155,20.412974945503954,17.352905819686516,24.965166170087485,22.445922793481355,21.84796166296651,19.934531936696427,17.60247189475813,24.90040325065637,22.295664008282028,22.047188852010724,20.18942753311459,17.53406894751995,24.854238036304274,22.076586520170405,22.088539528350548,20.197768669000972,17.493703126562913,24.836045258319857,21.95797768221191,22.47288320604053,20.129083000875948,17.4322230024123,24.796980304668704,21.963498756040902,22.42244007247172,20.04274561742034,17.579895831070182,25.108457555207117,22.282358569357633,22.53738118268398,20.305986838692817,17.933488922110904,24.845671448854723,22.529737425864038,22.547640330007496,20.0808783429091,18.226038733063717,25.03880347017893,22.84389533397535,22.621237716958102,20.370982276922682,18.700467538180032,24.92972552702144,22.969904683686234,22.494403120740618,20.48987258567518,18.88444872239331,25.129980868948355,23.06699043284042,22.57731907503365,20.461122934090174,18.90999340616994,25.040683494739675,23.09168733054593,22.541121655907407,20.364612100604994,18.676554964353635,25.336973533469727,23.166040735860758,22.449826635213316,20.53941458016672,18.702393060725406,25.24589045450632,22.88597791640556,22.193986135927986,20.15247862979304,18.29144827789595,25.380579683326694,23.223814925222968,22.082680328645367,20.125047825290324,18.303928290556588,25.297408587677488,23.44453838912038,22.19317110057118,20.334980310853048,18.38139388047675,25.603217497063422,23.31249244079985,22.31438311583484,20.212556678316854,18.35648687683437,25.601225446033204,23.24194003528845,22.31139287926924,20.2665071384077,18.36176549896354,25.605039172428597,23.263174106654212,22.706151238232575,20.611876584863005,18.710393850478262,25.605423419089135,22.953938545126505,22.71921884131011,20.61956937474269,18.645926013545306,25.581120812022334,22.872621773394577,22.50981165622548,20.443363344278545,18.477014324023546,25.400774357935813,23.02893082836093,22.483641419469453,20.506278945429646,18.449640893667837,25.262565940011793,23.11399897482574,22.438631570881945,20.154959962621717,18.142110750985022,25.291310567836746,23.061505658351756,22.11842975082366,19.848880852444466,17.76542092867816,25.1794647633075,23.106596121189536,21.943101376012272,19.703711688154634,17.761665604616994,25.182825202655255,22.972473126924513,21.932036874463158,19.713750246918643,18.029142525454972,25.00341542487835,22.675150723295737,21.707899002337644,19.675863564946543,18.16510735167774,24.98697764946371,22.545973220868223,21.60450297273989,19.823543086766573,18.221977644980903,24.85786882896511,22.790329022968756,21.909597141453293,19.877164421056527,18.225789808331097,24.713896039980852,22.682098301041425,22.16994189558708,19.885237692686825,18.158676848350844,24.493434414686682,22.674906387485883,22.47797408746435,19.906541729816357,17.935938820454652,24.220010523805833,22.980274040579662,22.61700882764645,19.85674292092363,17.64214404316964,24.40852332526216,22.972609379174493,22.836826738200635,19.92501782372704,17.585409971831364,23.994949166694987,22.845298131763833,22.831621765071144,19.973833384672986,17.539912474734788,24.036784870513056,22.89923512839015,22.88622244460735,19.9827850376385,17.566346201964752,23.846970393460985,22.841905436278473,22.440201972729298,19.911875157470625,17.461170534008268,23.78004496005447,22.36623043211845,22.253123707088086,19.87927466931273,17.599008881828397,23.835935395979437,22.330223483309744,22.012431301688718,19.834187440160214,17.64368950563329,24.370948059465718,22.31878518354547,21.700440376765656,19.735352203649654,17.691754915640587
24.54360353428811,21.46764654487257,22.042928809342676,20.24723948580294,18.389089004008238,25.52063295154494,23.386502938359836,22.393573835141233,20.156059545206915,18.46525345432411,25.361602204034543,22.87551826107623,22.099746679330465,19.8021084314189,17.543981863691204,24.398497807885448,21.294822041316074,21.728826801037847,19.888389457040365,17.61287553429013,24.40524247174182,22.14144316357459,22.077279503451372,20.04967479674004,17.897872525773938,24.45276938860068,22.553867799269774,22.212355259354617,20.104324343408784,17.783070019332378,24.01440475788383,22.260705294347737,22.24770046073018,20.049553681946723,17.60778635307361,24.03830497615053,21.99297223685894,22.45793627326221,20.100364220123353,17.748476648990355,24.458449191501643,22.313620220064376,22.59770448648272,20.13898426844075,17.984053642383248,25.104491828955148,22.694720775342923,22.481076587440988,20.16799659464516,18.28527356527889,24.93129837836147,22.552430679093316,22.51137696456802,20.11861749394981,18.486997932441035,25.368016703954716,22.731678989475277,22.342669313923313,20.372854010043863,18.68477704021772,25.514496211706813,22.91061649143827,22.30928952755406,20.445644767502245,18.743182462379803,25.074771765405078,22.89698712917263,22.2658095734495,20.409728294322754,18.736920208786053,24.956038069920943,22.68014010112409,22.433667004723475,20.443471330495676,18.615543463431827,25.301897877867205,22.598608281325717,22.435703690753638,20.452118453788565,18.682228605789064,25.193721754282503,22.387674281953302,22.423697170730353,20.109235398388584,18.617669753644588,25.032793524089307,22.81799864353509,22.344930731574987,20.08959280085387,18.624852655024768,24.9419526861931,22.836904169829523,22.458892744967404,20.2074510271079,18.659723508472922,25.320534812050614,22.77253458833794,22.340717199292577,20.098270006124483,18.660217961662067,24.93452767400792,22.9184339110704,22.16263796156598,20.206250780522527,18.686873980942245,25.02456165963008,23.062534615713147,22.54074337454986,20.55868750779452,18.936014431358142,25.050875637091405,22.845661823821477,22.527477213247202,20.504780430167322,18.84287237772505,25.28984389223146,22.848497204628018,22.368926938478136,20.56647404977902,18.742146614292565,25.21128092011478,23.05077260849947,22.561972386280765,20.617040873862745,18.774935615292602,25.305765233408216,23.07640243748687,22.650926049893656,20.382958455276857,18.466955090779344,25.024068530047465,23.03957808948448,22.282613474186952,20.088142886484384,18.139711756799663,24.591511212346017,22.733874111131875,22.104869156955093,19.94213769341173,18.125252073513128,24.54319871024007,22.659268851836895,22.08970239958087,19.787783528266356,18.218465434488046,24.051928088545452,22.30730001961504,21.886261455573752,19.772286302438793,18.247333775115507,24.024766371688138,22.287390875103583,21.722030775238203,19.917039636464683,18.26005466235668,24.11966190669994,22.39294532043288,22.024494577538874,19.94714283813051,18.19525323806823,24.1080543930072,22.536737716230416,22.329238877410933,19.981160472597963,18.07507774003178,23.855225002797802,22.59701915083878,22.67005531860932,20.040238412093572,17.88062821644767,23.64650064770409,22.893801162444824,22.8392676046805,19.947784067373465,17.69631739111519,23.903640528809195,22.68719763954641,23.047126064828788,19.82780499815685,17.599546120188304,23.651294103935207,22.618626305248675,23.123874620198904,19.793335454109503,17.57465323414663,23.55615138373413,22.64509280580858,23.052793238012374,19.735724559126872,17.645027300791234,23.765535563065814,22.583552453466112,22.69409084316289,19.61809772174462,17.75539448102095,23.778307387136728,22.32708079182499,22.41166496962352,19.656414479592836,17.83905666843753,23.72794498721212,22.470432417373594,22.170565633146964,19.742548527341576,18.03174314401125,24.162940497209895,22.606967623172928,21.79552422618249,19.772759435985705,18.069706607157862
24.55839504249005,21.548498748941824,22.10180725516863,20.229571843528277,18.44660244125644,25.53837217851232,23.41722402684154,22.398527950921572,20.10170879686697,18.486911821408086,25.37579718986389,22.895289807093665,22.11577384580919,19.75719434402299,17.466476209546332,24.369085103064148,21.23728619892483,21.73555501420862,19.912992970678204,17.622186058477165,24.403328269747405,22.16784264942891,22.09824635516144,20.031461941516987,17.910555739156816,24.444764421852803,22.560861103581523,22.221548891969263,20.093248948053464,17.780565511731048,23.996429137476596,22.269973744129732,22.255326413453403,20.057456063252427,17.604767859262786,24.019838185825588,22.00538856841688,22.458007938617175,20.11658887623208,17.768308075298755,24.447451880542914,22.339475076256956,22.60143862476231,20.15218599356701,18.011531528608792,25.102958543516444,22.703888656132364,22.480225010455605,20.186263168153122,18.28805290042755,24.934841858046322,22.557488942662445,22.51180943216868,20.126899181263067,18.490690246346418,25.375365141474415,22.73912371146536,22.33859330709789,20.370564125266082,18.67724759368595,25.52149141877343,22.915097475197626,22.311964367519828,20.44836159984417,18.716617773019987,25.083056347329663,22.9001602523911,22.26250681435985,20.40487009926928,18.7109121926388,24.963715334386514,22.691699086416882,22.429712927339942,20.43142615799567,18.60834261926427,25.30804203178895,22.61724104260214,22.430236340395027,20.452582427822904,18.678645443074977,25.198873615771284,22.39559538992443,22.421708035158183,20.115712646748094,18.626445555647205,25.036190578056456,22.82197447659604,22.335209678877902,20.09201544744868,18.635065399760048,24.93751904087547,22.83938507366371,22.44549766480235,20.20993273026339,18.662154463993826,25.30895080836367,22.767603761901217,22.335815152686116,20.104424630227783,18.646371201595137,24.926291064947907,22.90607749484729,22.15755406550391,20.217412954562054,18.674850742010698,25.022029485658695,23.035676656187245,22.540773669050566,20.568048572995338,18.92364450960929,25.05080974902797,22.81071368004543,22.53036473892927,20.515408650752086,18.836974731247146,25.296619564525848,22.81327374019755,22.387174319799527,20.583069975791926,18.719253299350434,25.22122534829966,23.016215235048126,22.573357248242917,20.636890290338076,18.753925534210424,25.313685615898628,23.053357488511587,22.66036263864496,20.380299845391367,18.43268931439617,25.025535317047208,23.03599570483081,22.287052876528286,20.079944160834753,18.105269794052525,24.590637678574232,22.736393752486283,22.104237710932072,19.92222649930078,18.086073661038256,24.54454094769351,22.664843878890203,22.08062946356706,19.766851028402005,18.201018362422786,24.03929141058475,22.306579630998563,21.874428495546812,19.74669763228189,18.234549003829812,24.01251783925714,22.28483996870521,21.71791979331145,19.905665961565823,18.26263576433887,24.11478243849384,22.378089111763202,22.01797915103777,19.941769600975082,18.21158330931049,24.10906320189425,22.521424121145255,22.327589393697497,19.980476904729258,18.096596646315284,23.850877730554174,22.571191223554898,22.666603294300955,20.04273469388188,17.901387130669036,23.6468049041472,22.876650272947103,22.83423629591635,19.94165018669657,17.720787412503668,23.901818478717043,22.66110827467992,23.038338746426668,19.827903342858587,17.619494154360204,23.6434202274471,22.59939598576804,23.11400211512253,19.787750973527487,17.586575840089242,23.536981453700548,22.62234300259422,23.045112785597457,19.73912928496953,17.66701848813558,23.75476938611019,22.573143512254205,22.68996907886813,19.6213680279201,17.77092678121266,23.78368582771487,22.326649699814702,22.4066528352576,19.67291667990785,17.85738294986,23.736002013383448,22.474006345477466,22.164150733588844,19.759957915226984,18.04596014115226,24.175123790459146,22.612445525020714,21.791701504701077,19.790335941016984,18.081618461798477
25.265428294307043,22.441428094094125,21.43429323870386,19.3777486112414,17.562203597948425,24.799061989922453,22.93790054420541,22.12751343640908,19.621855641564725,17.323949624112707,25.301812418971103,22.716326024047184,21.452904566553965,19.85044384507103,17.384132350000208,25.150336513698907,21.733721338957178,22.172780634987408,20.257439656572448,17.220913220716366,24.90424579999648,22.297535913073922,21.753452960530225,19.740237258175394,17.406082322814463,24.800492979519948,22.170292973433085,21.964203346452006,20.029815968108018,17.376574726488506,24.771857813566214,21.960863241006273,21.990251076042853,20.026849452097146,17.289860924806625,24.755066896048433,21.832376068384484,22.360962937810335,19.968812338274656,17.260199715761765,24.715405540930245,21.900277481120604,22.320866425083988,19.920338497031697,17.387487361174784,25.098969596129848,22.290254521408162,22.42993325773043,20.151162550652696,17.713849221201166,24.87683721931373,22.449442636711197,22.42208749883864,19.906257609592785,17.963655833736404,24.7890581446124,22.774828322821,22.477595628513562,20.220128637742437,18.431241465587384,24.672920713618748,22.909053501640976,22.35700315872747,20.311972187558364,18.570997791314404,24.9149023862928,22.96589339188561,22.40335352051317,20.23841947142429,18.596512464707878,24.743709165046866,22.918384739165344,22.369219404981347,20.199875188359137,18.383691651126362,25.04665700306344,23.037924627816494,22.304923483669267,20.365694230446838,18.42682383201599,25.211858501613186,22.74711758388204,22.0649543958363,19.96980148429992,18.045087026248005,25.35121035965262,23.105900011263167,21.9822578104284,19.962529248413098,18.10165645180964,25.217586318533055,23.333991211818162,22.114854266617186,20.18340620221769,18.20835626856609,25.536364662084317,23.231260399568658,22.24011866070846,20.049489895940788,18.21549999827543,25.529579948481704,23.179745406972167,22.22809876196852,20.14701062436881,18.247614217422896,25.561358561295794,23.203167845006224,22.626449640926698,20.515060910301383,18.633270511448945,25.552992277025425,22.897757339922567,22.640504025152655,20.52987387324322,18.552605796959803,25.53516612678751,22.828196052326177,22.44768913833209,20.346332940216705,18.346850044634785,25.365665509150855,22.944951584484954,22.411474804246343,20.41114906524905,18.315926749256782,25.247769403092533,23.033252904441632,22.380671550240443,20.047989498878657,17.969866324994033,25.238243735169664,22.973924581985788,22.042520196806727,19.72320001251439,17.5754899399631,25.133927481719933,22.990934487053032,21.86440357836687,19.56529088473465,17.55314619516431,25.010761498486325,22.80815163930641,21.80156819281944,19.568916785745724,17.816797226628815,24.807562417052743,22.505198206906375,21.572744217336446,19.532990873129894,17.929701418639684,24.776570042878603,22.36096524384825,21.47236525347817,19.66406543322972,17.98107485871266,24.65941551125212,22.60721477774063,21.77594560784683,19.721840562877112,17.955818757111114,24.508549519316215,22.50309337581871,22.026056433661175,19.765776624922886,17.897344911955862,24.402842666962687,22.535360485750903,22.35661319531028,19.805310600676798,17.679424084582585,24.13842161098095,22.859790720916116,22.49786229835005,19.73944114405132,17.43031023041028,24.322678853756937,22.85258281792313,22.70070484287754,19.81807723387759,17.376904105176706,23.92220031612748,22.736972355776324,22.711300592058347,19.86116447173267,17.36078256199857,23.967471910541118,22.81267845073497,22.758172160269883,19.816802053857305,17.396021229667742,23.790791303137695,22.754716605440308,22.312552472888363,19.738070691159884,17.28531107802485,23.704179610227975,22.29115357037696,22.13928456395641,19.69454514976993,17.41264595198046,23.75114635934903,22.252389263038072,21.898298024998148,19.67343932081021,17.46700180467922,24.29080349966784,22.233884107189635,21.580363425936955,19.576732163828666,17.508637777532265
25.306790493824998,22.52253885028782,21.626753209649095,19.58558898476007,17.787529747920164,24.860869882397417,23.062373407326636,22.169628549639654,19.747643474558146,17.362830109579733,25.356847140980506,22.81397915986721,21.586673315738427,19.968141217238433,17.58701481135073,25.225248764621178,21.996571262749534,22.216253586471367,20.323646940115776,17.49203312581167,24.958737361306667,22.437047412586754,21.852812766370484,19.870534288800908,17.5874357153316,24.893780730468045,22.30167116985302,22.051578266878085,20.141617024211847,17.51421760299963,24.847768976379474,22.08197806052608,22.081060189930984,20.15063158381659,17.48078853074517,24.83246779436866,21.959122662368934,22.453564678414786,20.09137076275259,17.432825261914815,24.794466975179546,21.971401933339795,22.41384169718083,20.02360534513433,17.556456582108694,25.139316389316463,22.302898231414385,22.5163801157993,20.287315498896977,17.90970438142522,24.8753037464048,22.52832239425432,22.526536933509437,20.05711230166194,18.21621770006265,25.065059316822463,22.840597895029696,22.60339071255951,20.36234121899175,18.681477265182444,24.959943563949874,22.972531675912204,22.486088352173397,20.47069601147528,18.853374909603694,25.16091437415408,23.067592685402985,22.556786166740586,20.445523594653444,18.877842718039982,25.0417255089996,23.07860810292877,22.532622092833897,20.364506840943395,18.666479125439388,25.347970759084834,23.153389257667293,22.447146811132335,20.538920796483634,18.70067419756977,25.252406951480758,22.877693522451214,22.19416305522332,20.136443147758957,18.315784190316467,25.38059541450816,23.21380652934434,22.086826588703794,20.120818245376437,18.331958462953708,25.289297354674254,23.435717496091446,22.198463376426297,20.316341939078463,18.408260560215588,25.594517969914612,23.307219101390253,22.313965994574584,20.174956593275507,18.37303766149263,25.589843248687316,23.23840619065772,22.306522956397608,20.230934287752998,18.359621430978514,25.605402902456763,23.24546340011306,22.698496827406885,20.58187592045894,18.69537693928932,25.61101286839342,22.943557127444627,22.713142590752824,20.587708762575915,18.62360986712921,25.58985829091288,22.86723333088936,22.509591267183463,20.42294003841001,18.442894806258106,25.405772452723056,23.012383432294705,22.48366070600037,20.504473433262497,18.40718180744314,25.271444543819886,23.102010236481682,22.4392477908562,20.153534225499293,18.070614914371312,25.28824910515967,23.05499883598643,22.119347891004402,19.855307488797127,17.6941882653286,25.16833617631153,23.089051260919675,21.947941077985437,19.70277082425908,17.69398368083649,25.188970605537225,22.947193372915212,21.931342431411494,19.708835364208067,17.961582654318256,25.01030135217389,22.646684877458593,21.70747066066763,19.66210978276849,18.08390269208203,24.983368350667355,22.511905610567208,21.61422982470894,19.816729782888,18.16890686124659,24.86401292176324,22.76343438145162,21.913786001462704,19.86833851753733,18.15887725370657,24.723708013998124,22.6579597644962,22.16442393205256,19.896229124344508,18.09307748271736,24.486153305858796,22.65275435723475,22.468615962610762,19.919997957091784,17.858943796989113,24.220456212323608,22.97143971965522,22.606916393232755,19.85999833721078,17.589794276328263,24.41135012650434,22.97410976920282,22.815117050110572,19.922412559764005,17.528243646751474,23.99519150298349,22.847589836876327,22.81697917576583,19.963137176527994,17.4804586930994,24.0372977420114,22.907298478545005,22.863054147482785,19.948736560193066,17.526278139381052,23.850168071230613,22.8451613045166,22.42610961967093,19.8801080247304,17.42099393978789,23.778399094845852,22.37463799791699,22.240168409502335,19.85769589613968,17.570784894026048,23.83494574008003,22.32250099815301,21.99379991051734,19.81611378100207,17.623974154034197,24.368489168623306,22.297131226958182,21.671598064707617,19.71044575213845,17.682651410085388
25.30460878165279,22.534492000480594,21.65585434299977,19.588318785504878,17.86649650664358,24.870647158422724,23.024097900210137,22.1422288078605,19.726703063321725,17.369354711100613,25.361526528917985,22.865475624414074,21.630150007074782,19.93823659789175,17.533177618597,25.226165947763242,21.962556209921264,22.207120075778924,20.404292066361496,17.35540542162618,24.958144399605345,22.433584796093747,21.856244722030105,19.871985114335324,17.563798467348157,24.895913866465996,22.294871094886766,22.05143629429849,20.13810629618498,17.48517612366482,24.848326449474303,22.078872690482573,22.093993346101847,20.14910088349436,17.43315894110908,24.838506364954537,21.943062645857374,22.46090170851471,20.100524234436115,17.39527493914226,24.800492162642133,21.969093516552395,22.411096269822714,20.019386825855428,17.53040696276847,25.14986904593219,22.29894912681297,22.51210022971327,20.291222053771474,17.87614667848572,24.876261710325505,22.53191306324525,22.511287532932926,20.067588163976314,18.155631061760836,25.075310889429296,22.843853000361257,22.5813595927519,20.369162096513364,18.6393590852518,24.955331273953565,22.982250464273797,22.45089466151338,20.481567652771094,18.814307338594254,25.153092116160725,23.058695335383522,22.53092601280635,20.427615126561705,18.74225036779121,25.043677452834352,23.064762633016787,22.499690987695306,20.306130099184927,18.437195983519064,25.35694307153954,23.123252812778276,22.413272368593926,20.442852884482118,18.36706592823903,25.25657933257571,22.847545864564,22.157165000467128,20.047757562852176,17.965092130131623,25.39586183252044,23.17984919782372,22.056641026007025,20.0090001648593,17.9751399878799,25.307742277291062,23.408639878288447,22.172059474530737,20.238877784847382,18.164163018723404,25.60143935653864,23.291862728201444,22.298344084035346,20.13210246353567,18.240926558779243,25.589644776218073,23.244067469233265,22.296041953501643,20.230735176512248,18.348227959572625,25.59770929037294,23.251678199759432,22.69159083236066,20.58059378517091,18.695618331170685,25.599884709635017,22.945961454758653,22.706185848038462,20.59245680008163,18.624057284830933,25.57948814570233,22.87212685630758,22.50065328828026,20.41877740925343,18.45254669771775,25.39837759299245,23.014833379749632,22.47750175476707,20.49507908504156,18.401609941828916,25.27981371674685,23.09556023421893,22.430934177032636,20.14258829702491,18.0769551925978,25.298754466640226,23.046256253777216,22.09936995983863,19.846441854422277,17.697860894562147,25.182231070769948,23.080629670101096,21.924848003585545,19.703995411925376,17.69797110654212,25.206020130102512,22.950206762574574,21.907229550866738,19.713939830442857,17.94833738622354,25.025545271791735,22.643634662820478,21.683293298595427,19.67282531096928,18.083711801215394,24.99496588346783,22.50219299916906,21.585611901796508,19.820551921726345,18.156670554061275,24.87691908948758,22.76265857361206,21.90400194883882,19.860948934069324,18.15057476937282,24.735351933140386,22.651368468068046,22.159849240483357,19.889369661271616,18.092276822239103,24.496945451996677,22.63798034870833,22.46189862137361,19.899956705052418,17.846724756030728,24.23468097717369,22.95851216286141,22.60071424337251,19.845954780336164,17.582479215489055,24.422699364806952,22.958147320585923,22.81782735519616,19.90715346028307,17.520169250772934,23.999483283955325,22.827622601200776,22.81267505851272,19.959326419016026,17.482223325304744,24.040348983654464,22.896059386699285,22.864164934647093,19.945073480457392,17.504897263031925,23.843739935561615,22.822756125107187,22.422830100811062,19.8771763520436,17.421017175791498,23.75929706867846,22.346813558578784,22.241335014456304,19.848492517891973,17.54643667779105,23.81397421246499,22.30979786178762,22.003575140715608,19.80823132120944,17.582190216381967,24.35320623211178,22.292862781155584,21.6770170411675,19.700897525553497,17.62242594570289
