0,1,2,3,4,5,6,7,8,9,10,11,12,13,14,15,16,17,18,19,20,21,22,23,24,25,26,27,28,29,30,31,32,33,34,35,36,37,38,39,40,41,42,43,44,45,46,47,48,49,50,51,52,53,54,55,56,57,58,59,60,61,62,63,64,65,66,67,68,69,70,71,72,73,74,75,76,77,78,79,80,81,82,83,84,85,86,87,88,89,90,91,92,93,94,95,96,97,98,99,100,101,102,103,104,105,106,107,108,109,110,111,112,113,114,115,116,117,118,119,120,121,122,123,124,125,126,127,128,129,130,131,132,133,134,135,136,137,138,139,140,141,142,143,144,145,146,147,148,149,150,151,152,153,154,155,156,157,158,159,160,161,162,163,164,165,166,167,168,169,170,171,172,173,174,175,176,177,178,179,180,181,182,183,184,185,186,187,188,189,190,191,192,193,194,195,196,197,198,199,200,201,202,203,204,205,206,207,208,209
27.631260452951487,25.064585462959748,22.965767802412056,22.83198187835077,21.994959626475136,29.42666430164915,27.068218696608326,24.87796383984587,23.056196422703785,23.067699599256983,27.149668884015238,23.567411177868795,23.864656513004498,23.118999032666203,22.340146853027033,29.57333992265457,25.020105824598748,23.49764740981848,23.161646499064247,22.40100608436204,28.530688068560494,25.173585397027303,23.806474000148462,23.110348812247526,22.452463038548068,28.578961371195174,25.09577706959847,23.741006392096473,23.017489445948655,22.40938095761049,28.02227598574246,24.343398418190127,23.36273868332974,22.935636626939306,22.092268523021556,27.916428039782243,24.38387854562206,23.027820380828476,22.804377475163434,21.863236013480034,27.62239481846375,24.617666167861053,22.937861558987628,22.69865603286565,21.704674933596984,27.68002063920381,24.738786015785692,22.818549847625412,22.525039987530302,21.529142537242848,27.294153760090023,24.675657136678982,22.909835164277855,22.604930947106727,21.618008853245744,27.535686624838206,25.076208509702543,22.849066703770543,22.76557041682056,21.768325087317844,27.501781906426658,25.033466526406205,22.876796972647945,22.688834448050525,21.763563471159312,27.151636449217882,24.530185122541088,22.809296427897287,22.73563479286954,21.968645418589546,27.132296205796205,24.697143863773,22.833744721762884,22.949187894248176,22.232472558442986,27.021940111039118,24.465154419461197,22.630927809737273,22.841178218357122,22.09517794174693,27.077165663601896,24.297593859685747,22.564730203226777,22.56489965528288,21.884008715190248,27.514636964549375,24.687330877002633,22.779275732501322,22.715600451544773,22.225903140958863,27.324883486924342,24.56411176807086,22.626275654746586,22.39953761772199,21.782760397484356,26.89118638843407,24.010301669780134,22.54388452492156,22.09137494959121,21.640676835347513,27.041077346128578,24.136708989882717,22.752109249524285,22.07299368500369,21.58852734152323,26.8205080445477,24.084466829988234,22.981011843337974,22.08826461175429,21.470083659598625,26.9100921499418,24.174478070731855,23.01924980606045,22.095567351721645,21.41440700187271,26.96434209285345,24.231384789456484,23.26916280682234,22.24815444727276,21.64019709688973,26.65908243150608,24.177008697662068,23.303086847662787,22.280546356011293,21.59934196208483,26.836983940810264,24.213381918898204,23.20856701570804,22.378695663307695,21.622168393077786,26.909062385017997,24.241383672630956,23.036553941935495,22.55608754668043,21.96975033131931,26.92578132579887,24.188185913766063,23.0833872655137,22.61441183248223,21.99248493826647,27.559514695823758,24.711269622006526,23.043253494710203,22.881711017726357,22.406854274009643,27.73596727887638,24.456035375190137,22.842564831289636,23.06543658436097,22.49738179553695,27.389835960789537,24.278045234856183,22.6961518905705,23.00215270838763,22.61799315872326,27.249976838812437,24.321289308123816,22.709866232991594,22.993606665500188,22.512016280249686,27.21489152065587,24.183772738438876,22.59593279927866,22.967106740163924,22.478151198269202,27.093246101495822,24.059864144741674,22.656120869466,22.8493950828398,22.18822580376365,27.93081330966799,24.965929924425755,22.927238364077333,22.889398281256298,22.178927850843188,28.601295091738347,25.43602462644263,23.06640252809949,23.011622263542172,22.04864454649667,29.042550234310607,25.653531241512116,23.212223212834783,22.94887454342243,22.0146096205823,28.692194478887178,25.599412538984048,23.25002670330884,22.781264526183524,21.748804211419802,28.856223185389684,25.766115283439177,23.415544173065538,22.738272450430614,21.85955600662094,28.57134560069453,25.752463764533314,23.47029395739977,22.803034214822937,21.967759888523,28.35891451773528,25.573250714868546,23.486217667470257,22.7999759533298,22.18468090320829,27.885200718975064,25.489671676416023,23.351182476812923,22.843340505282676,22.316364051464024
27.776658150470073,24.928167697962525,22.757850156932864,21.942261936066828,21.564351073774223,29.42554113534351,27.0613749112296,24.595770078368673,22.212184885408895,21.935380954024936,27.104894184011066,23.45136506121048,23.578738761084423,22.257881304984558,21.75758182147315,29.72223878527519,24.9858832457951,23.531789077378765,22.807738666176686,22.03283052250136,28.69455486843797,25.229258950188587,23.643869664020478,22.40718794712708,21.8487585423376,28.79080872178691,25.24808553708774,23.58235123939082,22.392767490491888,21.909704975683745,28.36050130755272,24.637407570381818,23.304183368162192,22.385066975765596,21.77186925840816,28.202899884984397,24.781366222647865,23.062563435843934,22.312249890293195,21.698834888900116,27.891157529639617,25.069155705378332,22.98479280228957,22.225238605459374,21.613685967723317,28.00701273364382,25.17540819475335,22.91170809139117,22.051767915744886,21.547004610070736,27.65450113801512,25.152742177554483,23.00783700641184,22.15509296341125,21.54942888983636,27.882406152569768,25.529930146094436,22.888222499112196,22.304197557532618,21.617048976563535,27.808982513038046,25.397933681558975,22.92894525996199,22.233139384910626,21.549315518978414,27.47472867155875,24.942960100673115,22.792917892694817,22.192912611074227,21.596669961391278,27.404170353139524,25.147040096465236,22.8437096038092,22.361211647718427,21.718886987204133,27.26913458078432,24.774401226346978,22.571245950509145,22.25269679080136,21.568944709809593,27.270906572616315,24.582208516991095,22.534834850209197,22.03074269759716,21.39159844376291,27.97249928330669,25.14876886647848,22.688196350445104,22.1746651235812,21.56860960069033,27.8032726278412,24.848835375485876,22.642134561781038,22.045289211652044,21.391053212131155,27.386869349614038,24.32773225290356,22.443900944798276,21.936032693157973,21.260342863738646,27.602254913968228,24.590088823220086,22.75029596580852,21.95225560624801,21.260034740090514,27.370942591831607,24.454296090433406,22.9595104717872,21.972191416150434,21.379849121450167,27.45502395681192,24.487563034312334,23.009978808816022,21.930303358647738,21.352193259011273,27.539108380962954,24.66598980678766,23.11732409145481,22.053762544770002,21.32719564335465,27.12870167848094,24.42613230512688,23.23145296133175,22.06226835314793,21.255572207737316,27.249681549046112,24.514642707895284,23.18928613504718,22.139351644836836,21.163048493437824,27.38537377438446,24.595979896111317,22.99957789320761,22.171953552102316,21.206534548919233,27.29884759147266,24.463652521010793,22.950643251672197,22.22016199235584,21.27128320801274,27.971818663190483,25.055792760085026,22.932027277782616,22.35880087677159,21.74214575580034,28.10506557449836,24.8506331372962,22.717040667391114,22.363041457406794,21.835228168406704,27.54014323107886,24.484540017017576,22.49312749505352,22.295139992866506,21.979358136833334,27.195318185368404,24.461298700188472,22.49991796963949,22.33786754891579,21.986940663195224,27.20735777270202,24.450406407255365,22.454324403514352,22.397579413993316,21.88741564564499,27.055109664127666,24.31868211764141,22.464952444648514,22.26403637414439,21.70261067816863,28.013577880141717,25.245590511407574,22.718742892848276,22.28941511560213,21.748364117687878,28.767396567728223,25.71790388074215,22.86660460104842,22.31638269369369,21.751785606851403,29.317682555007224,25.999825377712465,23.0547207124822,22.351222677303333,21.748582732617514,28.948057621824326,25.83829859811475,23.070169480473837,22.212513833466012,21.656511375736414,29.09125190741877,25.887490678428026,23.321640580887227,22.146606711979434,21.53399273788175,28.782969731932234,25.93011630512644,23.329263229745614,22.261048856052536,21.70300829613336,28.62585807500787,25.71647557702952,23.37657801378185,22.346651490453205,21.747065921770197,28.139903636872504,25.61743507975681,23.1866807192757,22.332403965765927,21.829029186762682
27.22935736805816,24.70091137703393,21.93612565023479,22.59527308015004,22.11210745638298,28.913387666178597,26.50522566565868,24.585889654672204,22.584526507058367,22.187502077010464,26.10053845331116,23.200170790393695,23.590310493236814,22.736972450937195,22.680966244212545,29.017774117921636,24.358815162016473,23.303132008658352,22.826785790274712,22.187874843159506,28.097012245965896,24.843639281531345,23.395371952621755,22.782043250367245,22.24532403055928,28.188326299983366,24.827659545174367,23.42779163617932,22.79909800839537,22.295891501234003,27.873905900465104,24.285769149471307,23.166633498590137,22.790240827167274,22.289849683610104,27.88648838979983,24.489176236417713,23.00370555725294,22.6559713676789,22.128860534304767,27.68460465537862,24.891023162176758,23.061109087213257,22.687818957218923,22.05480022362976,27.855647193549043,25.00516656189989,23.016404831099244,22.55398942280616,21.989018035931476,27.745517553881644,25.04658713551599,23.179594387735154,22.618764548263133,21.963350978163056,27.950745115693792,25.47736340409396,23.072735599827233,22.80379155430386,22.00045522849243,27.72264291592405,25.33858624015992,23.110952443855126,22.786758289887967,22.0121164395406,27.42515295727742,24.958679686400007,22.880012092258347,22.678701237793764,22.14258695934506,27.180448378174596,25.203368537371713,23.092161469397155,22.807947460167885,22.425422419783352,26.96114543116756,24.906592347717776,22.844382412510274,22.62054115798972,22.21234651369984,26.813287605495987,24.599842463519,22.709243931552006,22.31287682605649,21.997442035043484,27.660025473561667,25.242094376928215,22.889516870461556,22.362717721808032,22.065884937920703,27.644249446774296,24.785058543927242,22.847043745654396,22.298347952270696,21.75846493111967,27.095060949163734,24.320580642276262,22.49208024359668,22.12439463395439,21.462064378690428,27.27305501297392,24.462879016417645,22.748582137399364,22.196896225222893,21.503984126243616,27.273441499101335,24.43274792937544,22.98642271303539,22.2249853958358,21.530680003242065,27.31480475255544,24.262082791127376,22.867522440849427,22.264223853963784,21.560190628069954,27.258168091987898,24.623216359499246,23.039929172909428,22.266011235281848,21.542961148889663,26.917452300601404,24.28226873117738,23.117023197617765,22.249507866194925,21.601170561251447,27.04833941528046,24.50221610903448,23.113432338136253,22.317748713997645,21.506231145159738,27.066598144782567,24.58334111892211,22.979655292665992,22.369964236614894,21.58201123016134,27.011406466090193,24.538379282539715,23.05105873215793,22.4308879458286,21.55779333690476,27.659251535157296,24.99080520832582,23.013998739578188,22.73344197164139,22.038633444640215,27.974968579521516,24.735387976991866,22.771299687627984,22.833937684855634,22.087311176207606,27.51156723705534,24.27811074888187,22.637052771401862,22.769422088429327,22.27823071693941,27.131164930526932,24.203655251288552,22.579630909593504,22.838692702230297,22.271932789872267,27.19679010087113,24.294734883908138,22.48149590092137,22.913604696827367,22.207958198554422,26.94392870823753,24.151743939975432,22.49915954872965,22.7602248942695,21.979473661649905,27.954851061089094,25.2320598986567,22.84461825101125,22.751765278657516,21.987452907162016,28.51052632717271,25.589343405902998,22.88899050164904,22.860060595479737,22.009498828839504,29.1180554627714,25.89416047381091,23.137402936057395,22.887165261406935,22.016822616209627,28.688307403102435,25.64117710814701,23.138580336188955,22.681641548338103,21.920038178015126,28.721243192631544,25.534906006268308,23.248272207347988,22.498923134440457,21.88739937514594,28.299075539102198,25.461986450484567,23.26490431062455,22.60244634710724,22.0755000670216,28.206669480859073,25.296136158764934,23.404450760653628,22.635984816106685,22.094444369069937,27.856488028613228,25.15077286498209,23.257243351281822,22.57908431286664,22.169215838840433
26.403517353711848,24.055539523872106,21.595028949020655,20.851234167461403,19.913712719248565,28.01047655873931,25.69215170275387,23.56291936821341,20.96114272293588,20.78649772651755,28.19243488235162,22.854766227293666,22.982219707703596,21.296194118482884,20.42501231656907,28.14995423410543,23.772642534179987,22.56907075476877,21.22933372707199,20.272080419848386,27.611428541010817,23.92374585425775,22.692148847673778,21.131729169425068,20.301825111555658,27.599363233871635,23.823260158768015,22.704574273408134,21.058049622407005,20.269890057761767,27.205125786857458,23.17376126431267,22.46427000286994,21.07922594298949,20.020480836709854,26.76289884742139,23.214752645666238,22.086544329656213,20.939397042428062,19.76156666559934,26.44633508759202,23.482332760971005,22.020869735904157,20.871682624594577,19.61894318674217,26.49000646758514,23.7280318235863,21.878174549724953,20.743761992809876,19.531893594813138,26.30356531318777,23.73656271267867,21.972209839994743,20.830508669973078,19.615762567056567,26.350368226381534,24.050598000745385,21.8858913696928,20.93770637274873,19.68643527908114,26.35759913141801,24.088027725774044,21.98717829017559,20.875986877436464,19.746474379066598,26.14166922602464,23.59718712742698,21.91770920133114,20.908546146196908,19.993965607948873,26.07588751055915,23.767409716025814,21.947425406475624,21.094336406671065,20.19956233331613,25.9412936683682,23.654049764177454,21.79266028565076,21.072487210021087,20.053726435596158,26.06325594402701,23.603348487880044,21.77726799622594,20.843546963222337,19.874539190968292,26.323415583108243,23.791517674598886,21.853307876477245,21.01184575774318,20.082981056704266,26.002459861709536,23.798315104681187,21.870932666297065,20.770901836988223,19.657873642587912,25.652656408185067,23.301998271870353,21.93233375542237,20.66452163351424,19.634842704132872,25.658934178924785,23.312502970604868,22.158030365607694,20.608841869312627,19.681143481189896,25.324451919772162,23.22402549299367,22.43465189218477,20.76053659934085,19.788333110944503,25.383397987054966,23.269013656151138,22.539965628613857,20.76893859377119,19.774909999993753,25.619587840811754,23.315668192401965,22.635510551574175,20.956245630932543,19.92352374545697,25.31530384139585,23.298625021082238,22.71991585668936,20.895765655940973,19.741534468181136,25.463514846407445,23.27040111385713,22.670927408086907,20.986908031707014,19.62349636612905,25.579745223856143,23.17021271362875,22.331936736122525,20.904404438648353,19.758745077579608,25.551773636850857,23.125726236263013,22.415867397450533,20.883474157461194,19.77446610242718,26.021286236418586,23.443085429410967,22.332553248154504,21.05540955403817,20.151337912899105,26.4143938594504,23.324401094702335,22.10317936605214,21.153808933659004,20.259285416510426,26.239934334278292,23.395204184895583,21.89664140846585,21.045043819495998,20.413139650355536,26.077132141242327,23.48450289508216,21.933678371215798,21.081022114767563,20.266080123037682,26.091739425675023,23.378496354589036,21.84036218303898,21.10979701445077,20.18511108081228,26.004696014948497,23.260665195831198,21.752275955473316,20.94029605030026,19.93368406021198,26.535609448011893,23.85584433632565,21.87741780605512,20.904574556096108,19.881355611936222,27.048483580417166,24.018923848912653,22.081208413139088,21.055862878787412,19.763218723521458,27.47040835474512,24.195259052583165,22.30323455304064,21.12375933154537,19.830136342659117,27.09915594435027,24.121131131549685,22.448813740566173,21.151446053828018,19.681291066705786,27.19335319260398,24.27366544757995,22.68345717346735,21.156478631974096,19.638176638903435,26.957704399468174,24.222159520633006,22.648925077416152,21.24328174358841,19.784226348006225,26.829724246753216,24.169313031215985,22.60791226791082,21.28144622886139,19.996024517023116,26.523836058793574,24.28169994353011,22.460295499456844,21.226487575355087,20.07132141220912
25.43988833832848,23.859535054105795,21.51272841048804,21.241563638528696,20.117670283536107,27.398835434110502,24.886113764339147,23.440390532391355,21.079531545745287,20.732257308055466,25.220463984415012,21.561083758158695,22.717127294653082,21.34598831834269,20.275278064188615,27.38362524861891,22.76927846306558,22.04765713313485,21.407010595786854,20.42321036735359,26.508629921767625,23.321715331588084,22.466912909251327,21.319312447821353,20.317749563448565,26.68826444740816,23.233074721156623,22.417745800673146,21.282344825168703,20.40464037089498,26.469562137270366,22.803231266776642,22.238531659587444,21.346574359313358,20.30247954337046,26.52073147830925,23.14591083069802,22.085480778073553,21.2342483814349,20.2075597729411,26.273789934691145,23.601106701383326,22.14315343278755,21.230882573163385,20.120201873124714,26.5819414327392,23.891579054923643,22.12767177219957,21.194455619450785,20.080452528463944,26.618540895543966,23.9986375633299,22.324918149248624,21.289505421111933,20.046821264874364,26.77711343219346,24.311649819408533,22.13694211893425,21.401040930899672,20.06335365289049,26.70611188718707,24.29341455037501,22.208270642692852,21.383099090491463,20.083477075565515,26.55636779808338,24.012978907386934,22.108734178606163,21.305420892312053,20.254789004518802,26.37448260451277,24.09822695121181,22.086963926809993,21.4449934705221,20.480224074385596,26.127198583950438,23.961449966942762,21.879147595838838,21.329473885180526,20.332392961332797,25.902222571764167,23.8584706378842,21.815501739921803,21.071600615021207,20.166673225548454,26.49098924978079,24.152613634265112,21.797084620214797,21.194570192029342,20.323709794910396,26.559854327300002,23.805254941268647,21.798721398571384,21.14171228036318,19.945300261254275,26.137006471749572,23.400868466787095,21.629411109639342,20.987951021724697,19.89880008832349,26.178851278338033,23.385094044703013,21.77379806791823,20.982613301758715,19.93064618613807,26.23785010503341,23.325614974751353,22.10622518687442,21.07759781248259,20.01470728579712,26.24740356425557,23.326726590859487,22.242588385890958,21.101983976226286,20.057072375398434,26.172215303897552,23.691050340634614,22.3996986631994,21.139019915807328,20.104022951530645,25.85184969723316,23.539917742705608,22.694429680223646,21.113405006027858,19.96419138988572,25.851490026803326,23.671815217950204,22.78102606194286,21.185205027810966,19.826001767503243,25.74315864775628,23.655207846354827,22.49645288363956,21.158441406662465,19.92762214696727,25.595989291487154,23.53970845841309,22.50189513624725,21.133028797422163,19.919270080989257,26.087860846287423,23.72597037291371,22.399220993546535,21.371158732813736,20.37162015230321,26.493087290417208,23.68739726991664,22.08523269727081,21.425896421160196,20.444082731933623,26.37489454372016,23.42018416859953,21.991549686330806,21.381225696794115,20.626591050230697,26.214729963353,23.381192901531886,21.99714590647846,21.388542396779226,20.52148646621829,26.304529984449594,23.53547524750946,21.874765177278938,21.40623300692794,20.427151016238774,26.061443124362075,23.352381990591198,21.76319288531174,21.25004198747412,20.231042648342715,26.679988907196957,23.873868388493,21.913431628537857,21.24431988569891,20.209671432301576,26.958029274474313,23.988480090515374,21.929580595363003,21.31610467015959,20.22081862392543,27.42348906402633,24.1708343734562,22.21441663231034,21.399873442158828,20.197138181240454,26.964952631342708,23.860009288619867,22.31084013065658,21.297329411478888,20.099687118580356,26.93691644149336,23.921610739109305,22.529123133780054,21.181956446333768,19.91630981270717,26.541797498983396,23.867335677778616,22.578976120775643,21.280761299793877,20.14616411338745,26.46525535917106,23.754867728814453,22.654803152286483,21.310901618954997,20.1565691564579,26.05946439678157,23.80152424084431,22.528110155717137,21.289737400430283,20.255338742021156
27.466610175462378,24.354201791329597,22.872060655003693,21.684985104469416,20.971527574736402,28.676351893066244,25.88857519695534,23.499207712317357,20.969205965195943,20.712346734053956,26.937093428828938,23.437184445447556,22.65494636396696,22.17442706858984,22.450215855694204,28.799589000519152,24.807718376098922,22.603029166341155,21.498971365290014,20.655760267484155,27.892399681077837,24.4414430072324,22.8568692380077,21.470095771202157,21.057880821499865,27.75941761212445,24.310117972711588,22.67581551740797,21.261329282179368,20.886207298003775,27.036200305967675,23.62573993503026,22.49509993722892,21.226234360746215,20.633480318620276,27.16628853171819,23.523530295045727,22.311983226138953,21.08390401868305,20.065417334241353,27.15528962411897,23.51566126493151,22.388308049354897,21.037644526352505,19.926129328003785,26.87313132236279,23.627853337641206,22.19062355301935,21.01095622809326,19.841306111880918,26.899046692102587,23.72029943879587,22.316086093878077,21.119009094753476,19.923091006778883,27.145055122548598,24.038026431056316,22.342373839642082,21.22281801867002,20.106045016180175,27.180778167182154,24.291390491627354,22.460160904624054,21.108091324950184,20.253032852936883,27.055409154640863,24.136665173697374,22.36829734700227,21.038242643732904,20.34304102678196,27.102127130461366,24.126815915252557,22.471692042840797,21.15562756405651,20.424528106278913,26.8558007319399,23.916409303014,22.384301875195384,21.04419813300531,20.295576968182637,27.017210269158888,23.950670536461047,22.25906173199943,20.915270262824855,20.17319253376776,26.516590512783957,23.893058278412173,22.279547377412936,20.991565120267474,20.159531441073124,26.095235309672525,23.703251379668046,22.186915683429525,20.94728388293908,20.055151528357335,26.060748130349914,23.418688427864787,22.261411599528135,20.880497090778515,20.098393487183266,26.215593826690288,23.574119942338033,22.35724839900002,20.909900416000603,20.12858054242134,26.21284238092117,23.481741927847807,22.52814425157797,21.05535208349792,20.25706816793175,26.550534379723654,23.340312962193472,22.42574664914023,21.016183511523042,20.272482839580714,26.617196539103617,23.336074270301292,22.525094709964275,21.16830028366999,20.308021306991694,26.563212438545474,23.45818112275963,22.488490544631865,21.22294911959053,20.25136825739459,26.433971144264092,23.131054965958914,22.324616531520128,21.226263347009024,20.205267658666173,26.079840546297913,22.93897888983303,21.987371364781804,21.069220540116273,20.082669390062073,26.034109454538214,23.060265760849987,22.04570128846263,21.033279777154235,20.134113149029503,26.337087564419505,23.42814626504458,22.018253753232205,20.938298519094534,20.233711834942035,26.33862511237229,22.856125121206336,21.834199808459122,20.77512678275615,20.166859914327716,26.085202006666833,22.95986222317828,21.69989594220441,20.630049355151762,20.15287695726348,26.46846352133822,23.30878269491732,22.01290476471751,20.68955778263635,20.266307328904166,26.798310324030105,23.33529810626456,22.103785104575852,20.6658762518529,20.08073320726441,26.83267820973167,23.327068957301982,22.15074341995006,20.659576793582126,20.025955266539604,27.264227622022265,24.334839612390738,22.305577269779082,20.67709205894377,19.931549755331027,28.19865073292545,24.824680836166085,22.50218111157529,20.805854670464125,19.984643433225138,28.401724118916356,24.94777657843446,22.538516422906618,20.85778790262534,20.04109043803792,28.05917708639255,24.835853440071613,22.466203824128545,20.918849510904614,20.033770688151446,28.071697504400014,24.932493020551313,22.518623206073265,20.884486278484648,19.99745385760826,27.879448446868537,24.856209524719695,22.531442482828016,20.995178109055512,20.145074147455553,27.602427866200834,24.766651144639212,22.525063603667938,21.04003765981816,20.222733948414813,27.532787036586523,24.638821224562466,22.407106487927933,21.003233136175528,20.132454184490364
25.79642270606392,24.0472656187179,21.988607053364728,20.649606918778076,19.801508689155906,27.09905580396988,24.947513424716263,22.657039506381864,20.36424699098221,20.00162802788738,26.03477283053908,21.939745056162664,22.453478754992574,21.122499624682998,20.726401374309468,27.249383463593976,23.814513012329407,22.28202802323448,20.485294978427024,19.846473569659576,26.535310543287352,23.441048604940686,22.31991825014995,20.62994155171353,19.96634311385782,26.677683291331725,23.251357340370493,22.23230376951267,20.46203262520161,19.778441153484366,26.253608401971196,22.625311533478836,22.087687738056047,20.49780193946215,19.564547834848696,26.20769857923989,22.636055240109158,21.672067629883742,20.31436407916337,19.178895255932694,26.114213712120108,22.72635142826611,21.631107801799224,20.361609998348456,18.994695486070714,25.922590368172585,22.973081227171825,21.48373271152194,20.290064013965498,18.929001183971934,25.700155513960077,23.03077227863416,21.540099257383314,20.407404292236144,19.03197446233711,25.68451111196245,23.33387634901783,21.492830509346305,20.454706727794182,19.146809474307847,25.804417835608643,23.643985770790433,21.718185008781738,20.46832458883547,19.194574528089728,25.655413009252307,23.292727971012745,21.69838681293992,20.397061811135305,19.405836776921923,25.777914637334618,23.3692991124773,21.644764023029715,20.563167025148978,19.480410453425417,25.57762286636561,23.337514489139117,21.516192259136034,20.521500561136456,19.40536255660738,25.652243230141362,23.292456075424163,21.574333278132897,20.375536069644713,19.208953299039248,25.57738679851696,23.169080141208514,21.491117504650738,20.44985692702519,19.29348010006924,25.11916661841989,23.20210553781743,21.39223618273114,20.374026088676036,19.048587328608892,24.890944319537493,22.906666945800414,21.578288342947978,20.352040978021385,19.176831219202263,24.946638717606938,22.886239313583197,21.79718152543686,20.328428442498513,19.233975375429242,25.004621003419874,22.83929526946526,21.94275020717772,20.48643297246227,19.45667247113692,24.942035755013546,22.82735945693584,22.053244997185143,20.48706093681902,19.48408188839918,25.39677128801558,22.832670490674587,22.095427978509814,20.60680159346355,19.485056268960555,25.22338660197085,22.942722127491642,22.104497653881587,20.55230132898669,19.347664357669554,25.185855657003977,22.839215260019156,22.01995725925148,20.611857985150493,19.163057926041112,25.096918240388547,22.653271653880534,21.596826180590618,20.477949187688818,19.08850547198759,25.202242677011952,22.783260433249627,21.70362682581645,20.426651467755768,19.092017447381238,25.17882805482794,22.94858802576938,21.688849130705762,20.50847845586698,19.301950540200068,25.485067239128167,22.54264880260136,21.577074837478854,20.546883932903693,19.290157896665992,25.55093542880471,22.51950312273996,21.39658854991361,20.444736104518547,19.402520218116578,25.571247174138342,22.705209557515523,21.594626684572145,20.45269423298422,19.373280709773802,25.73861095498658,22.56230065294495,21.60324762988426,20.50746913584605,19.22220937541306,25.889718451531035,22.569797639847657,21.552072203852124,20.389537717788915,19.107469922981647,26.3890613373846,23.27300668081545,21.60427380152022,20.38698497442037,19.11243753581625,27.02417636811066,23.56229314224065,21.694053218948287,20.5118665972455,19.120397936578236,27.380815510479426,23.798903628551084,21.883353627699286,20.616760342072883,19.172060019195868,27.12713320641483,23.731800539161135,21.943118496292623,20.63708459390886,19.16309353595321,27.285723248898687,23.902632265219506,22.174609927502022,20.55906443737198,19.100886870163595,26.87469334309129,23.793640779791787,22.190580043497526,20.561503346965274,19.18682600700142,26.573738491088772,23.878034078111746,22.197516555691386,20.62671737395516,19.329118235315292,26.29625953223883,23.97150523434896,22.064979547747754,20.560082316782598,19.325599180186252
25.625458449525325,23.86587572965477,21.854940575278928,20.62902943672504,19.736112170716638,27.054880756794212,24.939741762587392,22.650323355919394,20.389533158465667,19.95445887394473,26.006187359278684,21.959526312272715,22.459129267824082,21.054927896141532,20.69539591765301,27.202351523261186,23.82714185656593,22.290830796537087,20.47710584125166,19.747924185148015,26.470661151003334,23.414216007740855,22.28618073430057,20.62008251724177,19.91977428918461,26.651084321046888,23.267922647176256,22.233221114240358,20.452138262114136,19.741948607590594,26.21835447844905,22.640133132197608,22.082730134206848,20.494021939271853,19.544730667791406,26.181923232377187,22.637267603338323,21.68298486891779,20.327751332671927,19.157650405791763,26.089360727766255,22.717446214293087,21.64814861814669,20.376192485193837,18.988833441542916,25.910336754302953,22.9598498443213,21.501340419858032,20.307485961579705,18.9048226755749,25.694141886586145,23.005540197754648,21.540479626698954,20.43057447535606,19.015503258971304,25.695491472037666,23.298385644055394,21.50000090992964,20.46981776607433,19.113652150387207,25.82257483096322,23.618562828066025,21.713433062739593,20.47280819043587,19.16731288724475,25.682480614210977,23.270893801184748,21.67144002300079,20.397207659822037,19.382902916527595,25.798712658251787,23.35070819888294,21.63712026107698,20.55747635167454,19.490122150454617,25.589374107975928,23.309443202996377,21.512423239515634,20.509591676433192,19.409309875501176,25.655537661772236,23.26051736691225,21.561202288488523,20.363265698298072,19.229218067394566,25.58228613166348,23.13726862634307,21.47367785992416,20.444208991830116,19.325477745254666,25.10954660391551,23.16994082066239,21.40547814752848,20.366909888635867,19.076701935312734,24.880992335185823,22.86874237236486,21.56530640603457,20.341814178798735,19.185808770250052,24.946712105839843,22.86077132750128,21.78746841810692,20.324589885467997,19.2421071139301,25.030327597936253,22.83545646979369,21.951406689348833,20.482747728992432,19.459741357928696,24.954460635420066,22.812538455998514,22.054626786143395,20.482241877479073,19.46975871236529,25.428266679034305,22.825891549497946,22.070332843356393,20.6046481941688,19.48459947838659,25.255851073184072,22.950650402105207,22.101697912164916,20.54363266603627,19.345543755741346,25.205236275386714,22.854630108186264,22.01808010305941,20.595848212598668,19.149655656772303,25.098099161319034,22.662864204233166,21.595261170871847,20.468699164060645,19.069091894055354,25.205412755338365,22.8146332778409,21.70748257260493,20.424934619963384,19.07017647152588,25.164691238410875,22.96215918709853,21.709300603957217,20.518171764324364,19.274011787568156,25.454442055188718,22.549156552947913,21.587460122946965,20.563616413969903,19.25156814353657,25.521939602380442,22.521195648738377,21.412400936287906,20.4675764914338,19.381207842270506,25.549161395061553,22.725817825715424,21.596902987865146,20.463271509125548,19.34978472093224,25.707447278008043,22.57592008999562,21.609053092359044,20.50988795691468,19.207292955182993,25.86603017516814,22.58611002492244,21.53871309966937,20.381632579470157,19.09397168942571,26.31353030108814,23.241517961231416,21.547314223704554,20.340749242186963,19.09652506136435,26.917114760321947,23.526719771126785,21.63137791741739,20.46378214394195,19.10696986274977,27.253848996277025,23.746016343120097,21.831708489884594,20.560373334825996,19.181330690332448,27.00795905108281,23.669147735743135,21.88238339091369,20.580818240743508,19.17220995371095,27.16093133087877,23.849803885656517,22.121866802644952,20.5119714642368,19.093803609323444,26.81943250868984,23.768868459177817,22.16727327631936,20.54360513667869,19.200788732476312,26.55029174476593,23.86653961969001,22.177112300807416,20.599748447907157,19.332544011763552,26.28328369605594,23.957626924246853,22.044771358383976,20.551568789269933,19.300318895669882
26.221876184094494,23.18565438801151,20.72723045212684,19.940431221701413,18.860130733429994,27.019293325738644,24.472956169445965,22.481951522658353,19.74436882002835,19.420512129075565,26.134359058737044,21.704245368471682,21.960231382100865,20.201780378106797,19.12667101425643,26.81443280790711,23.115327858746596,21.83874212278288,20.352079391297494,18.938806338896438,26.53611562199878,22.978654865691936,21.805501127403318,20.050405468483888,18.971027513365012,26.37409845981545,22.90366463471922,21.971709281606618,20.00757867392385,18.911285621611192,26.013510916452766,22.377114740030873,21.757114100443953,20.12643552502383,18.744389705074774,25.937252685665943,22.560337079004643,21.56811706332475,19.978428022302076,18.61096350737828,25.79074289294299,22.80823448272713,21.554324760534733,19.89937132713278,18.55040436874426,25.755810897786784,23.019154780723465,21.31834402872841,19.849163385821477,18.588282561271562,25.583062189233196,23.094401700424392,21.381024781971735,19.879010111645503,18.676431048255658,25.56217280738126,23.34636235199536,21.331756233687983,19.933944638696378,18.6879399191731,25.4131881029346,23.43643764949328,21.44090297602663,19.945007660750825,18.714680793218715,25.226933916484114,23.00316899057009,21.400649171192317,19.94698088566063,18.9580422719553,25.132827519533073,23.12642254734944,21.497765256173736,20.140555191607213,19.082372997474785,25.193804160176672,22.99755018681575,21.158061702553887,20.174357344725575,18.99043370488666,25.259424759441778,22.934602803041297,21.195535195794708,19.968651705892338,18.89918371833181,25.5127792250958,22.92819477089153,21.07217885224793,20.131636687637382,18.95837627467597,25.17923993434142,23.014456928607192,21.070996999440617,20.09441454677073,18.5798267388253,24.808314972550978,22.710546528009434,21.1890969039236,20.068185724614647,18.69649944803248,24.71561509883867,22.736010017374845,21.443476525978195,20.025614567546576,18.760875308547455,24.53001908180824,22.767687435442383,21.72680809376191,20.255210902265933,18.934271217930945,24.68698670182835,22.80228817250464,21.87522526441884,20.303573479984564,18.981354243332085,24.85946074744205,22.833473996782477,21.956670326784963,20.377714493661447,19.05475097865868,24.92495442395748,22.808184543988993,22.065744181877896,20.32158840078181,18.792945390645333,24.818058206289123,22.737152001008525,22.160041877876864,20.32571712883061,18.59978338889247,24.884459285876186,22.62849905066669,21.861704315289145,20.11852042138624,18.602726646785435,24.673778157031492,22.635102265599265,21.9359199599591,20.015367702518063,18.637491332848153,25.008384196178444,22.728708527514083,21.841765704732545,20.052171490462175,18.888059563490234,25.19409733220315,22.768824974657825,21.652683996964196,20.05204708509208,18.922946967342142,25.309475486694176,22.86543640743171,21.466597436634512,19.989322311439825,19.030014769587105,25.397826671226284,22.985637231127424,21.441526127647457,20.00300974615677,18.879790666769473,25.421452054652942,22.90484605717189,21.339578465515245,20.028523194903546,18.759287588849222,25.400039435441165,22.864915897621977,21.174732230433378,19.89365259065271,18.59659261462063,25.75239193175173,23.12281298112395,21.13447878650198,19.82931339438381,18.555053183114545,26.060836513918627,23.20530425825015,21.226416832863407,19.964816630641206,18.536551231035304,26.15910430378964,23.23522993142551,21.47432671494589,20.119091795653006,18.63513809473479,25.812451419724596,23.072638842136424,21.735311910225022,20.20075513169554,18.626733235645744,25.857688774742417,23.147049035901425,21.92427911575823,20.221354783892817,18.531424208247643,25.68747636372617,23.05220466180238,21.960781756123005,20.2685681548998,18.66136300231657,25.690730333032366,23.00715244336388,22.0675375693042,20.33865679747501,18.84275959513973,25.490602504037298,23.239304666524994,21.999210627684942,20.280319864615983,18.822045085000116
24.45593171483244,23.008528935710455,20.701019380020156,19.665770456492393,18.546932804142276,26.253718743737082,23.743584396505423,22.37675867213931,19.618831862985683,18.91354624032976,24.813834815119705,21.24140114073407,22.099154823829675,19.621464975161363,18.2150006532879,26.147208297951398,22.99011323328357,21.213489509585365,19.815077252509234,18.291576339958073,25.43390244173742,22.699991412436937,21.688622116697147,19.691299937533106,18.41255093670198,25.582023134701657,22.609812528018814,21.744935362076298,19.70063927660253,18.388939026922603,25.31214525498663,22.29804264058996,21.573531788807998,19.791809589008903,18.32316616631109,25.399868714438373,22.5616985397401,21.433530068225302,19.666836490612432,18.31275444353816,25.020382273260687,22.82213660686798,21.52428816832555,19.67028114910054,18.274753094960495,25.188418345541614,23.095772146623098,21.26539476129155,19.699545755797505,18.294164193816314,25.139470965412094,23.141644782170584,21.393841074685913,19.74410024178267,18.31364555932696,25.170140374593835,23.29699236432691,21.182055164324076,19.80253248990228,18.27742000041237,25.06467741162934,23.47206273024099,21.26763349069312,19.9086419307012,18.376986003558322,25.03946436099363,23.180096749545505,21.209609461225593,19.813091684975706,18.675224655988668,24.966293572904018,23.175199119022565,21.299473439573212,19.961478215746364,18.80345211578484,24.880232068100668,23.11339415523759,20.98790019366272,19.987359703423216,18.706516230038392,24.83687122513964,23.05415424965768,21.128527647524884,19.835352781615747,18.661450686154563,25.137327354807745,22.989570909203476,20.93756883787039,19.93121720852082,18.625030048972654,25.065112947917537,22.829137164190467,21.02801401662443,19.97090744220912,18.272237057232893,24.76207779554,22.604218726635743,21.18215109232848,19.895540154355228,18.439193926195003,24.50839715032372,22.681214960200823,21.359248188024033,19.918520807024656,18.62094540427861,24.47890487348905,22.711398311671363,21.689615773100762,20.14459194262517,18.75444114604009,24.481990551094846,22.70357761002266,21.89722188996102,20.184609259052394,18.796661851557072,24.71357267549156,22.862958127797025,21.929351689750604,20.286509666257572,18.847452958382455,24.43097389935504,22.785730959457766,22.095568607676228,20.31325142606298,18.523386362768143,24.421448337757795,22.66941722843198,22.289687233215354,20.21889509055961,18.312410789419353,24.342631814169234,22.642961966725252,21.859131472130798,19.992700718847264,18.2824358585797,24.312313512519655,22.691361727636444,21.855249080580982,19.964746267295705,18.330042791178826,24.506611207556496,22.76336759860173,21.73683833125068,19.979946889892332,18.564284634470916,24.918521304229053,22.78542314743361,21.406523322416632,19.89083647692949,18.631901637877768,25.20175614397602,22.88989702805287,21.268452896918745,19.880704021265302,18.65150823556462,25.154238197435845,22.94381267084905,21.416371012503117,19.885033356711364,18.52624029133275,25.152249436525796,22.944173225748237,21.371077471992702,19.796443079271615,18.42865227956812,25.08597329335844,22.839821730262024,21.22560681764407,19.637426002723522,18.315912506063462,25.4227192372787,22.974402803490765,21.257193052072573,19.661608721404434,18.281199320189444,25.42489943921897,22.994753585905265,21.328691523251035,19.742515030990614,18.315372459849275,25.73207439822574,22.962018284743827,21.575350784853327,19.941754793198335,18.414552818381587,25.335114190716126,22.74920751149473,21.85990088916604,20.127698163598282,18.39625628563977,25.173806334566017,22.855590645195484,22.004912313138124,20.16881676251545,18.227108211198956,24.9523329291084,22.769193233345938,21.95927911812639,20.190528430318718,18.34321497585251,25.061562822120905,22.65782306363125,22.04067023080855,20.304051707794756,18.475328496049084,24.70216680930107,22.96193695904164,21.899109919886357,20.174115039382418,18.441110287724918
24.456461331502084,22.98820718118147,20.623210475610296,19.86437997273542,18.691605899135187,26.303612683885405,23.817188205713833,22.514721759499526,19.99376379953418,19.185224340069553,23.977220707479887,20.632341641689685,22.04999246323204,19.956226005485906,18.76485712229059,26.244379117197138,22.616087838004713,21.185249478716024,20.234817673875227,18.89144966232965,25.361848876381273,22.538636610280385,21.681054206871984,20.033950451610956,18.805995076669376,25.632018061330843,22.453329337713463,21.77901881723552,20.09059978822275,18.90310083973631,25.467181688528967,22.13239794407695,21.630950076792566,20.155534929175243,18.840153855466454,25.718622409785024,22.525005783270764,21.525546068235673,20.075684081268445,18.770176770602873,25.413535697635226,22.85022168058978,21.61869125020497,20.05703522336463,18.632482145359518,25.694707699480585,23.151463051125848,21.504315620612935,20.046992512272457,18.63628508410714,25.65421017020362,23.219277635789204,21.61608024265468,20.077827790271805,18.577103966310396,25.713649701546007,23.394965633566642,21.39556169502183,20.136265067000274,18.578747383131294,25.594290434890564,23.489738699689354,21.47798143616335,20.16517642788665,18.669384911633195,25.478219694205286,23.25644568868741,21.452174387765695,20.095373561715355,18.980801651713865,25.353731931811446,23.250029905014422,21.474393301264154,20.26093248961901,19.138760504167326,25.178573624080645,23.230119369723646,21.194488772111505,20.230550067216885,19.056009787583726,24.98262804119555,23.20851149312836,21.230539183608602,20.06050805679057,18.943067050313793,25.37725108133716,23.277399113506856,21.051163850182093,20.152392353925073,18.964876398686176,25.35931600417964,23.041681975048597,21.077479805510386,20.158304330810275,18.560673413132964,24.91961671567525,22.797638827474707,21.086420115976516,20.070642298487115,18.682986785928314,24.81512389901386,22.74636816162992,21.20840375804019,20.01881155275077,18.774789437503596,24.891478551400823,22.739971486346334,21.59644419564267,20.204000882623887,18.904385454564984,24.968097893798245,22.736036526625824,21.809718040669786,20.265651126847818,18.981349519923587,25.245671409792596,22.978352787429735,21.907426666156155,20.358581858859832,19.08989332280957,24.952947240967493,22.87342797342901,22.135462501692324,20.394032665051295,18.772331655226324,24.86658549784205,22.91743297569829,22.345111964717642,20.41540623336038,18.596733386676263,24.708185486507723,22.91400755902588,21.944983640358494,20.251087328059107,18.597033378075547,24.53126000519083,22.874270169899738,21.9627544584797,20.214436218139262,18.56970962024699,24.773639839140618,22.933329627756258,21.832188109878885,20.296554270679575,18.875770693391647,25.28466862736844,22.992819353510225,21.438146146821374,20.213979324474032,18.96878909587442,25.410643358929384,22.876324512469317,21.336008239024036,20.180487119230726,19.035901077821702,25.352067644445405,22.844775260927115,21.449937663164214,20.183497052415124,18.96815292174802,25.410184240637648,22.953761562987435,21.367513242861687,20.123758187527155,18.8649286772003,25.195965109793267,22.8091473565193,21.239237249297457,19.956842782423443,18.715933322404005,25.595213542460034,22.946006454517896,21.3765819444855,19.957820904857932,18.6903278601551,25.697309150217187,23.033712615179113,21.442772522516726,20.05528879406934,18.715490564668375,26.099633203234355,23.083040928413205,21.70549826488558,20.224328244059972,18.727569148865975,25.72598353339537,22.803392549429013,21.92086185780572,20.330864209708032,18.69641643173187,25.603880893200614,22.915010866964575,22.094967395859523,20.310134117657714,18.52275156158264,25.278179794116262,22.885121620107782,22.083683579118873,20.352383704856813,18.68588451861175,25.329060637148768,22.788228249751405,22.160033401796717,20.434706398979397,18.804218370427016,24.94049322590753,22.998900546189173,22.006261652992446,20.32864473950691,18.829038534425372
25.2675801241928,22.983454417073023,20.944225215575326,20.397208751318416,19.355998252434414,26.931976589484176,23.418409441336674,22.927628346771293,20.73222491558452,19.716372963944245,24.739791804495333,21.76852708580035,21.901235110020345,20.952020578109632,20.187462725831825,25.81164608639897,22.459285939588636,21.321542577676016,20.58147984100956,19.270753127798116,25.784960495616723,22.59374741126421,21.789342398473043,20.62480654124061,19.556767521222532,25.800757403095673,22.509571243337906,21.90193679954184,20.634040380590953,19.61975265057496,25.52615603420664,22.240151913176128,21.724813804462457,20.60331242632231,19.528879723078486,25.532229305549095,22.502580067254904,21.714748422409478,20.43299316152014,19.277130377398027,25.765420258691098,22.84650127663252,21.91787453081281,20.45369316941817,19.189563665095005,26.141584724208172,23.245513389544364,21.977624513549053,20.42011446546045,19.150573554474402,26.324726544729742,23.40054662598134,22.05654675916507,20.47718251622421,19.066225672312154,26.582494181229674,23.73250639818854,21.991428374674246,20.572409499863745,19.129511797758035,26.81085694556823,23.751717655235957,22.02769059671696,20.573073865999454,19.2169084289367,26.611349677696655,23.61860082149412,21.845292861406744,20.489385938421094,19.451536598822422,26.36539882256838,23.617298761696404,21.860651281815546,20.68932792090076,19.63326658514554,26.112237390130662,23.52401892875424,21.65904947890622,20.586240573248098,19.58297635858546,25.705597256517496,23.400475811480284,21.537405653979274,20.381780720745375,19.48005991215442,25.919102476922795,23.51901219181829,21.420019401088407,20.461000142194198,19.4758958823523,25.74911831103055,23.243482210009873,21.447169751730407,20.453056417050654,19.197769237238624,25.467414306599046,23.027519213491875,21.168243942598757,20.37677352924668,19.261815683160002,25.584482597505144,22.964939593906948,21.19713748021174,20.42638225225088,19.339679283157615,25.84744419234978,23.018876662524658,21.45081904449929,20.59347548564607,19.399045068463817,25.89306311621249,23.01003882509126,21.642374852231804,20.62612552894884,19.505150148066114,26.030732137548227,23.2258538289401,21.80573353615925,20.70219655089925,19.57948279904539,25.824110476150377,23.105240604263365,22.035533335031136,20.665075578796564,19.37646575810144,25.635736357691105,23.224748245233513,22.17735126233351,20.57900973177761,19.198737759097106,25.310076903989675,23.09550176491839,21.923645359475113,20.449341076525876,19.183482686641838,25.089575779766882,22.97708624040239,21.907758691391468,20.455157649301743,19.15242920819781,25.409582336346578,23.053754498114554,21.779234378548534,20.578930592594322,19.383024516865483,25.656377853762837,22.95061601899765,21.614102237964776,20.505306201321755,19.41124981371319,25.613613854175576,22.679353741707782,21.56426820866773,20.491884322570524,19.44710180967885,25.950295681302002,22.849174289314057,21.60682183241817,20.51066967026548,19.436727812567632,26.167495188104585,23.13413632001746,21.504969304351185,20.381968138518072,19.337341772459993,26.000406862794115,23.02135690181407,21.341776531700198,20.22191897894435,19.20539678453842,26.57771590634194,23.411038624012214,21.458654087314265,20.168779650300426,19.151463046891145,27.050008560074332,23.64981178934135,21.49478840480345,20.291875797078394,19.239956118801405,27.30977401252165,23.66644415006591,21.659338741605186,20.378882762275662,19.25540043528938,26.714865447897477,23.276564983228603,21.57100954105373,20.412941462936512,19.266062127163796,26.390952790370243,23.30245195480077,21.841861491027725,20.3598998047958,19.1395582559898,25.921981291410543,23.187814044084213,21.841926515507186,20.511084830336394,19.332880845373687,25.711566494275598,23.030185023678815,21.921258894586853,20.561204858126395,19.380325219781163,25.45339927466905,23.005746599269937,21.86890384029285,20.53662388279833,19.36710786213218
25.281640066632484,23.010601719263178,20.932376673683002,20.358557903008826,19.368363743897493,26.938712525759236,23.42732071840531,22.908732931803943,20.73283940525572,19.70351340665727,24.740198797648617,21.771042045656145,21.898550320600293,20.951044234463346,20.18527097905515,25.81729143039018,22.487260651162885,21.32661995749758,20.556514029348904,19.30274393529905,25.79033832028916,22.61514510810394,21.788789219349546,20.604913794203224,19.563137780830402,25.794992546056214,22.524955528934278,21.903429619910092,20.622310517837654,19.615943960289528,25.523664394615352,22.259886694978096,21.730571101130714,20.596892908850425,19.533085951757997,25.52641530098569,22.521006661250762,21.723883375643943,20.419014328340577,19.29362399557449,25.760618376219945,22.86434986022875,21.930055170834997,20.451537985741982,19.207090025981493,26.139248837636842,23.255734887956358,21.99118774133462,20.430695328256302,19.160850367666985,26.33441876890085,23.41295779088827,22.07386745101954,20.491745230726387,19.092329214233896,26.589866001958463,23.741051825933333,22.002507884808868,20.580376968276653,19.14405756900577,26.825220195932808,23.762773930029233,22.030111513196275,20.58915930555874,19.220262735737457,26.625357887679996,23.619343107348747,21.84662380404155,20.502479675896062,19.443117494989483,26.37923665409254,23.616246674685534,21.854185943868185,20.6982328448688,19.6394280773206,26.12416950516099,23.531406507541966,21.65110929164872,20.59059819718093,19.589921725816346,25.716588696011968,23.40682078273519,21.53287237798299,20.396575364911218,19.49631555791229,25.924598775665515,23.52303608851947,21.420558468213116,20.47274445858475,19.498306560790148,25.75519112916326,23.246559234487815,21.440923369745878,20.463330315006456,19.21912039002589,25.473262985545254,23.03206374949232,21.158919054298092,20.374887582740833,19.279527148729827,25.592280929345314,22.96039150479603,21.180501431415045,20.430867294527182,19.348313087311585,25.85209045318691,23.017180603167667,21.43885958240072,20.593928517520403,19.40868350805017,25.90384076416608,23.008408470146744,21.633631229291034,20.624957186283375,19.504788447010924,26.03835468418299,23.23670037452263,21.800573674705255,20.699721556294712,19.575977647699744,25.835993794167727,23.116909846210877,22.027515839562664,20.67740187070559,19.376019092849344,25.641739258580447,23.240273090995643,22.181019001102225,20.59223966758148,19.202685104479382,25.317192743064282,23.10694338436322,21.925459049020738,20.44604631985366,19.18313767527951,25.092181107518304,22.980156468967362,21.91214640863768,20.45710166767561,19.14764964633196,25.412994878258598,23.05039875789199,21.793923526678633,20.581980397789835,19.389713193467188,25.652767939824116,22.945349265036434,21.632346114924538,20.504457188972157,19.416731148211873,25.620618042917886,22.66492992605621,21.576242165878035,20.475396386969344,19.4559881672673,25.960006159955533,22.836654653275517,21.605701898171652,20.507245479080506,19.44833098289696,26.1806587904397,23.126953208127933,21.494003176464723,20.381434974857807,19.34098522065242,26.015159749924145,23.014803695785808,21.314087421614552,20.215421276267296,19.20941163236891,26.593969169384838,23.412520014436048,21.43092906732386,20.158956028131605,19.135973263815504,27.058769630071357,23.655357740295067,21.46487471093198,20.289622356507145,19.21119956550789,27.319822334476136,23.666081740898193,21.6372655219306,20.36835024253683,19.23494863959079,26.72177999028643,23.279398560838466,21.551164874691846,20.40669825039446,19.257182216813966,26.39759699251141,23.303442845210363,21.821994411271767,20.368507837299966,19.11939419455386,25.925993115174144,23.181424099831055,21.821295239789414,20.52480681605949,19.330173734752726,25.716625978510205,23.02889571432894,21.911209248568333,20.58476158524091,19.372109117314558,25.456339798611673,23.000141407332148,21.86310079224935,20.572711850799376,19.353622305372586
25.361683393719304,22.978787723214406,20.987738230159867,20.38408460364119,19.384187472185207,26.996512065747314,23.430842142019404,22.921873864607377,20.763719449731028,19.73753909478007,24.79467536915659,21.748571856628462,21.92693178546976,21.017175997710627,20.258280172560177,25.813944671899115,22.5025681590464,21.32318245686806,20.577381808608965,19.293137357539532,25.829881236389134,22.616670248550648,21.809264807245366,20.63668940965104,19.597916820274047,25.800678532770604,22.540613366853055,21.909241098138384,20.642400660992898,19.656021570653234,25.514712934112023,22.274423291054635,21.733861209600665,20.606865528212488,19.572069975760957,25.5065273995572,22.5450313299529,21.72874317876773,20.42927409134356,19.316322166003427,25.761673401725023,22.89101960789487,21.937229255236538,20.453990988002264,19.23531892908112,26.143285644291105,23.275943968086573,21.991236763447958,20.42856108636649,19.17324634115132,26.362801420438853,23.422860202986744,22.080408578774176,20.494505114711373,19.08837737194304,26.626478536178762,23.765168578466767,22.025009820394672,20.58558298306819,19.14817746607758,26.880374537790242,23.7969795056954,22.048266430294195,20.58642446864237,19.23948849146668,26.669993220222956,23.65550990830893,21.86700694486199,20.500407947711633,19.465586711616062,26.424467891674862,23.65949246334725,21.895330883367574,20.698328543032677,19.668729580426323,26.163966374778475,23.574570230882287,21.692945522770227,20.594389169268293,19.628601753631028,25.764722489167866,23.438596180777534,21.570383562411394,20.408813296606517,19.535580037920095,25.9504655445758,23.55285326055235,21.46379162258758,20.47870922890886,19.522721689716978,25.78560812197558,23.275274668319554,21.48642848201669,20.47747127610383,19.22869005188644,25.505034630938532,23.06540703815208,21.19347468874909,20.40594063008975,19.29438161228493,25.63243772362548,22.993963747981553,21.22405700149246,20.458207805537594,19.37051563122886,25.888108537752693,23.05010498911604,21.468994684553593,20.6210561725192,19.42913498543587,25.94087302795238,23.037570631877934,21.653339128556777,20.656462519210812,19.530961884412967,26.068118926557144,23.26662880860731,21.814542250613002,20.732298171297877,19.625962306285405,25.87377031371676,23.1362906512277,22.040499678036532,20.695686819951767,19.431460682158228,25.684413109347418,23.26336381042799,22.17835096664309,20.61186123270634,19.266158441032204,25.35638276031766,23.122085446273612,21.933551495222765,20.461243919677337,19.23255698891818,25.133546233948106,22.992907382044184,21.923424942408403,20.473677531060694,19.19323371288032,25.453076417740043,23.068365134982606,21.80900806594081,20.59753426378613,19.415869857392696,25.681641228657888,22.95849628501942,21.64656653328349,20.519816916923965,19.422760458224626,25.63235612370093,22.671070155353494,21.596833777362527,20.48880947167798,19.441968320353723,25.975003962280503,22.865407220015307,21.630766643000552,20.52187045353211,19.440519084400787,26.212909623053417,23.1614799455247,21.519973692026998,20.394837006336907,19.341429667600906,26.0639715318732,23.04384774155307,21.34215013704171,20.226992119809637,19.210027387751033,26.649753630592393,23.448684231186654,21.46796489523794,20.174499571431497,19.145673391818903,27.12724566706666,23.707794394312003,21.492195083589962,20.305477817961926,19.23453912191128,27.390458321579757,23.71393942839852,21.646379986386158,20.39113723234354,19.246879667475618,26.7906785266849,23.309727162734234,21.548441678120316,20.416588434664273,19.263906032705933,26.462758294627264,23.329488308806955,21.814597676482954,20.366923912824046,19.13419995218593,25.992975118946134,23.2082866773457,21.801746184905006,20.517453362256802,19.35102625438411,25.786207570097353,23.048543294172383,21.8857658631908,20.583584961111974,19.39028303656887,25.530826067480113,23.01507590533997,21.848612815626687,20.5626223757506,19.385563370499785
25.752428977109275,22.324003945744586,21.338234798775446,20.104189417271293,20.0281948299615,25.0695986390636,23.141705951204354,22.24847361981703,20.462578972233132,19.719417719817045,24.657646213756884,22.288889651583037,22.15758201480545,21.038236837293145,20.56754517316728,26.03856471762874,22.539945864414214,21.004663381788777,19.506709870309198,19.39481379521952,25.682282858208218,22.709955557854226,21.630248452453806,20.20212688979806,19.827662857523713,25.61559450279387,22.620610660747893,21.555976736260604,20.222169589142634,19.631097726704205,25.46788118729802,22.471920069829807,21.492051951383456,20.246496031184904,19.52603763290998,25.87782208859674,22.524157329794793,21.273556720269994,20.057040853567838,19.347139616825878,26.046160003123315,22.67822051740496,21.40303352566038,20.289292658875016,19.338030032590993,25.919436558101324,22.713779929950004,21.33473358866052,20.318758276161,19.271908983604867,26.046351757608857,23.011597136319786,21.48679531750949,20.335470270102594,19.323968940472476,26.109210619913434,23.13891285876775,21.432799253348747,20.27829348176607,19.380478592698715,26.04482844698963,23.2760561935876,21.45972741405739,20.358175618854876,19.347816779311067,26.164910734011045,23.246875635889218,21.55427074771895,20.42301049191493,19.379298055263565,25.843902502577276,23.148124149836853,21.621600044075187,20.558435698825615,19.412763413070856,25.763119507557057,23.072341477706907,21.669743592448732,20.53654833873175,19.421468588436948,25.81921866489539,23.062938995222318,21.6311147099336,20.489116171846188,19.37382277809893,25.66324354142793,23.07090645104418,21.877242982546953,20.496339783999417,19.308839655253355,25.22953853969732,23.0047122461692,21.696458576905304,20.221936358910977,19.11889369571778,25.32800502772459,22.733982745307696,21.741257178247125,20.15579007082284,19.217636500485717,25.28504928682691,22.627335497400036,21.772179638913137,20.15273036858453,19.25575884933847,25.65402640542585,22.618591596387752,21.90704467896094,20.217316776909115,19.285616600501708,25.807411553782988,22.712834799246558,21.820738065685667,20.177328303079065,19.334603250155048,25.905347150592853,22.769574307217248,21.933430828482155,20.29947256294156,19.416086737376947,25.666813533783163,22.944332880795052,21.814836254196308,20.214698561937187,19.361544669348042,25.567253856376105,22.82419788683518,21.503731630691803,20.117999365696953,19.179640788275783,25.07729841582943,22.520321038918567,21.300171668130265,19.976712412031816,19.11957959093306,24.555202626537213,22.25251585469554,21.21059913286374,19.998325464242576,19.086530505942246,24.607712222672127,22.40904805109518,21.209748276184616,20.019319049294854,19.13453411921793,24.85694843234832,22.20433750629596,21.117158016635045,20.067161761040968,18.938046171533365,24.705156624976688,22.25126746890782,21.096219431898223,20.057672924019766,18.949991333944382,24.982563603772412,22.600803368421595,21.238838997036346,20.142517855415786,18.983166420918018,25.663802347788895,22.814358979325373,21.335940384531956,19.987745868725163,18.91950059788287,25.687786791088246,22.622463012298333,21.237982636973097,19.92427457973144,18.98992644676157,25.546041366547332,23.059477602676473,21.3376963136781,19.867349384410378,19.034078425990895,26.19638673562837,23.306543912488735,21.372518944458992,19.949249723024685,19.002866070856193,26.42747759597693,23.326421742456837,21.328103747517616,20.019801919691954,18.965527534215585,25.633509317888514,22.979482567343915,21.150309562322427,19.992108448932967,18.917144290119666,25.47233953704898,23.012205818584718,21.267755647444325,19.946409678022363,18.849752493937352,25.30701372890929,22.70879207130055,21.29771684356773,19.99071272976399,18.854870191745313,24.998596998854257,22.700635491382734,21.381793734270566,20.024437449415878,18.88655925167753,24.894164883093946,22.62605950295434,21.338293368077892,19.96204637380938,18.868546224933436
26.0679434281645,23.13578071521935,22.172250276004288,21.272565098732386,20.55321525504048,26.671621834226997,24.29414939955155,22.416244595383183,20.74468348451966,20.95985437049339,25.078602979587846,22.47745832370772,21.95226361839554,22.209318103884453,21.97665122434186,27.116810122316817,23.358348873921067,20.834550893163883,20.96860443841909,20.2035319224198,26.268490156126212,23.210282551323562,21.788392545808215,21.14411980047533,20.72689889298401,25.90446276864001,23.030866467127176,21.599183514364388,20.951883583181978,20.540367198472417,25.388234715930643,22.550955875052043,21.525035862370817,20.83107352452894,20.14391565982431,25.688976713959413,22.562693850273217,21.32112719509103,20.431406203147297,19.640812652023058,25.642637648060827,22.65831542044179,21.569202049993503,20.381800739379216,19.457806760345324,25.1091589285897,22.726530833207544,21.432369287652868,20.287882881821474,19.364124307297942,25.315546906993717,22.953802962576958,21.50724023835923,20.370132612195825,19.421651226955763,25.46385060750051,23.174690698657628,21.528987614766663,20.56960093918225,19.60566509548693,25.422844900162804,23.22946603808513,21.638593570640907,20.572407219154563,19.64993064130091,25.39589405712522,23.044073200241556,21.668953240091916,20.594723559209047,19.78427796336064,25.43859525779681,22.950946707782315,21.822794350556176,20.837297362465097,19.891090173213634,25.188487183181316,22.79304797268707,21.817629020368635,20.753025552669886,19.776191960275693,25.282822094944954,22.749318272318874,21.760474519603708,20.610630414896622,19.67554171934348,24.96737787036532,22.75221718470266,21.704269139211082,20.691402114938825,19.653760855638485,24.686995036880173,22.70668468265753,21.457211456274102,20.58405557991895,19.60059119255333,24.65405576912765,22.641389661156943,21.54075482701657,20.462538027106792,19.60012280990142,24.823070280236802,22.568105202010383,21.677805207555075,20.42414813093169,19.676897853744055,24.891192262683532,22.59094339145033,21.764364894239424,20.497194938327503,19.78311716255387,25.127012239841672,22.540443816069974,21.69373258020147,20.448913427433574,19.88018777663482,25.125894711697335,22.459162422052223,21.93136820726736,20.531381269128694,19.847558044718667,25.15564605657005,22.480805331429735,21.926082286393306,20.571499806237433,19.78546497195728,25.14342814601855,22.36396832386695,21.679458986604963,20.692187338897913,19.738010862416065,24.771655543549674,22.05172134796801,21.354487584561596,20.595039622675124,19.723631979914664,24.52284655057594,22.063508595280073,21.494018843291936,20.653813064740326,19.774373084632103,24.68250204075458,22.26728553958826,21.383837338048767,20.664820271121197,19.836945327410582,24.95074845723514,21.977828693228798,21.14482516430517,20.707786052641627,19.873508094815794,24.768231165273594,22.14691914889236,21.06538462514354,20.536360515047132,19.909502167974022,25.105591376947316,22.470835423021477,21.24603477165359,20.54409237838437,19.868819409607838,25.57075838932764,22.52184967446528,21.33983873349998,20.56821446257485,19.670529905012206,25.60589192892032,22.431019396818737,21.314849934730688,20.520332891042045,19.64249757183061,25.801483575037743,23.05947955663938,21.33624383711425,20.392000894149607,19.575306456363847,26.611738017054176,23.33949388752896,21.479251061611745,20.516376821453925,19.55873617902018,26.891947973746134,23.419594396550988,21.573272708576223,20.54495716084451,19.55984990629354,26.44724940756775,23.246407494362213,21.464519342246128,20.439423041377758,19.623060527636436,26.429457958376844,23.46790715801442,21.564328769741685,20.349228100074566,19.618124241722796,26.3543391082115,23.306756906525624,21.595305498820153,20.288832058306664,19.802099326306614,25.999769840740207,23.2704473329753,21.517255468683715,20.299869615610046,19.89384041520777,25.924436707399746,23.276052845443168,21.489750442784164,20.341484670030276,19.91909427657547
23.856322061887973,22.729527202472173,20.91087840939513,19.514413903847743,18.832691268655847,25.370371858723495,23.766813786206693,21.758261689063907,19.465712417616245,19.077045762677066,24.527340987651794,21.527068770389494,21.128078947733847,20.176977842238788,19.733037671679003,26.11657241363542,22.9497850960398,20.80064301423345,19.737648247306673,18.772974585086835,25.116495723907406,22.538444884256272,21.216640431522222,19.642310119588693,18.962659414598022,25.12123066932487,22.449138043095505,21.23444596366655,19.597924594456767,18.829719841513942,24.700832265388534,22.012263496339223,21.047614792043255,19.612759532187994,18.599813220274758,24.853456615990254,22.08510616388758,20.823334879622195,19.41566161988153,18.25075144507162,24.73008056200364,22.16540448000638,20.87744818070974,19.3651342574069,18.096263320963043,24.296478835523335,22.346946399024926,20.65061581656203,19.310517449016068,18.05670267201995,24.413248917236885,22.30205083034485,20.631790064717674,19.365457700921365,18.139877971716807,24.549383448736783,22.420880613034065,20.7471292515909,19.477502532322845,18.24922017402354,24.5809539034288,22.51690400538725,20.901046615055385,19.475216864146212,18.258200353705426,24.550817772057417,22.030428678123773,20.983430086341986,19.514945586794855,18.480094569218657,24.601580577039265,22.080738047006633,21.080392336144314,19.740349837755424,18.556839851998195,24.266957127996243,22.012121256638913,21.01671414245136,19.75051643961869,18.438105797087005,24.378172008101984,22.00173450350643,21.01625226776147,19.545337833081003,18.33234452354167,24.308038187213306,21.929348229749934,20.96949412184781,19.68148761576222,18.375904814965736,23.931741135447783,22.031877658206998,20.741189673055413,19.648412077929834,18.175262121429352,23.873761347779844,21.79654341153023,20.79620445787749,19.628966819388815,18.34389517523517,23.956229463126967,21.847768136847687,20.968259441496222,19.6493785228566,18.412840743121823,23.911714836117046,21.801263379918105,21.108205395918432,19.84613498154514,18.556550831666918,23.89354448253051,21.788566741123503,21.13739696592409,19.81642106179576,18.66658889991219,24.01468936423584,21.84195614663368,21.36683738769897,19.886640406899687,18.64186983183466,23.716885906211406,21.821805185187454,21.470703448470214,19.828840367723007,18.470282625190006,23.906923460626587,21.56304439688644,21.41886222686772,19.70693131051778,18.340670136761496,23.85476814303795,21.439353551620222,20.980912738922875,19.512970343172018,18.287653929552885,23.844890542804873,21.477421851457233,21.083371026356044,19.49011280920646,18.27149450698687,24.023298931631935,21.660125656476623,20.92799083494381,19.468262487290097,18.4585919876799,24.580025624467513,21.446492884140792,20.697991432744498,19.503925828619977,18.448717853093154,24.482245362636633,21.724969207705037,20.475163383715902,19.453690933558192,18.523686501435996,24.48329708730172,21.971503598116747,20.639131892286134,19.47268047020102,18.41978573528565,24.72653352176837,21.88984617416623,20.694816352027082,19.502148446179127,18.224437790959577,24.819745331479602,21.77085482756793,20.6756584393744,19.408763275455364,18.062230318029762,24.995499945927016,22.288540631744183,20.71752443711605,19.343650950588213,17.979004774524192,25.52207772997151,22.473231988590385,20.83788296734921,19.55143118261578,17.968272544692518,25.85164004054973,22.396163130467677,21.122237831970512,19.68868370063422,18.05354144317574,25.42922497280435,22.30334463508227,21.17715867297294,19.67451534993248,18.15174981799453,25.3993388177066,22.505652174775335,21.397646604016412,19.64415479411872,18.162392254667985,25.25558058168196,22.41385630337431,21.446356776851875,19.57893781663797,18.354324090269238,25.049790029330968,22.440955524493642,21.530068192680716,19.609599522363517,18.541294162071782,24.903285133625126,22.627561961368027,21.380114425260636,19.520739617856798,18.54118954292599
23.96199262746381,22.571420034557107,19.93158651021516,19.059764546384354,18.04469647503418,25.455415963396256,23.103798614559068,21.310166939809196,18.93096375009827,18.225380703809293,24.318673507110823,20.34594675488251,21.04047930780679,19.501062158476774,18.21979737395002,25.72080888311815,22.36883313558907,20.560656801975963,19.030052480271557,17.92548961008231,24.83553471314371,21.93998804287955,20.803890709669503,19.112469355073916,18.02787071662175,24.83854989821711,21.799209744023145,20.937347695280344,19.097642061070466,17.946000065329876,24.445472303685346,21.300715369990105,20.792665428234365,19.214611522531143,17.873510144916487,24.47657797365549,21.53633437028184,20.65893553645664,19.044949065111314,17.764187327588985,23.963172466310542,21.839176313987238,20.7783490422407,19.04282472096303,17.69586147461432,23.929542670010413,22.127659842374705,20.579159552099775,18.98262451342714,17.68661000624912,23.93344571113848,22.191781201260007,20.622677423401928,18.972752727843122,17.768212463677422,23.993216730693902,22.39220161154889,20.541594500388317,18.9758036310675,17.77833700422182,23.981725464014865,22.599103004107604,20.658015206104512,19.01332568747101,17.777000008964784,24.184654343492433,22.11020402635979,20.657031948761727,19.020107310707825,18.023092955425998,24.133331360126885,22.133435809397717,20.679281121301493,19.26335960332777,18.10828814859473,23.93139533038172,22.028660158603046,20.64464079796704,19.328032808057415,18.00301129537388,24.04348478964015,22.11929608915812,20.79597499682925,19.24746980700056,17.927094811646445,24.200074548227338,22.01054336211303,20.640637347836257,19.368451891386503,17.911137103841586,24.01487474340658,21.93252757107313,20.504488628457956,19.32307277975796,17.6480465926327,23.861627811032694,21.854846297779822,20.685939871455624,19.30894964268615,17.8286472115551,23.81595364913088,21.977656639703696,20.716238707567374,19.36256905100482,17.961633318373764,23.569854184224738,21.854509598503377,20.935517641041958,19.52727577801796,18.12935202454405,23.645101396025307,21.820312563508878,21.093795602079403,19.560706736415135,18.21253781131879,23.979703479484115,22.003352593628833,21.104102131084453,19.63914809187503,18.251422303034406,23.733185911922067,21.812120304073215,21.182539210902615,19.538908176757303,18.033917011802163,23.69063839000509,21.54354619263906,21.20647961227422,19.406005376397296,17.834914587464773,23.718621773296086,21.520825548426302,20.755909868173873,19.199301723458966,17.78594087355099,23.66580783024684,21.54181522410021,20.811026137675878,19.15503821244113,17.842068839582566,23.66293770837671,21.59894043711883,20.7872942519721,19.199797773112344,18.00566956868186,24.094214746961022,21.5653144509858,20.505603227177524,19.161099808531542,17.97981024664527,24.458154802861237,21.72072024513411,20.37493249669908,19.15236854970994,18.031158383438054,24.62864972998951,21.96430248919059,20.52641807918848,19.179630327492777,17.849510281717652,24.648129157554443,21.896493397991456,20.485883102448444,19.167962016535217,17.69445846211548,24.614827351827053,21.81054763475766,20.3579657844609,19.072689326061475,17.550730264742803,24.819227432764357,22.04012076139167,20.409998723196487,19.10389723704694,17.54325555019036,24.897924510912645,22.196659321405598,20.47577866306779,19.22428212043501,17.482192843500496,25.0723144415853,22.08899662163722,20.679078691646588,19.310204276100386,17.620355157290817,24.796672923521964,22.081074847870738,20.771183903875514,19.35872580998517,17.629236525821742,24.807132910498943,22.217227959697702,20.97576695537678,19.350048721381402,17.555639649083208,24.686157725857807,22.127171254834263,20.951892361219144,19.298779434372193,17.68247717542609,24.508191412520986,22.160868848760188,21.08970585667613,19.362269298110693,17.917937416174706,24.283924510794286,22.449483268312008,21.00615995570411,19.254948385018572,17.81530199819371
23.79905904838995,22.433937761415358,20.049290290552822,18.706744560352277,17.782446209468645,25.080732324846977,22.843629345472692,21.37450207950513,18.875636369075693,17.952207772888585,23.280612910444106,21.315694959283487,21.00118641169702,19.034555705470027,17.66090161323235,24.763042242819417,22.103161972820068,20.123877425654,19.06474460509058,17.520539412140444,24.267408375503475,22.03732441319673,20.749594024023928,18.893471445776974,17.683493467971935,24.21840642467714,21.91770506177331,20.804933643402638,18.96363431910901,17.682495748424998,23.888359986577242,21.54376157301463,20.6138043501641,19.020394814586147,17.639595767067643,23.969251634293943,21.528975389351604,20.53031168332796,18.892230763470387,17.614112851274903,23.608140139965997,21.777968129783154,20.6591976392873,18.919013031806095,17.59243384085378,23.680115410309654,22.05981177108677,20.45393285682506,18.958380873365737,17.544287585374676,23.899373579224594,22.01898201366165,20.603484023289774,18.916504941490523,17.495971248257682,24.0137581297129,22.167482180448182,20.424668137883934,18.926533128220317,17.458605168877174,23.947451915737197,22.46376585713238,20.52543754690603,19.01105359761421,17.487306117827906,24.00997562483101,22.210152749185287,20.564221737579977,18.952751656126917,17.715731374546895,23.99579654678646,22.16210988504167,20.5532058789002,19.109425006371772,17.752298029264775,23.88568618763431,22.171118031294696,20.196450633230604,19.193397031410647,17.710926743426093,23.8180116848166,22.204686264354336,20.432173397613038,19.106366948512605,17.706471195663568,24.163784016103797,22.059250347326305,20.27047568140426,19.163008033693714,17.74320772563909,24.07318610096484,21.835979773146516,20.288522332559257,19.18878872402105,17.54397688871243,23.89392959849014,21.650541577883182,20.508176604518486,19.18302130902107,17.852538019328396,23.614950967459812,21.726432929376763,20.641107173026455,19.213882167071827,18.022548246408075,23.585291702304108,21.75072750231238,20.860829421842745,19.44501352950214,18.142528394157065,23.62077507349419,21.713421294316923,21.00675687923183,19.544330638736277,18.117138087793244,23.850561804530265,21.896530687311564,20.964472280190456,19.50891701594181,18.111875143245573,23.546924827247032,21.939321284511813,21.05880093469557,19.456165027371124,17.76583257356135,23.532491832823098,21.70723959949874,21.18625871704261,19.304582008144212,17.577797493334074,23.296522142323315,21.65842143616454,20.856267253761295,19.09407350974466,17.552961227324182,23.192841626488622,21.726456145247802,20.851263281836353,19.011872391591307,17.65568171074431,23.363632389023724,21.728956778659388,20.77481731990331,19.099792876719977,17.780249999554187,23.97189767631846,21.715405145604247,20.50940561826332,18.959146811714977,17.801226507124774,24.252520039806914,21.8500197523207,20.436305010616614,18.964315946740065,17.840045263827086,24.512162306085365,21.935848266750742,20.505447800401715,18.940045344410713,17.67711588831711,24.504089806246,21.866859334407415,20.514545938908583,18.875629267553172,17.551864115673524,24.502285764028187,21.880721046730166,20.472300479951315,18.712544894785744,17.460760578963235,24.51636923952953,21.860863695465547,20.441207386721715,18.76737297131579,17.42867748170376,24.461671818721044,21.950979699817577,20.576131026972014,18.853517415783905,17.40306097608757,24.594244167204675,21.842883400510857,20.780625454166568,19.04584868911085,17.557773775720634,24.345718055792922,21.80686512512579,20.917631866974595,19.182451290950308,17.532737238936086,24.224367690798452,21.855782321527514,20.962477613449188,19.232529227187573,17.429642194792347,23.910522680401044,21.826579055696175,20.999523460285033,19.31476171393756,17.575622526636238,23.86990255559196,21.736790902692213,21.065405425589994,19.419526009970845,17.64751079190902,23.46207067704261,22.048136354311282,20.96813530033004,19.28577737611304,17.502717009435596
23.79306217287973,21.95113904672431,20.093594514897585,18.928069949900063,17.499752001332546,25.0209911061719,22.23531888001103,21.323420652614224,19.14380839057644,17.760779408317305,23.114148475315293,20.97877598924137,20.923943673084228,18.54476209770793,17.4238237551527,24.73893531469805,21.840270343158924,20.29641084214662,19.07786740759805,17.333124725548526,24.18202173396665,21.6277710164836,20.724314101535455,18.914974533458416,17.453168538241595,24.17046377247687,21.645175490174996,20.72579470076652,18.92580158301007,17.56479397288833,23.96666567016458,21.37532695048356,20.53863079272276,18.914072720418297,17.570284481342327,24.1068840295275,21.4698471165757,20.50580682358278,18.921568700560538,17.517969121387452,23.880611054347746,21.695673253245698,20.632189630744186,18.941376138441246,17.468565191804846,24.162308240912573,22.063354931643694,20.44719042896173,18.949782512736608,17.4512996316527,24.279447519695644,21.956634361912784,20.56310226974908,18.973658528714207,17.30478799281439,24.17887190064109,22.07816158526499,20.41796336195221,19.010938303091685,17.26223727066005,24.11916899805717,22.29168769838889,20.439156591563695,19.073596325956867,17.40209556192385,24.14330598861704,22.143840183582547,20.379667184787305,18.954574353298945,17.705172930093223,23.93880797450754,22.05058742161455,20.493582042340044,19.141489742666113,17.790707460646985,23.82673556824816,22.136682892232344,20.11612440528186,19.080595235141804,17.762585784425788,23.71509125096932,22.199887596593033,20.25374579342335,18.91907174991193,17.716868133741976,23.994984867990613,22.068663573250312,20.100288839925003,18.928539532324855,17.663566808192392,23.84120268285782,21.900888212891395,20.083693782796967,18.941806906824343,17.347927473197455,23.56972944983941,21.762140871296044,20.130490529071654,18.925442822067826,17.644316763423937,23.3674772932321,21.661867844847336,20.277562394687333,18.970217332658716,17.793980744263326,23.585650381776908,21.67455108140164,20.503699272704072,19.22462945905926,17.911704290687464,23.692054626756438,21.691140046588092,20.679650786157218,19.325156086443666,17.951015484779425,23.992070979060852,21.813846105511328,20.74694822820431,19.426244123991005,18.03219421607356,23.69647863936291,21.788712641364395,20.852006079303568,19.383474073946623,17.68956098139722,23.585462260134722,21.691762865055153,21.017572396507212,19.295976699602516,17.497390317772233,23.352961252444057,21.64726653778216,20.693987753031383,19.113104160520198,17.504346923513985,23.177313575442042,21.71580188529513,20.722071821093767,19.06226530288946,17.534970377742574,23.306158235718833,21.621607174067655,20.633403248640953,19.078313183146605,17.680703675001574,23.752819939042105,21.664584751462066,20.32190825527897,18.943679201520816,17.723441948043025,24.03466811870053,21.716939061453594,20.336832732664718,18.971782552024848,17.739880645733336,24.129084950737003,21.794596081709535,20.443658562498207,18.976019459803204,17.68160640736017,24.182008938481168,21.858900806017616,20.376983932464675,18.867997222307775,17.559820252942846,24.051150235194296,21.891292455033973,20.279589818171484,18.72377807211115,17.488905733518685,24.379524815272624,21.873001660006185,20.367608272128404,18.749949620463763,17.422263030753314,24.469526568525502,22.019775303311103,20.40089634275035,18.827979162393866,17.428116676665876,24.825609139281074,21.90732633863804,20.592880145402184,19.00665479257979,17.411371110797468,24.414140926156787,21.72595031437718,20.6829492853654,19.176847486779003,17.438046196147518,24.059120341572687,21.734129537842893,20.82383240517765,19.193676431268525,17.31039214846239,23.647764382286528,21.706352467140015,20.822867267709853,19.2840224120799,17.43074653216176,23.54959460044011,21.476868324245785,20.934350279705136,19.402446040259086,17.560070169479538,22.968819482609003,21.752376665282235,20.89035489266012,19.234686024837895,17.46881459850361
24.5835758792647,22.149779856807562,20.448695526630388,19.69703690698827,18.483366820256414,25.79108378250651,22.56816347018399,21.741245995789008,19.80551868432342,18.69425952761142,24.323601796286706,21.4282891133378,21.092149658878686,19.886144154185423,18.86010649802614,24.516896876989986,21.93801931397757,20.76568347934773,19.691036003831602,18.01314537603279,24.82159826673994,21.846514040423745,21.025373679457623,19.71209738591254,18.487193869118876,24.952052754941626,21.922250136327094,21.2159675064131,19.754954454865675,18.551301218798717,24.686567283901113,21.66895183431106,21.04896994046702,19.77064657928948,18.472904266528076,24.664024173796374,21.770357814260628,21.065950924206067,19.655066980349197,18.269985122469034,24.873071429230336,21.999965362849803,21.208862866196064,19.69459765380621,18.23671841293707,25.20839289824019,22.438098853320376,21.265843949293732,19.664633564058597,18.16694850742342,25.155623206138383,22.326559831770012,21.242407994943107,19.67541293242618,18.06561962496534,25.322111634987966,22.525656247049994,21.293707505935373,19.710621536503663,18.06565166413314,25.51054915158283,22.632860490094455,21.304116781409885,19.786383885242454,18.212910441680272,25.314369572984408,22.538551351585596,21.206117380708125,19.681855708609838,18.467682375228357,25.0534166789161,22.497353818438405,21.199697514474266,19.92826096143374,18.61950417521108,24.774101417477247,22.59300434286674,21.074323921455537,19.82868276482198,18.605028950237454,24.5245034722489,22.58593596853594,21.014995546442194,19.645518880473425,18.551034285803777,24.570509544814126,22.542748445455388,20.889667539043252,19.65301062516533,18.467430277234012,24.524765530253724,22.342185481713763,20.859872116309447,19.651660727868585,18.16834134456524,24.324841849109635,22.189337117033002,20.70690942212488,19.56868273295614,18.331533657901907,24.49925736347245,21.99811164914922,20.59252439209512,19.662508505791315,18.409821291554486,24.697501941370366,22.04083634186133,20.764318155621616,19.89591262979103,18.48703184452909,24.77987428925155,22.04627259774682,20.980918412198456,19.997112300326457,18.573466593499827,24.90848173953806,22.195271490036586,21.12960915145795,20.10822830129414,18.724866189818634,24.68549626689475,22.187436834979444,21.241299918333585,20.08593991951871,18.479910876135875,24.483981886860445,22.237976190920257,21.33359781286703,19.918898603071597,18.325827486094216,24.13329525871011,22.12174881912577,21.06095108066186,19.758202696999827,18.35538646981492,23.924664468002042,22.163958125966182,21.045454281147084,19.706101257348568,18.367202826390578,24.130566536475484,22.12587357861451,20.951771421714483,19.733451937742558,18.47480817684663,24.464146612138727,22.02591839105356,20.75858937931942,19.627053333490352,18.44352397121363,24.53657787228327,21.981097232505235,20.78887569753207,19.64934582642946,18.422169879430278,24.740024626431413,22.15759309849181,20.939155084195455,19.664584829421084,18.493679382656648,24.91248069686189,22.361913924829985,20.871919761895903,19.483468132039075,18.37602702137363,24.68620811977886,22.39686543770177,20.728452987929085,19.372345747337526,18.28530167078023,25.096068329586725,22.517004615917696,20.878425473265004,19.358091394589998,18.254059517166866,25.6676408076441,22.912215742963436,21.154410793528328,19.51918156856336,18.51373268205175,26.24340532459437,22.742933595245255,21.284213380354412,19.589826329700394,18.37176234321702,25.726905093884955,22.39477644719064,21.10901984512983,19.708242854422554,18.4024802814198,25.446605000733836,22.348865276443224,21.289947892647795,19.709406306233966,18.283782008862033,25.029950493753443,22.2964891081613,21.271037361543463,19.84067454739883,18.402046881077478,24.56050527739067,21.80911888458722,21.105207384029477,19.861106203173883,18.26625464540326,24.026893422498894,21.98045732668573,20.999987840236724,19.82481332648624,18.257102549217528
25.26589288803641,22.59846450196107,20.94867620020042,20.59545091742574,19.690926531385948,26.80767678779812,22.69633011081633,22.46325660529449,20.74008956180619,19.541190854502776,25.584786032693493,21.84163167147347,21.431660659943617,21.39847115990171,20.89475525655004,25.422303753790693,22.64481299876515,20.885806961806193,20.176610016699307,18.917251325407673,25.733480903092225,22.46980189425494,21.479612719681832,20.6017864647092,19.77645347207624,25.637311111097716,22.404698372694583,21.59812728893216,20.512805286714777,19.72401732123073,25.30108254009334,22.217349638243125,21.441124482344787,20.48839092884121,19.665808193414644,25.149104790740022,22.36820837834617,21.49955983923196,20.213875205851984,19.23566475816287,25.58003214811429,22.662241850014215,21.676446982195586,20.251081745213074,19.23908358779402,25.917581564113085,22.90280042718157,21.694720506786766,20.18320094654892,19.09330280600475,26.111394948313727,22.9929388444475,21.777005523344947,20.25601127685058,19.04923859323994,26.33650490779193,23.28679806401776,21.801781777055744,20.259633962361093,19.13034998327596,26.54519971655939,23.37436238343828,21.829338129411163,20.28641962140464,19.275958603684437,26.265716308133836,23.10223324551821,21.681821101749364,20.276397915635066,19.49271510225513,26.04258582597314,23.0947636671351,21.726679982678927,20.57729190221133,19.651061785565638,25.826471650821382,23.133543188966385,21.661821174770107,20.514355150144645,19.67737166748075,25.722685445293443,22.96953189573562,21.561955246256577,20.420945194500533,19.60027399698871,25.712476449281787,22.93317911214501,21.51314338596385,20.465482710431804,19.502394429167232,25.603959679826936,22.85129631304779,21.602751434107862,20.438666066601975,19.302415703209377,25.486164618522345,22.723218034181844,21.3650532448509,20.357160371713324,19.373652273976774,25.620616944030417,22.506628820053415,21.190226638464036,20.508414921500865,19.438438769143666,25.670314749120497,22.635046426545966,21.377055458630334,20.679881742046405,19.48087514572859,25.685328684651914,22.65937104064107,21.476128199843465,20.76971851028912,19.5766600571244,25.6629387477534,22.7643025098257,21.611093801776693,20.85548328910815,19.726437473768836,25.564587623285167,22.740295430036237,21.647665254756006,20.805122115647233,19.564940851709142,25.49579126078782,22.90380625139238,21.760773576806354,20.541169247861493,19.4603964545989,25.01412074891742,22.675997152141996,21.512839275746572,20.350336266713537,19.395623458440504,24.81503245755751,22.58076503941138,21.487907089536936,20.307742893117997,19.46133884371487,25.06971969292169,22.628505395630228,21.41611554218219,20.381067718305875,19.483019869539966,25.168433357275973,22.39485979251853,21.390528558250015,20.305859298427134,19.45081313442578,24.9960260061239,22.140676540333523,21.34996344018199,20.32842727918318,19.308350719497167,25.445094443997558,22.514855620265624,21.516877053543446,20.365452235677463,19.42388055401806,25.7956985008398,22.840208889454466,21.454118743325136,20.12199710060156,19.281362856973253,25.760524378516994,22.771949783922327,21.254342697263354,19.953975422559324,19.164372629389042,26.191641255638757,23.098334482966752,21.439038937243303,19.86950282030002,19.014490121390715,26.692355012023437,23.455976262576986,21.51598977233445,19.899776330835046,19.170514805260435,26.942793015988702,23.289068213547985,21.39480985864084,19.908932180052265,19.058132113579163,26.43251667621833,22.92982835854145,21.108390217988312,20.031260856206583,19.073444088838123,26.14860555578012,22.88285778546531,21.37425188432517,20.043636902442852,19.003929730495724,25.830166076470153,22.753398597787694,21.2183637523001,20.243224205622603,19.217787039944934,25.715129844519385,22.48598270392543,21.22023302504757,20.33797005679132,19.227402418600054,25.523920133904234,22.38677399609292,21.29542638070499,20.383359058553456,19.22660149639172
25.8970876003928,22.958869765091716,21.125265208397426,20.771191445011322,19.779120057680146,27.76117938724778,23.564464118645827,23.078304553485147,21.111289800011622,19.385803535041422,27.019976594355235,22.51259329105895,22.49358423091305,21.476510503624073,20.38996205726464,26.148151968639933,23.315219393895106,21.53575300221175,20.567982452757004,19.396621890971687,26.60181164072548,23.154310918419895,21.959104716908534,20.779313124709823,19.624785704642584,26.73218823929728,23.08052441086089,21.906580521292902,20.67526328772248,19.45831190661591,26.18544235109955,22.77009989535434,21.6778487250751,20.550630866653258,19.469650297925913,25.67748023903713,22.841641154478637,21.572872260797492,20.268239598857622,19.265298757912085,26.05001804518555,22.956698548411595,21.76550915554162,20.256273047654552,19.27767256043845,26.31800404465278,23.036297073627576,21.912302041714028,20.311611052631132,19.323061630396865,26.241408279442112,23.099758596978624,22.163667526691302,20.313723149801337,19.379487597563433,26.645227608136132,23.43691743363023,22.200814896184067,20.304390938160346,19.408257927448624,27.209481985713666,23.58890215442232,22.24898724185678,20.3596822254992,19.475641495925863,26.762051339992098,23.443311501797282,22.096159061692173,20.265354896075486,19.619135258632156,26.679335861226257,23.377669591931905,22.17403957630217,20.504756094638758,19.844408273721786,26.409483158211316,23.292613631751344,22.083253491762456,20.49439404291464,19.905673517020205,26.368316441494443,23.220410111782677,22.068648018551446,20.48073572456989,19.92321176975625,26.014233753659987,23.18651285042683,22.092956992754228,20.47458512807497,19.862460669086552,26.14971646202178,23.141398634852624,22.132270207222508,20.519493561562673,19.68579051145813,25.974121391904454,23.078793032989402,21.850223884687164,20.478494408296815,19.73680585680463,26.220318543513553,23.05915641195032,21.804459609772643,20.675906917814235,19.779196226732857,26.155600752957717,23.081243683031452,22.007724126808885,20.84687072701263,19.81795803347117,26.04732487105291,23.055431218204706,22.000440779753667,20.991089079389365,19.84563847537744,26.020181782189773,23.06792243356783,22.04358109525892,21.155007084491793,19.985140395880215,25.924258455939757,23.105015991544185,22.038918121590314,21.075586866204613,19.778223316139893,25.75468371934385,23.29403039004929,22.13663471552407,20.947360017337132,19.59941997618544,25.211586938205116,22.98069422216461,21.79972842284987,20.720508934865972,19.41157632485465,25.3131284158262,22.79795610892723,21.791496806111713,20.66416053495327,19.386492217868152,25.39960003416966,22.91446160427571,21.69959173244257,20.548331782210347,19.36674284805286,25.40708575302334,22.41499061357792,21.699957044778674,20.53791643909212,19.218663000176786,25.278583842566498,22.15092985557596,21.5868347510554,20.44069811265431,19.307250912326417,25.944599247833914,22.688409243746385,21.593279685660658,20.46587632120067,19.540774256354545,26.29694628595314,23.07485497944844,21.556164000980452,20.304283196254353,19.547742477430823,26.42516463121069,23.033832194915426,21.499516862955705,20.310412593897613,19.483625318582938,26.93055940044585,23.648945539685563,21.601414753428635,20.169046190277975,19.611958184021535,27.48627512501322,24.013372997531874,21.632273387359938,20.212444545687283,19.63194919499435,27.583302590856427,23.873054981488064,21.683751365899674,20.28774452107448,19.61322531674005,27.123601215746227,23.535860678995274,21.305729441155783,20.395704945136025,19.62180420569701,26.874047784100668,23.575491678589707,21.47449985147632,20.36203914123834,19.627572587951747,26.599716868906263,23.38742861158945,21.484091050472635,20.46566086144697,19.597224118245116,26.485818905283004,23.173938891928504,21.53817910140045,20.600541460264232,19.568623123699606,26.395631062239296,22.93619368640894,21.590867930021496,20.578227251303055,19.51611962139163
25.737819012413205,22.386977904224988,21.354529689481886,20.146462879206087,20.038769971388398,25.048179714113516,23.145910925286618,22.200084311951898,20.488648621592617,19.74207162096539,24.650827523483077,22.338337110842225,22.19080713571491,21.050091751044935,20.643349762566444,26.023475829297084,22.539421832633987,21.082678917024637,19.600240529056773,19.459153435035493,25.66839921112255,22.739606520581773,21.634228037391363,20.23737044169905,19.86014721647058,25.611196602223743,22.62451226704931,21.557378600158636,20.25899670033713,19.66072547135374,25.472004099064613,22.463512982690908,21.50765700581583,20.2732588238272,19.55286856017505,25.881225660710108,22.499507670727112,21.284358506772527,20.079112493969483,19.362995959776555,26.04637822934177,22.65918484315035,21.39942544719751,20.2967583883389,19.35003719496858,25.923829286927052,22.68047006714242,21.342393829491254,20.328815140129752,19.300284130220696,26.043512824497633,22.983217684229118,21.48440899097974,20.33540667539463,19.37340482096671,26.099653199630485,23.123011251305456,21.432804759005045,20.283190416121215,19.430018143114374,26.037659860704526,23.26659591233041,21.456125513028248,20.372700810273745,19.408873936936324,26.16164817089026,23.22666684982736,21.550859939090504,20.43885127300903,19.43695291341285,25.835370502312678,23.141397723301754,21.60782231262421,20.565581217697737,19.465162885553354,25.75142274410381,23.074465939576815,21.661994677367904,20.545687466633293,19.455912496773703,25.815215285976855,23.061979368957246,21.620187704704595,20.50145752434118,19.407507938872346,25.660445068188512,23.076422467814243,21.87423051265897,20.506945553501048,19.332993042165036,25.225883848983763,23.019605278292694,21.68870696079817,20.237411333965362,19.1404119480953,25.323100440023488,22.75489290050661,21.738916840153795,20.172056726327128,19.230019891947947,25.286832238049804,22.65046555601743,21.769188704661097,20.166478157089728,19.27000667420455,25.6488790263586,22.64287469684721,21.904614733896203,20.232508025656536,19.301909537553634,25.801076166861595,22.735720573577055,21.815186572514644,20.193989277918952,19.35258044781168,25.90464715619832,22.796034769275334,21.930728502040502,20.305747225900614,19.43718324604854,25.670980739768726,22.958961395263497,21.811900505674224,20.22164902217668,19.388488186835588,25.568865505764922,22.85471717858656,21.48535788257925,20.13003253728508,19.208672624030754,25.078814972806743,22.56067645765139,21.287003426360315,19.982438011711185,19.15574163021218,24.54677233565659,22.284419248302495,21.19054984140266,19.994495939829733,19.117424238228438,24.594419133229927,22.433031735977742,21.192772797709324,20.008147656575588,19.144942227243142,24.84292883864208,22.22987674664808,21.087875896659035,20.068251730435655,18.93942306273374,24.693627510759192,22.257828073038148,21.083944370020014,20.065526093725204,18.954047720406066,24.973313193488252,22.60119550692089,21.222793961685948,20.151003386990034,18.975339240200206,25.664014113407195,22.81166838457843,21.324135877701032,20.00437692894742,18.907368382247572,25.689495809583747,22.611572898749504,21.218496974788586,19.95359977168814,18.99737707077339,25.549729255893833,23.044266500684053,21.34554611581523,19.887132828310513,19.0565806089137,26.19471188368174,23.29005635165809,21.386084245553555,19.966473250824663,19.02994430899926,26.42474683923291,23.303734301419507,21.337420511613086,20.038246941211927,18.993028940124674,25.63562029600314,22.943797159888742,21.155074677953046,20.001503398114643,18.942163481284034,25.472052066336282,22.984722432175207,21.288943581230182,19.955610468485524,18.8673622524362,25.30259667319104,22.678999610457822,21.316658805074013,20.0090078094054,18.856660461812474,24.99411406393284,22.675330238617704,21.407622769462222,20.03595531210573,18.895013481223927,24.887653439768183,22.602036158159514,21.353992500916473,19.986659223053334,18.884966478159857
24.531025311295476,22.542830829553882,21.15392008300339,20.028494606821493,19.768640868530255,24.919952196146593,23.23488447874164,22.037155891313887,19.9162224454011,19.344669740902543,24.585052355522595,22.32554052282735,21.790142475134836,20.538529379609248,19.755604644027944,25.639717291401908,22.348615181376257,20.431233166720453,20.16964274572004,19.396569802839924,25.162269800219295,22.554729118684484,21.383448246472067,20.058132991087533,19.520607387880993,25.077756431683103,22.287629449662923,21.336973987922452,20.011342252215197,19.412608761037273,24.734693897320717,22.032196018071964,21.229089893017214,19.959639059190025,19.36906021414509,24.97117618014878,21.909175052507976,20.82299484035506,19.845003203275162,19.26184255038837,25.225755903937333,22.01448035994998,21.012373319596293,19.81158519777993,19.17936147484272,24.885322570743682,22.097436838858908,20.924671076936086,19.78266287253266,19.053143444394856,25.150462769740212,22.379730065147395,21.035900380296066,19.740724085682185,19.058703609275252,25.277475638780977,22.390897018521077,21.08408464100777,19.92623838384433,19.186730586450324,25.40174193525458,22.58454723709965,21.264517907576657,19.836101573831282,19.236252691735228,25.32428972959803,22.495610248198584,21.343710961069583,20.026175865700026,19.41280476721925,25.12759808344955,22.29607255535459,21.367655282296063,20.268415376605294,19.760123325018224,24.861936794978696,22.241642303960507,21.34520726815341,20.35314212915525,19.809993032162,25.018548026719632,22.299756834541128,21.349697480652566,20.282682373173223,19.726758611441305,24.647650290533367,22.18740263275766,21.453367717007943,20.477616530704644,19.851917496820423,24.313995408737757,22.253553331004024,21.225405623563336,20.263595634060678,19.75431733548808,24.52393905129312,22.2734784139402,21.210802847731102,20.141260063037382,19.56746871122132,24.569764541759064,22.108699429172272,21.286957016424015,20.097070922216847,19.48791384231883,24.767231957788272,22.16897021106336,21.295344036557594,20.138394310381774,19.508726397697906,24.898696560964986,22.327567801976127,21.26179907590643,20.038493503721078,19.479783804186535,24.911899785187632,22.229934630566135,21.516518591457707,20.149181965800878,19.520793994857858,24.73369606678049,22.283768266787707,21.60695209649321,20.26757463711676,19.65550383089536,24.77277355533285,22.22496948650625,21.38097632595082,20.35086486093939,19.696943443868896,24.367690003256243,22.007142112090115,21.04098068506461,20.211552753100886,19.718934502971315,24.164569506359815,21.78811358873074,21.104549854381705,20.305350069457255,19.763162254526144,24.221314143676256,21.945392677291295,20.935419089197513,20.25610765026851,19.846268295953294,24.507894532874715,21.56751011964984,20.693134829754495,20.24660884234107,19.773287588941518,24.321890081677026,21.676635756012764,20.617292275019032,20.072244160591175,19.79962487027886,24.522177362660706,21.863312279420274,20.84375196053181,20.13470218288756,19.823890349399772,24.86894093013976,22.104900398553173,20.9591946129446,20.100038479084425,19.625435453372006,24.86001459965138,21.996093609524397,21.03034187022091,20.02456718634955,19.533830269183113,24.841856867486584,22.64419362783576,21.19769122264764,19.91143856156877,19.52700798539645,25.524783646762945,22.88393330015908,21.310496632703302,20.069684345295286,19.453548329246722,25.93512293922509,22.97572943632759,21.412711326372552,20.134471379980845,19.35597104903477,25.697388351016855,22.584920317289626,21.251408404515473,20.058208951863293,19.4325135556496,25.693237316858603,22.709100481877577,21.32709660611212,20.059400016891125,19.585317711361913,25.54086341680344,22.469618685446044,21.187959813544815,19.998871956816757,19.761520868211022,25.186524120378657,22.4912206109505,21.186954985852417,20.004890670688162,19.867013816137842,25.08627521273079,22.468039086050887,21.18077354847572,19.96343916149454,19.85397777611681
24.38168772665318,22.492571410802697,20.35221872873654,18.91558285431373,18.165662425705502,24.645497623791616,22.514545393441647,20.999820789744515,18.75557415535087,18.406126995914306,24.182015715792026,21.32835065951091,20.926894528542082,19.28834310944592,18.44155132515435,25.1854295177765,22.429001898215496,20.181148380807993,19.262989748526373,18.22013483378278,24.589240110455442,22.010007412937775,20.74829774117743,19.030201985710068,18.17251356892,24.361568420361408,21.759760339217465,20.722478300675938,19.0891323226685,18.099343444609396,24.130630955119273,21.42253093640918,20.7563663737008,19.195265564117108,17.97874474236121,24.225458521697995,21.480194830873206,20.508259490468333,19.137453330600902,17.81443560936738,24.232456296545003,21.51396670567248,20.574183001295665,19.146838061252687,17.7223003715006,24.111458146975934,21.57058355252183,20.29821530751855,19.07723833229698,17.72899266305891,24.37910118881928,21.744203869568295,20.2785950302378,19.022796665163508,17.77418971668954,24.428358193853562,21.93006103396558,20.2218643081279,19.049813452984434,17.784280679649207,24.528405172515033,21.988836810475718,20.395254045280904,19.02347090211203,17.77343739888491,24.42622315518323,21.60229969905925,20.539857299575875,19.01091254877789,17.856451388324892,24.307613391988774,21.649394690497004,20.71550019583284,19.232169557719153,17.935759523982547,23.886423644623825,21.416215482425372,20.815279192850813,19.31757582380224,17.902253352167246,23.94577518976335,21.462575655028903,20.832903584993684,19.21891857964221,17.868793173393755,23.71247392645957,21.35456543119509,20.850906725277014,19.33569380423639,17.94042230212107,23.486658563751952,21.50908153121096,20.616263844095574,19.29473891385087,17.877756320780076,23.68651394222715,21.48647238298715,20.492220511605076,19.21856639226842,17.936573057034323,23.81491954020678,21.509969870768536,20.73090098668344,19.16086078229906,17.88740185489811,23.802273614967206,21.46095978293343,20.757968386384977,19.27556743838421,17.998310668182043,23.9137432245373,21.649041259384333,20.69135103320354,19.243130961130458,18.033734008918138,23.857339247927772,21.69410641298928,21.063911069296754,19.37663847452115,17.988947327061858,23.741361037358338,21.574902951013883,21.35726295392275,19.42107802553968,17.948961890224496,24.02610072662811,21.43449972503216,21.127949934741554,19.391272626628925,17.914368688783565,23.737431894762032,21.440788854989414,20.879569776027974,19.24158070944762,17.832820999305543,23.493441725099622,21.31041241656148,20.904497169727478,19.201119429572806,17.835663616668487,23.719067176925932,21.3984749421407,20.672658283599,19.02180164825573,17.92838953750068,23.85082914966352,21.232463879557578,20.3608669718162,19.041771887821504,17.8640470519352,23.419756533908647,21.501191334169103,20.207251008846633,18.880904815599283,17.954562384850455,23.703633149856977,21.539099402299865,20.317126901447004,18.874007045217088,17.985334725020834,24.00953839804169,21.550680430672447,20.523495526067443,18.94090998957399,17.92164921663874,24.09824279059868,21.45647136843263,20.460333275092797,18.970069839333576,17.77995875045897,24.10885720179802,21.896180066664922,20.517011500319747,18.82965227544873,17.75599986034901,24.83948569159,21.96870131723595,20.607580462802204,19.06301752222062,17.631266312250148,25.15403455535521,21.981899988046944,20.984705104321396,19.21255881017384,17.641927486056492,25.047897815696544,21.783936885952738,20.90738672602613,19.1558289711022,17.676685295297084,24.932724492073497,21.920809559052625,21.1145552786,19.111871282474546,17.797384978193453,24.77914098074891,21.74776934423631,21.07405754096738,19.07091685740196,17.970152536569763,24.43269512340068,21.788466582283338,21.20711604479606,19.101675679410327,18.120777147338636,24.20081139648655,21.794866402187726,21.05085482514825,19.07832856120446,18.117013053048037
23.28705642618154,21.980913987791087,19.179829424127494,18.61016147320404,17.774093473528982,23.663771377490026,21.15613937814831,19.761652373230387,18.231368865200437,17.58488976700198,26.03059426278433,21.245606916134975,20.374738015960233,18.623649281644962,17.455669894281847,24.25043945947801,21.698970255480532,20.04759970934051,18.307844579211725,17.713159857564555,24.10069594591564,21.44184218666651,19.952310811481247,18.399161313586355,17.54360840368627,24.04843391815505,21.20839998959745,20.14531019499832,18.41775856307696,17.3949662338758,23.9203144942825,21.133959366375493,20.195734648852024,18.422014837844262,17.256522779710156,23.661092379418044,21.068151172306717,19.84745758973359,18.343639399131156,17.187575981251076,23.508294173500232,21.18544784438217,19.79166636191393,18.447110020994398,17.087793860302334,23.56681576206497,21.260690331291805,19.681517636948513,18.491578281054494,17.129378484565102,23.526980594084158,21.31934569318397,19.58513363119433,18.423107568260086,17.222991342135963,23.29520285156634,21.38283980685852,19.483371970205788,18.511670634974582,17.307382988720658,22.86707634499483,21.57035789697531,19.742957393614567,18.456669782574107,17.31787844055029,22.837679643512796,21.296862854957524,19.706915203397152,18.45272832259966,17.47408483291472,22.792165961291065,21.257225177710026,19.63655899980126,18.593650953826387,17.484684903616532,22.630623954990575,21.121189211656926,19.578676539125418,18.67419569791242,17.43254119801844,23.00903221908434,21.028367664606915,19.74864673290633,18.57138678891849,17.38923038173636,23.1419510433769,20.681842415035106,19.631817386802076,18.72735069310179,17.418605069288123,23.16595960146291,20.494390274089362,19.723211960166715,18.64699172039832,17.175629565593724,23.191746430311277,20.48622984380998,19.816740049612996,18.632062527063077,17.29539508757046,23.356654585035216,20.569143910174915,20.093452262573766,18.536562476898897,17.31776319074309,23.21807594982749,20.526093569221196,20.200292712959364,18.726834057069887,17.434271924175516,23.264256883174156,20.602143589110433,20.34597967096622,18.74626735276895,17.428114584640888,23.233948611744914,20.75133729507613,20.39383721114792,18.817658354458814,17.48045338126341,22.819079663516526,20.601732588169998,20.535359603651898,18.719352329690253,17.37426431526394,22.65296772886901,20.173124418616997,20.451930570798805,18.641827699192778,17.29895683897613,22.375189706609344,20.05651571459918,20.094549539210327,18.44245850794406,17.189800067024095,22.51628958568812,20.269974729718832,20.03805962180773,18.3322179884087,17.233133172581528,22.625438214594602,20.23745643216663,19.851693155178907,18.323000042488236,17.343592103143642,23.229331297189088,20.314369375364656,19.62154229534035,18.33532315044612,17.281210113951428,23.53963755267456,20.630210514557948,19.237498011206494,18.268886391163342,17.355980955728334,23.81689347494821,20.85308321513883,19.311057246396132,18.272782754003014,17.312069495350087,23.806495496155755,20.69016752259722,19.42671445738574,18.27438552312968,17.192780115671166,23.643309890307382,20.732185525385034,19.39283925229098,18.23081197354258,17.16382410899621,23.99180516763056,20.855729683320057,19.376182236976994,18.155573000989268,17.155568701044658,24.085843488240567,20.94526070651555,19.51075504048851,18.36385477641861,17.09190478082584,24.296927157075718,20.708352995136757,19.77059425165485,18.4526459639521,17.12769673425419,23.94930013239453,20.63069122037256,19.751558588534014,18.437648322084563,17.055456545856053,24.102499534560895,20.68245934843221,19.88905359493247,18.40323532837023,17.015989283990955,23.537368532730515,20.568384839072632,19.968162515119857,18.39109355059765,17.063604246727024,23.462291398692095,20.645885173109143,20.201392589990103,18.40988020366253,17.12084801059631,23.165430110122905,21.13008535450888,20.181922975784882,18.42476669019146,17.1347952323024
15.80299627677978,14.772856070482389,13.887939361402912,13.353233285937995,12.618635419040077,15.478409247756277,15.016614266864677,13.801527432139721,13.61450418546378,12.963268889527695,16.02382379460267,13.467689568828806,13.889826527672346,13.115718690548965,12.838026742017794,16.006210437992642,13.735634154527695,13.82548564844525,13.374660106470918,12.3888454872003,15.848542427354491,14.42447083295317,13.850809442245316,13.350803731958939,12.685796576582353,15.943693480729374,14.47198668045625,13.84248661294354,13.34074084778214,12.660525751972466,15.942576521785366,14.165838252348172,13.762554748012949,13.290319347471259,12.630933776833889,15.633862615446162,14.368651099028682,13.815263438019082,13.344190498740272,12.637755634235885,15.240413298135072,14.483838246092025,13.705038671482782,13.327125457473745,12.788641784926027,15.096633276041677,14.596846962213078,13.67034213834134,13.316390628430096,12.903695387541527,14.708662910605875,14.567380099177067,13.620812924348382,13.29977974508615,12.915244022625851,14.72690673276883,14.723231532225793,13.407532458705452,13.284569756887995,12.926662187622227,15.212838482929604,14.689762579441481,13.33289469811371,13.272354130542533,12.883882292518944,15.440242040865083,14.691976425873023,13.375813108037809,13.275513917708773,12.886746089147525,15.595575158941665,14.379787586903614,13.274383562934716,13.277189818219473,12.806303220087264,15.872800453723418,14.227451503857202,13.404328149957824,13.313446392771379,12.807488221000252,15.736140127402312,14.376688112360927,13.649348130023807,13.252522458450485,12.810442575029763,15.569726663604925,14.3556943760782,13.668522799391301,13.313455445196604,12.93869757881556,15.556950137270272,14.257367686797327,13.847124589971642,13.382497007152915,12.922387978668192,15.526380436205613,14.353243043378933,14.013071954403902,13.372760740750161,12.908765074496788,15.607890928880332,14.368050933881417,13.93010419602523,13.348028992024103,12.935383103520786,15.86140775937812,14.261045676866193,13.845057024161898,13.431142298973962,13.00113474974738,15.71032448264007,14.133250764637946,13.813251909369493,13.29790506314248,12.949983832658537,16.00993530332567,14.29346471068862,13.634701996491714,13.17696499219789,12.919786650501177,15.856909561689482,14.093842778923028,13.622665515583057,13.122225659000753,12.91778762890759,15.7162890948172,14.059807209341708,13.619968692744115,13.073749926334326,12.89865923060104,15.763647617182475,14.160662942032042,13.823088187041893,13.133629272429342,12.874545559922243,15.942281676043455,14.330325368576473,13.93080360714983,13.143249963028135,12.821718263601735,15.86515203852725,14.218102516155671,14.076801878327098,13.201763845038034,12.837963592607537,16.022971565776384,14.420089999253719,14.089369932383164,13.289545868124325,12.90206670639419,16.047812089181164,14.591563435886908,14.051504633048243,13.349967528466516,12.848722080061236,15.935431368188398,14.552385968893805,14.004972683986836,13.303406968908206,12.90264236739217,15.651334471178117,14.475490757478813,13.838694414996073,13.354034673205234,12.93949914769505,15.448868465793538,14.528372275892135,13.714797214563387,13.366638021720409,12.91578154437586,15.418756900657645,14.278054044981644,13.586297997408533,13.365164906844806,12.88851947744134,15.454708498480098,14.210129084608422,13.693003846672294,13.37624929843193,13.045559035676558,15.566693358519416,14.098320438016867,13.740625291777459,13.409574391973965,12.918539358380016,15.884245828649853,14.189688515108012,13.900012069672925,13.389159792711268,12.935669322777088,16.120714661650958,14.16054523439156,13.706869532378352,13.324086117578517,12.931750883795587,16.194935520896095,14.32275885738066,13.752960778520844,13.327844102321913,12.992075352207369,16.320441049740886,14.45007906916761,13.562089070002127,13.337181499205991,12.910205174863233,16.153151408602238,14.33632753392476,13.597924902013034,13.162372401208605,12.896840754579433
22.791500418999284,21.19878921830117,19.569974055297134,18.58658448381086,17.097548730446483,23.058994914866485,20.98806217314968,19.817189596298473,18.294115764568776,16.890109431397843,23.01931607302982,20.64111169124985,20.362423612480658,17.873868846331114,16.91807473206126,22.043604435272776,20.873631176046505,19.48426982917058,18.41638938353762,16.81673558276075,22.76648582359319,20.692854379176723,19.870450097700907,18.241803081072078,16.917025288433972,22.40987312234065,20.562806785107647,19.865640114635916,18.1795111527485,16.907197129941782,22.482195997609473,20.59375213088701,19.783646918198126,18.290635632459505,16.958029592119637,22.458704958583006,20.574966435846733,19.613187182931675,18.367900495350888,16.887670514961872,22.978224254155727,20.65491510002073,19.791037378243367,18.410570127466087,16.87822924593764,23.33077150047101,21.01748718928354,19.6821856573063,18.464281612283823,16.8324710079146,23.66864576888009,21.016296381260695,19.6992343067111,18.47379837062954,16.73732577788503,23.789470620159165,20.982031695423487,19.661141620264384,18.37057909225687,16.694194575347062,23.920563206891963,21.137690873703633,19.642769835096843,18.394205888762777,16.810861990076713,23.463053823045424,21.08465076354388,19.581989505725232,18.308861269427787,17.00252387741591,23.208249976615527,21.049491189631162,19.670691524026754,18.384555262100783,17.015824712114473,23.293116595259782,21.207291668376453,19.57299150198794,18.310743140032592,17.111761703602657,23.148617394585756,21.2796665977016,19.668669707323108,18.310949987749446,17.090081910759483,23.26803148439225,21.157523676753918,19.723271342070188,18.311456971940988,17.048518811915176,23.55590159277026,21.204678641765504,19.64775932199127,18.352079707319458,16.87184048162971,23.39606710338149,21.079734875213656,19.54264186345133,18.412346789076437,17.18805401014701,23.474689335763465,20.910462025138976,19.592959793454167,18.56049707868822,17.198371410586414,23.420998867152797,20.782078704207436,19.617661718234096,18.65543637469336,17.25621532811952,23.558362180756667,20.837650898040568,19.75266120627002,18.801192462502968,17.284386407538317,23.501356708133,20.8241818251254,19.821635647137857,18.830856649744725,17.289031310567346,23.318983321528243,20.901334299144132,19.96017015235426,18.751294049257844,17.031004907920845,22.989817133416278,20.76748356392472,19.88755819648176,18.568149835320277,17.01497265747914,22.531016136249093,20.74596525719634,19.74244940109662,18.47470149676703,17.008282704332693,22.042203253464237,20.725846201303405,19.594949376256217,18.33064372965069,17.03672879551008,22.231679949561535,20.406226200455606,19.48739077411802,18.396614289922866,17.07917673151308,22.692365463421293,20.378035950615175,19.284207898056433,18.334399517930102,17.08836686917398,22.830403511643485,20.455625652535794,19.371088541674133,18.381732814415706,17.00278016691139,23.211706536343634,20.576937190011893,19.536340445300986,18.306958051392517,17.029492204078956,23.49362617146845,20.76934748073583,19.576243923645514,18.24785414760418,16.84291999713932,23.376980997299203,20.997570075669852,19.583298133359197,18.125772102123285,16.794541125988285,23.41559203194574,21.033519701427544,19.594895238581024,18.143862802620113,16.77326910893828,23.453349757402354,21.249047260055285,19.594761060768104,18.18066037537635,16.77001448325364,23.615687756814886,21.21180241423072,19.69829549210096,18.301626250770624,16.66006353019081,23.08430027380128,21.07872083256071,19.669798977342417,18.391418923718625,16.768847180882315,22.80498127494396,21.133091730094158,19.737849393224423,18.36907149295935,16.71571849514205,22.625653310829613,21.069707530045452,19.769321360775283,18.470989731017177,16.71145499277656,22.4022006039756,20.713270826839242,19.73449442347169,18.554254627789163,16.805319297905164,22.460176394529764,20.816516646342507,19.677916023940163,18.4575486723733,16.800704183019796
24.219809746028595,21.721526129434285,19.856985115264262,19.405674553115702,18.018959901114236,25.450343490605942,22.15929392744312,20.760419713031336,19.59020836011697,18.00364217791573,24.5990375224042,21.958030250894478,20.407969633990653,19.32266537568684,18.06756850355873,23.90773214239905,21.62917347092432,20.545072918979155,19.616871512648775,17.764565937697046,24.61021812337352,21.70939720329978,20.38575090457298,19.381099434600834,17.965228566734577,24.5796882225907,21.65699838683633,20.56882199012387,19.368492935752936,17.950005203522302,24.366052926422476,21.469096787704494,20.466794315786263,19.330762057420525,17.92401929099942,24.135701925092462,21.35990929913647,20.61939780943946,19.291799488323846,17.76483846890693,24.482049360407533,21.52381896316988,20.69242353396448,19.236357482210742,17.75164112016844,24.60673172669004,21.78053693183903,20.806703084551696,19.20239831874118,17.657913963649047,24.729586915624843,21.68141277589348,20.81393087912347,19.120057314079993,17.621412623826284,24.86079960947076,21.673804251178854,20.88376298207598,19.124175561995365,17.570146235936285,25.10854187702804,21.793844996477926,20.83792892269745,19.156746174957437,17.77007335281429,24.6737143464255,21.61206908498431,20.724466050325,19.10466507879893,17.920176291655267,24.39438023522714,21.493669242901515,20.691118902273736,19.365667585073687,18.102516306929736,24.225105649953697,21.54731656922015,20.687915514304784,19.348260866578084,18.127232384692075,24.198937018365847,21.609805635250044,20.676296539091858,19.286209695555623,18.167615045457747,23.91904519269576,21.493132695134467,20.639891194083795,19.31248334003511,18.057585901055013,24.029077835117516,21.424184303079404,20.66178595006792,19.306130108782718,17.871311399961986,23.98781323742541,21.516330734409717,20.49423341516425,19.24598126201729,18.01742882043586,24.010423451694106,21.4529759269574,20.251454155262927,19.41955149660451,18.100072351553415,23.904891777169112,21.46257453117142,20.498380504708006,19.59964931112094,18.181073523339855,23.991747992114114,21.53533075103055,20.5870175900157,19.713933427073563,18.21534750428101,24.114303803503383,21.60923109988215,20.712797927964196,19.84099032252934,18.29278513582094,23.992407675229448,21.605991206070485,20.88341651492633,19.82035851185871,18.096705306529127,23.76932634277635,21.61929364192478,20.934994640200333,19.629321615224878,17.987087221964543,23.37935064427193,21.401104623127246,20.48912282904754,19.46541323617899,17.96003701519604,23.330570869435576,21.33250997022167,20.39041900636787,19.427451086742828,18.037817266658926,23.37654365661452,21.377963188633252,20.254871437522425,19.412575555961205,18.119134080557505,23.63450072246676,21.1900064179613,20.12691842894902,19.2847528608723,18.014305902267935,23.753710959412153,21.22294140068515,20.228419423641206,19.25371673664986,17.919292138719516,24.20699768087088,21.60311318789846,20.541702653491008,19.337828408781757,18.00863575598967,24.448057361919503,21.863748928045005,20.548328060090554,19.12708042381874,17.896718468364988,24.377822925326935,21.84903501842347,20.513330324362443,19.014059189869062,17.808197761348815,24.52813276143606,22.051672317021477,20.552885555013177,19.013483265422444,17.80045200459073,24.816600778899872,22.296482879776143,20.669521551983955,19.08964670949184,17.956156480405298,24.92729346260546,22.17916985425042,20.712132056585723,19.058516799884664,17.789293627041914,24.606061217885618,21.953853887672818,20.617903157490154,19.152062023027717,17.882438216657544,24.454359212644725,21.94754264327854,20.751628753835103,19.188089758490573,17.88979468699843,24.171151202240008,21.684862068646275,20.662483699273928,19.343367446208074,18.018559079142626,23.982701183135006,21.32048971440972,20.531383485331002,19.36605602116731,17.941758082452992,23.903869007987886,21.285122333654563,20.334387644601446,19.32254537393107,17.94832739483812
24.780192447872313,21.80732263834726,21.052403470874395,20.866560932685275,20.219078935298732,26.50227907736169,22.67094783484316,22.057195158348648,21.00344291723371,20.310189179137552,25.983660120656772,22.247029117255202,21.33330830601687,21.058696157513314,20.71341328000569,24.844955953052846,22.148756888648318,20.969990183396057,20.68048470948739,20.0193577645119,25.5233496089872,22.24604301635352,21.294437852175022,20.797919683003606,20.244960641759683,25.656024550738316,22.278758286044457,21.327311939562186,20.696638580926255,20.18492027127298,25.35407889652249,22.017825523678717,21.246811581972253,20.65405277716469,20.139720172429566,24.923343293762535,22.039172369808746,21.302186850077863,20.495554472927026,19.920980641055976,25.35119352567897,22.142669579661582,21.46332994103173,20.424292665226,19.850550076803717,25.48052923812741,22.26901812647534,21.560330505819913,20.417549322590805,19.74139157707458,25.368525792765855,22.22829290569576,21.622750962140167,20.425423382277433,19.6585139063924,25.566226223138106,22.452872781664176,21.616714225996457,20.376840561133655,19.673958999889727,25.96277578029779,22.548391991493425,21.61081669431676,20.483448063721067,19.779364465427225,25.55962925202322,22.418861164883857,21.437386963669233,20.56838317899537,19.88250415294781,25.46021257243522,22.31621278824012,21.48878047265416,20.84597880056568,20.187416184009106,25.441912992272087,22.383625223701934,21.522842827991592,20.848645597224504,20.33360766082813,25.34677854233926,22.29856381606921,21.515177492729233,20.865779381706968,20.3750252192252,25.033612689372582,22.17822477676988,21.565482873958477,20.87395682428411,20.37747066190436,25.013928975006888,22.232759961917026,21.627280335356886,20.820392365382414,20.373293836356044,24.916924728129963,22.186035223869446,21.417668753580223,20.699444436588045,20.281981609944573,24.827217492843495,22.029115774101292,21.174818651873203,20.8361289206577,20.362229723460654,24.856074996824297,22.089451844191633,21.320406266781404,20.963578673117887,20.310978501315898,24.732996188410684,22.179178008711723,21.333517267089945,21.039194980530134,20.38309963718436,24.753327686422203,22.13300527001186,21.429864280466848,21.139907207640995,20.482201502346612,24.681189909891838,22.216719485924546,21.456970321997687,21.090386174297382,20.502583906731605,24.76132187160543,22.32564206230097,21.550488664456623,20.88922371600235,20.41114971535294,24.2318878969593,22.17718001778867,21.10669612935493,20.692712861894876,20.402367967438334,24.320132397586075,22.049351583595232,21.08586045037898,20.638307852762715,20.364118286456637,24.399388652553533,22.238021761846902,21.054936477798744,20.653841807412444,20.460803177163378,24.509983724828885,21.91250224862322,21.046584355093053,20.5606026544518,20.430861213318273,24.423712356446355,21.86998915619359,21.033697793684805,20.665474199393884,20.395415538966752,24.8655651311202,22.265207479011885,21.271192097318483,20.753031447604833,20.534567392021955,25.175232787046937,22.487208730964284,21.22927037894694,20.55449360186263,20.477989872065443,25.30828871609203,22.364445760365598,21.194376703804505,20.44994010127305,20.318297553660308,25.551414872492806,22.79727558063932,21.277889547752626,20.55708084877032,20.226764612007464,25.94580113354268,23.04425377797837,21.344684764259064,20.489323177055933,20.233048070242077,26.160806315431625,22.832709929443958,21.35206800190516,20.523147023577003,20.15630488016152,25.719980268662404,22.55421539422453,21.17333179866858,20.6620612567704,20.222077082838872,25.417628206738033,22.533009919022945,21.20438568344967,20.69269670664227,20.324773561118505,25.279514905264673,22.27979821685455,21.06024961488449,20.7732724658211,20.592162166855964,25.107689843739582,21.989175949690747,21.008311351288924,20.82413224784147,20.64750537871857,25.078172340903013,21.88024065365581,20.966810410844218,20.796424346506676,20.554442543733057
25.89953413762586,22.9501349673436,21.1384124051436,20.819774952869544,19.77658996360746,27.75847236954545,23.54324350628492,23.037973881530935,21.108368168618092,19.334987432082556,27.013263882556128,22.52109302760167,22.4882766749374,21.476422090335074,20.386026162080352,26.149439271180032,23.32526132974305,21.50222052684229,20.58725147577018,19.40181705491113,26.59977580666419,23.148446636912293,21.956092018488434,20.796007627259534,19.621358142127203,26.73017107622029,23.071675740228144,21.90727197257786,20.67919080191924,19.461235296766514,26.180855993017378,22.767178228043043,21.682667981698735,20.557953283115573,19.485322334938303,25.675388011670304,22.82948396048073,21.573878575713664,20.28029626724657,19.275937085910147,26.04607863792623,22.947422064708384,21.77139552880606,20.261256362365366,19.287746276588795,26.312683926118545,23.032755808781545,21.91177315061499,20.31345047371992,19.323488619457596,26.236206222969923,23.10727457087693,22.1515273620249,20.321125181805563,19.368447784618407,26.64128110269407,23.437343507647682,22.198213141062766,20.310117645623766,19.39737880826044,27.20261239487519,23.596965054119853,22.249479752287908,20.355718273267875,19.472582691295013,26.751093903889892,23.446104927109822,22.100423612212246,20.27052190313062,19.62090205766713,26.66884948682893,23.381241644671853,22.1775440575701,20.513123575304483,19.843239252803198,26.394348037717684,23.28819570177945,22.101530721132956,20.512332337299505,19.92197661382057,26.35817736714289,23.212907267561977,22.090326084531807,20.495137261129504,19.931749053808698,26.008804955533662,23.178585910835487,22.115209516412534,20.48877430427924,19.870985111808512,26.148596318443527,23.1357355195666,22.143868025741753,20.52459285260739,19.68871796781371,25.97916173260908,23.069124485360216,21.85738422441306,20.481291672394615,19.752413039827626,26.226948388379775,23.042679925247445,21.810377529557496,20.666784260316163,19.785857024182377,26.15562371721183,23.0695513176959,22.007803792775547,20.834596095191568,19.839492740269286,26.039588914765858,23.0406303095828,21.994457129604164,20.98600535674189,19.874509406135154,26.017643476484988,23.05198498686363,22.03746098390209,21.16395166047819,20.019085381362306,25.915637098329654,23.087254858320097,22.032144274503672,21.08514101087398,19.809334094884694,25.743631441605523,23.27772814249274,22.128582432489036,20.951536733115173,19.621718081867236,25.19610828843969,22.970973426549634,21.78631252642044,20.73540251251496,19.421495713156258,25.30444506928546,22.78838817252228,21.780140227716434,20.675274033460106,19.383170055144138,25.384167644961135,22.904800855618316,21.684929332750098,20.543821217925064,19.351923335394854,25.39338705644824,22.410504185128993,21.688534177324804,20.527142306026725,19.20258950410942,25.271880110655328,22.146720900154577,21.564061022701157,20.43470390691319,19.298133603574275,25.947078742129086,22.680240194684426,21.569845251815742,20.45835118083368,19.529765157838966,26.295620948266464,23.070025370025498,21.541314306168083,20.30632482886017,19.5491651738154,26.428031175545847,23.025674703642625,21.49113815646429,20.320259295754592,19.502074582243743,26.933053094934593,23.640349753698047,21.584219226002297,20.190880997545918,19.63186776343182,27.482301909880448,24.0116463512766,21.62639845454047,20.2314083941309,19.651038114401665,27.576128908310615,23.87427146799457,21.682712832516707,20.310045630477795,19.634940235000172,27.12163240226274,23.527519958507202,21.304123866008293,20.408455318032715,19.632690198745145,26.869243429507215,23.56745400892212,21.472012954286832,20.368817834417268,19.632075935869942,26.595038287498483,23.37456912320319,21.49250820134683,20.458365323308225,19.587106143990106,26.483080495859678,23.158574584003354,21.542424495236766,20.593423909560364,19.558346323131367,26.39147866854882,22.921892700751737,21.596977135233068,20.565026001334775,19.502310987521124
25.743613452880844,22.326870996938084,21.369665828837654,20.15385027048344,20.00843033223419,25.026996313469272,23.11902354866767,22.270755667035523,20.50021172172187,19.76548183919218,24.617059886381494,22.338141974687915,22.182977735128787,21.068497568799465,20.623364786927134,26.01429598187814,22.537416271149006,21.04108129196491,19.579694565291778,19.44618260959811,25.656874160858866,22.72208785144945,21.65827262723191,20.243979262175536,19.85900380276385,25.59671979565128,22.62308276683697,21.57175436801092,20.261148762098973,19.673706412522737,25.461724662527924,22.480671537004334,21.506032045681078,20.283632662905575,19.56565972545122,25.875711619558736,22.524211779847935,21.281019960166276,20.095990838784395,19.377154622727538,26.04103366728598,22.67986659357257,21.403005599459085,20.316771378290763,19.354189758200548,25.916428260133806,22.701296985051652,21.331924730290176,20.34149466911905,19.287621228685243,26.037625280167447,22.99838556358379,21.488134125599494,20.351181421082305,19.3534914188661,26.0943129661552,23.126560447443037,21.433581064899162,20.293416183455864,19.4111853543265,26.030998694284868,23.26673270797159,21.454826604463875,20.372418222046512,19.38266550142182,26.15677259199894,23.230244753194796,21.546060877864566,20.441661898214292,19.4189266071027,25.83774967990369,23.14014333199701,21.600545590325822,20.57452301608253,19.460564709082195,25.759290289723047,23.080477724303044,21.64969624326617,20.56054528046476,19.463139929792717,25.820441281272302,23.06546432309475,21.611638870495966,20.52032420180194,19.40915342272585,25.667905898279287,23.077894153417066,21.863880944551987,20.518786361605173,19.33573425896413,25.234015979115703,23.018845162902124,21.682136095932577,20.241099781419393,19.158069721707726,25.328471647789556,22.759455854449538,21.72807201261555,20.17850108618261,19.244808091932565,25.285130761773836,22.646229500521986,21.76369057132385,20.173710404388604,19.274784852327816,25.65026001938737,22.63956934316331,21.898678453688376,20.230444557094348,19.30782373370589,25.80686643886886,22.733862507794303,21.812990371820867,20.198672877730836,19.3702092943473,25.90534010531261,22.79477951074875,21.92394830074547,20.316486574335265,19.43492329618021,25.66712756241636,22.9617444895003,21.811219929178133,20.23740798878274,19.38444090261176,25.568157672244922,22.859985822764685,21.487451701183097,20.148438434841314,19.19898369861311,25.084626441967725,22.56078528464034,21.28690220612799,20.009589589692176,19.126622871920148,24.563023427656066,22.284772396279028,21.19481324617285,20.020348171665482,19.080000492089248,24.615126540773623,22.438643616184713,21.2049415888711,20.049938298034384,19.128959955380445,24.868459319512812,22.239446825450543,21.10284505698815,20.09963579297747,18.92183746849714,24.718249448360957,22.26582955770015,21.086031494418382,20.086977009740327,18.94538122274921,24.987810722225454,22.60839333489138,21.228465524493238,20.165965498516904,18.992387843267434,25.66485855875615,22.816168894352163,21.33157828867496,20.011467663647714,18.93858342905028,25.68659895395307,22.620250411822177,21.233713796255742,19.95138025998158,19.01440141512829,25.544474852440192,23.04404031350949,21.34621668240024,19.89252819623981,19.070570199158734,26.18648111251617,23.288454617596,21.390776570296403,19.979391687362135,19.033744069103648,26.41627622633223,23.30831777263058,21.339393167118196,20.054010520485615,19.01104695091949,25.61988863524915,22.96680047995888,21.15479559798866,20.033561924395475,18.94644441200956,25.454606053674915,22.994490346590204,21.2740358800952,19.985079691066325,18.884559706008126,25.27597128554915,22.685809190728275,21.31074707698549,20.020953582158665,18.894762844551813,24.968800983367935,22.677127500034352,21.388585977363824,20.04060179706334,18.922750841034212,24.8587254248366,22.611124344777846,21.337714634832533,19.975972376931132,18.894252811523266
24.82889593583888,21.741896141966627,21.04597880456178,19.49567564716783,19.074102940842586,24.050692215763195,22.452496626316396,21.295008940858875,20.049558543931763,19.233081085552648,23.72461268801138,22.100887981618506,21.47746054225369,20.238256926017865,19.593146159503277,24.325312581361555,22.25248317393244,20.509947334660286,19.175066262977875,18.091024194925676,24.463919026263273,22.195242026740353,21.08530665010498,19.681994527906852,18.924619260932644,24.36082462317259,22.076212210715248,20.963775445008224,19.67331527415336,18.754785557000464,24.19635642536263,21.941451952327924,20.926080022950774,19.607965943398597,18.634108196451916,24.554586602733714,21.857442433322934,20.669280006599298,19.416388442088504,18.439178564760173,24.808240399575467,21.97854263138368,20.76408357062244,19.5176991379686,18.46269779761362,24.738828915342722,21.977514284587567,20.685137659447594,19.463320561043492,18.4232111469319,24.77811547343888,22.18873677645794,20.784707604268668,19.42636187145761,18.450192387805807,24.86136887407825,22.290164908201206,20.823219318734306,19.40838193822804,18.48693251191711,24.855567478050812,22.465393877527152,20.784162471650056,19.558864540430637,18.501806373518413,24.927450709152875,22.26209806873744,20.956328114156843,19.742020964506686,18.86757845140748,24.746312723960056,22.149831710742813,20.94296469007519,19.87160802475238,18.95290202538845,24.703639409609416,22.137091711108074,20.955293460541338,20.00651111948712,18.991455488327166,24.73976186348809,22.10161767829181,20.928716432594367,20.034387383852902,18.91035395038676,24.575194777087056,21.96112216344922,21.294713533807712,20.007937515064558,18.89869734538499,24.213796192200196,22.049252166712183,20.948406759807515,19.697737596013898,18.50650538754602,24.150824570891707,21.93314381315655,20.898823917267897,19.66933311518132,18.46821741269823,24.1568672717661,21.85411369764006,21.048939749814114,19.588710327399458,18.44378568062906,24.492157487468592,21.784848992579562,21.10134649450306,19.620247129274453,18.545680122656925,24.574124079037595,21.98229416995921,20.981027026721577,19.57928050540952,18.624777705351647,24.625583000591167,21.941908073774208,21.19101679740196,19.690623790983377,18.653396160751853,24.600116636611265,21.99620181604136,21.267245285169324,19.625747578913558,18.67976782767878,24.63796406692772,21.96315213198651,20.901086228208385,19.55364767593277,18.65420038145197,24.24419084052398,21.861836025328333,20.63249880253592,19.445919711674858,18.56294979422442,23.903065607125562,21.682561094304656,20.516783936052658,19.502121642602052,18.510260876388564,23.98014095258994,21.840126622374903,20.491656364924346,19.470325236796192,18.52434741889895,24.217442946626033,21.72395254553418,20.37076781503075,19.56574464347344,18.358469098237116,24.06074333095327,21.752411734135475,20.42782550421473,19.535203412362385,18.388225260336316,24.314152451588406,21.904897417363173,20.577090570820438,19.53195457262565,18.445881947329404,24.842294706733927,22.020916665909954,20.781128595026992,19.307123126750273,18.37826807985621,24.755764416555284,21.839452228269117,20.675934158397116,19.30989711426702,18.507509126102214,24.542639819066654,22.237420703058536,20.87149387675223,19.410373704264096,18.83736642892748,25.052945330506866,22.365677518810227,20.827908036799062,19.492392665345967,18.82038408636478,25.112531982780432,22.411223510179916,20.935266046291595,19.649605243805276,18.79726866221979,24.632768316136794,21.957996691811193,20.65819948489274,19.6636141734703,18.747943131268208,24.61235738851558,22.046608652710308,20.868605686820985,19.645333839828748,18.707563237060487,24.525723150392828,21.826212672203724,20.810783847723833,19.49019501129319,18.5063776325901,24.3240447619897,21.835660050108196,21.00835042251653,19.546674732972253,18.465435396245297,24.21358838063958,21.67705571593988,20.932136882403995,19.46992093135566,18.479814098405473
23.897890868342444,21.437710352166913,20.908011635162364,19.075898553064818,17.854414914505437,24.118655700748892,22.294007270709052,21.483672603539468,19.074549113802522,17.6439525191177,22.46619751813406,21.91430979928503,21.246315838047256,19.504798142228633,18.228477972465246,23.616928437442017,21.64448772251601,20.311806399801696,18.932677761471844,17.181128056901134,23.764413128558544,21.795137826865325,20.98155220662249,19.123523987138245,17.605552134613607,23.783211525879743,21.843903585461884,20.788380484392036,19.147323978894512,17.456316871044855,23.545354209772835,21.622880430564265,20.558685196375286,19.13004669688788,17.384368892244996,23.916413567854566,21.471035197678514,20.278882960198494,18.997722513319793,17.285013490611853,23.912348057696374,21.67041787614637,20.407473696539927,19.047367001170937,17.31786756891921,23.887120580903872,21.74832978687671,20.315106064878417,19.059252580162795,17.38914566511006,24.000242821841983,21.72887497083854,20.454031649296546,18.99509576527941,17.5239793086487,24.121190639058675,21.907877090237285,20.566882552527535,18.996777628341246,17.7133741376935,24.20951841811337,22.175126385477597,20.685828555931824,19.152691951475198,17.864965334810176,24.384079271557674,21.887821309718426,20.769853281294807,19.286814593071142,18.310502773277282,24.319928970743838,21.857776905033443,20.748766266172257,19.26008752594064,18.284624474982135,24.223890280699077,21.942093202899862,20.70735194003912,19.328190891104718,18.31245715656008,24.33637607292342,21.877065322379902,20.771845789776258,19.3445970112555,18.20624806844409,24.215504445794657,21.71792891781176,20.975279410724507,19.31685329306869,18.057543631633806,24.0497542653367,21.865281244827905,20.66103894879476,19.12774492614653,17.637913676974357,23.96110210269638,21.72885255047815,20.67321477446499,19.314649268409966,18.07061415047204,23.8401923625771,21.57227126543485,20.85135226816298,19.260973335798543,18.054145690452252,23.88026241034735,21.513152122470093,20.84472468454737,19.321258111108996,18.11319289006686,23.908134826249523,21.709723404806155,20.74751100097205,19.33671577582419,18.200507574903714,23.922854231595117,21.63488353737546,21.00525227268708,19.383071076023825,18.216949161478986,23.70572681944007,21.59422154871231,20.97063825212501,19.177685360640623,17.850598790436084,23.66199669992036,21.588610387774988,20.65656880602018,19.119684666221545,17.77449638258476,23.488613707922646,21.48709671238165,20.436891713710402,19.037206508779065,17.739061576438655,23.27639398742369,21.328324205092777,20.391492201235387,19.083171103741204,17.747952142564554,23.422975372956813,21.54825573098005,20.3702707626503,18.957925196203806,17.763739874448497,23.739125593374144,21.555580830084693,20.340718176484742,19.10899286734108,17.699718583025202,23.83739482531726,21.63340295301483,20.414845159716727,19.06278038648266,17.76219943187898,23.987021600266974,21.822601143450946,20.40425123908097,19.11044711549213,17.777201794738154,24.3165514915273,21.88883153513463,20.480350799682327,18.862714433283337,17.680290651845855,24.123923200718572,21.640338806273384,20.350577443646507,19.000170964264896,17.82127451319567,23.935965513753274,21.87361140384661,20.402548025546363,18.874643580870547,17.935587980087217,24.119937620166063,21.88197032896073,20.43848197835604,18.947990969730675,17.87681477329106,24.107943139282604,21.859982072174404,20.585590048137334,19.066858378620786,17.863989460995242,23.658313682264428,21.471677055470703,20.363551674980027,19.04613295619203,17.791365772678198,23.709584084882692,21.513308454794377,20.423845140829833,18.94073257526062,17.550165887317064,23.49770200472441,21.291412261099932,20.51354669949045,18.916759289835724,17.52845039393508,23.3773252057482,21.271078197848627,20.552752543324054,19.03104824825487,17.435895551672687,23.333479822258504,21.102571103198944,20.498395924637027,18.879897607384613,17.382871805421185
15.820693991344374,14.061704498967128,13.628242009548066,13.162908076680967,13.061313235933413,15.863519123250327,14.417820927651842,14.028156416243867,13.322319934482397,12.647118138776618,16.380404299044084,13.844894678792661,14.062923775683759,13.111625879641712,12.97922847882977,16.39288355445536,14.973864017625242,14.023360714030597,13.333131142308284,12.61033582056939,16.17930656395351,14.517197571798306,13.974262863893106,13.281549614706426,12.796011693789357,16.248886975297644,14.665229718492535,14.071677119183018,13.342371959669588,12.745241870184259,16.246379263460458,14.48722258989331,13.991269660033225,13.355204620691978,12.84489048463161,15.899158481444749,14.473838433693029,13.927046403872964,13.389396913140052,12.834992668567406,15.642179346885476,14.44513568894133,13.877819896400686,13.354017229173294,12.852445645049162,15.484735545624847,14.407021086923146,13.728813684042876,13.298030532846326,12.895794814628374,15.284693930672992,14.2195236199773,13.659502564334153,13.261464023083011,12.881617652516507,15.29605879494385,14.302513206621601,13.503530505455293,13.303359083734893,12.85247974223608,15.776959212688979,14.32167971634153,13.615362035454865,13.324515625857615,12.922334693669672,16.13843312329808,14.325651153385568,13.548424494758473,13.324225970966884,12.954158033288413,16.107164307411093,14.062865603223202,13.608016065607776,13.241205678510942,12.916526203780005,16.13717121771909,14.163530455699732,13.64187174484402,13.262909216108307,12.946457254448314,15.926785885529872,14.328590707202945,13.72702711063138,13.227364515763986,12.96119642992177,15.80157193066508,14.346995457493747,13.640743915958552,13.122683679832193,12.866845425533754,15.594496134916728,14.084891200637482,13.738538971445427,13.185299147718933,12.875705596749635,16.160787025803153,14.074667296120134,13.760396446598273,13.270381903735409,12.867864011284814,16.2636864959569,13.973166956502883,13.713867393408723,13.29127626959372,12.851391209466447,16.61838794003063,13.908575660352545,13.702360108487266,13.32251012715418,12.825926824445474,16.554799884707162,13.8751849899305,13.600397669385893,13.406663260033179,12.882119451610084,16.69559919417757,14.050774282119633,13.549502645243539,13.414556008584132,12.925030778141146,15.920332187912786,14.030032291143282,13.537131104283285,13.430860580868455,12.89439882905567,15.935788364059857,14.104194907773214,13.462700838497796,13.33519520013354,12.853349833858957,15.964243086593635,14.068582820101927,13.57701614899375,13.255406057038812,12.839537670329042,16.08864940964184,14.241988379297988,13.752594124628814,13.179993204850494,12.816353205152197,15.925463319700492,14.113661163192223,13.939150410670004,13.146660918158934,12.800075788258473,16.254839782108025,14.305113113540283,13.863917640882557,13.159541058444546,12.880951606161346,16.279338942696274,14.346494822542738,13.880815995422154,13.304308515158237,12.958110203577476,16.002002723201286,14.285909788450274,13.941558026896363,13.373894059001406,12.994771987985791,15.636893134780143,14.088739325781654,13.826278386426612,13.436352827599524,13.025533042975031,15.729178108841946,14.229860622919503,13.495648431688176,13.472808247729589,12.972892825783694,15.558632465484072,14.11364697945441,13.520589091883044,13.439243170045126,12.98723477523902,15.564548042877565,14.061275596924148,13.716418965943632,13.36681198933994,12.93460313044056,15.691872221886348,14.235470420538764,13.614605363646685,13.401715771471213,12.81546621326331,16.008521965296577,14.361340330768375,13.669240633392373,13.359039058576514,12.790270968798811,16.138518918683708,14.257567898322645,13.707600951271065,13.25319556593046,12.759618020986311,16.16768146123982,14.509611619718052,13.627353027627837,13.29058512444648,12.784033175448869,16.21135862148051,14.73316467450851,13.48650391332182,13.30642083731199,12.735638195199126,16.236015568127755,14.56992743828476,13.677247232300193,13.254555916836711,12.814317458953425
15.530178702996531,14.19396266816431,14.097656895735517,13.533357238844781,12.874248289565136,15.698086120764705,14.908439956806106,14.148547545022765,13.420534211252889,12.71152065717378,16.065660425090343,13.85873756881598,13.42907870738296,13.358464954956816,12.479938646778692,15.895743674797039,13.263151438315978,14.014441945378723,13.250030619036233,13.040780702772413,15.846737527508969,14.219354646071054,14.030224056222725,13.419568979653818,12.794844094146889,15.982293659373378,14.365250968530304,13.915540707343945,13.34786027600018,12.762576687319873,15.920609918081698,14.243508364369436,13.768447904085136,13.341727306281626,12.804205463807397,15.704339939867442,14.398533566756985,13.893988679895617,13.374029482929046,12.906665108405813,15.524643885634983,14.618224328776211,13.830970701293808,13.37848929590638,12.826909945799127,15.323022140335814,14.67835725983252,13.673131388402862,13.284119279905827,12.761640867922146,14.870542982535614,14.609700250978324,13.757700285298645,13.21961745557591,12.724623542922497,14.930267346575823,14.588402714800619,13.566905695530272,13.19197550711252,12.684256023001852,15.229135005402139,14.392379961081469,13.515697550920686,13.153962250083595,12.668062002726899,15.407646846058634,14.464299696412406,13.525408023827074,13.153214846944346,12.80985376066074,15.512026028797653,14.124752119062816,13.494622224403315,13.197934075998777,12.853393918116646,15.85382057823865,14.0688971665774,13.50669082881268,13.295224645620436,12.866657917454194,15.780072570148718,14.194270366850333,13.658643701287275,13.22883547510427,12.938945553654998,15.701582551067819,14.3527941546751,13.646800105622972,13.24977797736372,12.922105207278928,15.601856399361623,14.316258167052789,13.763013175816761,13.300463455094942,12.856609066022752,15.711870750308066,14.441560480752079,13.810095231075419,13.264451785766983,12.93160264292863,15.802459206285391,14.331593588280507,13.642291447462672,13.308548317876923,13.05228569063983,16.037075245591197,14.28549401148176,13.748081579906174,13.424813933037374,13.020419021090262,15.832559663736443,14.189538833194883,13.558288909804157,13.387155979336331,13.010240102675937,16.124976606720384,14.163251960916146,13.435231679155901,13.372714350100239,13.078386158929769,15.797766086328044,13.970405696840666,13.456828402740612,13.34928253484945,12.987040415787552,15.616063134766142,14.039309884238401,13.578802316504987,13.286945419388612,12.874025737891722,15.507542079524663,14.084606243380133,13.57738900178344,13.26658608059825,12.841803491651296,15.711897749405278,14.204599991138144,13.748950778730011,13.229576987552921,12.863213824505404,15.55552556677613,14.082594433226419,13.864332242476157,13.187527166953194,12.856853576789678,15.819243548372205,14.489016966687922,13.918375544115216,13.224018996193886,12.959074146554574,15.909729415792025,14.573622049514578,13.856236618673304,13.308320755232751,13.004646840960561,15.7313294838878,14.339669400789854,13.98938016352246,13.326680707969667,13.088929992554583,15.604204774109075,14.282007969018958,13.996777268403116,13.32219961798811,13.101914388111563,15.321427570236107,14.391308820835174,13.859547350804927,13.337561675959705,13.019809866355354,15.346632223712632,14.034222268297691,13.705184479665656,13.335904523081378,12.887138088348573,15.372923308926511,13.912755504542764,13.747676575525992,13.342059019691657,12.839992351678614,15.482757437705951,14.175355775751171,13.65142546586452,13.355838710684258,12.793171419281792,15.600050413546398,14.155593344094456,13.63227997245222,13.40514890155799,12.779057663035779,15.935854999242963,14.10085006220963,13.472082941497439,13.375942693058992,12.749646392328284,15.916185380044794,14.420409850168085,13.517344526539631,13.397780640100942,12.846481082970353,16.00113863210411,14.56274591868509,13.431074250820336,13.421755234814507,12.72229642870611,15.970485380542694,14.439056145645708,13.533767358756865,13.343588908004424,12.714684480517807
22.726069813667742,19.449663809360054,19.08663223553774,18.096760542661368,16.79887954735745,22.064329472948316,21.195222024959563,18.923103401530064,18.30054375091046,16.289443919821686,23.000401040870475,20.999886249636994,18.76836903313773,17.548676479340816,16.87453451388859,21.790114420875256,19.35277291842192,18.840256503683765,17.4813617800405,16.294122349097478,22.35750887146724,20.01415159104697,18.9205836826362,17.755735756451006,16.512417612176296,22.33379796917249,19.92942586085993,18.992196196976387,17.561974437040103,16.426992838786283,22.20311726070623,19.652345066466705,18.99669497331054,17.428298767444243,16.405647951018807,21.887567328408032,19.41497688407616,18.998557988021616,17.405438103884347,16.223269846474928,22.20201086779109,19.63169798746773,19.119207078975187,17.437164440290143,16.159140041226397,22.236296090562455,19.797528812981902,19.174229347868394,17.474507412027624,16.159771315342653,22.273342328684212,19.779424999219863,19.01792530724696,17.5566161893533,16.11343971072338,22.540877007376757,19.720388665546867,19.05548829786638,17.5442139613187,16.20497868700631,22.72556232578729,19.65656040748029,19.106115713439053,17.649679686847016,16.321107354978132,22.422144738353794,19.41813975304506,19.01515252821577,17.58708653470336,16.577914322955618,22.387617227581707,19.26548005459143,18.89305904995374,17.63311036185994,16.65395808901053,22.16648046806142,19.543156697800015,18.84745712332313,17.536642871981336,16.751209564679034,22.191619871846296,19.481079204252936,18.81088920396537,17.581752348506246,16.570920232827365,21.975516088144694,19.51953569577562,18.845348851154554,17.40283049855308,16.495562092270507,22.174488560742937,19.667366152681254,18.756682320798454,17.424857443318746,16.33977986042874,21.8841898459451,19.73019574653838,18.824454408384018,17.48547359312906,16.505246242764436,22.06523062198044,19.517614021751644,18.859271238350104,17.651858792615467,16.50999904565134,22.25461870381191,19.636723507155235,19.06969015943815,17.745211252753656,16.651534052614977,22.727885520703246,19.692000475480164,19.11026298205129,17.979055003908396,16.695550850398455,22.610492229923782,19.616981877270334,19.230102918531717,18.037343742438033,16.64581035916983,22.878865568584164,19.697589699608702,19.240649458319247,17.97299531907487,16.421512809966607,22.723287044381543,19.70993395151214,19.314632103319575,17.86829454528716,16.390442538511188,22.269682378617983,19.81114620400865,18.96789522274016,17.662641893666006,16.437985973319638,21.797949724108115,19.886157871384263,18.706731497512344,17.649205759209217,16.501002999970265,21.87896204837995,20.041367310722855,18.501486759403555,17.655748691636443,16.548697587943103,21.851032251234617,19.831775663309493,18.44096109857861,17.65186533876767,16.5074358314685,21.911810368194754,20.056070630374556,18.41765810542175,17.707341581831106,16.412295693066763,22.145305062864217,20.055361880565595,18.589246000633178,17.847942012196228,16.365871197435354,22.423961099302723,20.132435243521375,18.806639470812307,17.710382054786315,16.32311111455339,22.475263352540473,20.157570008553186,19.020758494065465,17.698583544824015,16.186275957706656,22.38244789647014,20.43609101377904,18.880356483948677,17.707765198553005,16.173556011601747,22.427377351551307,20.37765777362069,18.83148717608416,17.672834319883336,16.284700631188343,22.474229028579092,20.471569278500986,19.101443579781346,17.64368259361405,16.186460040196447,22.205665562130697,20.26823728331717,18.975547185363006,17.708370235602185,16.137673624449075,21.930276285212152,20.18829035157225,18.946263821359985,17.63728890168391,16.202305049345483,22.48828589211219,20.04686992379495,19.03014614958128,17.731893638644106,16.18136332309107,22.459057243540407,19.7263154737101,19.100885241733504,17.735205035910703,16.139358506622678,22.541075545152196,19.576142293551776,18.711593523486403,17.656983207594426,16.17888743350644
23.272588641529044,21.506143201608108,20.547164800625914,19.472148103122628,18.58317071120163,24.101710428245525,22.307203867085448,20.80067911850053,19.900353421034268,18.27370647253721,24.519465473651533,22.381178829145597,20.075339600750024,19.046944248280735,18.6838819642741,23.61146936459096,21.297906659583553,20.65844794936008,19.260925970748236,17.935574412920413,23.98862173985074,21.643990586509165,20.39068686460835,19.256087117700293,18.145863536657078,24.068755632872914,21.545439907289357,20.541033363882775,19.14975908238045,17.993417605729565,24.02704812222412,21.27962515933499,20.484696064242463,19.06348275097225,17.82816318897189,23.459553988853155,21.123675457118843,20.651546956990792,19.14708848939074,17.53222177462871,23.81214922547801,21.23993231797366,20.789559403700398,19.11661806736201,17.46905069396764,23.83017333040535,21.538656642405563,20.9919164462321,19.159529644879477,17.57609904065675,23.734374267804704,21.42280428414098,20.86956274376869,19.119324660023306,17.539677630311157,23.922540947656948,21.531325751374947,20.85721890048446,19.047496500665535,17.62099024285869,24.376891698174433,21.62250493733747,20.881166961983208,18.953409064946037,17.688049750858802,23.891222020289266,21.34077324044568,20.757301181030037,18.974847376816065,17.91076804950518,23.96088960270091,21.097713746703693,20.722850983024415,19.091037381796404,18.05980358067717,23.659440456508563,21.293283611863576,20.685172093983873,19.115560270171994,18.159377598474325,23.638073948857173,21.189861760852637,20.715176526416542,19.151050989685384,18.051113490429966,23.504747208341605,21.02855573746591,20.693536340769295,19.120915277441995,18.12745031062466,23.811523501804942,21.1810276963601,20.634755661676422,19.0169802030346,17.881461177095694,23.454092327124663,21.15674468366418,20.5892329492197,19.09214497006403,17.974626005577697,23.81859148799351,20.995755891812372,20.465013480302524,19.192108856930005,17.961863739101208,23.573056005144352,20.97192898136612,20.72490242104618,19.337213902429273,18.21483508809366,23.618341090440055,21.05688798421329,20.80709356591157,19.5564368371196,18.25887393037475,23.480337744480344,21.0536834309745,20.823063636872046,19.66644095606211,18.282582387751013,23.604398351402857,21.21000530547176,20.79794125898274,19.560266126205917,18.070422146380125,23.25249344698367,21.18991455590189,20.93584349420015,19.48413772956017,17.943775540071613,23.22268349303169,21.22051806498582,20.396548242363405,19.200634528373904,17.817577007193375,23.232450426402554,21.172049970645695,20.09445505497434,19.108593311861423,17.82110857598058,23.10138990226051,21.403022333252657,20.097676309196885,19.079468044149234,17.972871129574337,23.12509300109735,21.142723140795987,20.10825876723398,19.03178098565536,17.923841168956272,23.288333152951257,21.25939885229156,20.017575186561935,18.93129574814865,17.985628343953984,23.340092688748932,21.541623273858484,20.215953484344677,19.06118840443927,17.965313076521177,23.442224498688496,21.651325524298528,20.414369279409886,18.91049095840528,17.959306455788127,23.503701040708584,21.43241826640128,20.415382901100934,18.929567567280337,17.773051412164847,23.610838593902695,22.014569082055385,20.29657079592875,18.95046454942229,17.773814686632342,24.04566543529883,22.130972548726078,20.249938120798785,19.025412334851946,17.75616300819342,24.18380892883143,21.976913030665845,20.364560221287494,19.03883221899182,17.66625535725297,23.80714918818816,21.862100164814198,20.250010402701967,19.15904603836912,17.636472409478174,23.827777392776362,21.84991938517465,20.176285900771866,19.147703937494363,17.708368348005607,23.81784594584256,21.230017477112177,20.181813282511303,19.1773882286014,17.710181029804026,23.693225269889552,21.035352518438874,20.302120077552672,19.176329281321962,17.713500970776252,23.669438713435756,21.00133715932455,20.14023337054323,19.09453841295199,17.84034314608872
24.191655905340692,22.73922966437411,22.026817418595332,20.95893621312381,20.854161734235767,25.99336100248195,23.097794439429542,22.417099169873136,21.077268256731095,20.748267018848846,25.509825717179794,22.994176038222474,21.973662750243797,20.834427024340393,20.992043814853034,24.56776063131069,22.11340599711694,21.786341798163722,20.745043969713212,20.618849856090456,25.09374681839077,22.66468750304311,21.899356253414393,20.789520869490012,20.615018002682866,25.38876652611082,22.521396829659597,21.883745406405616,20.616134089069305,20.454685023404217,25.11127323557927,22.299095021064108,21.719030433865907,20.556810764135804,20.23993952232618,24.533723145046107,22.198396537139843,21.697947249809083,20.528905572963556,19.91482330546858,24.849736269356278,22.34179882966126,21.826651092751632,20.4245654484737,19.740974428625396,24.93496311980791,22.520215912022444,21.993815125093683,20.52763341298476,19.81287582521326,24.53963888819805,22.59877172948649,21.925289330908623,20.553090173716452,19.764860657172168,24.766103925499753,22.744444294025534,21.86022112563635,20.442752963660645,19.825365839986823,25.256785530415303,22.859043495436417,21.862929014129794,20.377960670223366,19.893901509168906,24.656174792434875,22.533882522679548,21.714031497149854,20.49914282559505,20.12918051590182,24.741640085331035,22.429054355982394,21.67320478360204,20.474505902400246,20.240305009366228,24.670650934547364,22.37884564134352,21.648213363836067,20.426759240415855,20.281989081251083,24.724506720952284,22.246687660917274,21.769671508971506,20.473261877722827,20.22975237214316,24.665104502376096,22.253327556716584,21.7799640814717,20.46583961016443,20.291588294638544,24.983550375651845,22.539100566368433,21.689007476483148,20.33602859755292,20.066036188780537,24.76391876131475,22.388239266656008,21.71142028912616,20.470228079969505,20.10991461497412,24.990164826666696,22.287545195262503,21.586122140777995,20.54423859145424,20.214035055847468,24.69686014429993,22.28797413707993,21.7909835200706,20.584847521229737,20.445514340347803,24.60998993329227,22.18494460355892,21.932128642324574,20.715032098470978,20.549535104268763,24.514184298589885,21.998926127055118,22.008814773737573,20.7359136321258,20.59903889869666,24.419404039992436,22.104183557877548,21.749421458860745,20.51956335124227,20.395728160823165,23.90997148139555,22.158550459663694,21.905435104374682,20.499620159068417,20.168660257407502,23.813425656551694,21.994111242978395,21.53190293797671,20.37119692159801,19.97219231649068,23.813927541217176,21.93637853000061,21.26248690327343,20.313921599692584,19.915251370951268,23.84314625359935,22.278816158896966,21.30773513466544,20.413890716224902,20.063901373209212,23.843914883155435,21.97817119264867,21.43142771727584,20.372507036199174,20.04972296562672,24.193368841725366,21.983108436005473,21.30402631480779,20.417830302889513,20.156869036531035,24.38301498404065,22.383062477864065,21.222702178329865,20.47318152735785,20.115232201149926,24.37840047828563,22.230751109020126,21.339471681803794,20.36509746916615,20.10910363377409,24.442245579620995,21.931252174942948,21.223135605252644,20.317072321724,19.9312923956456,24.574618076297906,22.449041073234337,21.088457150839112,20.416364780864082,19.880527772282214,24.93086711199783,22.484067302013127,21.060880642795325,20.400113087221992,19.798308927582166,24.926635508710824,22.292291940930987,21.166550064816022,20.438197245679042,19.73761850001975,24.80725441891627,22.423206255825885,20.875995772957985,20.483530867875512,19.680545149928385,24.88221115095527,22.44868591636101,20.810730712229947,20.45375968746769,19.719393408709642,25.01270170691088,22.064697234599002,20.983132733606894,20.416838134704015,19.816328208304007,24.89506140263456,21.976971321967376,21.013216586350207,20.353993566548944,19.90185418429925,24.781910239172,21.97623849051456,21.09088358675013,20.351226612309397,19.975741751094933
24.180807722847735,22.7164829053968,22.058438467677618,20.963205976032533,20.866301119325765,25.987221089399814,23.083454024208347,22.407360039405184,21.097008014916003,20.74891928667562,25.52900084530813,23.00767139665496,21.98938950601384,20.805692703305784,20.99606977119897,24.589789975683033,22.110326130854258,21.78665884977123,20.736763637321758,20.624789760846845,25.1003756892799,22.65909965905999,21.91151688444847,20.791440392378227,20.6148429396984,25.400361091568648,22.520399038460532,21.88532527396983,20.612402573248747,20.456699742648276,25.125535366048762,22.30594636421033,21.710896620281538,20.549587598280485,20.240742653643817,24.55195088773009,22.21402422420615,21.690850767412243,20.52738740845188,19.925592289263584,24.863560390047457,22.359892182702396,21.81819502327692,20.427712262277236,19.761333868911677,24.949622346142707,22.53297179417573,21.974611064609576,20.519439438263753,19.844818203190037,24.554577288706515,22.625412747078787,21.908955747628035,20.55479918627622,19.788299364903235,24.77987824721339,22.765061106715876,21.85385859680884,20.447161870878556,19.85584887889334,25.26597805532534,22.87070625907475,21.85535508731164,20.38235232748966,19.92147314074809,24.663546667030616,22.548396016714044,21.717547413164926,20.506099795345524,20.14900085773396,24.7424484694098,22.461991239165037,21.678396223881546,20.500545915013628,20.259775686324577,24.668584281528616,22.39235123850255,21.661516648920834,20.443461727195974,20.30783662083948,24.7272617949885,22.268584979761137,21.782416028612595,20.492494250803112,20.251073044885658,24.666729544487076,22.279118656757124,21.79220909331207,20.48731736682644,20.30819549479393,24.98474751469331,22.55793794151851,21.69457271569541,20.359074838153653,20.070815115459695,24.772067955094045,22.37691697750092,21.71698552577194,20.48416851637193,20.105406313816392,24.99802662257562,22.28800653619287,21.597013516635442,20.568674408821426,20.20981154860136,24.704860815733788,22.280547048437302,21.805321204977048,20.612854744675655,20.435191598441136,24.627438923873825,22.164465395661892,21.94664917025503,20.73697894400423,20.541962438967,24.539544316454972,21.989492884410343,22.028229116292085,20.749603945652375,20.595935478487014,24.449826778862985,22.12212910211891,21.780221851497352,20.537540776204388,20.397125659368555,23.95607872645736,22.17039038683631,21.920977200853333,20.518253579117292,20.167369445949106,23.855558122053107,21.988048522349125,21.555543287296548,20.373076756972264,19.979074323724106,23.848658132782436,21.93728880139077,21.29967351823539,20.313491757648617,19.914291516120176,23.87556280291142,22.271594743580994,21.348560487739185,20.415422294518727,20.06767738401221,23.8583714016319,21.972316187954682,21.48098104064534,20.369849670565166,20.06260253834507,24.1975066204261,21.958315063307772,21.369058789540826,20.412423737566616,20.17379968834599,24.39174202891171,22.377219720144755,21.27146408372315,20.479500258850884,20.13520094146225,24.3904088563709,22.222749345701914,21.365348941338674,20.383372742928763,20.128105215176127,24.449306213825917,21.936963039102505,21.244695699841692,20.347326593259872,19.955888012454764,24.592751018048137,22.44531710840478,21.107375640212016,20.438457544083583,19.903643127408195,24.941400267014814,22.499749323735507,21.07377635321282,20.423908176592107,19.833129440859775,24.936122653114275,22.300729519539424,21.1867214895451,20.461437535984896,19.776653034875274,24.81037535389497,22.42569303126485,20.924842971584987,20.50334330620799,19.722148865439326,24.88704815241531,22.442498766244398,20.852469779251543,20.46615912143729,19.749120371022507,25.019662425726743,22.065065106887054,21.009517338675415,20.432902726276502,19.843866550075578,24.90748490132445,21.987405158742867,21.028668294462513,20.37743432830446,19.91710716832568,24.788618820964963,21.98260171724477,21.11859971804767,20.373519009511057,19.990977502164505
25.733449029377773,22.343035199678702,21.39230872081103,20.104633282231056,20.057273619110113,25.00231814749657,23.1333398307632,22.22704716195728,20.496312174377923,19.745530357160018,24.630609164048924,22.303762557157818,22.188092521616266,21.05524737036022,20.628736754198524,25.990735962784488,22.557689580967356,21.120449506127137,19.590375902492312,19.45633947706394,25.64906651699992,22.73287071715086,21.66076363675547,20.234317798483904,19.865774180684657,25.599026891049018,22.64033175397644,21.566264721879048,20.258246127152823,19.666939041497105,25.476262213852,22.487807593898516,21.51314951702333,20.279938005379936,19.562714364568727,25.88258453482289,22.532421388592088,21.289595880571767,20.086374530455586,19.373723395629117,26.050473083636252,22.67953831452586,21.39507661706249,20.306592039082823,19.356070181825384,25.928804717226996,22.68697766031677,21.337092630536358,20.337078770095637,19.30080727085117,26.042595020617007,22.974978741366034,21.494796370927965,20.3508947575566,19.357472942685057,26.094595270818974,23.10936438404969,21.44087840254344,20.292222152579413,19.409765551332057,26.033273514259843,23.25595483581018,21.46074927589725,20.384351759717475,19.37909071978199,26.16155154345777,23.219121852775555,21.558833319703062,20.45327397023484,19.406149137992426,25.841399791809607,23.13983728205676,21.615031783397022,20.575125814386155,19.431071098827477,25.758533524849337,23.07587745526083,21.670083839053483,20.560383785692444,19.441407251635532,25.81843113561387,23.067888024117803,21.619894266681726,20.518146705189398,19.39812462691238,25.670859550033065,23.07822770977853,21.878915060558143,20.514589314662494,19.32163981897377,25.234847975831645,23.02023528770935,21.688706999247017,20.229928658472296,19.141207937925248,25.327131188463333,22.753864841022704,21.73605653371506,20.171725425349003,19.246677262137503,25.28638372722035,22.65172672741635,21.766661621440516,20.163520443366437,19.28555700199729,25.64891057476771,22.641019856450434,21.910049720343647,20.23020407830386,19.312200545206537,25.802037646661194,22.7324031670225,21.815348468517648,20.189147770577357,19.37243020149548,25.900989799494983,22.791315264143627,21.93581562244612,20.311668666705895,19.438979180688946,25.663153775046773,22.961100236649237,21.813917281719842,20.23417829612194,19.37511488059503,25.564805785588042,22.850245407689627,21.486358760116367,20.14264508252965,19.17653702706296,25.08053123203603,22.5454515479279,21.282052294035957,19.989596065945488,19.125751963911117,24.55659473931347,22.275790662239295,21.185871015493525,20.007651559010323,19.086193318946084,24.608573932223102,22.433045505200063,21.187046309977916,20.03081691053989,19.136214631504792,24.860186865230283,22.23332053823764,21.105718603020538,20.082087117622912,18.927825778631494,24.711184005151043,22.264990096036126,21.10520822174716,20.079289217424645,18.970601070929128,24.982117287744984,22.615365227906317,21.251798362237075,20.166731040226516,18.990583570182576,25.65986798069743,22.819588006121975,21.36715721345546,20.022705447918824,18.93212977505179,25.680965444081444,22.6268370204229,21.265698220820262,19.97854507101591,19.005536894203566,25.535288666542115,23.04560193099006,21.365672155984097,19.921417377884516,19.07709262555337,26.174985750405746,23.287091930478145,21.398911784083253,20.00311642616294,19.040216950343428,26.403605145510454,23.298292331465554,21.358533680282168,20.08247172781291,19.014395053014525,25.60916534521545,22.939377573561465,21.170910561415216,20.051063256550965,18.952720354659995,25.446166857561163,22.970941547909263,21.298669344833684,19.980470200177926,18.88959561687062,25.273706267294266,22.669973275654854,21.32157119905134,20.023949510174667,18.86761385874164,24.96765606068343,22.666217262575817,21.41753884365628,20.05040445087602,18.882468701989247,24.8619441489439,22.58636284296518,21.35707541501686,19.991810153959722,18.869989317688276
23.928236153300013,21.498081299178853,20.896991122126458,19.13626967910667,17.882677790916937,24.1250882825812,22.305505585868044,21.510269857255732,19.12868478578336,17.653442931338944,22.522795670070828,21.949266881852232,21.281750697359804,19.566955518213533,18.17241504158816,23.616321020575626,21.6339120371698,20.30026092586335,18.974214133396018,17.18044275355856,23.783046524630343,21.811112441617265,20.977192052102687,19.156769383143804,17.629000398683605,23.80336242246197,21.84137245265278,20.80006694248643,19.157915795776564,17.484770112184982,23.566843940372376,21.62409923572949,20.571813047044536,19.142342732896495,17.430191633287752,23.931627560987216,21.458549416694886,20.30409889350298,18.99198793847004,17.34225859709369,23.924524456285006,21.6683027803166,20.44773448353892,19.035904134022683,17.389626566090524,23.906405541399952,21.75250720692123,20.36620146056613,19.05199307486882,17.432444909773928,24.019048205214304,21.746941397666294,20.50599474950948,19.00638344761987,17.583278230909723,24.131671780806165,21.92810528487879,20.614443616943852,18.998102963692098,17.760833210721707,24.21882263921062,22.200255920083652,20.713007340429634,19.156415333050802,17.910318693315997,24.40261315082099,21.920844525702663,20.78697204825101,19.2929838975477,18.351996962714658,24.332605907925135,21.893003706842027,20.77887160869459,19.272962278738913,18.351033737743318,24.22820576633942,21.974828314763364,20.72301396144284,19.323207725818566,18.3528282089395,24.344707370423187,21.918967936560716,20.787600032731795,19.327269100547564,18.248591928054843,24.22289544415896,21.76929628454213,20.99517394992681,19.319090966409455,18.11799429856318,24.049342016822155,21.91354860344878,20.66520181329817,19.121674337757305,17.67760944911096,23.960542103588107,21.783863985312646,20.659215992686107,19.303529762583434,18.093313367100315,23.845781784484068,21.629166711494427,20.834767521845777,19.260070130863298,18.081759990839696,23.888711862475088,21.555388985243297,20.823500093581856,19.316470243218237,18.122510098698818,23.922763017457452,21.74045921396599,20.717857896507553,19.322479651417066,18.212497672274413,23.931836637888026,21.667192144407846,20.982428688859166,19.364147173546247,18.26165598910934,23.71345547857074,21.607554856754582,20.960695251445763,19.162298125467103,17.900010179849577,23.66625617891724,21.575005993282115,20.6603491529221,19.075210777296782,17.815558442080846,23.49697931514995,21.47553723714866,20.44767967012586,19.016794713598067,17.791097183471713,23.281592713923537,21.333449266929968,20.416195935611565,19.060524085926836,17.79557778952658,23.44302457466548,21.5386352649392,20.415699929949806,18.94862321468085,17.775737011021505,23.760460505228544,21.557870140204457,20.369891464787642,19.092227445203537,17.712673071022124,23.854064521023176,21.66214928721691,20.426177070208396,19.075045422151266,17.772865410060046,23.99666868649806,21.85596997630385,20.408543520682407,19.124530208751104,17.79023883900281,24.330721636771084,21.916475147954856,20.47639759668931,18.887375338416824,17.668283849472978,24.138509442421356,21.679058876756056,20.34510102555626,19.023885135731938,17.806617604346723,23.949066214095744,21.91819850434639,20.39913636301133,18.912424760952426,17.899447049750314,24.13673711511243,21.92304720847209,20.442022224783226,18.978836815252002,17.83624640212334,24.134423249237518,21.875584868278576,20.600906275946897,19.06972763673727,17.82447172447859,23.662954640027305,21.48711657215548,20.37026732558404,19.027796754805752,17.767976888614402,23.715387403041056,21.515692217601462,20.411657272402916,18.917876289516435,17.536656158066947,23.513279559364513,21.280466586181845,20.489194259576827,18.88291830317247,17.527519865216558,23.39246333446351,21.260185763650643,20.517008628777408,19.003167774652155,17.45924390807964,23.33626745587619,21.10028496530194,20.45004735607271,18.86475864910036,17.394863251577263
23.91012725672449,21.46676012969149,20.91669379586737,19.094716997575546,17.866892403503698,24.1401854909822,22.314824461301928,21.512087163303104,19.10346749035227,17.736504847442166,22.49171902488066,21.99874087700019,21.25340369090354,19.50047155852377,18.14758453043233,23.60252430221086,21.674700834701806,20.312789332726236,18.965071561562258,17.077427905586045,23.771453107911857,21.827687907847128,20.98956269219571,19.13470066118061,17.591508561529118,23.786704280500633,21.87659236994597,20.78762057655404,19.151735677213686,17.428839094762978,23.542188130043836,21.64146368580205,20.565329730749692,19.137181482116578,17.358859827473154,23.90751611957996,21.472464691773247,20.29518640448274,18.99696875635761,17.278112677366888,23.905033766187305,21.672870689809862,20.435996214111224,19.039409333672307,17.34970925895966,23.883551449705486,21.752351986307264,20.353075271240744,19.05944604430665,17.413719316934042,23.99322742502295,21.72742399033139,20.51784429717872,19.010758540578088,17.57228342586898,24.11504265956241,21.917770797391082,20.619647333845972,19.014291429962363,17.736821203103,24.201686006989114,22.187831209630836,20.722343175359818,19.16959239801767,17.886174491031067,24.380383949332934,21.905022649357555,20.78488253522727,19.302415856973628,18.327101582919806,24.31492767057385,21.88253457755617,20.76130456648955,19.275251206770957,18.306253627736844,24.22275647137122,21.970074266397354,20.711117254281582,19.329877205831224,18.332155997794708,24.343396404322917,21.914354549926035,20.771069330472507,19.333670339195645,18.234712401462097,24.23061863754524,21.761402805698186,20.98441054866823,19.329355909196444,18.105112138387927,24.059635051135725,21.905950632565716,20.68101086939453,19.1423726352584,17.674932203760793,23.96916425161568,21.770247813558456,20.68871525214567,19.32166533784072,18.110911554681095,23.847707864943597,21.62845215726629,20.858667934354195,19.271679734325776,18.095787911566106,23.882697803259894,21.56107484158624,20.840366035285587,19.322065433736757,18.156092490971922,23.906662614700164,21.744821430949003,20.73715487121968,19.329334680584786,18.219996650989454,23.923420925558066,21.67559578974722,20.992816847397084,19.379278743401905,18.2341058736275,23.708130690356054,21.613358662069363,20.955395891615776,19.172185704019583,17.868831561426756,23.66716729766797,21.58661769992144,20.64863152514919,19.09299468451647,17.776772485030694,23.494888436970268,21.4874419692421,20.42736578049712,19.03027606247004,17.72456519802158,23.281788232913378,21.346461281470354,20.378540560155002,19.06504240643879,17.749915696968838,23.429224314918965,21.553671167115713,20.358699953353117,18.937558953986233,17.756912854629924,23.74196304110536,21.568916431010454,20.328456741054374,19.09881781012726,17.697317710400807,23.83105443540237,21.629291628842264,20.38801018739999,19.089354386743977,17.747442175507054,23.979079560675572,21.823110683671352,20.388878480985458,19.124085749731428,17.78504370116026,24.311802849298292,21.86503318079027,20.46394976907242,18.889244402501227,17.66477603952464,24.119976053708363,21.614466653937043,20.329457191644412,19.025242570492008,17.806433512463702,23.931463409814576,21.862575344099433,20.38100694801257,18.899458357685326,17.905983611999293,24.122765289230156,21.885523733400564,20.423361025922397,18.954220874182237,17.845719593975886,24.109731702624003,21.840386879823562,20.575351714244093,19.071030079104702,17.80978284140851,23.656399781978138,21.46268632693629,20.35972800083973,19.035753527991908,17.754532334710706,23.70511176439069,21.506350828108673,20.417476103291204,18.932717292887077,17.529228924591322,23.5004571151079,21.274024634518174,20.4977004920595,18.89571922832719,17.51678211106193,23.38843182158991,21.259341427533503,20.530268735001677,19.008761586766305,17.445193662009046,23.348361794126312,21.10465123156724,20.47975829297539,18.866855583197722,17.397508671003415
22.133999553046362,21.18386241696999,20.435604474804506,18.289285297748872,17.184502497081425,24.350003650686794,21.436817068360572,20.765949861677424,18.232729615710046,16.84568627261081,22.655979616602362,21.492523289934717,21.304811116512617,18.666989304724204,17.16757782749925,23.685405189157816,21.610773839398465,20.410989890324824,18.211492807244426,16.51143064856876,23.2629271837306,21.339057308427364,20.6043329054647,18.44425715099539,16.86571497622908,23.46939361682264,21.410730695226835,20.470336130097262,18.545093160182887,16.759899207859313,23.068629391407363,21.141238359676514,20.26206879904173,18.590638133435693,16.720963312400546,23.054149067399784,21.14262435763681,19.92411300407583,18.521218807437137,16.793499555108177,22.815006436420656,21.28757728500641,20.08338229601884,18.64740614804415,16.861548369629457,23.03641883945931,21.3957298025202,20.15348468102321,18.70801901102157,16.92415755089919,23.053147246698437,21.43642213162466,20.383769635556185,18.61223921265459,17.099073940417362,23.292124332281535,21.719176030219355,20.38030605381065,18.679887819439152,17.236465106120022,23.39974492125607,21.82976725218317,20.552758146703365,18.839294130208486,17.345608005698082,23.52073786809766,21.6175994959367,20.464830365452055,18.835129490675723,17.793898916120988,23.336849895480725,21.704518115298985,20.472374267680916,18.646124660416667,17.763038534191768,23.23493004278587,21.590171191969624,20.140152144854643,18.666025883025593,17.683456768798354,23.101950521676272,21.420643614765492,20.219157902291208,18.59047948033124,17.534516036004437,23.233753099148696,21.245814022168158,20.203336277349944,18.437999636210364,17.341473564131753,23.09625356890283,21.293854685546847,20.060894717898147,18.333844096590372,16.911035028299885,22.88816677023944,21.20386595168819,20.136787617938786,18.639331098837793,17.522969712730468,22.769087798476235,21.140739875875944,20.301707191684336,18.752724722199027,17.66243521747536,22.778360332770987,21.232818331967007,20.489014573410472,18.855548503313994,17.84086889260163,22.577021959245585,21.264262613679744,20.639363016835592,19.047749398305225,17.89354903541804,22.84755432323923,21.1017172194991,20.64923029235587,19.039389445630583,17.887372531017743,22.889099500698187,20.749542248540347,20.49811889863421,18.787769129341164,17.329617311616325,22.98404254936625,20.540038774559218,20.47734399883249,18.59257144246049,17.247330397472396,23.06205801997956,20.526279435281378,20.112380011860747,18.484446558375872,17.24134406902447,23.063041596471123,20.52630174897443,20.018876335058902,18.464891570411034,17.368361273321895,23.004349286901046,20.657087445789667,20.120476248086852,18.479657571331266,17.45436297522403,23.09190872557317,20.84796641042646,19.920660886809934,18.59384251076523,17.506937431223285,23.38800030940005,20.98204922410003,19.753143112303018,18.68316773265729,17.477958444368998,23.431834126000375,21.143378495249873,19.79724012151179,18.80903931513475,17.459678225260404,23.69633237763819,21.13041711150669,19.538183727524036,18.67881961045544,17.266474994867952,23.828526542893577,21.046923027358,19.453094657842573,18.762875533426826,17.252301553519928,24.112986523416104,21.17804670033717,19.552933497200655,18.69714466507523,17.207685578130125,23.831420759591445,21.317219407512223,19.64613717710214,18.67566918737463,17.05564563750088,23.790913131367752,21.218280244024335,19.82974154345435,18.711430063809456,16.959129073614637,23.27850943477489,21.142528956509103,19.919550178932177,18.611670289906538,16.952890464979635,23.122215035788162,21.08937406884686,19.70265959732543,18.442758022525446,16.807806065944856,22.756203321526026,20.96033148731121,19.929810685931265,18.525143442197766,16.847679716571793,22.752288601916447,20.85946369389668,20.02037920024528,18.540558820753713,16.844149954362255,22.285282307364156,20.958669829405792,19.91679066550275,18.4372819605755,16.760315000514527
15.787874989238087,14.901597405598439,13.681444168237672,13.37857714317211,12.6291886188596,16.321812535548045,14.851152033478323,14.03802888088493,13.409744001935353,12.827297485049488,15.759644017011572,13.46649903523355,13.047326479149465,13.194634496440504,12.692306344842859,15.80609503272581,14.004779436197282,13.501237167709062,13.465118370453624,12.670687172419656,15.973526628100467,14.485102961787868,13.585313498952363,13.322204496871507,12.70198436525537,16.071559061390975,14.365795388027099,13.542831244515355,13.247747893140962,12.689932017838931,15.798203197607185,14.218888573685422,13.291837116492497,13.13178920253302,12.655892898689155,15.621670839527557,14.45721286204294,13.442993484603258,13.140881544853551,12.690147748224929,15.338115985225908,14.555306773537342,13.450933262416896,13.063829372991435,12.721159662564409,15.288314930007505,14.618160124038221,13.573639486492478,13.028890505115564,12.789163657665702,14.95214025098036,14.647668625159605,13.592119818483763,13.100484270793823,12.807129940289304,15.121151267878748,14.591325658509527,13.649009967054434,13.15216668574126,12.87915199677471,15.44876609884617,14.364542024725433,13.634454287242836,13.175158214024265,12.926130281638937,15.682292595181547,14.402059973596346,13.443317868036441,13.199974177146288,12.87184692232239,15.549698903788192,14.095044884484278,13.312834039631188,13.293708409514224,12.716232015907769,15.69747850459154,14.032751921297043,13.437061762780681,13.283789425170664,12.693477567140663,15.570227103728579,14.172475194736188,13.444690579443549,13.316334523684787,12.60455229802616,15.588371492793229,14.352231988183442,13.493026285169245,13.263332408609278,12.548030117641119,15.555208766229393,14.310479934653031,13.651321091691958,13.185576301177178,12.548858385809453,15.644624243336176,14.321486516188008,13.625363151891529,13.177733154946376,12.657642047419726,15.735370467020996,14.158555153273564,13.522522044008491,13.208570163189567,12.64774769232071,16.02957902532015,14.177847695769083,13.648646035777043,13.25925051193833,12.672177454789782,15.759608715706161,14.043932000120218,13.664565864826624,13.283225054701969,12.721461550830366,16.092649321061803,14.070887192946675,13.706780365285917,13.355630666047654,12.784903433257169,15.875379669762761,14.12376512479199,13.577494740525665,13.190778710521505,12.71713574557365,15.753249233838307,14.329094004890553,13.587250083218397,13.068548364385112,12.628996886078241,15.7288593525951,14.080004990279779,13.602208996160083,12.950582723290989,12.663555135319571,15.862640074191694,14.244564177468636,13.617081107441368,12.933934083623248,12.553130627150185,15.667115293953259,14.244510731118467,13.706095408471848,12.957622823598893,12.581233164411238,15.815732281600754,14.27039764978575,13.96500393680426,13.020101044764564,12.58238516370941,15.985531938820008,14.205413807305217,13.740586529814518,13.100952631317217,12.685465818128387,15.884710845106909,14.507324028000227,13.744400869409825,13.176135824766344,12.678456147832657,15.693313982374729,14.419044255215415,13.55496872719866,13.137810212849791,12.693993757686789,15.408965850266352,14.33460497048145,13.523400197353775,13.174662737144828,12.67871632428679,15.560681903915832,14.324324487835662,13.422812018410477,13.256965572779052,12.772894642169337,15.400352835150315,14.317143325079405,13.623728236433589,13.174964706995876,12.824950012189209,15.40366763533759,14.257452901661884,13.599752165320762,13.245063661435442,12.81842411673235,15.699025170541962,14.226023836584806,13.584717013690128,13.30628340059016,12.918045439802896,16.034837412611168,14.141503550784128,13.416519545171067,13.202061677312514,12.84588960384759,15.851037538734971,14.033506183406804,13.330488948900433,13.154154718206124,12.914459920884088,16.026908465394285,14.23199934746766,13.44886368515659,13.252390764572258,12.89544358572943,15.996805798513995,14.080094595074849,13.444929652337237,13.124443058264095,12.98091439103366
23.12011095816091,22.644075261105986,20.904822894893968,19.580093818439995,18.55104666655957,23.635891092266544,22.959813787316925,21.223563813903212,19.686029227857915,18.54519370582244,23.138211924057654,21.42997357061378,20.66743938124474,19.22350533048805,19.026599027144115,23.002501193613767,21.76140407648251,20.217869138894834,18.958921470852076,18.543293189532513,23.492140922806602,21.976004602877563,20.79746969287523,19.266742721067867,18.53175659347569,23.738360741787005,21.709008851012594,20.86777731345432,19.12483819576794,18.38758042541607,23.657121890552293,21.376078203606024,20.72477044518873,19.077786795340153,18.233712359411946,23.612559756949487,21.335449892871452,20.67717327626403,19.048771269898086,17.876580987116586,24.006105862316716,21.585959712777004,20.844799552518882,19.031451136062692,17.737833808459833,23.88296873697517,21.799231053472916,20.753976633457768,19.13221230596433,17.816459199742233,23.487785270796213,21.832732755783162,20.565810045638585,19.14082952005978,17.80255452614237,23.621375285360276,21.905244138035677,20.504108927531554,19.019594756826326,17.88471965787341,23.702772729414864,22.13060448635353,20.635971619880614,19.007818941157527,17.94169689379325,23.220287182190145,21.96071728773962,20.608637132471237,19.05910570659067,18.171553528518025,23.355136850725863,21.96706790067214,20.70852539015653,19.081494598757715,18.26531760199837,23.446024670571976,21.907814751344024,20.609960267214802,19.053947509559656,18.2825432334693,23.42958312483378,21.83131434180097,20.684710965128524,19.065968579801943,18.216590121343575,24.24451716105879,21.944853096062918,20.561426434226878,19.091295396546947,18.287586531381038,24.679822008034556,21.725344472275594,20.52165893871621,19.006856984083278,18.051446360332775,24.5428985407787,21.63785858820438,20.58866458725001,18.990051449161786,18.047408834994588,24.645349733426645,21.607816200174135,20.75378396736921,19.075710893438504,18.198901485901906,24.500478056396183,21.507497280148577,20.97183726893917,19.158372693563003,18.38319822456924,23.738735824846536,21.250097846832787,21.08161475711164,19.2714306790325,18.50841927694977,23.646093493713117,21.32815979588191,21.015552931043946,19.27561790670833,18.52396584459528,23.49705206206597,21.227255631433625,20.819306300449856,19.08022871889972,18.25415919935051,23.277153193828845,21.251625759905263,20.754009185341353,18.960242774428046,17.96191194789792,23.306806901455218,21.271585275146954,20.291303672204734,18.820804467428268,17.786740112687742,23.222704910718345,21.066481099586774,20.0772049721189,18.71904942934676,17.739987339673558,23.274121631234944,21.175607605714255,20.203558159217515,18.77058300077125,17.90636573250953,23.338560914853275,21.2002592802762,20.179705456579576,18.86418498259929,17.99242266123727,23.57910627960739,21.16809511221049,20.11875176797942,18.93262726759801,18.087681456750243,23.592418161238452,21.54648374873732,20.36952915959119,19.01150209210386,18.017599427723006,23.842264492617396,21.539414840519242,20.50292675547362,18.89917787564647,17.994563470862794,23.575997717770903,21.44129243224311,20.405189823783758,18.945725317524154,17.891245310573233,24.02442925268604,21.72417235853422,20.399376731518387,18.891968239343676,17.785955143264964,24.23496505701705,21.78996056798214,20.415542709234654,18.863848081964676,17.80061641300229,24.444787200636593,21.588141456222065,20.422460808443788,18.917402947176647,17.80375461188193,24.059720307116972,21.788354275741437,20.38912061297858,18.99120649018485,17.710013911879027,24.038489802885742,21.804479203375333,20.2476935711748,18.954928697498396,17.67651266482447,23.756846833097164,21.58045706365469,20.426066313269754,18.952160947564135,17.833455398597795,23.39051778238028,21.59971537344471,20.6862807638261,19.12774179419451,17.881199144649095,23.134080246178712,21.75222178538557,20.653501343493602,19.066819636033237,18.00107540913386
24.161283757691354,22.749888305343656,22.10482028294825,21.067255767462857,20.97374018689655,25.953022042316103,23.13659069528301,22.484863186197252,21.15291241142272,20.85036285072173,25.46606108162371,23.002021611262077,22.002771761283075,20.863958843350584,21.081818981566496,24.452813944990712,22.114491736640314,21.825517910736725,20.82251414532131,20.7298588262018,25.03849755180972,22.675352480383697,21.9642514887719,20.871891156052747,20.71664661139285,25.332278651863387,22.53652191139302,21.944831048001795,20.689739162083377,20.55317406752698,25.059306521548375,22.314120054015003,21.763678806116808,20.624089286571042,20.335521258115357,24.476029964680425,22.220107237742056,21.744037555833337,20.612075727357315,20.01243840683324,24.807653227053102,22.376182926980086,21.876744396995555,20.502461866019683,19.833493279285836,24.90536648672002,22.54986036449312,22.023555680219808,20.58920266750929,19.91211666878897,24.49604616541387,22.62653421497577,21.94761501110289,20.62047537666651,19.864091171951923,24.7163241422131,22.76516235520402,21.88545844583644,20.510583924457215,19.926271778628887,25.204658247072665,22.87689151056866,21.9057524856594,20.445427445498478,19.99332314796358,24.606988218132905,22.550119062892623,21.765958915290707,20.570546260998672,20.23300627315868,24.671008996089352,22.46247156297917,21.729836180525936,20.556090579176807,20.3467123545568,24.629703798111077,22.400347371248404,21.705510139487316,20.50349057454504,20.381221239667543,24.683742210606017,22.27547469028932,21.83615139132518,20.549847335243662,20.333154457855642,24.652447044820274,22.284439733886174,21.816106544352806,20.527860781433514,20.397134368589356,24.97953974409823,22.558675826038108,21.72286753533813,20.3998777787935,20.166508616952584,24.749731546032,22.399207450943955,21.764397763241103,20.540128958343782,20.20182702802349,24.95759201731647,22.31216595600286,21.64924681900411,20.614502495353726,20.310550196311304,24.674651391124563,22.300927623395367,21.855590053199887,20.656701518338945,20.535831646499034,24.597823990571584,22.180711272066212,22.01279980252881,20.794452978139013,20.636911786085467,24.495011296973637,22.010138099494966,22.072829914742368,20.795687283939298,20.67208384736339,24.42085890502198,22.11241890656387,21.78458974659696,20.561659652517232,20.468084597561774,23.930212216306845,22.17172827779052,21.92959355910046,20.54743739033078,20.22754030145925,23.841948546995525,22.00924511426278,21.561836476566697,20.40871813731728,20.03146368685436,23.82068866611033,21.95518757993084,21.28817809456706,20.34424881543525,19.97750247037921,23.87663844761773,22.2881317866711,21.344426441360756,20.466946338687045,20.14574065373469,23.859914428448437,22.016602926398093,21.474815706070316,20.4226498433517,20.132729394948687,24.20183640893496,22.007355395823403,21.347329944588466,20.467673988473468,20.254691742321164,24.374478399423403,22.403538322535848,21.25360251638538,20.53507551850553,20.201577824384522,24.380866673901473,22.243459983331928,21.351077627259087,20.441176990730572,20.193754407906535,24.40116417989058,21.945781553008914,21.240876932052778,20.388003339193226,20.019038680240545,24.57787556702202,22.448252837207722,21.099300845310626,20.49229511165008,19.967620640963702,24.92223657840604,22.486459674560972,21.070712759446785,20.467702327176433,19.89159327930089,24.919107982205155,22.296296143909473,21.175105664353392,20.509463197248394,19.828577498250564,24.78148863429546,22.438945669521054,20.92500121343118,20.536375734180684,19.76430520568644,24.861057991349295,22.446145116723315,20.826943268329803,20.507167898567662,19.80372374235292,24.96358033031971,22.051863545083034,21.025162884647454,20.467543832119294,19.90697533614856,24.8528804702161,21.991172621216066,21.06114381888894,20.411322635641675,19.98745796701143,24.73093458208521,22.000209807473578,21.150744258192795,20.40504577803041,20.08104300076293
24.162990907071503,22.724073963256366,22.121116256779192,21.04648527518021,20.969594943627268,25.947437429096475,23.154905048792347,22.458764614983316,21.14390400670873,20.86048098666266,25.4546555551724,22.979944261143164,22.01416880575645,20.852075129195374,21.08468518371419,24.484213869732947,22.137960573380198,21.822262691443647,20.812639920432318,20.754968757966868,25.03691434469072,22.67487681439213,21.96438737067838,20.860786554889483,20.73026676289623,25.32426881393788,22.53543127603105,21.940574095523637,20.669294613979577,20.578475640830767,25.050287435428782,22.311130295405007,21.77050448123799,20.61764342306287,20.365589568071293,24.476535109831065,22.239475687317928,21.758346092163674,20.606868411175892,20.057010024875336,24.79882981548563,22.390556046991154,21.89349435964291,20.50656827825966,19.880147510801557,24.905006725703057,22.56877754580352,22.039227676732295,20.60040629631994,19.953774978846653,24.50542792931241,22.63901525087122,21.969718985831964,20.638716931319657,19.88948251899855,24.730886979950906,22.776531794729085,21.89866153529506,20.520519601986695,19.94490394874071,25.2096660573126,22.868619421383507,21.894742360520546,20.452007672639755,20.001439675424248,24.622032815458173,22.55435272070564,21.75349725195922,20.57772061123074,20.243741359637006,24.683772791884795,22.465027009794706,21.710929199551913,20.565105177073562,20.351068570913288,24.644392156951568,22.428130979534085,21.68058897633113,20.514614528363236,20.402031977869413,24.69070456700939,22.291767558460656,21.80832715471404,20.568160113151738,20.360421523321264,24.659881474819024,22.30444110671557,21.814836760036137,20.552787712718864,20.412659693874502,24.97624418462849,22.564783992249993,21.716338896317186,20.414444889753643,20.165356210499574,24.739385900310605,22.398167406773126,21.749837059758164,20.543656384455524,20.204513464725768,24.94556577495723,22.29661200350929,21.639378478938863,20.612256278795797,20.305638124026416,24.660954321372703,22.293475135249064,21.84962519046997,20.64583421064893,20.522312267588404,24.58787101268005,22.17272285780112,21.994674536172724,20.784045145690484,20.639098602339466,24.494316658606067,21.987081454475156,22.0687083363628,20.80002121854341,20.689681346129852,24.429647070980863,22.094384121112434,21.799757143400477,20.571514734797198,20.489522110646192,23.93837456499489,22.141694090501503,21.927398017205526,20.562780999153915,20.247287469820755,23.855565213120396,21.975805091368066,21.56441272544408,20.4260403155749,20.056283583362827,23.83355048483811,21.928194145718773,21.303933622609513,20.356455632275136,19.994146644064788,23.88741725374861,22.27875861297583,21.354509150762627,20.465925589570837,20.153262027273787,23.86038046966584,21.997839090010412,21.492973394253127,20.416571611828623,20.13921674086181,24.19722678882527,22.0001138309419,21.395401934849737,20.458962562110276,20.25624709827586,24.362657651392894,22.40060256302672,21.294565820086916,20.51814266854762,20.205351673084042,24.367181378188832,22.220660507861105,21.37519478911272,20.424146519300102,20.195114494678073,24.38739660483437,21.921277881192573,21.25822359223731,20.377844996098432,20.024949141055355,24.567143697118006,22.419972733976966,21.105608290498658,20.48273075634567,19.976690493606505,24.910294535587248,22.461957374909797,21.08128311963864,20.478953142582817,19.911480582877182,24.917842679063945,22.261046144683988,21.207105961979998,20.521433185874304,19.85133183201104,24.779490944318496,22.429669281400635,20.957887589985585,20.56387175973029,19.784548657296508,24.87514369299758,22.458254173577497,20.89464448984588,20.534191671888482,19.813810841692025,24.990038956505106,22.080171878843732,21.0906190907943,20.504298285519212,19.91466606363972,24.88176880102072,22.02151048025539,21.11741802071421,20.44873207325262,19.985636314385413,24.763344316501843,22.035312548783082,21.200218626961057,20.44025397304512,20.08017857460281
24.210805722653085,22.72945472924447,22.11362950393324,21.011424216979147,20.97797508178837,25.989291356647094,23.11606927770351,22.435109168768026,21.14181854839021,20.845745042668966,25.482973413077904,23.006116185298126,22.034373998338424,20.835460162046477,21.098498162845672,24.524075220077492,22.153552361698626,21.832328702638463,20.805133499098186,20.7425579630895,25.08069576132371,22.678452581193213,21.957218986323745,20.84805140895639,20.720324929116362,25.3668944632442,22.544804120463084,21.93078308681834,20.67212718670958,20.55572541102691,25.088350457898304,22.329918577007447,21.76751800523951,20.612967947722435,20.330232309148098,24.50637022037381,22.24271121905997,21.73885628146588,20.596288210731608,20.00941337154321,24.825113948948506,22.385497430681347,21.873463349602797,20.49582231373409,19.82359247268169,24.922276511250878,22.559390788285427,22.02970873383749,20.58239671074614,19.904004807063938,24.521449631374093,22.63461816637181,21.961258100981315,20.62026609530229,19.857380376420316,24.74838194578462,22.769157572993485,21.886472834104417,20.50808901497848,19.93041941207689,25.24287511973651,22.872610164482897,21.901229734915255,20.45022201343023,19.994569445038113,24.655244215984723,22.544610883484715,21.755722642833838,20.57490183561642,20.238960492866276,24.718112059553533,22.46408927399679,21.709087461764515,20.566295278949468,20.3489861431996,24.667582439888484,22.418749011135827,21.683489878888906,20.512080793358443,20.3847002322237,24.722126139085265,22.287064828680222,21.816424240940016,20.554472070520614,20.331261005627624,24.677398026338622,22.302306767817775,21.818115461933075,20.538288236023302,20.38611394033879,24.988734027312198,22.593109213948054,21.717561789360435,20.40650446952718,20.15123249108112,24.76126102150085,22.41863624390048,21.759297855375117,20.538669978010223,20.182381796869684,24.976958903205627,22.311901962512977,21.637827099861425,20.612205535680726,20.288430973913275,24.68870895740097,22.30839188880728,21.844720372955496,20.660058207058714,20.51603300248386,24.60733148858899,22.18628003897727,21.984349123698173,20.79449859642765,20.62974438474746,24.516336849668463,21.99269861472514,22.059451439401847,20.797484433758534,20.675111527091197,24.443337917554665,22.1000867443825,21.77373336407731,20.568285198179662,20.488366427729186,23.948336758168928,22.16009203509898,21.91895980623968,20.54840393739848,20.256405923435455,23.852461206964445,21.997060179990115,21.553296541937065,20.410289141387338,20.063263327356076,23.84097916117302,21.943934702365276,21.293174870439895,20.346343955326315,19.994259855227767,23.887653210069253,22.28949093652124,21.341117663920535,20.463075251473164,20.154575855658294,23.871975321008204,22.001228285970114,21.48949680248008,20.424241548479078,20.131479404904468,24.20486635456126,21.982475126009202,21.370188899872215,20.466046161016124,20.243594682629638,24.390253045182384,22.391054979241712,21.281709866184237,20.5293404724274,20.19780806470428,24.388116824849032,22.227898362148146,21.379208070094577,20.42963060562637,20.190842308868845,24.42180731006632,21.91976046786022,21.2672637336671,20.38208707977207,20.018747499840025,24.57797297025322,22.43726585410409,21.12246478451426,20.488207347278077,19.97529477336658,24.92845629615461,22.48701362033011,21.087187433883503,20.476609158780953,19.902968900973274,24.92571684925013,22.286570862386377,21.193037220244054,20.513432975720526,19.839366988574177,24.794706123420333,22.430932225038944,20.932899229970417,20.547387075288263,19.781617378556057,24.878460236865685,22.455559451533,20.850839919841185,20.518139715988596,19.81583663672156,25.003733750713547,22.07332594235709,21.032322332523016,20.470983865014418,19.90745643113309,24.89423979971394,22.000801439160085,21.067892587369762,20.41428439203733,19.988011915488613,24.773522106374948,22.006982920294888,21.148206913162,20.410684776069495,20.071560752797563
24.40579801198251,22.22382606183714,21.62634994377663,20.309587586911338,19.305961611616674,25.558738986853406,22.418191522906447,22.42233909917594,20.247038355049547,19.1830565440276,23.834532738051156,22.73880882918403,22.21385986700701,20.44243166541154,19.167986369112885,24.779288602269066,22.570951341569472,20.83214333391092,19.814260621308915,18.388550958853717,24.845319853067508,22.55581100198591,21.650805112516665,20.144840143760963,18.84548840463011,25.119043031766857,22.663418940346435,21.396291734456607,20.092434487649825,18.676014739798255,24.847260018196465,22.68454841228952,21.149767614952953,20.050685035790803,18.559251891429646,25.054918642511026,22.571707932917587,20.936958977539373,19.910774979002888,18.45171655310245,24.987278868438636,22.733120957735604,21.076012176562813,19.962689770495352,18.404684475766896,25.13642655583233,22.77896188510494,21.110712823675083,20.01024318937963,18.50115001111298,24.936037580879955,22.796221760296,21.42982948268935,20.03047680658696,18.67624302723594,25.076631822134786,22.83887383139956,21.513688190898236,20.12200951947729,18.781967696047815,25.18387361733928,23.075423131496898,21.56776012343054,20.34381784463956,19.09931560845274,25.43569170132522,23.087806134805337,21.83178029956049,20.709905900890128,19.840133910930632,25.404236990982987,23.1818013209673,21.833281444871762,20.841642635450796,20.000587447170933,25.513604073241808,23.15704249485639,21.708902805579605,20.870320567722466,20.051715144366536,25.626440375136138,23.13414372754683,21.66768713668349,20.78142762435069,20.029173586721775,25.778970595215334,23.148161115538965,21.90693206466991,20.761599518395613,19.863845657899724,25.437092857846523,23.107566087693396,21.49505583146296,20.375192956894107,19.329720124332304,25.27983598181195,22.820564139155557,21.645501897252114,20.523907229713924,19.762047871779355,25.182965569854943,22.634597738125695,21.738024778755154,20.538545462213246,19.75811005718183,25.23991541326346,22.66288501830227,21.96217613116813,20.655986083587287,19.84828308068962,25.272602321234437,22.673249687169125,21.818809403721968,20.65223966803857,19.84675605450059,25.428310503018967,22.546359143158277,21.95113559044511,20.630614644832537,19.779559984507596,25.193794397488386,22.52225355228446,21.603081051898037,20.24639249776572,19.25519421001293,25.218280637134992,22.544285634683654,21.490484339273813,20.07277461719364,19.091487360190953,24.893419149055045,22.2502851794327,21.21565655762961,19.990221647401867,19.082397210861163,24.655545337906112,22.09478567412927,21.228235989742537,20.035845668666127,19.22134885330351,24.88907377369477,22.28615045439129,21.331101549995353,20.00914619476754,19.23497819953825,24.924397415289185,22.27180084164458,21.29289700398861,20.158730468557984,19.201132136452596,24.827070832875382,22.329588126767383,21.229183097504357,20.151828077193805,19.212396311745596,25.03094102808808,22.51571530755743,21.159101790580145,20.121800570802506,19.164212651353793,25.163848054435423,22.501332567999345,21.15491544484734,19.888146557126216,18.922873585030633,24.549715890063474,22.253402126115844,20.900435409225338,19.94837630965367,19.038425589727357,24.795400924525048,22.308463791662966,21.18169424425365,20.21135906406167,19.438097045007485,24.72512818878107,22.290114055420446,21.16814281666234,20.29518808629131,19.391596700751638,24.710098681715245,22.360112851716483,21.241845919487325,20.439786254538866,19.335360218774895,24.109392222375636,22.164474661698943,20.984969348345306,20.399791577089097,19.24916945859467,24.590476144947853,22.05728531901648,21.079603600180157,20.31534280863857,19.011812217420196,24.385813852864466,22.015478238365066,21.047609081747776,19.876382604811255,18.654275228508304,24.48987128802358,21.981488439253134,21.072208690012992,19.906768874437752,18.58375765378466,24.299460744059935,21.82895314837166,21.033971403316144,19.754597069888906,18.60472824974438
24.39632852086316,22.209533671709398,21.61306529254805,20.342424092826477,19.223862167565404,25.559994609654428,22.442348292241977,22.39670492428716,20.25826177040362,19.14312411046119,23.855180928618523,22.7484323276977,22.216709715841244,20.458533874617256,19.213685479233206,24.810013010678535,22.60470780121982,20.836952810383256,19.853634885435753,18.377409898075932,24.854612298318685,22.564058614195062,21.632650672587022,20.16416103853809,18.82730934314435,25.129541318984074,22.67691070562264,21.378995941241595,20.097636462840462,18.67350842889563,24.858890919935646,22.69272544860181,21.1454267250641,20.049390747748568,18.56061294953755,25.05947545587599,22.581188541563755,20.934832732936577,19.90178656833222,18.428528477228422,24.988066411460977,22.74444072861672,21.0733160306813,19.94395324991089,18.403980768095046,25.134612456787075,22.791559484704813,21.124640909517325,19.99593716323841,18.50534069490258,24.931566161637228,22.805869733537897,21.44802531040667,20.019636954969435,18.676542959870783,25.065945848352175,22.84931639328517,21.526896695938632,20.12415174873777,18.785604677675295,25.181778521589308,23.084134191493785,21.576478995199462,20.35692717402606,19.11784640055441,25.428242426109374,23.0816987273121,21.83677551766436,20.725831543967097,19.83709333242138,25.398656127613567,23.18336771175029,21.830106680865853,20.858392825274553,20.00147892109556,25.5074807169203,23.168669391189184,21.714141315030822,20.88393092680333,20.059234350023512,25.626108335401845,23.144696399587012,21.670056305939347,20.788183097331757,20.053377502262066,25.77310708893624,23.15610382090886,21.918293980272896,20.76016708848359,19.872397325258856,25.427834532245036,23.11907721045974,21.502755921451474,20.36208082902154,19.33151520960111,25.26036870292328,22.82653851442405,21.659357474476586,20.512021873182647,19.76237470879604,25.162007051931162,22.634085864431086,21.740357462630477,20.542310768266056,19.763644533037443,25.215721744674887,22.660351436081577,21.95496761404478,20.650295866817096,19.837817534267792,25.249334057170916,22.680015032679385,21.818090353108392,20.64726070300445,19.843150447064335,25.41146954436112,22.55282060782838,21.96327170445523,20.64277485450168,19.78193888831295,25.1855208346418,22.531775789895875,21.622308262473098,20.26278777761224,19.26006032064832,25.212731274726764,22.553820924387967,21.504032589957735,20.0877471266732,19.080566369623618,24.889861342094466,22.264448395137386,21.238998774873867,20.012056087058085,19.064150250655228,24.648112483876368,22.105051759229152,21.241858191685875,20.055740838478158,19.20705323712213,24.876683189423595,22.298742133961717,21.334555162154807,20.025950247642538,19.210172395786135,24.919967535587585,22.25991302900919,21.285309611009385,20.17119247484738,19.149673416942136,24.826379762955447,22.305417736297365,21.224887200538316,20.170988438324418,19.171495514955026,25.03063828402008,22.494783794404718,21.15429056009662,20.13838552706979,19.126205839567042,25.169456687811397,22.46571707244654,21.148944143073187,19.904322133743843,18.895070254478565,24.561814658489936,22.217787221747535,20.90232334043465,19.966429550061708,19.02746709720888,24.806016122487414,22.297977831882424,21.17377797238508,20.225453420845476,19.450051174058558,24.73411453415678,22.29064936804866,21.16071668685357,20.29420472648126,19.398548808036086,24.722040317187727,22.35101347248625,21.225703285871877,20.438015903037048,19.35041512845559,24.117115193074824,22.158704613740895,20.962052867416357,20.407381766759887,19.258790667951153,24.59880627041276,22.058072319362843,21.061853376230946,20.31471295802057,19.029571993723817,24.386243577558645,22.01821638154548,21.043886332678852,19.872154968667253,18.664551177787047,24.483034871595358,21.982131211107028,21.078517499284054,19.9042771259844,18.610018409748943,24.288031352904234,21.854079876359613,21.050145629417894,19.756700833278323,18.639339738457114
24.15351194298648,22.702336019387268,21.66890528691385,20.243895972870504,18.961778674367114,25.668656673212244,22.612798999741504,21.950284797221997,19.903598593432438,19.022509029763686,23.408447006581998,22.40753569184152,22.009361662887102,20.432150707486663,19.109295335886625,24.523612898727453,22.370652795296053,20.847368999723503,19.83071594945631,18.304078510917765,24.530581793445283,22.43910369197392,21.575621186223533,20.048912704635022,18.758196835072464,24.786410032368074,22.437490465985313,21.209501315170133,19.967272539231665,18.621543756478474,24.38172079545452,22.364477618718773,20.965102539954536,19.921670150738255,18.50199806151826,24.687287119041624,22.32408241808572,20.809079858568044,19.800137257107206,18.372511535764584,24.539276752019322,22.446295628355852,20.955816481362703,19.77336580769314,18.294806399586804,24.727097480487526,22.609215829409568,20.92701518041543,19.888839883070585,18.29471334862692,24.431318975056197,22.674690115012815,21.413064326679798,20.225776988560316,18.77003025580509,24.637487292165382,22.709460703563472,21.586961552230687,20.49917973026127,19.18458305272471,24.612312963725063,22.92364829815735,21.761576223287857,20.948111719177113,19.875255818508982,24.841777238787564,22.944406400679703,21.993807985318533,21.413284696110672,20.819987229664683,24.836969722417734,23.001818612995844,22.04040740584122,21.41920969251433,21.067725741300805,25.04072169243174,22.898997497594753,21.787397139358944,21.182397134606497,20.98358779440202,25.16509446312123,22.811262029203128,21.765283871122747,21.02024095943387,20.746211413981804,25.29600586385561,22.768201799124967,21.80578785178198,20.715460284782417,20.340001192770544,25.040326835202638,22.733075231263136,21.486245215568328,20.44059189787766,19.790621155663114,24.707405409052836,22.482210631962438,21.90814240751346,21.055431318197222,20.619284245376594,24.571361405689917,22.298484048140427,22.09143963237605,21.291346158252566,20.801673775622476,24.49901070972275,22.357723926133836,22.311612270536244,21.469119533231385,21.058768706756133,24.504110874176895,22.369798304204455,22.229356404529707,21.519983832213754,21.097155991694773,24.73245975970361,22.177874667601806,22.28840918036481,21.466661803935743,21.03842584442899,24.76023503281852,22.156351016314662,21.65774939202031,20.79829895481455,20.205669706778934,24.632251274748135,22.264869654325658,21.546962033140346,20.492841569097276,19.90988566862216,24.46112401398849,22.092388475480142,21.285679520822043,20.45634740600631,19.833654130352727,24.38540963854293,22.031259881543228,21.477168906173027,20.64566658626209,20.137443115335365,24.536857451360294,22.238123043639085,21.528829202705957,20.59058484594383,20.22196805297432,24.403138566520376,22.205012456957185,21.430155640496984,20.737859448393653,20.327587080845074,24.474439847335933,22.144498071359042,21.38953190833812,20.78508564465328,20.43951442544174,24.697795362660404,22.364107867364545,21.24224081658467,20.71315943632261,20.46740760564386,24.845253548425262,22.208273435964845,21.03782522961153,20.39295695688041,20.114112429095222,24.245476390149626,22.012340782619663,20.882001576625076,20.499026013999888,20.187910251333296,24.552272890408037,22.17306590533405,20.97994651079687,20.443920510098746,20.225504262755994,24.41518617808769,22.21716179992182,20.905815572477984,20.3876852818827,19.942063489520997,24.29330977213467,22.067691407278993,21.07908862230583,20.404737924936967,19.809517915657224,23.608153102386126,22.01918473294456,20.853181854617233,20.340039377114866,19.675059666562127,24.22294133178014,21.9158279386101,20.748240994593452,20.12595942143308,19.254609960671168,24.148983990487686,21.740168928010746,21.037305028963463,20.03885045897828,19.13044075436863,24.26936069950063,21.641932970792688,21.064588932313878,20.069814464848058,19.151539618836598,24.035785790337165,21.66451233351602,20.828597880099966,19.90400621185625,18.946704153946488
23.66777932244717,22.566235834866525,21.439384658615364,20.16052566475835,19.291214593695518,26.008146720714112,22.27301814793021,21.957282182401308,19.96401017614444,19.08170096366359,24.497605117983145,22.33720091644473,21.764965274887995,20.048680463501544,19.0113839740781,24.903203947471063,22.4846361759644,20.550840540806526,19.68272825897608,19.085582775426936,24.90898407966251,22.40002422147557,21.35595621197468,19.990515091143756,18.99223244657358,25.358539946668287,22.413531248669045,21.229309341854766,19.866612600051113,18.84211811027841,24.961892674802066,22.442544691407974,21.021859168998596,19.924378445838432,18.703646109739733,24.872090058267823,22.376334429637872,20.944568269304376,19.908236454222838,18.498842679274922,24.77750174152858,22.4549436326781,21.13429053483478,19.879454085135073,18.34580215805203,24.915510258220483,22.5536011854384,21.175527872086526,19.894690584887734,18.46767052865159,24.586002941409884,22.62008410255362,21.40020897526039,19.935553466277547,18.510368616581538,24.850572440649255,22.534427323342054,21.34186347271942,19.920874696211815,18.652339907027173,25.018005346134544,22.7855913856431,21.332231424831495,19.890317884347795,18.86515547244783,24.97487431100467,22.72239212272086,21.33049917535663,20.104223003220895,19.429501325535462,24.932030969007286,22.787747962027215,21.28745994560083,20.102494326081363,19.525653910783657,24.979332847496174,22.651933340109412,21.132837908361918,20.031021388505735,19.50692627012407,25.084312909188174,22.69456351324172,21.251602503141985,19.87296158360952,19.444769311259705,25.30196306919606,22.735386968947743,21.374452429570713,19.938916131405886,19.405625724477012,25.231634703148575,22.823405957307614,21.306507051632643,19.77510071051357,18.925160890938834,25.1254914182257,22.631519215007263,21.359564460761582,19.765407255076255,19.08225179745512,25.155847538559303,22.512365022747282,21.193500623410962,19.82731389125484,19.238285583512656,25.00318349562885,22.561864009845625,21.41648147971368,20.021199771194247,19.38490996942651,24.995618564534446,22.42827232902575,21.465000184750657,20.016765564451457,19.407094188693183,25.12624569959005,22.222816740798542,21.503207545830207,20.026733400864984,19.409992352727414,24.938900655131842,22.14349121046366,21.307870440750605,19.839554511817692,19.039679929192015,24.73209863763921,22.229784265168192,21.412524760277634,19.730902129671826,18.729947184830365,24.583074278698398,21.92964144004038,21.03385296826226,19.548971664328857,18.50347920746713,24.459890678114743,21.765634390767236,20.920614917828505,19.424593697153774,18.540814655710225,24.669953005248708,21.997412012025848,21.017568320027813,19.36478910966015,18.620252951372805,24.384060555336738,22.012163460127216,20.963694095656457,19.451513843573718,18.589287856124294,24.46483895846428,21.99824500643548,20.93249414205605,19.57737523627071,18.60730047377076,24.683881555901035,22.281466504179363,20.864849897201175,19.64532944909633,18.640646194502462,24.644419185991428,22.05925589895424,20.840538807179456,19.606007291414052,18.533016391452957,24.306371753765045,21.785562695140005,20.539396896464318,19.65818045025374,18.441373886822795,24.826306618136186,21.92715400905984,20.605700326509407,19.7409708452601,18.497275630802598,24.7354428370249,22.009477192620704,20.54076315606519,19.71723767019854,18.544870216856644,24.704723979636306,22.04377868269078,20.69701913229865,19.839838997637617,18.439323897860636,24.351801041886397,22.245632430684033,20.464655889205034,19.85577335640658,18.4160887955884,24.679322786252534,22.28359317068655,20.52293239443347,19.76926314157896,18.346047901356016,24.695163136737484,22.02232019486629,20.70957577539042,19.640683026344316,18.44442095339491,24.849384641948966,21.909205349958714,20.677035798016533,19.652081393566668,18.50214384469879,24.57893530080796,21.792830369189666,20.591305957987224,19.475848940668868,18.61078394504048
24.193329689934714,22.772733878984102,22.196870042646218,21.146513880168904,21.09394034827567,25.964754585500135,23.122830037845137,22.491923647448687,21.199819732795707,20.95835655299272,25.462200238260852,22.994156600972786,22.083766210713893,20.87474206790032,21.196707703849754,24.513844178899312,22.13082707434258,21.876006550904457,20.85850920613544,20.858297710848777,25.06248544226009,22.667560611625525,22.021522860395827,20.926589718794265,20.839536021850215,25.356173413624816,22.52864378069935,21.982957021486516,20.740674778105323,20.674660058948614,25.079217455266583,22.303794775375344,21.809664258932667,20.681095281191897,20.456800724891345,24.498986156989965,22.213359462390105,21.77699686929416,20.675997153085994,20.13887797320496,24.809725445050073,22.36199890183899,21.910410641050788,20.577474450716014,19.94845011381049,24.9075860657602,22.55265120614551,22.061241897420388,20.659386006935165,20.023186387750304,24.509651022532925,22.62730142517599,21.989014007253495,20.688988217734682,19.971619322537656,24.73532508548419,22.762671210614826,21.91632996086606,20.579461857855147,20.034881288378994,25.22465016649447,22.876616907554883,21.931151785821157,20.516908432520058,20.095765044499792,24.632952384917512,22.563444408196155,21.78386591535356,20.660328558010335,20.351680954690664,24.6937361739879,22.477542691016012,21.726537855025423,20.652221613738504,20.465847113373584,24.645374002768897,22.42035503913973,21.711301904215,20.59838818623572,20.505179749060144,24.69970358427884,22.303863255414207,21.848448348199263,20.63423181482673,20.46197718755331,24.67217605021462,22.316126086864788,21.847278997829214,20.606811103981627,20.512347606928792,25.000564760851688,22.589338412438437,21.752090622191293,20.45453283515113,20.27196994557078,24.782239644253327,22.417347127318077,21.80653884735084,20.588478527615816,20.299053715792926,24.98774616156707,22.324050623353305,21.693435698502167,20.65283943214687,20.4022461564414,24.70927600698816,22.318898549412133,21.892597311467757,20.703113354145195,20.62181181148338,24.63748530013032,22.19679710198364,22.038982399283846,20.8430271849819,20.736200288401953,24.540552223148687,22.00356761783675,22.1033697789543,20.851783459708628,20.775422540606268,24.460244011132097,22.104810159052782,21.81287157724045,20.620202127851638,20.57666790456901,23.975802879505846,22.156015668019727,21.93710671591319,20.612814786155912,20.34190410446502,23.88480323410069,21.98239976145492,21.591412109443993,20.47556021190816,20.142576160204914,23.860050806935305,21.930210262097642,21.323001984296393,20.411415273042135,20.081350763044895,23.92157682816522,22.278927250166024,21.380214027464977,20.530079443740654,20.243790878846575,23.892874931759174,22.003895939793097,21.524626457069736,20.47731584130058,20.23710583281538,24.22616391014373,22.000926783444047,21.424454742670072,20.53504785176706,20.347707292305426,24.395982542598556,22.402261307525855,21.316118129087176,20.602331887950005,20.286974209350507,24.393681761750912,22.213963114348704,21.411856547154677,20.50607775587781,20.270838132986125,24.404046211169867,21.914160059933316,21.306590661549187,20.455226344334893,20.103243430216445,24.58652881381016,22.414394548417956,21.155263752101938,20.562804951732794,20.03928241003162,24.921348456357475,22.443361561797012,21.117885035601013,20.528604383984238,19.967823968391823,24.915939440546758,22.244546861154664,21.22807642378276,20.553636115448782,19.922592380655573,24.779199707566683,22.416427117836015,20.95794354244754,20.583333928331605,19.86632390002181,24.867523934371118,22.449052131281405,20.86916761712654,20.555917166034497,19.88960865298423,24.97455872429232,22.07282220213984,21.06441717413475,20.514957260848146,20.00153151596884,24.867528531124446,22.00999108818292,21.086432254229408,20.464576716065505,20.089507160007024,24.73109516260846,22.02715004347342,21.177938921632443,20.47081105748996,20.18561058617637
24.196370699321093,22.759863296015247,22.18696969631937,21.160965260127583,21.05804897795627,25.968252402273105,23.110404745601222,22.49868185712095,21.20465898073055,20.962179326047018,25.49279437673693,22.984647362854368,22.073559132461444,20.897319163195473,21.187204154534346,24.536347079913703,22.187195472475214,21.871395795004354,20.875554231849296,20.869128103942707,25.074750463121013,22.68160578114078,22.011195556516245,20.93247207039096,20.81629779587711,25.370090015044266,22.54582614614383,21.973232424139105,20.744605965313145,20.657217619527497,25.095134743112443,22.329299702228496,21.79733882938383,20.686555283736084,20.43342864274099,24.513422567363698,22.249779865954082,21.774056631708383,20.669191010157924,20.118622113811988,24.826365837615846,22.389698901046767,21.90262054952941,20.568437311891596,19.931683001788183,24.92930861138544,22.571817437600835,22.05176069121877,20.658948361851735,20.02484127363345,24.523623739144686,22.6511991136499,21.98667677019067,20.68330956678739,19.970372514265062,24.751119377607505,22.78008278762649,21.914180607809424,20.566178351886812,20.02936938621713,25.23590731304492,22.88198410040727,21.921459566551317,20.51509921072975,20.088521407503325,24.64452140650268,22.564332220788323,21.776751668328327,20.646899027099728,20.340880779735187,24.704393051709193,22.481829538772246,21.73259138575622,20.632085316251427,20.448421551605712,24.666370314450493,22.427013464110907,21.710226352930523,20.591651983141453,20.492463109043676,24.71640833314563,22.301168206140385,21.849045519579885,20.63776146331191,20.452369193235377,24.68860418307129,22.319052926711418,21.84640917602592,20.608586127869046,20.49937898498393,25.009444454964324,22.59412670116682,21.74472684663386,20.4613421453452,20.252992958896904,24.78308828287025,22.422445452103794,21.792610539017176,20.595496310293843,20.285183072932533,24.986820765928204,22.314719406111063,21.681791507082288,20.65169465383869,20.394500097523753,24.704082612270366,22.31833900155184,21.8821838367681,20.693765593422874,20.61726333546512,24.631813776477827,22.189482937944028,22.02745642071615,20.831464673395963,20.742501582845325,24.541516928910113,22.00087222851771,22.102686869706346,20.84168141754149,20.780912602063236,24.461921638513324,22.1041157125157,21.825044235836717,20.609619472534,20.57925859603477,23.978458744901584,22.157609142551593,21.953618529196607,20.60519199245444,20.328441661025465,23.887583482901213,21.979007061568986,21.6036385742772,20.480282034386022,20.130264249659742,23.85754127402797,21.92635345638833,21.344514020330415,20.417196447786974,20.06223291598483,23.910786313371382,22.268619248137718,21.40477072646244,20.537629126772664,20.23048017619484,23.892996741726535,21.984188267829644,21.533188289466302,20.497122349024757,20.214559956257943,24.223510637945303,21.990658941657042,21.420465922056188,20.54675506696255,20.34663175061503,24.403140158266865,22.404664152225717,21.322474252136708,20.604654948706063,20.296366800034882,24.409497997256842,22.207461516098466,21.415327666475303,20.513519317505803,20.28497312885489,24.419595309471287,21.906973124154373,21.287863956082322,20.464308725586314,20.116076317939186,24.592204727292085,22.410111371841612,21.14048339189165,20.55854682895547,20.058893257932247,24.926040859469964,22.43994184816249,21.108054618459526,20.53144505616283,19.973680963215493,24.919546464585935,22.24276979460056,21.210379716300935,20.563745612132674,19.916484620536405,24.776369303720134,22.427486542205106,20.944348471089878,20.59491876151859,19.848633691120035,24.868602645005303,22.45422688409372,20.864000537605975,20.56836741369369,19.874911917120055,24.980755945520805,22.075940216383348,21.060257020048805,20.531772462103675,19.98950918829869,24.873337454629826,22.002868150967025,21.094175051135075,20.482634942016396,20.07311273603872,24.73600049388248,22.008003875610573,21.185611328585555,20.483428705979257,20.1639938185556
24.183048528136787,22.7580900059033,22.199935637300154,21.098131554162933,21.027401948895996,25.975535389978862,23.136554278147443,22.47473455268039,21.209747330921846,20.901841225555653,25.48579215524502,22.981334933626165,22.079906620771933,20.904537800351665,21.140457252301175,24.52237763108315,22.135474800222227,21.833157406553788,20.846376489870245,20.831599144166795,25.06802799326011,22.671593810417743,22.007472778825907,20.915746204969146,20.795209073211463,25.36953621413206,22.529084572324074,21.970241323064606,20.729115396199905,20.631779858740067,25.093609014684773,22.313314961056783,21.80624513764269,20.67186525819392,20.424915146302943,24.507480082114725,22.234358969666058,21.78066041682763,20.648841714254228,20.115333199811896,24.823049470198065,22.383203893469833,21.920259994457417,20.557906478027196,19.924443127612456,24.925642180719777,22.56748351230383,22.069334412089653,20.647547501058686,19.995021411937927,24.514810268353656,22.65648003466987,21.99983253460785,20.68074481455323,19.940889048606827,24.741590024255522,22.781369688890955,21.927614076312988,20.559874508873428,20.0017305792307,25.235651937288345,22.887063184585077,21.938720078877815,20.504248941356167,20.06687859954742,24.643982819862792,22.56996670948946,21.795211714695267,20.630346296280134,20.322357453189433,24.706245862394862,22.48411055426848,21.747220470419826,20.613104079751377,20.433874959741924,24.664375233182152,22.423275518472014,21.730206471321345,20.563843154892368,20.48076156439638,24.717290539646616,22.309573643749452,21.85865239776439,20.61331058942131,20.433210239491352,24.683504052080927,22.3192114013677,21.847353777551085,20.5847072056633,20.48103445082408,25.010883138619693,22.588244651013145,21.74092616904167,20.439985629747547,20.240817593099543,24.78226747722555,22.417349269263866,21.786778454899437,20.577464313100812,20.271389149349858,24.987706861991864,22.306163113780105,21.668414987579677,20.642579331887493,20.376773827553162,24.703810996020696,22.296935853402886,21.87197473123865,20.681389299070936,20.592921659856593,24.623145858651107,22.178978208101114,22.025791536055902,20.819489722864624,20.705715103031103,24.525075201492776,21.994359633049143,22.097787613584053,20.83262534730582,20.746886516069637,24.447537018875778,22.106068435058866,21.819798531133912,20.598600446388833,20.547188815332465,23.96375331038181,22.173831428739874,21.953573381243057,20.58842661031441,20.308838644017506,23.871039733690612,21.997343268151173,21.594678381356125,20.451205558213932,20.11554823167254,23.857125236057335,21.941281351385495,21.337980236252456,20.39239311939862,20.048526324221875,23.913341296352407,22.28798828608592,21.397146335002212,20.501615791029188,20.214967654598063,23.901278879875843,22.009533718085287,21.532978051650893,20.459346400522378,20.20544449615926,24.227813009726905,22.012148611718743,21.422837248727365,20.513576304494094,20.326439165077097,24.400759943921905,22.419628585848223,21.332645713901407,20.579427164528134,20.2678444176231,24.397678372742465,22.246994479543027,21.409502114129218,20.494350774669492,20.26474864125107,24.41048205813394,21.95244484335684,21.299088110824297,20.45180301665895,20.09407969530605,24.575710177051157,22.439245569319077,21.146456089976024,20.546530577182434,20.039849294434866,24.917484008508445,22.464005762485126,21.107186013290313,20.522527013247373,19.95582683044462,24.918660891212838,22.273588053512395,21.20139867446093,20.55873473876195,19.908421724530292,24.78234037564729,22.435082096073266,20.943606421983194,20.58171251027773,19.840200156360005,24.867091393596056,22.45235355849507,20.857449554498935,20.551347120983955,19.87156055445513,24.982067347851995,22.087579401200124,21.049341320651816,20.530746952409007,19.977759114277315,24.874308959275464,22.025666040328467,21.074701933162487,20.471830852789793,20.065499789674657,24.738309985787385,22.0288168559509,21.172944759842515,20.471460220839838,20.15355101524367
24.444877969213312,22.615079558188217,21.522725817019005,20.329495820930042,19.030300365466072,26.216828324045718,22.700531318815447,22.36820098521621,20.327376208730882,18.963747861852525,24.76357970719999,22.70055176836722,22.31831197057322,20.12677707454899,18.61238109664593,25.493206216696947,22.896764891958995,20.406176785881023,19.9630178766367,18.857496175322446,25.415252522117523,22.76375964079246,21.513336042441477,20.20026692231216,18.77862706130175,25.85941099754648,22.81603796001898,21.40287461598754,20.16218666373266,18.697221857208042,25.544234628547443,22.874124147557943,21.290629311207603,20.18639214715035,18.565583713764724,25.610467101581616,22.778837145108746,21.131510779168416,20.181643042648577,18.49242151957,25.457171409908277,22.882746426042797,21.392684588322844,20.191828645833176,18.35359778366367,25.56320473274174,22.966418085168563,21.49983743856466,20.20021616234174,18.399938131902324,25.214296229285672,23.05335841450763,21.782382786718024,20.342686662280446,18.46789233022771,25.414160130293805,22.95878072272173,21.786021493160227,20.41583530502657,18.73593506749357,25.50093049382755,23.2142559797452,21.82722821833798,20.49398369386333,19.117942072058565,25.676858030593017,23.180477165419397,22.02599934633448,20.827934676248812,19.905421882392922,25.62497467438118,23.266349503107143,22.083652706336927,21.05163529972026,20.250858328960923,25.72961900587136,23.143876797078814,21.9713544323924,20.93940776134982,20.361649297016054,25.86544982819247,23.252454544566387,21.942924735372973,20.77943432246504,20.23396873715243,26.05537455461523,23.371982705364484,22.152535159794873,20.87979383676417,20.089240110359345,25.784688433119253,23.387995891631714,21.920668584261747,20.586047530626296,19.5246914800952,25.62629395517239,23.1717043550368,22.02774447095308,20.598218099035996,19.720159225119296,25.564387935217276,23.043314957595037,22.000556344923403,20.585036240608748,19.791933084586358,25.500962421247557,23.07079902848693,22.18024804847539,20.755646330318218,19.936493805901456,25.52617550401926,22.958751039834613,22.103893051252726,20.69559053912441,19.96303154068446,25.664618033788685,22.795377790702766,22.13148370412907,20.70823692936579,19.97307308937696,25.493277256861653,22.660634789109587,21.84918141000194,20.314792888691954,19.58622966375148,25.39800955923845,22.738303853138618,21.774174629067964,20.228003718958483,19.346595834638936,25.161849251817795,22.403451357061652,21.461614968105756,20.090606363180466,19.334335462516087,24.952713079208156,22.24040403665665,21.391680873147955,20.08801515483278,19.4006241517678,25.19499758921499,22.46608931793174,21.546995472866097,20.089203898267666,19.373383185482886,25.06484829269462,22.47780057162604,21.48154488596885,20.265799439424036,19.299802963133125,25.035607607864844,22.4631210838347,21.4702149825823,20.239759637101848,19.28684800716212,25.209713865702764,22.676797137348153,21.474508500950073,20.257208074597575,19.18863459274844,25.233488031998508,22.540077924489317,21.49129465199669,20.0892726555932,19.065175414651442,24.709923227980447,22.27470070462574,21.11515399657195,20.085131104710104,19.13672479286931,25.13209480437273,22.407225837183017,21.199459097289466,20.135596854678944,19.20944592246625,24.978062486404006,22.435822940911827,21.182342170730983,20.248967769829296,19.27087917453624,24.84643929634646,22.502682176251575,21.238360664285988,20.42020881218412,19.237066773041686,24.484911656259364,22.507808183316154,20.998644475115334,20.40351449780839,19.192113093069413,24.97113055683051,22.491373428748137,21.152774879620658,20.28286401683969,18.973879419238372,24.874711282070766,22.440027908992622,21.255404607300964,20.141833958002362,18.953816338153686,25.071739276236013,22.321238128260784,21.22979730015758,20.1253754364182,18.794455763086084,24.985680459150437,22.087285989630015,21.083344604216602,19.872697651479335,18.675256213113556
24.42911177895031,22.667417239217798,21.53368105166486,20.33124951797444,19.028655048449796,26.26609170523605,22.737884007289804,22.41333513807845,20.30551825187624,18.92384708316109,24.756386534574403,22.70674708234435,22.31387670379041,20.12457179258246,18.60931299735718,25.470337397949123,22.903779847905327,20.42836401016042,19.984941696891344,18.825118705977264,25.412661795863844,22.778904836251446,21.52517178994707,20.198665736137425,18.76575232814971,25.854515833210506,22.82312525121455,21.40077991162627,20.165244103406085,18.67965347054478,25.53107428337006,22.869805239307986,21.273991366998146,20.191641910344778,18.542226230618915,25.590636738142326,22.776838325247923,21.111626841311793,20.189109227553864,18.453870670356714,25.439856601321786,22.878798779399162,21.36259246127637,20.188972225164076,18.313379681294478,25.549695744636853,22.959449874564605,21.471523238016722,20.201406941497716,18.350691269509163,25.190272984546787,23.04012104632764,21.765347155783587,20.322187970312438,18.417963546180125,25.382237150232328,22.948143609509728,21.77137064934917,20.40574484788892,18.707816259361266,25.47642384716779,23.195960041261365,21.81667639007194,20.477376912672174,19.11850231267723,25.65926232310523,23.15342525462844,22.017185741969747,20.829400970116463,19.930277468525894,25.606716763430644,23.24509072367113,22.080704914742984,21.05646658881173,20.30240615848622,25.72690139187469,23.11968141767279,21.955701392061293,20.95540084116237,20.421676234107398,25.869571333822414,23.22148646121112,21.928825885859002,20.790934249630034,20.289991667511263,26.06177648769833,23.33925532847264,22.133953494223928,20.887087027798636,20.132489210486547,25.781310063325122,23.362949267682673,21.890566359285483,20.57875200692174,19.55544585755387,25.62574860123978,23.146572917185104,21.987202233174024,20.565415009313405,19.717995917847567,25.545227244059188,23.025462226588957,21.97189254086183,20.545279481197557,19.773831353470175,25.481745765181667,23.060778510058007,22.163755801299658,20.707921405591534,19.918870539730058,25.50438368151693,22.95211462776136,22.094855446106596,20.648778841248156,19.954757996565174,25.64531983962854,22.793001274102238,22.137477800204458,20.6683172110295,19.96824933599769,25.4667921818943,22.663987237343754,21.851245167333616,20.30055434448477,19.584957633647214,25.379889788054644,22.73412721559837,21.775148926909395,20.2029333919978,19.347319985780615,25.14226013348245,22.382821151546814,21.456092680558072,20.06191729757641,19.325646463650138,24.954822909974673,22.221257693579982,21.371422260380687,20.06402640919464,19.38969084192966,25.19831840182416,22.448225756588638,21.531011933339162,20.05534608992656,19.360330201219263,25.074282263601127,22.452256957031942,21.463824775261095,20.217830782302602,19.30426041985179,25.05997495676184,22.447242147434757,21.451725212908105,20.212615578435226,19.281978300667227,25.23771696914917,22.673234183575765,21.46045921642169,20.23826832592719,19.183935168083643,25.240079928338876,22.545546154877933,21.481079692539502,20.07367742083952,19.05727750101107,24.719863384837275,22.265830892268752,21.094035273318962,20.075879768933785,19.111558481607652,25.139874981168784,22.413300138058762,21.19372441497399,20.13550464627545,19.181691795544552,24.987545107540768,22.433453299863903,21.167390611063922,20.23962788618863,19.26001789021558,24.857161812936532,22.499372922271256,21.210894202932128,20.40870660680244,19.235248488260517,24.493659338842374,22.496056703219647,20.983518957979236,20.394803932409154,19.180583956974836,24.97628672889772,22.49045067761769,21.15073784645841,20.265220698473286,18.97565929051209,24.879657126499588,22.435177254219795,21.25032137564102,20.11889409232856,18.956719065773086,25.069730447292198,22.321142114916324,21.23166676375622,20.109345738220068,18.798442324109477,24.972706290822,22.100939472336467,21.065808851748066,19.857597641902824,18.66573041076929
23.739650996565874,22.563101030742256,21.455270743667054,20.155881061628204,19.265557992281092,26.012475966932193,22.270411763411335,21.966374514287935,19.98563825892343,19.18456488588268,24.5446478215466,22.337054202598452,21.830480266459595,20.014849748187736,19.007166318489475,24.9199952040021,22.484473998656963,20.467189384137594,19.706480690002532,19.12049068557709,24.948903550993396,22.394647426714837,21.35921019253584,19.99348501001644,19.003198431338905,25.38769575653644,22.40475754959553,21.22887310956463,19.872601761486365,18.853293543965595,24.995838360424674,22.439277725428486,21.024740828645253,19.920858851666537,18.676923080710147,24.906746206630753,22.375294193595792,20.93449235538752,19.907064561402414,18.484968200632824,24.809135191034045,22.45331154018611,21.142383111954967,19.87830431343795,18.325429585646933,24.93450362139031,22.56020008883139,21.185262386009107,19.89236995759324,18.46815928240482,24.61234215401162,22.629947677219853,21.412940713679994,19.939587408979698,18.516060427351142,24.87573505772561,22.54246003780498,21.35687581914868,19.929344457107696,18.67379911669114,25.03368067122631,22.78914441713253,21.347564237245575,19.89846854551125,18.875649402666234,24.994385325087368,22.73348663122574,21.349918489960135,20.11691547907413,19.44089446800916,24.95277367287585,22.798645309266163,21.311419906498678,20.118113258664646,19.538313764774962,24.99004886529186,22.661972417668352,21.1509908355346,20.03016477097189,19.528357256315054,25.095468547457365,22.707967698283348,21.27195633956262,19.87930203614185,19.49890409341048,25.315319909106563,22.756211555684548,21.396667455956155,19.95793800001458,19.43944178728385,25.237008706206353,22.839861181798643,21.316061171339744,19.78302714865224,18.959249816046434,25.136337691725817,22.658020744290113,21.364968814623786,19.78319509644454,19.115018399286505,25.168034900631675,22.554898177210465,21.211167040039772,19.851632284472597,19.275364496090425,25.011952776028355,22.605909824001394,21.428615564736393,20.043734154379546,19.392552172783105,25.00866880747028,22.467917150922425,21.482841635554156,20.034628133317906,19.414373614999374,25.139684263198255,22.264126384683568,21.51572995900433,20.052892994059647,19.417758984841605,24.951696321429296,22.17509322493523,21.32957311250571,19.865746104319072,19.03328733452405,24.74706407434094,22.25987820042147,21.429887733341808,19.779348831987228,18.72140736839973,24.604041887039397,21.94860849164009,21.042146117351823,19.58410109985119,18.502724372930384,24.47860704917099,21.78943046553517,20.92144960257037,19.47391329735052,18.57402521581731,24.69677523289398,22.028103960240337,21.031207517905194,19.407879668211358,18.63893656671208,24.405119132513356,22.023885200581326,20.970984769492425,19.48345919540192,18.612334864444215,24.4905260655448,22.002424106368608,20.94289218879315,19.593567468547587,18.635661361291994,24.70328928437943,22.288524290808176,20.89157558860985,19.681018948774042,18.670597666892682,24.659412908836764,22.0772706686267,20.870380483341943,19.633374010798182,18.569413796455557,24.32046232902278,21.78673050010451,20.57414319467764,19.68247999257883,18.49250837358873,24.84079361101222,21.943295518044856,20.641825845968064,19.764856130839433,18.547586925328524,24.743359694525974,22.028108514886256,20.56389165751862,19.736324777538773,18.591152157005162,24.70479341134063,22.064164177182292,20.711098012966964,19.857665518677003,18.48180213715153,24.359183609281192,22.25939451802186,20.464484369320193,19.87275090197952,18.443915064793153,24.69216039121798,22.302436986642395,20.534959581289655,19.78360299490931,18.37695313438283,24.709512352432263,22.050227431792912,20.709475130870736,19.659182470025755,18.46873583338417,24.86371923938048,21.928205589272498,20.67693065829281,19.666272876348867,18.528260451029233,24.60637240057788,21.80068582730177,20.5841383778587,19.49083675572567,18.633818279245677
24.191729361358018,22.79820110135775,22.16620807511359,21.142132568150707,21.065181714876502,25.980707291774078,23.13340263000097,22.457888464327695,21.203220422102223,20.9500973948402,25.469048993984813,22.978331290013006,22.1091783204845,20.911550030144447,21.20061908778311,24.500736825489152,22.145882989806232,21.895418809911433,20.866965534510747,20.86887898600876,25.064447499467153,22.68065654569105,22.01791937890669,20.934919378537625,20.82357351828997,25.360645951589724,22.533314593988173,21.992152279201044,20.745871133728095,20.65965399254574,25.080460366920036,22.31752276019096,21.833697431078914,20.690400283646408,20.433439029964156,24.500832089355143,22.23460122870958,21.795098190692926,20.66820999459477,20.114979128334834,24.82044677486767,22.383018743185325,21.92404367926674,20.574000171563082,19.928472718941,24.92205246911211,22.568479704645718,22.061867186571554,20.66069294583135,20.004324126764146,24.510203046655192,22.64419735871892,21.983875985977107,20.694928810798395,19.95577508988054,24.73668924437043,22.77413253046912,21.899702938809178,20.57384719395039,20.020672716677232,25.22208631298258,22.88062202113036,21.91733606307715,20.52355010966723,20.07636370824827,24.632083734056536,22.567175534845767,21.766507758852196,20.650977786659574,20.323024922570532,24.694908903636424,22.488637707408706,21.727805633587767,20.631184360830066,20.44025794532767,24.6560475779237,22.434087929165486,21.71283148696003,20.591039272874355,20.479574396030767,24.709036157845127,22.315055865784707,21.85274637337057,20.63790889703059,20.441449908056644,24.68353699049387,22.324555419654263,21.840509542088416,20.605525848529528,20.494261000024846,25.006272028476168,22.594862341684767,21.740570725521014,20.452413769588382,20.25281301209683,24.781863942926094,22.403751866273033,21.785855329073563,20.59551973209891,20.289377469033123,24.99355842581537,22.303700364696915,21.66559358531454,20.6537366419495,20.39468180585011,24.714897945241802,22.288654632669203,21.867057081540516,20.701591611954825,20.616822554113618,24.64172459953495,22.165476265658473,22.024663322987152,20.842851975379553,20.733488798330804,24.54625216121344,21.97400053498568,22.103707663593486,20.856820838648684,20.777047066013658,24.466603782823096,22.08110489924644,21.818612944095783,20.618717386098865,20.576532697206723,23.984214454700087,22.140850437564374,21.95529230314348,20.60455583480489,20.33644339795864,23.896614975505205,21.97493556557024,21.601411970210656,20.45883142695995,20.131344749607816,23.87356723795041,21.92840457078398,21.33071129116583,20.392642528679648,20.074546902822068,23.92733790599362,22.27378029612061,21.380209384896812,20.51332349630216,20.239467295556445,23.91058975733298,21.995838274858265,21.51759210386449,20.466669450167654,20.230747545651308,24.23347335654094,21.985369573245897,21.40155783520733,20.524115094426417,20.35150437712453,24.404042054561394,22.383137083419545,21.304715572624847,20.59107773466078,20.306650943782607,24.40578453530397,22.198569868213106,21.400049930027514,20.50473530113579,20.295813783593342,24.423512287446236,21.90123313841964,21.287475094733047,20.45169550653974,20.133368620806625,24.589799071653818,22.410890122573385,21.14885188333249,20.552367698785766,20.076311328120198,24.927147746347686,22.447162456302443,21.117443244966722,20.52487296940985,20.00215763585805,24.92349544596622,22.25825504203155,21.20909912723912,20.565312743962465,19.94026517976563,24.78486036538606,22.435136391494268,20.944931791076947,20.595800341545853,19.874123260611306,24.86585949248711,22.445560869980312,20.861713900027148,20.5746986892891,19.894859094192707,24.979529966911123,22.06589205352977,21.04976332344005,20.541344212701034,19.998626066865192,24.86639896763256,21.999111314666486,21.081044872721016,20.47688278425391,20.084289360691997,24.727375351354205,22.011515911282064,21.18688644251761,20.474128049948852,20.182156113733093
24.200502993048293,22.705232954070784,22.211489996269584,21.111935998283034,21.051227353943894,25.982567349172527,23.123965964928857,22.46339516715296,21.190646762977128,20.95389448910035,25.46613411023173,22.996776557539864,22.062234868827428,20.895556773767705,21.201830852367024,24.50235265401811,22.149166043139072,21.88855600854051,20.85758644464735,20.86225772028933,25.06875347634755,22.667550075984014,22.017127288506792,20.91350436145141,20.829410585732226,25.365173476706985,22.535650198310744,21.980927002133267,20.73345759470513,20.66477940825798,25.088471901259943,22.318993615918213,21.81459174335584,20.674238342917228,20.447799608458634,24.507065915220757,22.242853475467225,21.785935971183704,20.653332978587294,20.135139036340284,24.826826425042935,22.388596834856237,21.914934460478744,20.563529491953833,19.950217486293358,24.927239928481278,22.566742660879395,22.05721771299461,20.658749180199727,20.017849610439548,24.52143201027757,22.65354606411459,21.986172155001945,20.688705553206766,19.965732928048272,24.744189978155966,22.787266652515324,21.908854277910997,20.576192237565976,20.02845137466307,25.238874579149446,22.883964647219983,21.924297627175182,20.52425894722804,20.080805093883647,24.649909782202645,22.570236962092167,21.76830315138772,20.65058225919826,20.333151570459712,24.710960434670945,22.494196321741757,21.724612083633485,20.63365043063063,20.452357919020137,24.66475237552056,22.429749751138207,21.694574464001022,20.58570741088583,20.50624764323907,24.720292234172067,22.304000273089947,21.831703775065893,20.624492539999856,20.457882161958757,24.68686852473999,22.318168675384275,21.815395319744354,20.598225339086813,20.509585103746126,25.01131283644707,22.591992276511103,21.73095808528009,20.447247787136565,20.258683598386444,24.792879285264853,22.407964805903948,21.77884955903242,20.58413589976843,20.290179998864424,24.99464722724772,22.298595732435906,21.670297811635542,20.64223427270913,20.39250374798102,24.71335221203349,22.293310692410245,21.87176324039223,20.686999667552136,20.622003724223706,24.644422520536047,22.16127598341302,22.029088077549623,20.829418971286923,20.741658436440595,24.54964342250669,21.967514120176666,22.09987249072555,20.84082152705491,20.77968832009149,24.46324597890226,22.079778324426933,21.812649481233304,20.608495913709326,20.584098049288777,23.982165030628966,22.147864481772256,21.94253938981195,20.601603421172854,20.346472714494542,23.887579432129456,21.975494729014137,21.586524293029978,20.47018769306138,20.14592816048326,23.858047677388505,21.931690314000406,21.324178966253694,20.395894362692253,20.076640134332898,23.91035428151946,22.275503412549575,21.374852373401048,20.513154721492064,20.2515643892415,23.88943761680323,21.993959272468825,21.516590829004905,20.463046411715187,20.2333080322056,24.223976566475216,21.988025636738442,21.409077466143298,20.515602621905934,20.33896626019532,24.401484697939324,22.399482877915638,21.31276616352222,20.57600320340269,20.285719871569928,24.40343180596384,22.21448113989428,21.410358073407178,20.48402561878001,20.284334897604204,24.419878723841343,21.926509204066456,21.300409327147207,20.439020486599375,20.12267652950761,24.596708664741584,22.426403519153656,21.14877359372537,20.54584974058313,20.070949746585494,24.932320867330933,22.458640552882365,21.107358341054727,20.52678752139343,19.99823057404177,24.928047962598292,22.265764875824054,21.2105770401487,20.57104364230344,19.938018935431437,24.790462801722647,22.441958095639016,20.945012954719303,20.605617241702696,19.872538972620095,24.874797805534588,22.464239672587958,20.849425827932595,20.581099595496816,19.898223901668054,24.985341365755055,22.089252567864097,21.04456274045946,20.547116951574882,20.006695347025566,24.872982945602615,22.03726440904665,21.081471413528522,20.488682070567943,20.092599325897456,24.73182642370967,22.037101938441225,21.182725265144356,20.477861236701155,20.183856701802334
