0,1,2,3,4,5,6,7,8,9,10,11,12,13,14,15,16,17,18,19,20,21,22,23,24,25,26,27,28,29,30,31,32,33,34,35,36,37,38,39,40,41,42,43,44,45,46,47,48,49,50,51,52,53,54,55,56,57,58,59,60,61,62,63,64,65,66,67,68,69,70,71,72,73,74,75,76,77,78,79,80,81,82,83,84,85,86,87,88,89,90,91,92,93,94,95,96,97,98,99,100,101,102,103,104,105,106,107,108,109,110,111,112,113,114,115,116,117,118,119,120,121,122,123,124,125,126,127,128,129,130,131,132,133,134,135,136,137,138,139,140,141,142,143,144,145,146,147,148,149,150,151,152,153,154,155,156,157,158,159,160,161,162,163,164,165,166,167,168,169,170,171,172,173,174,175,176,177,178,179,180,181,182,183,184,185,186,187,188,189,190,191,192,193,194,195,196,197,198,199,200,201,202,203,204,205,206,207,208,209
31.282863017485745,23.77742940180189,22.669701801438833,20.44483448187331,19.068077196423467,30.406668489767164,23.332420156886144,22.87050439861632,20.13125067474616,19.607175156852563,30.647519550964233,25.252961354729678,23.84892360262996,20.579589820685193,20.18771545176549,29.811384315478133,26.198860952796075,22.66981058758931,19.410356062312733,17.82701925320341,30.289061435694613,24.80579685672194,22.782144286553,20.075901458339768,19.068838066655495,28.955742859884744,24.481133075324227,22.314823596769898,19.913477168419455,18.91775388614462,28.492409318512113,24.72251634441045,22.03729497592433,19.70410388171777,18.619317433036013,27.23237381993427,24.244027105377675,21.719939709457826,19.680891520833494,18.498746894527358,26.937310560489987,23.529720048316467,21.697377361337182,19.667609987271184,18.500481965594588,26.598173228426578,23.24128709084567,21.97982940182256,19.89079415068904,18.790485656803888,27.26963836473501,23.895363013441376,22.73384689800897,19.960737310035192,18.998221918203058,27.359795995462026,24.153340379193715,23.086411711765805,20.34009133183905,19.353014413055398,28.48908711817335,24.776522308193726,23.233957381671352,20.272201540741232,19.27591315075346,27.87491890648846,24.57449218046858,23.056814667111748,20.180405445455676,19.272954026388625,27.455208943769303,24.388249338714065,22.86415533832643,19.870772469106463,18.96733489910262,27.096432860733994,23.9138070378889,22.407837205056452,19.748644564897667,18.769025177457983,27.084959835544964,23.842456072360203,22.513247563165184,19.79416647550476,18.793394314191904,26.700924346467815,23.67645343949463,22.36125443382823,19.92226040833673,18.849859933542426,26.92521297431933,24.055452309062638,22.383451430369036,20.034801282145818,18.948964952685774,27.841226792049827,24.743366471155888,22.49558744287689,20.087403145911566,19.015144509611353,28.18002546087335,25.18410035780507,22.612462069842927,20.227983131687534,19.057078101331587,27.365990633020452,24.704641837020212,22.369557191923953,19.906236549620182,18.81747080865083,27.67723989219777,24.88764481311697,22.285356816840867,19.795427947729355,18.685100130689484,28.08362927029279,25.352266851423234,22.65518630887568,20.08400866141144,19.031161615491587,27.114756337123737,24.63287170907767,22.499484754827314,20.17987175099921,19.027798012685224,26.564521330644958,24.06509043527467,22.657221126810533,20.3132080526053,19.22729695906769,27.610372190087855,24.772035099949726,22.751292729713686,20.4919200069327,19.38937553717236,26.635746270372096,24.072122783411565,22.7992793135294,20.273564099187933,19.299947830073474,26.87423449199441,24.246084791813132,22.687563867729,20.13367335156948,19.093750022294778,26.61399521525319,24.18298044422764,22.704423359948244,20.009363760996443,18.939777056947147,27.319693293641063,24.761144506623815,22.567406832590848,19.991889223310512,18.921005143438315,26.56205518113678,24.080163703314916,22.504633723936752,19.94788118578157,18.981119219819316,26.73923248338276,24.143256584825828,22.442330614606288,20.000738626247834,18.900533511074897,25.934208840407337,23.7094154270627,22.41822042116174,20.10926964731833,19.146212277763148,27.04660375602263,24.434862971354473,22.65933621706366,20.06305731918201,19.269035733346335,26.978896672554093,24.4347839442594,22.574226414849065,19.780680181054926,19.124138388757224,27.3746871525609,24.873085775235563,22.490713027820636,19.640034272358257,18.860357806333138,27.402225179278776,24.908723417142408,22.531928887448686,19.630762590653166,18.976058697070677,28.300436478907823,25.264848510983022,22.421390034656046,19.378847534418874,18.5495974268691,27.91498156733337,25.096316919106584,22.219562892849527,19.508907093881618,18.652789104858947,27.670501990880382,24.963745835421303,22.207095179930388,19.66990534738367,18.736871415206366,27.919014887771436,24.87853149083361,22.11626123184346,19.678213967393123,18.81606176204137
27.62262872994668,23.897852888969265,22.514904267428612,20.30127661275727,19.117243257343983,27.776094111619635,23.149439210702468,22.64756600622611,19.921622707902298,19.20766683496056,28.905741704558075,26.087684403654034,24.1921485459976,20.928491503065537,20.478904188526283,29.94880653368317,26.21071151743348,22.652020626173844,19.278591263846423,17.6805983756126,28.645292764527262,24.899273703918688,22.77742825486003,20.015956553038716,19.000537029760885,28.082407809967386,24.682196351260792,22.416788843613535,19.857088180782966,18.78593614391482,28.179289665145205,24.952281214146502,22.171689635697966,19.699549961562553,18.41341357912303,27.15623226830137,24.332076398103244,21.799999112415485,19.564820872275984,18.17320003996162,26.367587387090794,23.636769025063668,21.770361662976686,19.633301915147605,18.279133513796072,26.163240321140783,23.541488383375373,22.09103543288562,19.889219144237693,18.665834532507844,26.49304688362837,23.949241451838027,22.734422146571088,20.002329702311037,18.891967705875523,26.146020030983074,24.02383430819129,22.970873616783997,20.419557532239335,19.45358532149914,27.28697099231757,24.53301930491828,23.080044031254594,20.288135595252875,19.408976464077885,26.952633612206633,24.361650801935998,22.963283472122534,20.188034881864645,19.33895642147828,26.27622032816145,24.092551586152645,22.67535729521226,19.861532484644435,18.977990208740017,25.896894436314245,23.671306982424348,22.204534602012522,19.63929597185211,18.759321704968492,26.247953108810805,23.72255748522545,22.31570426715903,19.54694416427891,18.687196897269413,25.877127703316535,23.543622447962626,22.188330567184245,19.692465738418303,18.698891557430315,26.242975607890962,23.836304862369694,22.148403244320324,19.702559712562273,18.70512144415141,27.370768496024322,24.433058343942058,22.25707747933613,19.659267082583266,18.683742181671402,28.046910923675807,24.8709249585371,22.40963920039675,19.89282920216902,18.776110621645554,27.34567628131213,24.32836384683499,22.24616790833932,19.7036207951866,18.599092179081218,27.66794000668248,24.517186945406245,22.24049950360274,19.667074298206767,18.522098669722983,28.10535571904387,24.989517655719673,22.628616088853892,19.99094284041687,18.90041146617838,27.693535308069706,24.30778561259264,22.51887792600533,20.164926726386682,18.878485863621968,27.05085848002073,23.667044662044894,22.702333009888974,20.24550965306574,19.025677687291996,28.0088064368841,24.471989034149335,22.840308469412555,20.39348510872451,19.123419351171435,27.069457195326038,23.8821809749305,22.811244099402053,20.07193634373786,19.009074340330773,27.301605137029917,24.076651218357554,22.721337048863756,19.88562655815447,18.734046977476602,26.34040864453241,23.94036429263066,22.67316409489204,19.742259708339883,18.722512224324362,27.205040444851257,24.561041304857902,22.465291532837977,19.714107246404176,18.734580067488004,26.625729000371354,23.9852390660908,22.391005252550663,19.691121203189944,18.789571087712126,26.874663079433798,24.03555116972148,22.287575843274148,19.808171296110736,18.69697733514301,26.005974534221473,23.57270433257634,22.26652103855601,20.01940015401796,19.09376738875462,27.235473355513847,24.352027287039473,22.52321113096218,20.002638798974193,19.10195612012082,27.065651164334316,24.42746316391477,22.459419660989504,19.72016556500778,18.8484594106357,27.254303107789877,24.790036739820245,22.372218565370762,19.479957691461717,18.589547884978913,27.103994932353153,24.750181758499643,22.39719446587852,19.502911051220007,18.601465961470698,28.03723013752144,25.13955800282948,22.274867054549233,19.199312009856385,18.05578069484449,27.67478032344885,24.977845738104456,22.119124468353334,19.349552813528803,18.18349675740357,27.374024393341053,24.817685224435277,22.20990081365876,19.648109448388777,18.485635333239127,27.6256455413835,24.655184871311555,22.20289975912383,19.84672169584447,18.71361018204519
29.56982217431061,23.73532762897652,22.69343033889069,20.31323341123393,19.15842198883954,28.867457601510093,23.22585462779615,22.463407810679474,19.873255142168922,19.068452322679953,29.815267139766366,26.14702473754278,24.277322845041052,21.263943162196004,20.61635778265935,30.00791060166149,26.356100243496297,22.715345072956413,19.207479105833954,17.65346117558535,29.434993527283304,24.91946538017178,22.878864858880796,20.071794105131126,19.002150506125883,28.364471294852716,24.76488402853545,22.538759279713904,19.919127698678153,18.759782948926887,28.26505665024077,25.041242719221902,22.330381743984567,19.77551405173054,18.394716717357465,27.169721475707227,24.446659152028623,21.916412893198867,19.55414084964027,18.104737141137054,26.670062837341952,23.696044138187055,21.87356357249618,19.683191532433206,18.22606840329834,26.43387054669706,23.609517217758718,22.128635036272982,19.93725796938595,18.637747565682975,26.73407143165422,23.900385921444496,22.69550090331592,20.064901060035538,18.87455678701382,26.404743405523583,23.866801084328557,22.910347932181935,20.525883000049568,19.469041239619497,27.45558108682057,24.283850295593307,23.019704055600226,20.380582491806585,19.43820614285347,26.865407792503312,24.224374120543768,22.92509736458082,20.29198532267831,19.38676236291293,26.172145115903135,23.936503257704924,22.65446932259425,19.97600331311913,18.996793244932277,26.001787561919038,23.601254167376453,22.165676504634217,19.697002354280414,18.750823342734336,26.329692350941475,23.736420219302495,22.24261889096909,19.48372342144135,18.60466197979524,26.0104656171495,23.65972106830188,22.191598933725157,19.662067625420118,18.596382846665925,26.369192203717382,23.899624569701455,22.13215484463847,19.59010863127238,18.60581936064323,27.586736077562204,24.490796056624625,22.23077643803336,19.57904223845113,18.60351531939141,28.195274221672783,24.936763230764093,22.3986443818835,19.874718182917682,18.82226095708907,27.552386817473803,24.343573510043125,22.27763861386493,19.829856995324377,18.733073521999405,27.79529512646396,24.485921134151447,22.300636363308453,19.823834158507044,18.741940094020414,28.22385040700552,24.84993544288114,22.66691741260234,20.175627372588316,19.069656314096477,27.790261597526943,24.207934895286186,22.548512576575185,20.295443291875102,18.978547911056545,27.17741172742265,23.569024351904105,22.751285641118322,20.308216658013862,18.998350857474218,28.057343651707548,24.446650378735292,22.924504872652662,20.401470712408646,19.08712100559072,27.15227789472315,23.78553903998415,22.798827616113734,20.089369916996567,18.94980956113825,27.383679920838944,24.075751475674245,22.71957733464263,19.873970446505645,18.7332453965502,26.430722879076008,23.98040721049882,22.70860752605232,19.71897509318722,18.798827676428623,27.311009239444918,24.62635564712297,22.509967449785538,19.710363695233458,18.85067818363767,26.791577144032157,24.126244977303944,22.42137992385694,19.671122045017192,18.836273512864693,27.016322853096675,24.25476303615336,22.36699155775965,19.743233688225057,18.672264819363715,26.02040881684575,23.714659593288342,22.35840162043987,20.02110508066969,19.05446092907594,27.2744318566932,24.440242520033838,22.57892316566882,20.092215727782843,19.046923060578077,27.144661763898892,24.49392797785247,22.529293861675555,19.82898431177533,18.720051722960385,27.332284681353872,24.820260594134076,22.451165232342753,19.650567393859966,18.564736621526258,27.32256909214517,24.822774739379902,22.471075868936428,19.701326979563433,18.633775847122944,28.399009057639308,25.28253343972574,22.347043701777004,19.3461018778519,18.013251302392884,28.0754924488835,25.111916980528875,22.253238460852913,19.381342691475293,18.128065850278045,27.795857436567722,24.995721785223843,22.388732478780845,19.74064908955022,18.570012990681196,28.014570521842614,24.835415939590263,22.46015915454647,19.951557548497988,18.81022763439456
30.01077624087954,22.888981841720902,22.382869058757013,19.59193593358773,18.088577955759774,26.940261521467402,23.179966526554608,22.225978253328613,19.373499373956985,18.482480913669512,28.134273134736844,23.509650211703377,22.614626570319356,19.905929955430167,18.906320178722773,28.242585424477227,24.728484749110482,21.563171238658295,18.673530716881313,17.1536334198802,28.209169212025405,23.663622052261438,21.871215381181038,19.34212045908248,18.08846210796267,27.33570648981938,23.297509363731983,21.48184204599058,19.182938083715346,17.9614458025207,27.267348255189756,23.335435118940694,21.29188110812924,19.0333314556221,17.68798161880199,26.17518427217549,23.124225901366948,21.138855676763697,18.996076692508872,17.605968403583706,25.994478060742807,22.68226061397968,21.276918780718788,19.124563055719808,17.545734506759956,25.72055948277599,22.480550530516222,21.674691533893885,19.290345958485368,17.765242904883493,26.034667469371925,23.117933807195715,22.236674106098377,19.336404055993945,17.886317864453748,26.124731935936346,23.344725959220813,22.401991315360284,19.62894658724778,18.217853565383624,27.231548094355055,23.663805147894074,22.408644641967136,19.512974264146884,18.17613920720242,26.675956625272885,23.259899592377757,22.23237332839266,19.285271780405957,18.328867476587067,26.119433440044286,23.141946596918984,22.002400908829806,19.091040805727527,18.06851532466398,25.563876563127433,22.80749910663551,21.57740217997905,19.000232895741398,17.88437640174996,25.516450795705214,22.702685596044056,21.615183878228002,18.966513725684457,17.878856821722714,25.544084537640337,22.692656460844947,21.568580855788017,19.07888951644412,17.902091687383873,25.630982097555908,23.080622753646924,21.549659409360565,19.20455260780119,17.94645582339061,26.650907189906782,23.580117580309082,21.620339444747255,19.143697833534794,18.051737187273293,26.964417630634095,23.821096939658567,21.77316794313728,19.327119867583328,18.240490124898024,26.421584863319218,23.502070768483982,21.71202267793361,19.189754847124938,18.118598224561886,26.401909439594743,23.636107236186042,21.638072593084544,19.066683897304845,18.027842815415077,26.725929165775664,24.059245846254292,21.910804167112552,19.267029958537357,18.240012591205907,26.097514170527653,23.61147335862635,21.884995275844524,19.40969064903758,18.242893776572995,25.68019897212576,23.060132207040795,22.042529279902247,19.483186691052474,18.32666412770903,26.386127567245808,23.649489103165642,22.15235692770576,19.535096013409646,18.446314222992328,25.89169325123661,23.136592732932776,22.22579236880159,19.4873954897811,18.47759383390387,26.185854762433138,23.229603596428962,22.125303791876583,19.428031577694668,18.3255920245413,25.641794646556285,23.006467787567267,22.157957281863634,19.301344439279184,18.267952567513976,26.37687957302179,23.43838334381518,22.01800676499386,19.305403754622496,18.27170132668845,25.685598379229653,22.829340047320226,21.95390999274951,19.306006142622756,18.296487072765817,25.556947148222598,22.76467721254308,21.845209578267536,19.269520612389744,18.174382099434517,24.90559106497399,22.584189217707877,21.917350556491762,19.36942248768325,18.393867030947725,25.90296804088414,23.25963431323157,22.028697828643335,19.354010592829855,18.431634978907944,25.778030199868788,23.361822109870023,21.950362819746147,19.07679581406888,18.34120390914768,26.0882686261821,23.756248594551593,21.85005768531522,18.989335372076255,18.147357468937734,25.974413178236073,23.699722941496457,21.919011600065907,19.000793514725583,18.157952368932392,26.62870659915228,23.804421566172117,21.69120991355146,18.786470519866832,17.82798443379952,26.388646899401344,23.631739709838577,21.647473750626368,18.906403397509575,17.878800936592643,26.144488663886648,23.546112930611866,21.678211013655798,19.035381232729232,17.952854419215413,26.516931130138055,23.45659535579236,21.590422246164955,18.99375264568136,17.9589185529907
27.913997923936194,22.87991876102745,22.554829270149288,19.580240492194015,17.999771981568845,27.052319665277313,23.057646390415442,22.14147563402962,19.29721281615083,17.7694290162873,27.76724771693763,24.469161024188733,23.135594547755264,20.269846852548376,19.211996697489592,28.41916886324362,24.879137602156224,21.46875510180141,18.623654238776943,16.787893851548652,27.675424641042742,23.798789474288956,22.049972177586078,19.375294695893068,17.877013562561064,26.81310263591152,23.611009276767597,21.68155271895086,19.206218510294175,17.7424830693767,26.80548326215643,23.6645880121978,21.456835653145617,19.044309007597832,17.503397375703184,25.912351343903104,23.265718287905617,21.208977345810197,18.8581432066429,17.297692909497254,25.151183225079706,22.777850434784067,21.384559311371707,18.974043773308477,17.42005671333475,24.92892079068566,22.710025311063852,21.690964618976608,19.098702922971558,17.736511386884636,25.1045286186775,22.962901732242123,22.197877483168362,19.207882865302782,17.876411578931904,24.861207117466343,23.026673130498324,22.319249149099228,19.60248149045006,18.371536491995602,25.748282247874,23.198514418309706,22.281979590526078,19.478403973511373,18.29544235671443,25.637585061423373,23.10139044508218,22.1341625989222,19.37981741417333,18.23826729585137,25.064450203613564,22.95661644512352,21.869294742742472,19.201781297315517,17.90621050709273,25.058362305958134,22.696982086018632,21.37829516436187,19.045195655372385,17.706439488528044,25.253788264755535,22.736817517129424,21.47944200309596,18.79398904876617,17.52671802400401,25.10385905200264,22.76992579244452,21.461954678885437,18.87643301558648,17.532437378274857,25.216354698154202,22.899418021791035,21.450661543135205,18.82952643644895,17.50437932286649,26.35400393577036,23.31370636255401,21.5664782320657,18.797859418902696,17.56565114457477,26.70532168395327,23.680383722375957,21.751122653491933,19.059162057293385,17.784173180459078,26.24831398882116,23.2695770797721,21.74034632818538,19.113582100772618,17.70875481945024,26.33699262585258,23.380269474362333,21.823773975377794,19.19279020609591,17.720881720967082,26.844526259098423,23.606316274607217,22.036385938588985,19.44336721819365,18.048462509705548,26.097483254774083,23.216560705032936,22.014935695625844,19.565282502621244,17.93966239579233,25.73573055750636,22.778301403760857,22.26115889157015,19.52313210630477,17.931808161729794,26.431781163706898,23.479318996124373,22.35454035397142,19.58093519703611,18.04935780340602,25.795717089534243,23.095539680804055,22.320788550012782,19.300278878075783,17.960002078868346,26.01979152910517,23.421317646253584,22.258910713105205,19.13966507013268,17.7478535968307,25.595649409601435,23.22875595750573,22.31095823761094,19.025869329973663,17.864696391432876,26.25230760071932,23.613144113788202,22.066651356136955,19.003663179292595,17.875706806468976,25.799789313250947,23.128774112130873,21.953317024832018,18.964610434876228,17.86578795768254,25.918991885101626,23.056825696860017,21.868245583297984,19.07910210391487,17.76762403005421,24.998083513745634,22.693926010344907,21.935082613117316,19.3182878054674,18.0978798168238,25.97013000909418,23.300826832264573,21.976807851182336,19.384477309946632,18.07145424750305,25.85290720634212,23.389136118198014,21.8411678555239,19.16326008417558,17.86721353356054,25.867676560530064,23.700340106552687,21.777940189172682,18.952874201548514,17.75508743654006,25.759995075371613,23.721528055908617,21.764946305747063,18.9988526448437,17.758596153191483,26.741339063720478,24.04069261308952,21.600692495080043,18.66174584101742,17.347878584283126,26.595334670890242,23.89384983061952,21.656073611041318,18.639652378954175,17.41598638939949,26.306386201967587,23.86217825814712,21.868671415822458,18.934707376334238,17.721855176604755,26.625872453775578,23.685733659657238,21.918917385375043,19.169507237474942,17.89636682456424
32.87470395969277,22.9127291755247,22.134600897981414,19.80323893155036,18.23357116954593,30.94305126326944,24.081693527379972,23.00181729552015,19.728080715953674,18.8258538355995,30.910647481026103,22.539976999135362,22.608994560596425,19.61524742769801,19.733258823644835,27.371689211332527,23.510550685375538,21.048710886476645,19.033144353910973,17.281971363610637,30.110690108440593,23.282606655357732,21.89882943066516,19.43963418434955,18.404318943442398,28.26714422003287,22.970005234402286,21.548121180873395,19.20356263769279,18.312841376680158,27.024964068831203,22.589644435974414,21.26872597083969,18.987125715129533,18.051960438571378,25.72435379537353,22.625868925974846,21.133691880199894,19.007654088154762,17.845428730397735,26.098222468553786,22.331398931525182,21.45784427924197,18.98407043481906,17.810547088713996,25.472487064821316,22.178457939098436,21.784511418032217,19.21820842529211,18.05360212127166,26.393103192413527,22.903094503925658,22.457346712165265,19.38911477724385,18.196271441390145,27.23415204981264,23.620587014446883,22.77512271736184,19.69652536832519,18.459223119110856,28.045812024319037,23.945710969131788,22.778909743694662,19.59011849745144,18.466083611783127,27.105198486449247,23.824306755979464,22.523447598010637,19.382413823388923,18.45069446230908,26.88642116703259,23.757922908457413,22.468107704193045,19.11704507417352,18.29988347299564,26.30846374790658,23.289117179189113,21.995192608736463,18.903360168483143,18.188279129650937,25.886346184404168,23.10291695322607,21.943168246765424,18.977035167191882,18.36999150710483,26.13027157346182,22.953323119459107,21.97374128057058,19.173640592976113,18.3998558177692,26.190558444564964,23.124028645637782,21.998633414379345,19.49791972115284,18.511091272696376,26.749349152245742,23.394681546039642,21.971104958796182,19.50285171499495,18.589864252519057,26.67374089325036,23.564400153354484,22.03705886294728,19.728234211318487,18.556947163326505,26.165975516630844,23.092745658392335,21.89135031800552,19.46160974948798,18.235442645766653,25.87336352258393,23.411838177913445,21.769607825249036,19.307289187400603,18.13140934919388,26.142802636968533,23.72283723015817,21.94046936867404,19.37605036042035,18.45573996598308,26.266851028377356,23.47639864653336,21.99688738188276,19.43074749162608,18.322268409808466,26.191482725585104,23.258544965472755,22.182702854065315,19.57878908122327,18.522069341333182,26.644547151281074,23.55404199247694,22.254714344492776,19.688295333013265,18.66574948668454,26.46523208910221,23.076135129169394,22.320911941311536,19.623992809343612,18.741655691510115,26.656129626797917,22.966179418417646,22.040444355556883,19.569564864101913,18.63375922213612,26.080769687646068,23.001819218332276,21.99453836214498,19.56757607443047,18.80404471900824,26.28235170880212,23.260819129425663,21.937044675588325,19.554218307982016,18.867826285840998,25.89903512564693,23.006422562066696,21.86948963272183,19.567838013634642,19.067760437567436,25.378129679882996,22.903451850091365,21.79124089848852,19.6727553598979,19.075982933978615,25.167031043843892,23.143347714314807,22.0673200348505,19.783575610138453,19.30919640506627,25.514213294538813,23.45793043462349,22.192285809889096,19.833077109345368,19.191028304312262,25.54488047652903,23.32490759922526,22.01253706660582,19.65109385452224,19.15207216863101,25.658841266719826,23.48579241432377,21.768376079864865,19.52154321985335,18.887178544212837,25.646732405415303,23.411987360645195,21.729797204171753,19.422070474530454,18.847077796199674,25.847507976977873,23.34571488787307,21.512695495924902,19.170477438230186,18.546876055079494,26.05449480499758,23.369946063795418,21.360970186161996,19.22317161681707,18.63743661894743,26.233424646882163,23.586189848409468,21.5031680045498,19.264198384962448,18.60299341670273,26.72006583285431,23.776593317319158,21.718709564113716,19.23546557685833,18.55845390335324
30.071300589888846,21.70098557500935,22.221821712672842,19.520202522515216,17.686870142094044,29.194791161423346,23.246768711793393,22.407464644374713,19.3985551214491,18.467464547062345,29.270239304025242,21.956703340765504,22.057115092122082,19.035888330270986,18.834147745985927,26.5163183458528,23.360143033038906,20.921152060904195,18.480643668085875,17.043835867442237,28.50524848516283,22.696995658155295,21.58375124558655,19.100539491341337,17.972043551028445,27.22403854114844,22.57379807588749,21.161014360797655,18.919669226099575,17.927064230688806,26.33408354103752,22.35833976739715,20.923392799870026,18.743690179496006,17.69933273389388,25.11127072880486,22.46354619049318,20.82419372491868,18.817617916947146,17.533381635581623,25.168740212662033,22.199283655818533,21.128047428521242,18.845908273525946,17.456236725247418,24.512845103564942,21.982875885165004,21.480864203088814,18.900805651475757,17.566764559841317,25.326823830394837,22.59298849120108,22.112100526298367,18.964807686322306,17.642233502787505,25.97387839265725,23.146276320096113,22.388837376641092,19.208244436225232,17.826223307537894,26.940746210640604,23.43713143650577,22.404264471240523,19.079643415308404,17.821175786125735,26.392485918757338,23.221861595746937,22.21104693062089,18.983030787687262,17.938110678685035,26.510570235709878,23.37863344554875,22.11217726782813,18.928149896256222,17.909374628607218,26.117104351773197,23.171873582316856,21.757528105713856,18.905612335493007,17.899569262981352,25.81376994592845,22.96843274973309,21.657081134480187,18.96675309916197,18.121564392234298,26.062469875036175,22.985878605083236,21.714835701684677,19.122439855780975,18.232310797110543,26.044794202360997,23.23974124727124,21.71593339603043,19.233807062547136,18.3580981457675,26.601911814412254,23.396095363556938,21.72762479852174,19.24189566946024,18.41037904969695,26.68043968471605,23.383563575899473,21.721212402330288,19.4213859610579,18.430072431406508,26.09074318412316,22.998271631020792,21.68142842993791,19.271777848079342,18.11335387468943,25.819554380590098,23.194499946481557,21.469145019985923,19.19869300056736,18.040087925982117,26.123593302676444,23.545277442379433,21.64937902249053,19.37729717389281,18.208042860103525,25.837894473233955,23.255148395215137,21.620484834481736,19.368307294928105,18.12968707441719,25.5170570954517,22.94464721857961,21.736230832267957,19.423372022172657,18.21234897590517,26.02306522854521,23.34731794700422,21.833804109658548,19.43268709905405,18.31819768207164,25.55990626304679,22.872278181508477,21.971663758197376,19.411986943383692,18.50097602021406,25.85162215759384,22.785376377944335,21.772153662572777,19.3768963643665,18.51860801239701,25.427926736110408,22.59636999393823,21.770457837326866,19.385081523180094,18.646388434677043,25.702302597535457,22.91546890944969,21.785948290496975,19.389465981392103,18.768563541239153,25.220232003961517,22.618638412648142,21.714931433503672,19.433716807331507,18.923710963745016,25.045558748532155,22.435444416148265,21.615693777314803,19.460536699124418,18.78075897191791,24.69771788832802,22.5541166531982,21.767532659399897,19.561536481059665,18.874991582606544,25.055497031839813,23.117292597083058,21.971778649599038,19.63121451604487,18.892431316832777,25.01160411295236,23.080766257178787,21.7867694654508,19.42269579094156,18.82725412105809,25.185633171212494,23.290441529482102,21.598304260446564,19.326141723277182,18.69919740483615,25.101934611396494,23.350495994883254,21.70012095982664,19.330751687353988,18.69660058367873,25.484731205066666,23.304537118333702,21.564594736006253,19.181926852699323,18.459263215399062,26.04129654673819,23.157698364745738,21.475760957615883,19.147918672527283,18.39683079197108,26.107955286284913,23.286024003481707,21.573025172120925,19.259346498686337,18.312205550684432,26.694808697583095,23.318624330473888,21.678547882297455,19.278185408418683,18.287661946783484
27.926631055636253,22.011945238732245,22.107299830733265,19.422411187449026,17.412589499870894,26.053358806718602,22.632497682145523,21.885934781833743,19.01534363757466,17.717067668144495,26.303473925964493,21.380211127125012,21.731287994708044,19.182462691224377,18.300952405385033,26.413809618026917,23.372260464699917,20.56971212740197,18.280263999610728,16.7061690780742,26.61776418265439,22.435073714093846,21.237119190865776,18.96938723417135,17.467456727952612,25.621487250188903,22.166364949031554,20.7875771190485,18.769447983935674,17.42095438403245,25.318886420627905,22.019796312532343,20.646844160893558,18.605668074167898,17.26772102159922,24.647007726428583,22.205108184828852,20.59660627667709,18.58852910461642,17.125866857840286,24.397356190779327,21.83850470207358,20.920117389006435,18.659946058027593,17.0988149163784,24.10709779424931,21.71860704247958,21.316574573773178,18.69223908743076,17.196650398313416,24.90808298883336,22.29361062339236,21.922813332518864,18.705396708271728,17.23228693878747,25.369773927904426,22.762549167906876,22.115918673218545,18.89028044538933,17.39760301102856,26.232891159111404,22.903505279938827,22.015423674054738,18.765855164835536,17.381684281227688,25.886239782104248,22.70242888883225,21.83283224801335,18.622965129207,17.500901216856512,25.507321589357545,22.60380185486556,21.678411068122895,18.47974036951721,17.45858296422208,24.782612667011904,22.412951472049055,21.287980603086673,18.471089878859686,17.429527063841064,24.493426233963586,22.17234680994697,21.134380207109785,18.49810926039616,17.528741500580978,24.561152514742467,22.159184127161563,21.13289361079619,18.61518631951993,17.59067684625709,24.676293364500076,22.425179590874734,21.156170116730884,18.761618951654008,17.626594205056428,25.507611317852973,22.76059256837943,21.208963336745256,18.78514962504319,17.631670531831364,25.719664195911612,22.820953832792505,21.331230778231763,18.923547812272126,17.71635837670849,25.30375663586775,22.49649087403199,21.363100114236033,18.783519046037153,17.563836512979755,25.241122656653456,22.70397327151947,21.351210945632015,18.706458210348103,17.53293327766248,25.559395544904458,23.048994132144948,21.514580997511143,18.87379108838251,17.719482490777185,25.220554048172875,22.755470270556252,21.422970097461395,18.846616310999746,17.71723761748376,24.87254891144014,22.42229089115204,21.461414560215168,18.92122355828932,17.71542008215865,25.432097424808227,22.931578455231843,21.58296987506419,18.985764520412808,17.795435578805883,24.72455168418035,22.523114247375393,21.69272098566439,18.911752856896886,17.852507302360255,24.91550429912033,22.486048879892433,21.521014824947713,18.840119267635846,17.827741353272934,24.495858989618824,22.31938113030765,21.66513336161278,18.920181508207897,17.988490898699773,25.003992126946518,22.626124902936997,21.68282513054352,18.956995494468078,18.091274505036893,24.34262535920086,22.200467781091,21.614870968273927,18.898893964610025,18.19147514384563,24.591187327013067,22.041124288450273,21.455936237196497,19.01813927774958,18.097094906008977,24.150558745144714,22.095290605760432,21.570721186983093,19.12142770422484,18.223334542743363,24.61038593566761,22.646075965419207,21.680088412946198,19.153292391233094,18.16593174050002,24.711678942916265,22.512200871658955,21.571758935270296,18.9395598905302,18.102373146835426,25.01158953534594,22.800464771441412,21.487234896081272,19.004075062700576,17.965110367675045,24.86356516881076,22.835388668013895,21.617042300557543,18.8678844445401,18.033677736367036,25.32075882047911,22.951627457096365,21.5248597145047,18.645398890359953,17.76858357376728,25.491082770780405,22.801900849783586,21.401338786095884,18.694950664408715,17.737578553270502,25.408107004800247,22.931822050540177,21.448621836524914,18.736890168492756,17.728443775359693,25.82103168684629,22.882567525082326,21.460088066609135,18.707831821335844,17.79601413655534
25.952058133725988,21.723872620052443,22.119406822833255,19.03676056781565,16.876404575711266,25.643059564931786,22.412198183109833,21.580344022439636,18.717067990080253,17.04418602304851,26.131708992924796,21.65978231432826,21.62830658079108,19.148400879233073,17.734660645570436,26.29669137414822,23.444359194063484,20.404264497157744,17.942160808571927,16.398530499213763,25.954472263259078,22.32468431450603,21.09037226730055,18.725454156846457,16.990358832937364,25.32044606077561,22.096858177679472,20.668733674789408,18.56593467935505,16.970212702130475,25.101052837704252,21.958582441848687,20.53312229317917,18.380639807672782,16.752488999139207,24.44457294705195,22.0062659435443,20.513817364306945,18.2990722169279,16.646498684477244,24.15296090852882,21.655391546022656,20.79911210250245,18.42846272918146,16.635160800342845,24.006832804174266,21.631781410409644,21.21388648644055,18.42672449046157,16.65231756452,24.60247657685388,22.104603391467112,21.71899691659891,18.36817946777784,16.647180051584304,24.71124489434671,22.40968312168465,21.804977803349868,18.55445064296949,16.89935801258546,25.432423946953104,22.459848420453135,21.61181329440554,18.350800144862454,16.833160197481632,25.184288453192934,22.187226476258296,21.47478731244495,18.180063105650216,16.933042269708977,24.719348139971988,22.051481216992993,21.288615531614973,18.08669806269957,16.864721207937016,24.42635210350879,21.838183761358614,20.877556002541088,18.081544144645484,16.777918990026617,24.34711101302556,21.727870192966282,20.779920295165777,18.02290800654719,16.73440046475134,24.04752368183861,21.842347558112788,20.70095084651142,18.146838596999153,16.756541582755833,24.1308170275473,22.15498391391007,20.692132923832965,18.242543692056017,16.642169827843887,25.006751441760194,22.45819473151925,20.70677147013891,18.160101507107598,16.64172965221811,24.993873432211142,22.60458129386434,20.89699736408838,18.38213468275661,16.748876203408557,24.76712201879535,22.295663454082085,21.02768078175779,18.35160654745074,16.70795966460836,25.01170703562253,22.32774662525349,21.165361007341716,18.38672525350979,16.680823825677003,25.223609730905018,22.527778497972644,21.286911821365898,18.51756481055788,16.901620122350444,24.70021047293705,22.30110183921809,21.297583349869235,18.611889379789005,16.94175779979513,24.59734600139062,22.140954406188165,21.377165437640876,18.585872795803272,16.962005233900005,25.029663734923425,22.685596721920415,21.464399886525445,18.643688666323293,17.038375228410136,24.42042678853981,22.440830985087025,21.570141094588074,18.52012974891227,17.013085734516125,24.598666811209153,22.449561771546026,21.50708903994509,18.442385051833,16.973265349603516,24.250141484231772,22.22362705011944,21.62430733641211,18.43642136559023,16.997485819548803,24.50751827193907,22.267670800172247,21.571060867478774,18.454329307332635,16.976675203717217,24.04917765876201,21.845934498038993,21.4980406583995,18.387454280527713,17.024876377195,24.274944983576212,21.717478762134228,21.35863419229642,18.39816972975995,16.972490317419716,23.927742690583376,21.758107340136974,21.4367294770908,18.48618258644576,17.139642311822925,24.44255199170029,22.2669593558113,21.44944639797206,18.454021629501078,17.19296830745231,24.496571052085354,22.1857583265563,21.312798700700025,18.259453737296063,17.13539713072306,24.62752736998636,22.4955309642249,21.24302896619681,18.276193256656565,17.0532099520437,24.510436594571985,22.393966317155993,21.36709952082925,18.28678581686392,17.1006393087975,24.97299660889367,22.53776440557161,21.210271949551757,18.079692295661946,16.72573042474319,25.07205869077912,22.4753413911122,21.20953801308181,18.12945492420574,16.650251760407556,24.859625374529134,22.571282923152673,21.272288333826715,18.19371910154818,16.82192946905268,25.15439369619785,22.391318377035333,21.22612381744295,18.17374330572071,16.78191341389989
24.80322928031655,21.47338178251485,22.213404684712014,19.029036377904077,16.62606174448595,25.29250830037156,22.610337129150807,21.689282733614952,18.762321768890935,16.62854482623224,26.109957198506045,22.308258919055096,21.80751251015917,19.230830317181226,17.623281950945938,26.487398742530967,23.713384385225446,20.48301444142784,17.914665298280177,16.398307726314766,25.68154625649408,22.457479879654315,21.18670597071757,18.707479970684652,16.79860403491739,25.268721443588294,22.362255525039963,20.784571725592706,18.53808638742903,16.84466200076436,25.161654176992464,22.19352086726669,20.616289455749378,18.395289899777445,16.724588186638563,24.499838592519925,22.1065603114176,20.5811512023633,18.29893374483808,16.62693611086355,23.98271594393155,21.737447300628553,20.8420224997741,18.44944270463048,16.58227253555456,23.894880570052617,21.762250854711283,21.255253023767683,18.478075597317368,16.6868965239343,24.255359402854605,22.08675689509527,21.758541645966915,18.44446542119802,16.628275438873505,24.0327389476255,22.31254631886492,21.813090713114,18.62435486691634,16.90555091846461,24.6904018768413,22.248747561698046,21.605813362914272,18.415297886676036,16.813288821950835,24.57744425066578,22.12669055652362,21.496435994022267,18.286532281615465,16.90250077809958,24.022572215335618,22.009944650614397,21.269534415569165,18.186905718214014,16.81966492843981,23.897736114480473,21.76517203538812,20.807319355661907,18.192960677820583,16.766105978137443,24.05511434469148,21.729902844441494,20.797334032105482,18.059826207170026,16.620263850650957,23.70026642782802,21.89563568693101,20.680625168556,18.1797353084699,16.653640425494054,23.798086025873474,22.051407984697878,20.665898523407552,18.173137142557437,16.514398586991785,24.714732875922238,22.28268938347564,20.728397654935517,18.028191854062523,16.48293510624793,24.782414710113905,22.536069588703093,20.906380205756843,18.237786202264722,16.668633700671368,24.589553349272826,22.289495146986678,21.02034928309764,18.286970905912753,16.6589209771785,24.900611282197936,22.301310146809985,21.25189093702138,18.32800301009321,16.59782869710326,25.16763680394086,22.440268492894308,21.336380119921085,18.455136489858123,16.87279051971567,24.458796916500013,22.28102370397964,21.352248088048107,18.675060325806953,16.858660402109713,24.34406593678856,22.20131233230869,21.556865999374015,18.64666446187956,16.804360015602203,24.847677474152757,22.69531176460595,21.616774092468752,18.66817292440858,16.922542624215204,24.27971690536427,22.518376789506693,21.728773631486558,18.5376486314408,16.948566370451367,24.495925855152343,22.600853785029756,21.749346345563442,18.46892732145961,16.888033711734828,24.30856238909073,22.376754669205184,21.85745388669966,18.439644140337883,16.975311202623182,24.60750321374144,22.253224057279674,21.689447047026835,18.419172745765188,16.935147184102874,24.1667524854375,21.822399028993924,21.610734477432064,18.384441154412617,16.894028003727804,24.419726945060496,21.755285077511058,21.416240052191547,18.3892122047898,16.83524251971784,23.91409694869207,21.7637274998713,21.475259270981923,18.526805996580112,16.972319583410332,24.453282070850015,22.236216109738244,21.424254132264487,18.474021609356008,16.936203286532013,24.492082137872053,22.30813072232766,21.22774731268583,18.281660507881206,16.909135877888676,24.593202371875332,22.586809817501063,21.16658859435017,18.216203935904836,16.880040627412615,24.473230180625563,22.40061155053673,21.24983415916023,18.30653469266513,16.89463112516509,25.076476951511975,22.518001172326166,21.068361967218067,18.080617242093638,16.6248624829749,25.11636650986413,22.482123862184704,21.19256260167021,18.10784258839653,16.626568939119903,24.873250177676574,22.510428859370204,21.26953159881604,18.18878983282803,16.7871625653812,25.060214617337387,22.313607725137636,21.223581013395595,18.23670702472284,16.808133561213992
27.811012681797486,21.917615162459676,22.311554849144816,19.268888224249547,17.052726313479344,26.466882010172675,22.979487262450878,21.949648672520564,18.88498025698059,16.971759177224563,26.757135369326296,22.78287421263453,22.16946937611654,19.5904126455051,17.867277598598932,26.723348881244394,23.640329977284434,20.514686265856337,18.11427011438626,16.35984324153202,26.714371656911975,22.79732005587625,21.37889355813982,18.932118780521606,17.009230266261888,25.81549090085941,22.660484505851144,21.000080555459476,18.73835617317399,16.960704832382042,25.56506215032919,22.43625055592821,20.764729404644097,18.579952244250087,16.796150592707008,24.85943528482143,22.29953211090772,20.683874469763943,18.42261308098834,16.66826600438368,24.428351073612717,22.01829822682924,20.955218175675544,18.569316427028085,16.716733430742277,24.272955258480298,21.987492760020846,21.338425375424823,18.57352987372492,16.91159710416279,24.329442102568798,22.202399613106458,21.819828091952537,18.61561836233748,16.924350552609436,24.18410100561271,22.418928023089194,21.911297891879435,18.885887479008083,17.268511803193217,24.789750441691844,22.28148306463371,21.7561162969699,18.73633615673071,17.22651895453351,24.59358724454679,22.152118334329035,21.622919631120112,18.63356591426574,17.222557102074383,24.162450608436515,22.034071012270346,21.414634379631675,18.580115055319403,17.079629056848148,24.31138801443497,21.8419883292158,20.93880230292898,18.510630048821703,17.009451845724193,24.42262244395096,21.82960890766635,21.025675324318847,18.322577008492978,16.780356247621448,24.166270876565868,22.06899183909669,20.94075030771049,18.43587724117184,16.7660531765842,24.25253729888714,22.1760346602478,21.008350926032737,18.373124594473904,16.704367323816005,25.162775234234132,22.3816747843701,21.07859107566949,18.268280252459597,16.67137586364421,25.253322108293332,22.64193554844224,21.26351934434763,18.50893547462665,16.85049737388885,25.106537431162234,22.385476071261277,21.289347374972362,18.58259251975398,16.9012901519214,25.262923351300827,22.36862741403027,21.507026339607982,18.643247901025195,16.875775646077994,25.63366614025663,22.49392812416715,21.541953466300086,18.77691822231261,17.12500133628511,24.728918219031243,22.334408198467557,21.566304597516954,18.953978719059116,17.097644070246904,24.598176640974046,22.235905404002427,21.782743956182692,18.917433207560606,17.047983501392945,24.998330783414207,22.747561598309808,21.837490791760395,18.95373697376112,17.119864059411547,24.5501481389916,22.592435657381518,21.90228045892041,18.728444309957773,17.097808962233707,24.70725315375834,22.776951736438313,21.931963739658734,18.674074410213883,16.99075692471876,24.67250350744169,22.59372657288968,22.03318061320353,18.57346752670591,17.07663403876717,25.05377991154234,22.541790003069867,21.83603152115024,18.493746977287255,17.06955462281238,24.732905395080145,22.1461244512793,21.734804014932305,18.440685594758218,17.031094017596608,24.94841045443103,22.071553936702667,21.559533943645285,18.51256172790045,17.00361247683156,24.280914198012464,21.93288615528557,21.614350472360293,18.678230876069104,17.206339582583972,24.89763552929239,22.385999726290862,21.518567654234833,18.679170808703116,17.122759826986673,24.803840831398865,22.486619184896284,21.364367435541684,18.54511949714479,17.0674511672431,24.75813058180608,22.743482919100007,21.301066984572948,18.426564419956954,17.068072962609687,24.60219578474247,22.672214646629588,21.346063120263572,18.535462972778003,17.052540401771388,25.381981315524158,22.863316799632305,21.18453321169369,18.29940796476582,16.74500115049443,25.28612683467289,22.826890512769204,21.380554463784534,18.307110468748625,16.78779147143119,25.00478186303697,22.856340698586823,21.502508891839074,18.466773973255957,16.97579536817598,25.25735098367847,22.64344593995847,21.503835055560288,18.616391611095974,17.052557314190725
27.886370980752805,21.79473574137256,22.15843429829945,19.44740454977385,17.436584247388623,26.768337536375945,23.042202637289755,22.055403253008272,18.95938152410935,17.28423988943464,26.845593130841596,23.084269258638873,22.489043322174847,19.939576145617142,18.37910815843266,26.946946963153636,23.63990084135048,20.5524266971152,18.243170823681034,16.520002266820615,26.87551214655055,22.868494662031953,21.54696458061657,19.071219469833526,17.320627096653084,26.01172785068855,22.84453045609198,21.21901758695241,18.861831652318035,17.198420114320236,25.783013939562174,22.717820370305205,20.94776659185161,18.73361102345216,17.032655925984944,25.04640980262151,22.548930432743,20.772785954455465,18.537819624006307,16.839544477505182,24.82032619501307,22.33896438053558,21.085049499379288,18.693920935367466,16.92159263990984,24.54248577771137,22.295934620366506,21.369187077806092,18.749768553035334,17.205729372019913,24.641896431357626,22.391909098128764,21.833011583772635,18.845994077703093,17.304511506172908,24.837851562048805,22.54776068211236,22.026319975625697,19.199197082676648,17.718798565373014,25.573140859977823,22.47855088608918,21.938696552792656,19.071625510907907,17.71635092190651,25.115315116201835,22.313131695902793,21.74636168262096,18.999953390064885,17.648936935346597,24.86205924013454,22.208329594686486,21.60301880344031,18.961361939548304,17.41045889310308,24.869006127624516,22.040482637536336,21.179251723476213,18.8457159585049,17.281337561729494,24.710731853012494,22.022154778349694,21.241313561315472,18.56378827410131,17.020718981950335,24.617964918361302,22.190918170934737,21.239343742523666,18.650215413975822,17.02252106227963,24.700543286117046,22.19907160991507,21.333074317115493,18.572611448975948,17.022768637219652,25.564693279651607,22.42126266563761,21.403492858068724,18.49161804396911,17.033159366391054,25.734692864761996,22.679996128766355,21.511405384975763,18.74846315021916,17.23026878423049,25.505688377561878,22.37870466123179,21.50771162956416,18.876610744496457,17.256789370299952,25.503278556160495,22.463436909315725,21.67141006906423,18.953542190359165,17.260309745358803,25.907387842273966,22.59700238536945,21.708042672505414,19.0677758965053,17.49720464021835,25.343603995052224,22.423514677146187,21.67299428344578,19.20011141591666,17.413377990558974,25.284633016136755,22.30036814605805,21.932040089371032,19.13010850990398,17.338445344510763,25.66905175046777,22.83090014041815,21.997216682464927,19.15563951327806,17.433156062255186,25.265537416174414,22.58166202755343,22.029096343281623,18.908026162313924,17.339759117007084,25.440827741317822,22.89727224352286,22.061147712489053,18.851477753760168,17.243633903365883,25.21049294035534,22.79295124983475,22.16960621732688,18.707684238378896,17.377351044192032,25.562508415937327,22.887423109623555,22.002134699422847,18.638695021542695,17.47232179377432,25.27738683867323,22.550787701718257,21.85724734564949,18.585008847179665,17.452708332880352,25.319432338964003,22.471102360105856,21.706076034887392,18.679701051708747,17.393959708873872,24.464157681904126,22.217084207161353,21.787869385603905,18.890138128480448,17.609931728218342,24.983121018806024,22.564813309032587,21.68555700013969,18.93735075266684,17.52107404955089,24.949427059661314,22.61392800328051,21.496585491817388,18.82022648605703,17.33145697375241,24.774147681829213,22.816813346002412,21.432044832940583,18.625271439495453,17.276460458282557,24.60192948520473,22.819634474799237,21.384183943103267,18.725621405720037,17.289147887903834,25.592865006068756,23.057362160313303,21.18420037911342,18.465193685517594,16.931967125818087,25.530434355512075,23.05441787921433,21.400930927562534,18.434313476980417,16.971840940664237,25.31521933799143,23.154393474954897,21.6270844388987,18.674725500828345,17.26160208873906,25.73897024724456,23.041768584137575,21.732742700323634,18.893640694620007,17.390640063048973
32.08839552052995,22.08455651801042,22.395181094403398,19.745532846385707,18.166445387428915,30.280862907868876,23.413980439923918,22.250251698675797,19.10206827150971,17.791491145967278,30.648145033554506,23.096706537483634,22.594902903621026,20.0924300706495,19.132057674640674,26.98450791989039,23.475783311789563,21.016217593009088,18.768196703313514,17.02720131769395,29.242125628772136,22.974825839615526,21.948591593777795,19.303898630755914,17.940380695713895,27.470932505870074,22.9604855469034,21.630432679236968,19.100619378892848,17.754607014487135,26.605959885297136,22.871147227266846,21.33958144840745,19.01820504307044,17.574357826997467,25.40905671406138,22.80228985681448,21.160902031399054,18.828348778841892,17.37830304914076,25.77562002962055,22.746036575055626,21.395452424162198,18.99362994200185,17.492634701298066,25.35123442525955,22.686121708216383,21.500597963941036,19.10730408809399,17.8720881286877,25.864440023305995,22.932754928136955,21.92051479551025,19.24905251431911,18.016206935910013,26.296594402851134,23.20341750719146,22.070138394588053,19.673263355454576,18.6217680041668,26.741417979135015,23.184355767144194,21.969896688153334,19.725332511100316,18.74444708773536,25.823749102140038,22.957055812881954,21.785626911501645,19.64188139035003,18.663073947468167,25.61199998675149,22.988908802822856,21.64890903059386,19.62088449858272,18.357936189940784,25.319592910077645,22.666816266689544,21.23881176164732,19.47987092391495,18.39229499341832,25.23657455929262,22.71203434581452,21.405824617448136,19.251133073751795,18.098064698010067,25.56890987171844,22.96270859313497,21.60075541993434,19.299599358368397,17.98790772144074,25.590677660081628,22.966261926776987,21.726200055027487,19.21828800264084,18.1804741376166,26.581750131822975,23.069463282480918,21.820982417293624,19.30374192444021,18.367679496104465,26.79705841919513,23.317434276656787,21.881784209650892,19.60624896363923,18.421700543115996,26.347214314035774,22.80350818271795,21.832219751746486,19.62660388107538,18.497212261826608,26.162371558270188,22.82048923849102,21.854168638274256,19.625353812763457,18.594180644934703,26.654579598810482,22.870133773101195,21.813505649693518,19.867164817020615,18.722616610931446,26.515986255121902,22.72030570153506,21.77527092722621,19.826498556069893,18.6092050781051,26.599237327674558,22.672546170835265,22.1530441581447,19.68202652986364,18.62935206223252,26.9104326284946,23.157655978418987,22.345125303532814,19.740444263846342,18.614180894137043,26.51894724197941,22.846209997077022,22.302286210990363,19.501345674508116,18.38001860669809,26.564759604599505,23.25690118523705,22.349858022828194,19.353235618858534,18.267395398499588,26.00639079428633,23.15197382778561,22.417886168718457,19.19265059942895,18.261421409135135,26.21048556557318,23.236350498303967,22.2192586264512,19.204374533882447,18.272272607044076,25.92327357070735,22.956074688171963,21.968487274183694,19.129453140633075,18.249228908823948,25.697219444353447,22.895689796323317,21.817518828699058,19.28871683141465,18.288319351620444,25.077616337450912,22.704299230300762,21.99405454560373,19.49304402279223,18.505393209446986,25.508934738497963,23.01478760696868,21.944095883918028,19.668950151563585,18.5281088343237,25.46965955869563,23.04284301903882,21.761679028446416,19.53899108421212,18.46342948743045,25.41194980347123,23.260170671673503,21.667661221482902,19.509927950018554,18.482841699949834,25.41838824032815,23.22810477840669,21.67862884599749,19.544490551392094,18.539135508943218,26.202349997688184,23.356430832565998,21.42003834958198,19.273514958182144,18.257324346273215,26.259782626504762,23.466263971918682,21.468774543566738,19.226430876802937,18.19671834295307,26.250458554987908,23.678174157790707,21.750605698665293,19.452406419745678,18.376109995319432,26.62912467655509,23.675255239393103,21.99133270861774,19.510333582423712,18.44661919659034
31.92532911173921,23.10521262910958,22.24844797262747,19.841254827534254,18.704281385916676,30.068070754485003,23.643618523827154,22.359096203907573,19.488419574667056,18.11580720231544,30.44750314106347,23.23372324279976,22.90358943938746,20.677103049281822,19.71651679364824,26.817403240515965,23.454156667997832,21.094768925372644,18.870502813160126,17.188551986440153,29.01074541356342,23.358688731469776,22.167487909685995,19.60232047382563,18.343171492198678,27.37421581058096,23.107098618813435,21.886986620826463,19.42519447851148,18.058613540494456,26.53351352945112,22.929703672389998,21.60609427847127,19.317235649518842,17.847643068229846,25.592618157207728,22.78513721755689,21.345718157121215,19.061171444633644,17.604441248566882,25.667235210972727,22.678916939576997,21.602323159767444,19.196908966151877,17.72070095369712,25.452939642443667,22.564679446886156,21.612048056342967,19.392154743264914,18.099530475411065,26.222954059078653,23.04084296095026,22.029011430860546,19.585329554112214,18.337107177037527,26.95554225966734,23.457902882875555,22.32380488006607,20.076740828279295,18.95831410120791,27.305995956758334,23.6428369868422,22.2896280039056,20.179185516585562,19.067082314721794,26.855052805978698,23.629188682439043,22.18837078340951,20.151294923234378,19.066790713724625,26.530092910133522,23.59485077219375,22.04631407249699,19.99377635042806,18.698434477973326,26.000107225271215,23.300525260942642,21.678229607635025,19.780375829898922,18.614273042342084,25.577085070210384,23.144749427167245,21.666400571980255,19.373716105232536,18.351074002842765,25.774671101185902,23.22604820816763,21.860338962833033,19.355439180643817,18.194215682292317,25.725810663681848,23.169125399257258,21.859402385151043,19.270828307686234,18.257716477885843,26.510178056739882,23.2526610996182,21.957951500423253,19.456886925001495,18.553106569556164,26.559116149720644,23.29821540652591,21.995049237734243,19.700505308296304,18.677865177729903,26.32290534950538,23.004770301328502,22.01209839420517,19.853962734366906,18.692828848097758,26.305284087565205,23.235089456047923,22.12339717583165,19.90704358435438,18.791885709009797,26.865949085297984,23.235657306864997,22.066236525604417,20.14632079732606,19.023723495050056,26.998045966431768,23.07625586758987,22.077674573277744,20.035007160489837,18.719329396640415,27.244068443944506,23.00540666659931,22.458126216742535,20.074954884656638,18.758751748460313,27.312249452304723,23.274269841920834,22.581823043310045,20.089753473239835,18.819677762240026,26.75103137469649,22.84555274334527,22.315952235594057,19.819177473152102,18.65047988578083,26.649170559689896,23.19508149604781,22.371118926956377,19.647351349507566,18.479469261228886,26.108201656694092,23.264691448936322,22.37395291134236,19.50251081176834,18.534528057368533,26.182772251292022,23.367207169810317,22.176302466464413,19.479558186960997,18.513258809150308,26.045453265083903,23.249439301244323,21.987648749641675,19.478200808873172,18.433107907137202,25.971707689677743,23.141917800382522,21.954502579042348,19.547782416932456,18.39969237255691,25.373077977320158,23.00171844192485,22.12196292223865,19.8058347621766,18.672300339987782,25.69278900618333,23.09689600563457,22.081313783515917,19.96496639002992,18.759530225709305,25.751453527254096,23.066395092179082,21.785454236474905,19.82878238770899,18.601744922278808,25.656088485434832,23.187168225608325,21.716665555225614,19.72177700401753,18.593868603768158,25.552848263995585,23.179988054738814,21.70959359851643,19.758446782643425,18.56170610279422,26.343672627572566,23.23025401575367,21.44358965518959,19.402936210708233,18.11908496230976,26.629616228225427,23.444140759660133,21.45802572642112,19.34762477262248,18.097326644730092,26.630121649885666,23.84212632297371,21.923309711107304,19.555362064628277,18.392886053540607,27.07710238216719,23.976477117737794,22.187118394646898,19.695706912067557,18.523215766006196
31.936367891823306,22.10096537621149,21.72972929252063,19.316357430089248,17.398393256898668,30.67501057004032,23.767603026663384,22.755651783593223,19.01452389893885,18.10721870785742,29.654738843755077,23.211686553799648,21.969490918619666,18.8074025639432,18.26935066218549,25.41762791248551,21.901980635355244,20.42536549162204,18.630152921485248,16.826295538048562,28.978401528980857,22.68996924722607,21.45009812415239,18.89897063054418,17.63490158641991,27.29945572235969,22.589364324007963,21.1651189229299,18.621929010991444,17.60963028056846,25.934087575948706,22.131033712714785,20.871389787203846,18.48074333735696,17.357487660717183,24.812391333251067,22.066700583072702,20.748442745227134,18.545090296105005,17.281856890411643,25.343918159199625,22.03482417873472,21.128867117780977,18.494276276276747,17.205700838027287,24.760116227305808,22.122316790858598,21.367013323271646,18.620168965107762,17.344769668310036,25.55022227287524,22.547653525617342,21.930614805688226,18.79362494712325,17.405029098110127,26.24278151369743,23.18473315254016,22.18655830606169,19.013040113686213,17.621215494400783,26.902818457259634,23.26195243689303,22.191937823323478,18.911863506091166,17.5602476173728,26.16652520971424,23.256768392546945,22.00158205917142,18.8378620593534,17.642372349949348,26.01500780071853,23.127236157778736,22.047883247086187,18.694180537156146,17.740083189982812,25.407631569836724,22.896391246126466,21.67478558544366,18.606501659527588,17.84579514332486,25.156791442520294,22.74233704581355,21.563666130815967,18.702956519627143,18.05197957181148,25.630304156056617,22.56715025273604,21.59797886397771,18.89028589365292,18.187564361842462,25.626311564648677,22.67916783243434,21.593072343563797,19.11668192963238,18.310650570748553,25.94770066957144,22.70757554209282,21.522893173317264,19.070147848612155,18.21154929812984,25.766944585131814,22.696917118368198,21.51466208537092,19.255422858114677,18.101176610816943,25.408208207905453,22.397482467306936,21.552031287809694,19.07348141120561,17.913805792990864,24.8760042185172,22.78963844305228,21.45607973508224,18.958055660444153,17.81296013777899,25.00515716612889,22.883783432781904,21.507837505496042,18.998886935889768,18.01514281698793,25.469000572630172,22.74030700117289,21.581068612676372,19.06360244183201,17.913304923095087,25.64965661536117,22.698828143701782,21.79711918653744,19.138046118981126,18.038502415637222,25.888427716785856,22.68111104356447,21.848656262889854,19.150508954375745,18.090972440603633,25.395969603527064,22.269145224970742,21.90808865077988,19.256839226019956,18.42358824780686,25.571546111752987,22.211800485788608,21.7320471215566,19.2494447401455,18.39401509468645,24.942365090505568,22.38063728705893,21.729662553201344,19.43913515319561,18.818054027857848,24.97758906622332,22.500176134255142,21.706173818235165,19.456906073518063,18.964169347474886,24.73682682459497,22.56751261899443,21.64265335467899,19.660643408149912,19.325905623561813,24.80542639929896,22.56866332096912,21.558029484288504,19.779538912884785,19.346758105407673,24.70937643334305,22.888429450267385,21.824973330457645,19.867202621136165,19.662919904682514,24.80650176053613,23.077841926859396,21.943659748915312,19.81389596667599,19.41290672281606,24.856578894184246,22.944766034018752,21.747097376087805,19.769546848044573,19.49370353474212,24.86009997400638,23.01341057911109,21.449094024303786,19.637522679582116,19.312799564227085,24.81556794698371,22.902921279571274,21.530399323829453,19.495180726722236,19.22948522410986,24.902100256600715,22.7030483505526,21.317401719892853,19.324969218735898,19.03577743787529,25.722481780301145,22.606709255592573,21.1370085576332,19.403438927702602,19.130046422144304,25.973226954921948,22.83006638899773,21.294312664337127,19.373924172769726,19.11653742721333,26.474443487531904,22.97106251148021,21.513310881237246,19.308341590696372,19.045783059539303
29.503671605980237,21.730249986533423,21.95424232738964,18.997589148707412,17.13777069924886,27.42095280530357,23.27479544351985,22.1754633681949,18.61121656511454,17.62878939535556,27.734049689257052,22.165484623130137,21.669307419924333,18.78882411768646,17.967035746638697,24.88471823126421,21.63696515238824,20.069525250356634,18.031052906953697,16.28549038424352,27.14715271212959,22.17777291383446,21.144809771947976,18.554746036660212,17.18225526878168,25.74752161606172,21.944166720458874,20.703942639390974,18.340071852607906,17.13884227823156,24.85452609109584,21.555831280384776,20.460124578296384,18.19204044533182,16.93611991757034,23.810287596919473,21.454130260350503,20.317700099365258,18.15001327144281,16.78893534286519,24.38696314256969,21.388623025317468,20.71860587136866,18.160970868686185,16.79136224372237,23.874178731851618,21.32197836797651,21.05562677643501,18.241544981995496,16.949571502347354,24.744917472378635,21.841100093184533,21.638313363783414,18.295204333758893,17.00718824137286,25.464015879217712,22.358907422062522,21.845855062132213,18.489857624339173,17.256094797378616,26.281017400237367,22.555581458685804,21.87009695333342,18.397705308991647,17.33537457221551,25.58529915653877,22.445074713312998,21.73728830213563,18.33516353870051,17.52965747076046,25.90567579089402,22.32244238380652,21.765234085083243,18.51359579230492,17.979757887874676,25.268139496738133,22.14206403556056,21.376802538094402,18.721017329258974,18.453213025692243,24.956298675964195,21.96689731140347,21.280407742658703,18.97823840844766,18.887020969018028,25.203076153339058,22.120286622391635,21.241100845588615,19.369448115849984,19.38646945975003,25.018434047330558,22.32411496837165,21.21715130604011,19.763443620638835,19.94541700826515,25.276716326013933,22.639202763793023,21.104155078300078,19.80643403907146,19.98431000495253,25.270368558401408,22.647456352171965,21.219223285179904,19.99577315812577,20.04966589776521,25.01867025241317,22.23601840386963,21.183129343427183,19.95109398366493,20.002201393475374,24.669942260280514,22.26776306101435,21.12626714101709,19.798694125275148,19.901330427674147,24.928883504000154,22.453962158387395,21.212911333675873,19.8364102982,19.863303023516377,24.78504555044534,22.16112522249544,21.177573156166677,19.719609104826862,19.838562736897327,24.50315769624136,22.055734310161174,21.16945774251078,19.705729245232142,19.806875132627027,25.049867973626128,22.54780135800648,21.429979111595436,19.74546085001248,19.83243106394454,25.176994421309168,22.159816689991096,21.597604104337687,19.848488294292146,20.119440356064747,25.276735151614663,21.982262054133408,21.42512923067886,19.86391024974794,20.26084397159595,25.09458850048383,22.056437131803797,21.525007289080612,20.107790583241965,20.521585411994103,25.53973515215136,22.183085261246994,21.63039870777526,20.10812634782544,20.779634882115307,25.034856310996226,21.770744982352152,21.477321448460316,20.10676205252944,21.025842291843194,24.643849197508167,21.7399790570774,21.33337833350783,20.22262215840293,20.92373572181217,24.68686264786836,22.05199825067651,21.445715802544935,20.350895342265588,20.93706201997004,24.50141906731242,22.28188173493267,21.72609502817057,20.308879429706487,20.857145622814915,24.809985212896265,22.18910315259958,21.672826978921762,20.26261437883143,20.77249470874598,24.7953757362671,22.443753924921854,21.563251421705086,20.261115251245645,20.678148956231034,24.66020910969389,22.4253288204466,21.705938064668807,20.23972384859433,20.774362559197534,24.818508051206642,22.289069379767675,21.70559502748668,20.13651912213954,20.78004228663596,25.170389899281478,22.2478966436593,21.411884805336715,20.096836437473126,20.70561464466187,25.03847923155204,22.406924173670582,21.543687054563083,20.142766263489694,20.65682010967553,25.486661161570726,22.438797275383955,21.736421361899424,20.10036446851989,20.686701056553808
27.73746234059056,21.036864256656354,22.44043478739782,18.671516111545643,16.439927651517166,25.132759178563596,22.365239847433866,21.9686708398027,18.380731484891864,17.07066723899175,26.413592763700596,20.403967809183303,21.364845031330088,18.666002872790177,17.35969038065134,24.955654676071042,22.015866928435443,19.984915536891986,17.632977529384302,16.13819798095546,25.903938839604745,21.46281331186452,21.067583215177024,18.38199793439022,16.725051017913124,24.86759707841304,21.317667991022297,20.4751414612384,18.237899289124456,16.71586016763749,24.431786489402253,21.082956105226806,20.270032561410208,18.106856445496767,16.550025819076886,23.632966769582406,21.247732932650294,20.143964219812187,18.037341574092252,16.47291580145681,23.728457099809667,20.98842513570332,20.51617741495657,18.102098671776446,16.493795753739285,23.428677150352655,21.051938034032382,20.792167415175193,18.069686196527858,16.503887803182955,24.071918087533916,21.517719956694453,21.303028233358987,18.095065985964858,16.558205684794967,24.682018212605804,21.934420119669472,21.447707317413318,18.148716338475367,16.65321371157131,25.395403023428308,22.0880263551337,21.44454266591629,17.996388964340575,16.591593777805492,25.057334712669906,21.986478346593955,21.283583308571448,17.93187093842743,16.64004529099262,24.89650276916209,21.877703040908365,21.22208421162555,17.850219997650633,16.678147565785586,24.302284362476833,21.6352839487404,20.96111168541408,17.766308713923163,16.64456805821853,23.934775143725975,21.44293943397809,20.775161189605022,17.860238997090526,16.87211945413369,23.935713594313835,21.50426972790949,20.684451043334622,17.940244819535224,16.96063196940489,23.927784855551266,21.679646920895348,20.698359227698255,18.067277504629374,17.016341102074655,24.40635012068156,21.86357483820436,20.703198869248318,18.025657047917754,16.969039932000396,24.549050637480228,21.962142510730818,20.778097237244033,18.248788847728743,17.125615696290666,24.25105242784101,21.627744749271095,20.82762462544959,18.240628581275672,16.947104670155827,24.213625030708965,21.727060682535814,20.854067667042045,18.282602415958955,16.92962868244924,24.339549977365415,21.893940575927925,21.00346026840802,18.384369185407817,17.096965777453825,24.24400305118507,21.67540754306261,21.02164556552163,18.418034295895723,17.157819855927404,24.080753707819998,21.39677716738341,20.938598443776602,18.47619961659273,17.138977119281673,24.427570071806304,21.767586659475228,21.150766013503898,18.468673281735004,17.223880928628724,24.117209696629434,21.45367049030321,21.329540113527266,18.534537045313822,17.521291903365544,24.24616439240281,21.360107753627965,21.09363377448593,18.500967101558583,17.506919180789364,23.840675495984787,21.216774341859065,21.233417550997217,18.573650837345163,17.71823724602431,23.941716772611084,21.4085225423133,21.420121794978353,18.586820024499346,17.831889715557374,23.514392339108674,21.111715377188535,21.312153131989902,18.61245733190666,17.975634086962877,23.547421271761298,21.00171835147199,21.224765319158934,18.573881867808293,17.750184975333717,23.342166424323615,21.285018897602377,21.293095241337518,18.596007565512217,17.88862194575238,23.52815312312425,21.67526791357568,21.54730031149817,18.705796615464998,17.84313506820829,23.80108709945565,21.60134890503762,21.418193022388614,18.596572820800525,17.799667420800205,24.02986368940236,21.86545140843266,21.315897933247182,18.569391931381723,17.812562865294908,23.84188585353865,22.016683118719488,21.422127764480464,18.503429209697035,17.914505804262497,24.082071601542786,22.014413922992475,21.424517682685348,18.353903316948525,17.789445813563724,24.41339475101389,21.901315487737666,21.098169042128212,18.297278218327783,17.779732414009295,24.468893151793985,22.06509363103715,21.3545692901264,18.33826316535167,17.878800527938548,24.807790527807065,22.01533430434415,21.611062844581213,18.326262569287405,17.849212178797888
27.315314447543553,20.788616951741545,21.91265939064357,18.213838285221424,16.0441147643116,25.127604969872152,22.06496442285639,21.229581706763003,17.904754843033796,16.245537517037,26.140053315151317,20.221744189694714,20.825611874285844,18.400551979633647,16.5605475996928,24.300630936869712,22.08780892099396,19.577624257456886,17.370416682314442,15.509645334876481,25.501949259119577,21.24368380011482,20.54796418506872,18.017008232381855,16.100224476468874,24.4871433207892,21.08270214040711,20.015562182151832,17.881740115011876,16.133746698684575,24.017424527223206,20.821809720569583,19.837096807891015,17.75364080915242,16.02215712276503,23.32899551714622,20.96784608712111,19.819744917560595,17.713972715417498,16.033178109950533,23.21960697853607,20.705842517279176,20.170971290529106,17.814522356390132,16.07795595961482,23.037896208073082,20.80466952632503,20.51003244731512,17.763920241620674,16.024475514863262,23.611691304219264,21.185318351333173,21.038561534825327,17.700074032186006,15.939375560275574,23.9192602107319,21.458748741686,21.116929571113612,17.769377250065872,15.998569853727755,24.40697840537102,21.45230061255105,20.96607841559868,17.50420254616754,15.880133321186104,24.167036494269006,21.298274347702424,20.82769803100242,17.371558041730257,15.957676796537905,23.848324415546656,21.104290254168696,20.69066727888937,17.328476492267395,15.994602186181947,23.44637702378909,20.937797886667017,20.330275964281967,17.336275027673388,16.035081858767402,23.217350892068275,20.87090339610929,20.252573814171726,17.323218215909606,16.113146277193287,23.17920597867621,20.992973902691922,20.16785716881358,17.407404428738747,16.15166842509465,23.23977053091311,21.144096161149832,20.177291399840097,17.46154625248068,16.129118858981556,23.861327701670252,21.34762470483365,20.204498138799984,17.370277950576355,16.18268062708744,23.950678186068465,21.489544439442408,20.336030352779524,17.587418233693185,16.238196132567616,23.79187184585235,21.093226085719273,20.42711254654414,17.66309021508249,16.173905455065018,23.75952929310869,21.151451053628445,20.559783409391216,17.80110742263588,16.21974439162377,24.027798362204017,21.352141365706,20.711954332897296,17.953219863909347,16.28701761337207,23.55078634218558,21.196954047802713,20.632132120660795,18.021082490921376,16.21674694621527,23.33426482117963,21.138995779029152,20.523034024667204,17.994850504469884,16.258475933423348,23.657174960500235,21.654653295612206,20.651845387841803,17.9761359958527,16.37158485602106,23.161962836535984,21.478536254280957,20.784955610940514,17.91573802393322,16.387054744405894,23.20236230452635,21.344117367641548,20.654307644054427,17.877321243163856,16.42604630974437,23.102717382358165,21.235470449928517,20.904495499476155,17.950462650084695,16.507834000867412,23.178470439642403,21.17276152267692,21.091304155803883,17.98048550710172,16.461846539522647,22.751355311804105,20.818104703829885,21.048735196073412,17.945728874408925,16.486883489462492,23.03603413026438,20.744501303997716,20.884255163000496,17.91579035579386,16.44760863540363,22.828596191820623,20.983822116206763,20.902617301466957,17.88846458292621,16.486267785937752,23.00880105863427,21.292427821719095,21.030440493532346,17.900338606366443,16.57258254100682,23.238354313904672,21.13535104322174,20.82524691196437,17.716427901836024,16.536590102287814,23.34913094508184,21.380226047584888,20.69554664618635,17.74555179204417,16.495674106539386,23.325950053070226,21.32539561835224,20.881016183595598,17.6862260767193,16.515226752803567,23.609306315059968,21.353455671777553,20.837711567406608,17.536156860107923,16.386030064048793,23.910234601668957,21.24159618989828,20.63917224953223,17.534044508930428,16.28237351089394,23.81488469476297,21.25615511157,20.891418959808952,17.603545286262676,16.355527685690568,24.08635238701143,21.14221197928584,20.99349925723132,17.60124105675819,16.359346484692445
26.236386163785568,20.71938661826817,21.545488209434943,18.337543865306284,16.19969438831307,24.447435535685365,21.977872072106884,21.1383655053651,18.249478226489348,16.043476298038275,25.890677034509764,21.250364678640846,20.9928067574217,18.5198600611084,16.503940126316664,24.37141735262205,22.459338034708153,19.162518498962125,17.22963370596257,15.929467408690138,25.023219449147444,21.432866912551326,20.430154385029788,18.08351294244165,16.18829034640413,24.2356818359034,21.400371075074737,20.076533263106498,17.942114044844093,16.17498380199224,24.000000268554846,21.167978105096985,19.90748318976431,17.740022686018452,16.12508753374139,23.314111889481172,21.157350550924,19.93818644801636,17.736779187170647,16.12366986798399,23.387137507858323,20.893045524724783,20.328375931053007,17.876784959198936,16.126674744403815,23.376239066022517,21.042473059589685,20.696833374840086,17.85977827705726,16.040849333171487,23.611579087389895,21.185286920211087,21.154663215624776,17.826462609871463,15.980118527630921,23.588479701009486,21.36246287752713,21.190545416860363,17.93213139051,16.03490933271326,23.939272019338382,21.173630862790013,20.89355048751857,17.63987521306232,15.937088912197714,23.488957651376307,21.02330561523417,20.75804517537022,17.571541316503573,16.00474314802234,23.069910679654335,20.87392420315836,20.58947377257649,17.539916018721907,16.049241320185725,23.04445355447783,20.69797010755893,20.15578364417849,17.547495622230784,16.023412803497052,22.988356529397773,20.797371450618783,20.143151871412936,17.504099922705393,16.036919426202488,22.930352425329453,21.07819801681267,20.100184360051948,17.630015716050476,16.04798790170181,22.99550718445135,21.097509192195986,20.181252020353984,17.647175729782212,15.95088591332484,23.629217819847234,21.196099091806474,20.165094006471623,17.509578023580172,15.874773392638897,23.69870736876414,21.45120174829732,20.29891894361652,17.673672223637908,15.977358905129757,23.76448608441077,21.139054580609574,20.49829802630783,17.752656453365308,15.893068035572572,23.696698120447415,20.949610358863573,20.755395760200013,17.863964686564604,15.910455651069881,23.844955369349417,21.03884019636527,20.721719707587194,17.889659896878292,16.024485807066924,23.116595003775004,21.09378880493782,20.798722277626386,18.0590240006266,16.087238793399983,22.902865907069742,21.24651940793838,21.0123642368381,18.02737913168641,16.114298756340713,22.973743254746417,21.58328276789063,20.936372762029862,18.046998723359028,16.22766717583164,22.763475679135077,21.735417550955027,21.015940883778377,17.931535404909496,16.13881410559315,22.841554078127484,21.791418868105463,21.079484311236325,17.873559959049196,16.156530359414557,22.932117173399458,21.502301482825956,21.22789012560164,17.85915939728675,16.20925145660331,22.99133656065992,21.198781803861433,21.06850399332516,17.842335766563412,16.184387848152475,22.646663630272904,20.96396979396477,21.04000061977838,17.759507711917546,16.15913719790372,22.729755288272383,20.78389243314833,20.880184945041513,17.692994878648957,16.210929043238213,22.561753370613584,20.917106964957306,20.915783067371777,17.78235845990749,16.2007463232931,22.71815418775803,21.2042368406354,20.733336744064076,17.78705535823675,16.219367373671037,22.887445048532975,21.153036595000962,20.485786013655847,17.61786793416494,16.17580377252302,23.053820293089135,21.260071507844614,20.404322635211734,17.627633019535224,16.218150498240476,23.151519744381876,21.12757467711738,20.50529983808036,17.725445055807363,16.23441372573529,23.464380155239944,21.174220077092606,20.39600641878472,17.585335879483758,16.116973185892203,23.779942179063916,21.185890623916492,20.57933768184095,17.585234390995613,16.077934251719523,23.699734540089644,21.192329906737847,20.645579183204752,17.61617436413449,16.144847357942396,23.731463433188,21.162017091609272,20.657401676164884,17.68636646503268,16.12239122534161
26.545002877908523,20.388502254618007,21.275448421973707,18.374456658082917,15.79015717063145,25.45732832471498,21.992966541464437,21.238381203089855,18.355117784113077,15.916556525033723,25.478813053900545,21.102484053233567,21.089872567985864,18.59521744441605,16.55602830718048,24.421853388921747,22.1552104715326,19.19009737889819,17.441691308917182,15.863787837635211,25.052045286001167,21.338732783018024,20.386532151941157,18.07385836307251,16.051245457742368,24.16822443776446,21.35499530292303,20.117959301778907,17.945572460832402,16.08645473076522,23.689364185638333,21.00948566960534,19.931649028217052,17.724933446912527,16.05429609944748,23.03834880728008,20.969571828198603,19.9439295012997,17.715523993605732,16.013115347628002,22.977966001371534,20.78400696571314,20.403536210704168,17.87650068798734,16.012864631582183,23.06503999616621,20.816967720635226,20.844044333223685,17.946646950181268,16.03485849186265,23.119762849605277,20.941882228272664,21.28301429428855,17.893193704957163,16.01306346779371,23.22636910891855,21.271993963961656,21.46755260601983,18.09362967309058,16.13855200846139,23.64194654302269,21.08025548677613,21.39892685246052,17.866074251192323,16.11720073458673,23.175272204365676,21.01027583896471,21.19582178888808,17.816998405152,16.151090604897625,22.818238761808505,20.869910912382075,21.088345580017187,17.887924500810747,16.185083617439965,22.960831263746897,20.615357362374347,20.801999537200352,17.908962338377428,16.107541481113653,22.9002151394566,20.612546823161733,20.792325040752836,17.788812273751553,16.02017302571494,22.91018745095185,20.865844590829063,20.616170037683382,17.814633962003388,16.007582919471457,22.98458523603326,20.824093153511786,20.74476110147734,17.7051191120089,15.945238256428132,23.656220943825232,20.844894704964055,20.763351326615325,17.51180167646782,15.888304267355423,23.844987881881508,21.115747316978634,20.743903102817413,17.742832924923103,16.081719221905306,23.912344093262856,20.891522749963105,20.82720551372468,17.85823825591677,16.000227443454925,23.766593410093567,20.796355440421536,21.1163072926455,17.982455533267252,15.931772120905398,24.060540303474234,20.851055454641543,21.006559490874395,18.007351820158263,16.080055987994893,23.31769104124806,21.017089875728395,20.941285319205164,18.161829313524642,16.016311286916988,23.076101588200856,21.180583781072762,21.128154382552225,18.063929722831926,16.007747724402982,23.20906223676705,21.545115823005904,21.018498052407914,18.077799797199965,16.172983805892883,23.020114878324485,21.652769838901655,21.141547642990922,17.924641972952667,16.183264577984666,23.104721052395355,21.74706635316046,21.268084426007785,17.946145556605305,16.17746471693717,23.28344638667466,21.474744193541532,21.45347203005581,17.913186997735906,16.27068701574075,23.458732120986618,21.212838909540675,21.33318896854326,17.853511674657106,16.229912924448154,23.2681362983999,20.91960282014167,21.244240289908653,17.780920476592474,16.184339930451383,23.316238889330656,20.683034036929698,21.02128469838906,17.779720943122165,16.211874665272354,23.031244891778872,20.71905266602238,21.05112471402802,17.877874643063752,16.245425730075112,23.100594877531865,21.04638029601524,20.856957137090834,17.891189780424607,16.16787683871825,23.122535245950132,21.084458169318147,20.66098739637311,17.832212776878162,16.182216010252606,23.048646511654315,21.242151098923514,20.632600791522346,17.74832002477001,16.201893657840035,23.049043125551396,21.263774266719373,20.640214140984874,17.87866124797282,16.20579847968107,23.56483693406259,21.293711757538865,20.528164799356517,17.75198557078638,16.07911398458544,23.992469849304037,21.21105704267675,20.861330928748373,17.72744806758423,16.13259525333701,23.807238062565155,21.20085985879239,21.002132087571745,17.836529123489772,16.16942459283117,23.93155124840654,21.049084627304914,21.08816942831471,17.99243543214437,16.20869159060811
27.5149531291912,20.51999332203343,21.34278414540719,18.784077728233914,16.63546157890563,26.5174008573198,22.83495351656484,21.979206835767673,18.81215725530772,16.48299250291239,26.21631860523572,21.212143111256385,21.776946608581433,19.399735097540088,17.295033828792654,25.0346654856318,22.117087393346043,19.657532134070042,17.569152288769306,16.07335440209466,25.908753814685536,21.69024145215869,20.902576929535766,18.536593409664235,16.56228694441504,24.83344126275693,21.818387091185382,20.690764918355804,18.384535323935193,16.50772329817027,24.160680333475614,21.472061202681388,20.34091055095754,18.165765794219627,16.428332200195214,23.381215853452375,21.506572428973705,20.190342260095708,17.975881235509224,16.292157117145983,23.514295080581437,21.476858403874854,20.61493544854246,18.16101444658484,16.343974157605178,23.279360773963425,21.403186705903344,20.97162218746987,18.17413821471343,16.5340599180497,23.445086332346968,21.393526438582484,21.372886459296826,18.18645949149342,16.537217032423825,23.988282449026727,21.637958624355896,21.693744443040693,18.477128214651053,16.79773884862442,24.557559078939484,21.641564111878868,21.78685857447237,18.42617812683954,16.81444986735134,23.95288761362798,21.51588057838236,21.62698582213387,18.378456921194076,16.763475456418607,23.810944968885856,21.490390284264418,21.631780782881396,18.47636930566079,16.67793054769051,23.93193778199028,21.3537499874723,21.452740175070296,18.46430971548594,16.535421183138578,23.600500818576084,21.299763140882963,21.461393673962043,18.293311376085892,16.33391903830556,23.72928887754908,21.373538136836387,21.296491256798138,18.262452606462166,16.33277917934067,23.749379755425263,21.272234397608173,21.395534355019965,18.148432128128427,16.352602446543784,24.49627193300811,21.317214997529042,21.366193812634126,17.99261679065095,16.3225692664195,24.457680192349926,21.478487922843023,21.259494943003233,18.25274255315595,16.558967735609542,24.41474666329697,21.290119254308244,21.235919023869997,18.338999066733532,16.532037097580577,24.290609025044876,21.25825684116291,21.506753810979575,18.41454767383762,16.47413161481357,24.717185360210532,21.40557995659416,21.452087862742026,18.5386711452753,16.67499843809292,24.00949728433012,21.42621797349179,21.30441907503073,18.687591538789672,16.553523764044662,24.07238769664003,21.516947986371484,21.49175052140033,18.53833098946647,16.52704862925209,24.208951248706605,21.907288504959972,21.50541272583412,18.581004179681504,16.691575419538488,23.922863413248383,21.917599502398,21.584573260115945,18.460854978604093,16.74798577690729,23.891548796181237,22.08235839635983,21.60589527691249,18.413312242467054,16.698683291965974,24.06413866849767,22.034885086089908,21.82512738711761,18.283027683173955,16.81099676989861,24.254877868591382,21.935347567069414,21.723551091634832,18.237110421095206,16.82421027310868,24.160092371269783,21.68055284369856,21.502462973426866,18.163707636704213,16.76969441846648,24.098838887520408,21.451711577062685,21.29361209089209,18.169658905982466,16.684361715422774,23.569732167150775,21.33026807822052,21.371943544219295,18.346054080211765,16.738364617078496,23.569802129817965,21.462440373723307,21.269058882310496,18.42251038366242,16.70470699335538,23.584868246185824,21.479310680445515,21.134521803135875,18.382050379430652,16.690232873021632,23.409985550046844,21.618032258311978,21.149784067886685,18.206592478363927,16.677021973444504,23.307177229724864,21.664142811364844,21.09474480420512,18.337445466567328,16.687683664331953,24.09170720252896,21.77285766759031,20.96819868345888,18.105590172382637,16.487554076016973,24.46610965352512,21.817898452625833,21.240613666820174,18.041827398822814,16.55078788499307,24.310439710416794,22.035182133528544,21.450231663330907,18.18200639919805,16.678149326873413,24.627771510900075,21.89484205009324,21.627273380473163,18.40505347054902,16.76434126875885
28.21511012963248,21.173764859483622,21.368959798671504,19.02344660000629,17.498846629444472,28.262811385325467,23.53774904189177,21.853150577803166,18.74331507043075,16.889959794726416,28.212318556483297,21.768741365077158,21.787990845236084,19.80326892140455,18.16087461204244,25.096516414225732,21.938668705923693,19.959204606133376,18.164859791851605,16.58295562212701,26.871348954567615,22.132880154473902,21.161792950705596,18.81651732341971,17.24533350109306,25.78223186295447,22.219494809511172,20.92027418152319,18.641960830093307,17.070383987096694,24.905898910592278,21.867478964177593,20.595820828929952,18.56691259668397,16.990339213911778,23.92841204910584,21.965909789073343,20.410095708307374,18.291095889341193,16.78795722643941,24.337155805169207,22.059938451623832,20.75959476539104,18.398717297120868,16.86403221736034,24.28481026451344,21.937816153097817,20.89550017776436,18.456346561957293,17.136341580910898,24.763763882373816,22.10908226523518,21.31504296623821,18.57330678409753,17.220467928417456,25.557225530538183,22.398257431894486,21.576229252858116,18.928326509023215,17.59630169014394,26.123378483834603,22.46390775573781,21.547033919331493,19.002356014051657,17.68363337893152,25.353739717516003,22.3117606932801,21.383006476848028,18.94386237411892,17.639226401313596,25.02161178606614,22.313562223746953,21.240233194825745,18.97578783681741,17.447571495278734,24.661948328075425,22.13376053200785,20.95834702912427,18.934381999605904,17.35024351142543,24.217577234902414,22.002894865160506,21.012281977666138,18.567090684855753,17.12378329312524,24.478797965070072,22.09000166930245,21.124461538757092,18.51881987280235,17.108702648165014,24.441403705071256,22.065635190885473,21.237651835319895,18.51922298011529,17.16144263162965,25.090474727512447,22.09410082936231,21.28792090426679,18.46810458125351,17.23784974761805,25.120738880294876,22.135546625376342,21.329432011218692,18.626171236805384,17.43677809250863,24.985154688620703,21.94862227190804,21.323341558650416,18.78233965877923,17.46866884673768,24.862325915357257,21.94738001730057,21.483339015052596,18.856794120170452,17.427916833314193,25.40680574871982,22.01870963867203,21.310766350405828,18.90652972970308,17.610066700953332,25.128225972235875,22.07646253328634,21.379368899560795,18.981315147309243,17.458277702837712,25.442137389345035,22.099592989539488,21.629526221158972,18.936609334154305,17.3372697081405,25.510156971624475,22.400430565881653,21.689481880977006,18.971926255627114,17.421248293412834,24.96753940959716,22.207360135186143,21.65563006140548,18.81868870054811,17.405985775646805,24.820577854824684,22.398202885694523,21.80721334205649,18.875219455120266,17.279697377175246,24.657685036174108,22.28831017512184,21.87614404472792,18.7031430935629,17.297942901519807,24.666795687780525,22.24599097876285,21.755946447549782,18.66597128167041,17.424951465846824,24.511012076384937,22.08564635960146,21.607614235902755,18.59212820177919,17.41648753151416,24.43069678958862,21.91179521799635,21.476906752441348,18.62207992014611,17.301176319182133,24.022106948678804,21.89656661647576,21.659812040885438,18.766121016677868,17.49951443891804,24.153462854048335,22.018121675609205,21.500026136139958,18.911957741434534,17.53526340730141,24.29423220361097,22.071069252536372,21.237514677043272,18.876999929871907,17.42764352237065,24.22592887337002,22.171118743830164,21.14045051478818,18.695679157443813,17.392459486287002,24.17158431482299,22.24719850473581,21.078674746962058,18.79018119931812,17.407310146633723,24.83065035034692,22.262280353105165,20.842853516726727,18.545092809583043,17.035887302415464,25.300320917863246,22.50430300012135,21.025539061176012,18.45415944144161,17.07712248633104,25.24792478282135,22.82799090511542,21.353856861364527,18.59898075676233,17.257235745760095,25.654625615534634,22.896745202494746,21.60683609294073,18.87116348042564,17.347408710158806
32.48028955308023,22.49805283838305,22.035245908508266,19.65993185631123,18.24751683719574,30.018346841109036,23.832414484597464,22.131738432938363,19.144126539631312,17.72832883854864,30.08572249357572,21.983618091431488,22.335209430377116,20.02660210956017,19.914620175065313,24.541693808860785,21.91301934888903,20.6005410502404,18.53255152354732,16.991652438304172,28.48336838596494,22.615609954888406,21.782645886449522,19.258529402453664,18.0988785112116,26.736336706070812,22.529820589823377,21.495298016987,19.0542649429975,17.854426937377678,25.74513422324092,22.147517761543433,21.225367838563752,18.996363169408855,17.651822420488003,24.699980570419278,22.36442890777776,20.99510637881238,18.793607205960694,17.27177965781366,25.451653949798626,22.50993108847748,21.318504660567072,18.937852652916046,17.392702371071667,25.529671976391054,22.466424963969256,21.329262734656275,19.037736237363305,17.702386694677482,26.098844370454053,22.816257141709077,21.722679040935283,19.200534783840638,17.88334712128965,26.96403257151335,23.2604925653785,21.929107210123206,19.58589639182526,18.446692627401475,27.400748256251724,23.319128189340212,21.881059969566245,19.64999847268844,18.5116998248259,26.537897442248486,23.27014484743426,21.7450624061345,19.56592880857129,18.448684582262352,26.13560977015991,23.263521628950897,21.63944112641051,19.472079054600304,18.21181011982585,25.78597738841023,22.992652259213514,21.34910298132179,19.417199307561923,18.053275407052034,25.24474522617184,22.861669890032044,21.408816466343822,19.04882658790296,17.679795796078285,25.75948228164985,22.963795277586428,21.604630886167445,19.036896219707113,17.641913868163073,25.795476130011515,22.97299840561778,21.633638635695384,19.05666967616609,17.709836221078074,26.128052688207013,22.84419465981561,21.688424388949237,19.111255350643205,17.804049784706528,26.016333299235885,22.83242701331276,21.757408228814963,19.208557827341814,18.015092453785556,25.86940197968635,22.66737643232338,21.826768116249887,19.323421769993168,18.073281979056457,25.582146276199108,22.75003268182535,21.957652605556778,19.391411525336885,18.016939513935707,26.095396105627593,22.791405485644546,21.819852481123082,19.474375020397495,18.189433193792176,26.651911093730615,22.87856157267631,21.992851631817672,19.491675455622477,18.060765399667524,27.054104139962085,22.85321031146712,22.286061350292385,19.453892915105406,17.99041956312438,27.048194243544465,22.9581011731158,22.315220273180007,19.49269242506806,18.066788313366608,26.557159106482196,22.625186803624473,22.101521319361797,19.311506417721183,17.954197709256597,26.12108270370707,22.68910169254493,22.213181127418174,19.31010985162259,17.82135888862722,25.465616728870298,22.707229485022808,22.12163233374512,19.17904225354069,17.853111898762485,25.308005711931997,22.749684387032186,21.962781397549303,19.163677072037395,17.951300538887892,25.21822415627536,22.66559495601643,21.821652062166912,19.10542425531319,17.918326455572345,25.075125544898533,22.591019178415213,21.83738373273237,19.12973786657701,17.844387751432215,25.10526923918058,22.741058492642967,22.05663911120051,19.32197518466767,18.124467074450422,24.99264820234878,22.718649067746224,21.958672057050787,19.39834350018251,18.11444584665313,25.064140268867707,22.703667253932704,21.729788264341288,19.314189821213,17.946629892404,25.00439860548299,22.78680333243596,21.57445488552768,19.24531436800291,17.900451650734833,24.948035912674058,22.791706289294904,21.561050129513408,19.308031752127476,17.958903644649297,25.361477971714177,22.66074880925871,21.226533218633897,18.970511713463562,17.4369070031364,26.46230862945587,23.005811064938605,21.248027697550803,18.927548943649775,17.448847670112844,26.60102638286686,23.457218940965753,21.61516910695919,19.15565467235083,17.702243075708267,26.926100767533892,23.59349544184527,21.941794279028233,19.34107244136833,17.872274474680275
29.164736218484027,21.95801196422136,21.27321388862653,18.640458341293268,16.702799657077872,28.598177984814797,23.2080307625944,22.467000234752806,18.601707797895642,17.063153652264347,27.73406609638309,23.434895249506045,21.754683388398416,18.68349400578093,17.155702326697455,25.1676382532063,20.729490460185524,20.59166369635803,18.594459527343716,16.104993390311353,27.368396952353443,22.155907117175378,21.381249678581568,18.680348181909288,16.80005107578489,26.211558744922513,22.001666465879175,21.243225629851178,18.513905816205458,16.776324702399926,25.02128021737534,21.523294589862047,20.892762128040918,18.444378543365925,16.628222687407877,24.302611574096282,21.35475969070193,20.727282260774988,18.457492319232582,16.588982171904853,24.48198035334726,21.52236367155978,20.997936105766556,18.385232872271793,16.582677083016925,24.153035849291363,21.652382585027674,21.026527546182507,18.356816757390657,16.625122239106858,24.563795319743797,21.95532552497717,21.375818686489083,18.52003415622223,16.674269905422054,25.012113580187158,22.54052805721135,21.564162266447898,18.561778065609666,16.866058389227682,25.224205764489106,22.352358155635063,21.607937745940383,18.524429003878975,16.9472376769195,24.77189026585357,22.27305957394438,21.453133855059626,18.570508692768296,17.229230880757036,24.7313464353319,22.323806880501444,21.553238708954055,18.481521248890026,17.49300079200811,24.362833613456587,22.25033088948831,21.294276422030634,18.48206289716334,17.730420319198615,24.310834051386582,22.205316274148636,21.183980634080257,18.697425638624487,18.00928452686235,24.61937870462001,22.281587859385162,21.1759744232809,18.92336401637333,18.351924962256415,24.526413979342912,22.56252907187701,21.20391577568945,19.14590335876401,18.55133722397391,24.336417290967972,22.44259204043201,21.08511974528534,19.285855084565448,18.61825605156001,24.281509307885077,22.380903805329538,21.09770731482451,19.442761722240085,18.56757319269751,23.95612885035257,21.987883131386667,21.252840842665968,19.29113827046612,18.423693046083685,23.65334059074642,22.215704013943608,21.22064038625187,19.091104729364552,18.17473702822459,23.819454771940094,22.01503382008773,21.186102903547432,18.979965162135993,18.16173473250863,24.058588956379623,21.914009884372735,21.34567166328701,18.91053660549346,17.89879517404548,24.14794212446618,21.83421858835667,21.529712968756996,18.821498944100192,17.93470362417309,24.529957026162965,21.89710725939029,21.638978479105,18.80118009063576,18.0142028755182,23.95463511742856,21.683904184362348,21.689129325522725,18.917093938172762,18.285980399355445,24.057286492042113,21.71251586061553,21.559394815359923,19.014668047020677,18.320871705330703,23.933075118683647,21.850784250671047,21.557061728654794,19.249290332417406,18.804632618841847,24.116165603971826,22.092757293489278,21.575372430409722,19.38683300327487,19.017166138258645,23.873111153780023,22.133546664877123,21.45473126110125,19.577202794072452,19.128349405899982,24.399160935096237,22.09650729840171,21.399688905983332,19.74501196759722,19.08342412343124,24.39125594805964,22.47768308167384,21.746222893128856,19.835158880538334,19.207385052235246,24.24205463049709,22.62876197965886,21.87132568817866,19.803047752488673,18.979584722055865,23.961348130775274,22.43384830586138,21.659613544557878,19.81936029389197,18.84329942044505,24.182514631355037,22.512641589781385,21.387000042221164,19.868838136715517,18.831394647358728,24.154539094686417,22.408270457087298,21.433227469376504,19.86282362518918,18.838897564354962,24.0918022389739,22.227000491400986,21.160056964366326,19.817493002206785,18.76671228455288,24.489770026412742,22.225762092658623,20.940040355281926,19.838854488295766,18.879761112600516,24.841761756794106,22.359820510738093,21.085061194198847,19.770410959590166,18.92926914624677,25.018765238539352,22.45960992954737,21.310287870158028,19.692304175117297,18.93236310944427
26.881346105561086,21.570107827417672,21.944292233242173,18.61213582928233,16.46472479248355,27.382745252167677,24.416833421529102,22.498083601243714,18.482892100007827,17.06863209988275,26.210743718496072,22.15592946364116,21.186046948562296,18.187325560859634,17.428909090120868,23.833142458992835,20.429933265574164,19.69953261797218,18.105094235234922,15.86926812262468,25.838738759725693,21.999825169289707,21.053835338173847,18.371892596578267,16.72235028906581,25.04946910722153,21.83066411048107,20.616085523513117,18.133955602582127,16.757321411414697,24.270521889399546,21.1060078701363,20.226430078703533,17.985301455155117,16.580464471353675,23.598083738774793,20.94820168053434,20.066127685272935,18.01805682492962,16.460096568239337,23.962291000536226,21.000461762130065,20.531758744509254,17.992721463517547,16.510257976297687,23.49808039460047,20.966355200559374,20.663016814973496,17.925065797528607,16.394986807203228,24.051584851317106,21.297805750343578,21.117603718419694,18.01667410163438,16.361737948182125,24.417296372639672,21.78453755739839,21.31326715589272,18.05871445486022,16.419543672197243,24.90217804054227,21.842851993555577,21.388129215272283,17.94302585366066,16.357557142589553,24.41253785316297,21.792225311279402,21.149947958494963,17.85269546458747,16.436901684888703,24.611148765942076,21.945606497999126,21.26075377707047,17.84681138644787,16.731510460699486,24.065787470932776,21.83021881367093,20.985301358003344,17.879435526646823,16.889612194540156,23.856148941341694,21.67888155355209,20.86311593312115,18.082889734625443,17.263580978576655,24.118838422285044,21.85523743128966,20.970115958255338,18.30058946351918,17.445278948415435,23.94835518194111,22.0263204609001,21.025337637222712,18.515439870580547,17.6133971828105,23.956946564739397,21.838238428651422,20.9258015223299,18.52599440891933,17.58854073138953,24.20761694018372,21.860629296765403,20.935828033118288,18.658894931702225,17.619312717300076,23.976222411428047,21.517683920247872,20.9599200867227,18.572076723976945,17.453867819628286,23.845523340378456,21.647665080812704,20.762535960138948,18.497465340235856,17.45793536754845,24.01351266486403,21.79651941186849,20.812833660525207,18.499617446850788,17.43124132416792,24.37144459915327,21.735517846311172,20.925958300434054,18.501411576460434,17.331823331776047,24.25141406749311,21.583842169415497,21.024276820920747,18.5272078612255,17.301484456838136,24.3805861830485,21.673014658629537,21.225797131668507,18.5302653046449,17.29367718296588,23.995030468916116,21.40076630009191,21.457591046452386,18.645621704183696,17.619302050323746,24.415239514845958,21.155051901818062,21.25365877833563,18.70859651734396,17.802159112479522,24.014970881858453,21.2492887880737,21.245155147858462,18.972905725598128,18.445944860066874,24.15061803448894,21.33003040633352,21.296626830776702,18.93866664314195,18.58361070892871,23.996181032989178,21.345464286927314,21.21948864410603,18.95280039582428,18.804271856834582,23.840762227566053,21.261309929147735,20.988806903101608,18.865726849749354,18.5952123526153,23.63482784245761,21.702074687551978,21.206564957413313,18.9194717311943,18.60945129493979,23.611057409796548,21.97743504322619,21.54262378993969,18.82816542205308,18.196873521588923,23.406456193077197,21.834239053546735,21.354501789356657,18.76601299478201,18.224905001515364,23.49158205609701,21.969587350033237,21.135420307992522,18.71688236947258,18.089189014386843,23.630725994642678,21.906245876843812,21.318691377048694,18.69993568363579,18.10564637690124,23.618097831940126,21.73711240645538,21.27307602761941,18.487857475922738,18.034179963284412,24.146530740675477,21.59725483392332,20.916874432006612,18.45133761013799,17.902377585977305,24.446333856731144,21.867203020446635,21.266660744435992,18.542746912566912,17.842147869898827,24.90160131854115,21.96027968727295,21.624664431140083,18.58541825892002,17.835863505870872
25.79306587265886,20.695540616816594,22.666155780123717,18.180074402132572,16.1887474266924,26.123397520794633,21.788171656253333,22.385741483796878,18.160821846882087,16.59911821956724,25.180692974562675,20.09661595972414,20.98316217009534,17.88909378435538,16.624712215331957,22.867556406044233,20.308162239583456,19.040382082986337,17.344261799145,15.576741904470845,24.46640658506623,20.73879497461876,20.81056668091879,17.96056643122013,16.235412754920496,23.897065015958624,20.478962792484726,20.141911720362902,17.7968463899891,16.182407224480023,23.096228285017084,20.171013420597216,19.72198133447467,17.61542903925824,16.032968482195628,22.308396939377477,20.282350382580695,19.49232993914041,17.615843262652586,15.915929321451808,22.249840336903183,20.21532116928052,20.01929627385808,17.606743281564064,15.98452141080223,22.01844500540022,20.16035460058772,20.302071094679857,17.42219699039922,15.890773084608123,22.46206633303654,20.585999202830333,20.75157759332763,17.353198870602164,15.921213850327618,23.02542997537856,21.020482520837753,20.939726976430915,17.406379316977954,15.97451906174183,23.69859406734026,21.082241543315398,21.086406569994583,17.274378849188263,15.89480222098768,23.684039413627296,21.02403385630608,20.903806436373465,17.192176947563574,15.906113729634962,23.928001817311802,21.147643305131233,20.915373604531112,17.249988838273808,16.188484610293873,23.378880403455277,21.078985401139334,20.702173189251003,17.365670777151575,16.512853893997427,23.029789877879526,20.888008419579688,20.493773034545743,17.523872407094977,16.93662874266016,23.120427218402238,20.798447779325475,20.391622835712262,17.65814163123622,17.447848409733517,23.03351112789459,20.897996817008018,20.407670273342074,17.92472233803929,17.855731205419822,23.286397898048495,20.90023967108402,20.32620709405765,18.084833721535528,18.005259439317186,23.493070299929123,20.75342221726398,20.31871376692842,18.159884341839586,18.10565305579591,23.140459909029488,20.37902004968344,20.41481289723166,18.149367561838822,18.055327898324787,23.114990560253712,20.64900088611438,20.468008528515202,18.254119695010218,18.031449625316746,23.223849499091,20.813607886813095,20.67249223699166,18.368821107198418,18.076397271708785,23.34197354281888,20.6153004285092,20.968102032675766,18.365784942328116,18.059695511778692,22.990395221283705,20.549811258393643,21.299419318208823,18.609307349967082,18.08353565997294,23.413732555851617,20.7524681560948,21.591517789810716,18.63804705644737,18.123088799007764,22.89326192315147,20.576969839729628,21.80373406369734,18.75289389135371,18.32396244722178,23.03573885459821,20.347776806917032,21.454756552528263,18.755652479035152,18.369624752840327,22.940035157620184,20.516789966377118,21.37456390857158,18.808940442907883,18.668659013025014,23.214192581851794,20.70086307168058,21.194785732724693,18.77670712118905,18.71065666697449,22.981984663217567,20.714358350757635,21.100423959759276,18.88067044238742,18.849241122165427,23.345664390466226,20.614725860684892,20.862480777826825,18.75085148327893,18.729133615725186,23.368334776077234,21.12272428630252,21.007475715647132,18.722435419576875,18.754521980201282,23.11757534499942,21.220675477782926,21.4615641900657,18.85059926572013,18.61016177731372,22.844810905266506,20.95197571216754,21.325020679247025,18.83579186637809,18.656488868241535,22.834468427376397,21.049066304467324,21.08332056223252,18.794750239983568,18.670837278510355,22.753230585797194,21.054541650204786,21.32339758568798,18.76020747615134,18.726074930377038,22.70577594880872,21.06245678511572,21.25177517684101,18.673171779731348,18.709812892458025,22.98766377221611,21.005252065708678,20.683185922507498,18.584156240535368,18.723052616481503,23.385515376179306,21.376212657809578,21.145113761076193,18.640230945616324,18.771210159565936,23.793014391652274,21.380225335653865,21.662105965556638,18.67680342840456,18.731506867188017
22.871729390681367,18.85220086921292,22.03921819583929,17.366302619581678,15.09677339184113,25.72786404768547,21.46112223959737,21.825852989705574,17.27553344373986,15.413123013170697,23.90414502925406,19.33788744466799,20.1505223495747,17.097643576532132,15.49418025028248,21.84004466548145,20.227721303913988,18.29718224138392,16.575691483268628,15.181015336669127,23.444728943521216,19.9356454081504,20.0584684535586,17.151955567663123,15.346827540731265,23.214737309961045,19.960322701496885,19.22143217066368,17.014992387922064,15.401041838051508,22.237958316876558,19.58318406064197,18.709192621594603,16.815147857491286,15.335798214479237,21.489705112970306,19.42291417891506,18.51880424728555,16.85322824150654,15.335907699648606,21.449154517293305,19.111228242168217,18.966302240198868,16.87721952587708,15.34726303068128,21.109870878513412,19.13793167341227,19.212193462562194,16.738950699567916,15.144120408294526,21.493185394574585,19.333201668043266,19.75527861329809,16.683059720483506,15.092961999119513,22.01572813173788,19.586820986699372,19.949982385215304,16.753388640445298,15.11039406170761,22.640719936514493,19.787901829306055,19.97239324517718,16.519562245353686,15.017396892011243,22.51358736063984,19.834151141527634,19.811169108417946,16.406826541156736,15.002756185740884,22.517944188618465,19.783669369766837,19.83705962889748,16.389496326611273,15.118872778822526,22.263848744639695,19.646481482319274,19.600669561237602,16.373907581469034,15.172725184922019,21.90475782207158,19.485054617834358,19.43058453439527,16.41588686884261,15.319253523079649,21.97708023324494,19.436523564172237,19.362509567933,16.478167434372985,15.442404863066665,21.9736340411796,19.436422867757482,19.404820553052826,16.565994523832227,15.582582560197205,22.261224619945352,19.514766431485015,19.320579349277786,16.568680689000495,15.709878266051458,22.367609819835984,19.631194263701865,19.26523737707036,16.73430398310718,15.817817353050533,22.53307320038729,19.35181378671393,19.269833294444698,16.771676135533905,15.741182947583454,22.400361078018413,19.56584501294919,19.244683448989043,16.9326452365775,15.76473380813145,22.504055396867194,19.737083725609637,19.432205398276295,17.105669933680467,15.76224315576554,22.215030154619164,19.55108039863717,19.721867092520416,17.143148562853376,15.76119790445187,21.721690335202574,19.44860822923957,20.04292812795962,17.26057372468124,15.821662209607917,21.6691890795392,19.76932963358641,20.383759233245485,17.232556850622085,15.920964161026717,21.473555166892055,19.83927996244059,20.73722305905536,17.19609824991961,16.07178098548105,21.547681754034066,19.74792235971818,20.471516915003143,17.17969371638852,16.13314693415187,21.614999706332497,19.75397311934295,20.44113814618022,17.21687059234016,16.293498758138792,21.64336561484822,19.715728428698267,20.337600141135155,17.10528560974111,16.300093614379556,21.298306015997483,19.47568887629959,20.219712714380798,17.094398864429685,16.368961256345216,21.501863826233045,19.38934392305093,19.910896423778542,17.046747581433415,16.257827842410176,21.500108621938544,19.64316781674334,19.89503506618918,16.989944413302304,16.285026075300074,21.635817804645864,19.778758303951506,20.339947132656494,17.1818762422263,16.23255878679068,21.797586579876715,19.746637365958435,20.163054643973748,17.1764253719089,16.154993254295892,21.77026869105619,19.7957497218219,19.978768746321528,17.25956747055705,16.232183665603863,21.537649639942455,19.592441113161748,20.29500433027058,17.247039001721348,16.30098831813237,21.539808193118095,19.68807590895567,20.39052526918516,17.18815889757069,16.300982126343808,21.618667407762963,19.656200174810003,19.82607715523326,17.00557862526525,16.19743334648038,21.82221226302085,19.8731088184903,20.352679076714825,17.121156999505025,16.321050811810853,22.2051610604715,19.958532149699625,20.819255450134005,17.1744311357826,16.269822094333318
26.148526975058743,18.261119240624502,19.127895812207143,16.603847123152775,15.313290825063532,24.92751456535458,21.47028144274692,19.3689758399611,16.800723116658833,14.942107930356151,25.705574101575756,19.33686552212934,18.251203919527896,16.39194769758482,15.265957094794336,21.65485385237642,20.01645216905453,17.285023463978163,15.962922912622375,14.832241291883992,24.327800570362992,19.579332691575946,18.312215642125256,16.34303386638529,15.112609444255082,23.214002042820148,19.644607427568864,17.960728759926717,16.260974115073672,14.968472842906234,22.341490181977058,19.149901552435566,17.725816718758615,16.03084079125182,14.965540400167185,21.399292445240082,18.96723751706714,17.774876773462605,16.120860655932535,14.893908227081695,21.877663082286592,18.78071651073013,18.031945456692323,16.16661545534941,14.881855848373274,21.604245960152404,18.939053810879745,18.27319420867945,16.2304763602636,14.726315393921748,21.840942894093452,19.029781148230835,18.685245638768293,16.191993285835647,14.745977658555358,22.008475259423427,19.0528284444994,18.610866192880646,16.36665702685513,14.712278351006082,22.153556384621492,18.87006698424843,18.469307199826755,16.11618171345966,14.584631155810351,21.35286560412063,18.803773079935727,18.40527084004135,16.021662071207107,14.596223091512517,21.145965635407627,18.726032905951506,18.26042837063358,16.143450890634742,14.751071551055963,20.987785946649105,18.66844197944411,17.976305153156808,16.00069123711314,14.791493994500195,20.90532657496463,18.881178887971238,18.04961480908498,15.946830604653925,14.844251855295486,21.31457446639714,19.396225623177468,18.021271909587313,16.134936700923213,15.009703464642154,21.48939762578419,19.335779782730604,18.101642390893716,16.193828112580643,14.939191097339688,21.709635833050065,19.37583511176127,17.959791392052885,16.032983062783092,14.910240405357083,22.09340711189711,19.51098403909338,18.041730693347244,16.277888755275818,14.89079117612275,22.59347550765271,19.448342119265327,18.368975240620255,16.397318698097656,14.838116211464026,22.055507496889994,19.283398327479087,18.563833223424954,16.477028559616517,14.799692147700767,22.06857586265918,19.516861233145256,18.569344379781022,16.554400527809996,14.904062524962246,22.119353666356577,19.580169639022067,18.865473270520678,16.641686167331827,14.899663343969621,21.674279252518314,19.89136707584985,18.92696994499428,16.577415962175902,14.999329547770824,21.405929582812902,19.914914819791164,18.56901898819907,16.51690396299971,15.002229120172718,21.720682075793025,20.080288485033428,18.74345058989742,16.342125494252308,15.048039365383001,21.729445607653577,19.81815645608124,18.756373660647448,16.329744140139088,15.10842580455493,21.589940834697995,19.649919300161457,18.81395949198647,16.357268521355472,15.093976089661243,21.729562100173734,19.34168434246274,18.7684244619408,16.45758217367402,15.075074332549743,21.35774290947746,19.00157640469372,18.754483470488235,16.37142230098096,15.1187042577773,21.19683675455216,18.663202371134215,18.435594116183985,16.438522764311536,15.12125241844453,21.22679051959987,18.938919334729718,18.387916621454245,16.373890012762953,15.025612272225283,21.21973606142209,19.024943806778463,18.16386749675135,16.41620996379813,15.111253607273886,21.421839577441887,18.942343886681478,17.94689541554186,16.368729102843684,15.032117570130248,21.74793734221736,19.188117159648158,18.042056750232867,16.475985003578863,15.060970865638737,21.80476237919341,19.3553831725357,18.22986947331823,16.42956336484777,15.053164016929582,21.866773477918745,19.29644534006851,18.231302611881222,16.459352987249865,15.062204194530503,22.191614247654947,19.341289007476266,18.438138885036963,16.353337917903303,14.985963117231188,21.815802291959905,19.255135230878494,18.59934260484997,16.23627797178511,15.057971055194823,21.613891443578108,19.21806873537254,18.506227214111654,16.22005821486567,15.058091154488633
27.226744020913,18.855336989405007,21.05562158840192,17.548895395073277,15.375066075012846,25.310371773866645,22.17137764768424,21.664219105983687,18.092898868798734,15.530298683533408,26.478474273023938,19.89079327162763,21.342702345416594,18.197564928844304,15.970235532185965,22.71589135239903,19.985700593163067,17.99738308309603,16.283305043925246,15.268008611459502,24.80622098516868,20.170652777854173,20.082476200948467,17.443229140480106,15.532479118510228,23.524205140421472,20.319240987146912,19.658692680710757,17.359215945215453,15.480771992242936,22.747112713914923,19.66229864328829,19.07055863586595,17.03037783014117,15.391766200123064,21.57234875177823,19.618014196302916,18.66537532970039,16.908840848200093,15.240437684581991,22.151473637969424,19.659162105812207,19.26650133835984,17.041187096887395,15.265948345729061,22.017309845408537,19.585553609404393,19.65558502380538,17.0323210285916,15.302070333415873,22.177760867939774,19.51609204785501,20.070216387622345,17.010175841107582,15.352473655258933,22.768781148519807,19.853721439538262,20.50929455113779,17.19569523270713,15.44517194948568,23.20089382388698,19.951156761492847,20.864033690537248,17.111940695689448,15.528044011649143,22.401648009985273,19.840621225309675,20.86815166281088,17.126556476157656,15.52167233585266,22.120308108157808,19.79825612865256,21.067083458093244,17.23061942163587,15.568195903100735,22.08762690622871,19.67793079069053,21.132339238730765,17.225337415365175,15.4707074345154,21.731830787688807,19.657915417167725,21.103024558118626,17.132420010513524,15.445260963071112,22.037533510582424,19.660338478895177,20.774930130579115,17.081947277608467,15.427272282320848,21.870457689175574,19.591381312057468,20.628144277553126,16.977032045452837,15.396731384060043,22.733141946367915,19.667087200528265,20.35859143038969,16.730777544619755,15.284930090849622,23.0422055680773,19.762273133856166,20.141006687107325,16.864671256501357,15.4567010421387,22.844938686944907,19.74772174816866,20.076195385472538,16.88833773264667,15.378020944563223,22.640050098951875,19.631735454995557,20.39570453975708,17.003733549368167,15.280510665947725,23.20018926253869,19.80883401133143,20.499407047566088,17.25072616958245,15.440389514581259,22.806177687096845,19.955167017112167,20.411099431091085,17.435045858969232,15.408827511501269,22.69120870474078,20.27281548467888,20.555149303170786,17.38563736873363,15.41406064588225,22.994555676777928,20.432756086284165,20.64919181344617,17.463322316334374,15.5103090761255,22.63488885659775,20.499606128048733,20.823075294528227,17.369660189092876,15.600527142353561,22.123731283322513,20.533363500254097,20.72367108552792,17.19615175424132,15.53432643478393,21.75635772425647,20.126445846792187,20.920998146413588,17.049073656876395,15.716857002736692,21.937070556910676,19.970051957395867,20.800620176822488,17.028653064234064,15.666141921001696,21.7567644736703,19.674010731582793,20.438052703103658,16.976086977484403,15.679126312301019,21.908881889055017,19.5210380710263,20.16384055156096,16.936660114070484,15.65359326485655,21.819728731097353,19.424806650666866,20.167879152372258,17.02326840279104,15.60285787040534,21.95732612862629,19.777542192067173,20.212405470259462,17.208626311146002,15.466179145820163,21.724588007940827,19.82010993787969,19.985185691708317,17.180597400363318,15.489807201064746,21.57739999018944,19.96760487229846,20.11708804259747,17.06331388097516,15.535722756159492,21.470935677867377,20.015200672973158,20.054467410398797,17.166110052873798,15.547528493448937,22.06063293986562,20.09868567294435,20.000112651116023,17.063629568402188,15.519975675843511,22.745378757642946,20.13770438915797,20.16985848465854,16.967840211400464,15.585708949595187,22.685980466889752,20.210195241085497,20.626951460791446,17.068512042205775,15.643793578885251,23.007241845466922,20.110606732572506,20.892809424210956,17.288829201432392,15.654043299082597
26.801503195661144,19.969032313802153,21.319598288937723,18.002842286020883,16.218901426935172,26.366303619923436,22.73443557727088,22.165714949922762,18.49148239461864,16.26214160526236,26.17111875072418,20.061491567153393,21.73231361218791,18.849764605658788,16.880550832506742,23.17471326580499,20.63543821700236,18.893972193427302,16.949665879234487,15.665112913742542,25.04096971163265,20.917789028861005,20.727503272426095,17.956869219874598,16.240885016105167,24.02382344369938,20.989424586642617,20.39055275002255,17.896216656891994,16.116845106192752,23.092828444461404,20.418191834111607,19.816696266559262,17.609479040445454,15.988682271973733,22.20431191878174,20.6177336763889,19.45059567463489,17.393240669268017,15.858586223466816,22.682593456269167,20.747115772337047,19.93973691480395,17.469660124123543,15.902074937874602,22.655339791526,20.45994755997407,20.202159082273702,17.47419578562427,15.99725527840612,22.945990813135193,20.552886720250097,20.537416137199113,17.45079343730004,16.056374598858405,23.797995137096642,20.835612040655384,20.94250708367614,17.752105990821946,16.220531912562986,24.28305611926844,20.94384852253819,21.22626204339405,17.8054577788342,16.17446767595445,23.597247545135538,20.824148167136894,21.19163746157537,17.843452462752364,16.1420575030019,23.30718123614692,20.912475398651615,21.30883239178934,17.977482145251162,16.14917042854237,23.256199144991548,20.820943461463337,21.396056857342813,18.016207727473663,16.0343658301879,22.8136874351853,20.74399727688048,21.38688821855477,17.791335798892778,15.941310330288246,23.02566818664456,20.63008884542298,21.16583427091369,17.70904857779558,15.964000089504697,22.89362347328373,20.467247733948017,21.09910189203306,17.598659002858792,15.983653619083345,23.51721467832223,20.53707826364561,20.906556072809533,17.35685694779977,15.837272966957647,23.326632364076225,20.507414649181083,20.685087793076047,17.524629644361465,16.00939295693431,23.224623326256985,20.50559638994967,20.584036145858686,17.644101790767817,15.953230381013276,23.094996997421326,20.486200659610212,20.8385285974256,17.719738562952816,15.921585940481657,23.54812720139465,20.684438225284357,20.80495651380407,17.939460303431577,16.07238802572351,23.023874100887344,20.77756638884571,20.773177054483142,18.113604483058474,16.105171852876882,23.27524282905239,20.88255904700043,20.91574694029711,17.97969181859674,16.11338626256547,23.4004138280338,21.135329852289576,21.057164334164536,17.978721014816895,16.287083391739205,23.107680933562744,21.08790114947838,21.15100212665319,17.909070815398785,16.32111816959039,22.747252598127783,21.16668745593508,21.112394397044326,17.864819577223972,16.274724990063426,22.910795116168376,20.952013360379784,21.292697905691835,17.70099677994325,16.35346096072412,22.912139778002132,20.903018126457187,21.22193086429226,17.68286206334291,16.41755029901729,22.83711101413712,20.67753297632247,20.882236544636857,17.644957161958736,16.345535047977734,22.607778905171536,20.542284324902322,20.671250356272346,17.61101635013212,16.33791404065999,22.559257022308344,20.424891442898105,20.8336309262911,17.68150173710371,16.382117200674834,22.408565628938163,20.610615028846116,20.734496471964217,17.90090823323155,16.28551695402093,22.366027462348846,20.666678557835677,20.55582340353166,17.81334079121131,16.234409932786896,22.205637635685957,20.762402789656313,20.63624808710078,17.612186473877024,16.29011875174269,22.119872359230175,20.76756281823588,20.547953507896146,17.691083255412543,16.239501698785848,22.6464243634854,20.82762187882532,20.357667052246274,17.542251239622598,16.088518954474967,23.174595020549752,20.949788701882227,20.625876631106102,17.469337231318413,16.200583693659347,23.231807906900457,21.164984423067395,21.010364811693375,17.683405256146454,16.214765870254027,23.451345838432893,21.09830944823919,21.32227959372419,18.002554366949703,16.241720100135076
29.100859713300224,21.169103254482778,21.00474731770598,18.530649414220676,16.95242468818838,28.07204793796151,23.294469166908492,21.74706503648274,18.525391271358227,16.63281293048666,27.722108401892104,21.007757628762093,21.067099148108635,18.88864057652756,17.714203576347007,24.1514357597408,21.202228414880956,19.830108575634988,17.71537047225253,16.278760876695873,26.63243335578726,21.759927900106923,20.877793770986138,18.324276291882917,16.8390593233728,25.38441405264948,21.818533351676273,20.699760179139645,18.191941827577505,16.681206406686975,24.37011752766529,21.283874070292914,20.287805780142946,18.069764210151398,16.58783260792324,23.436008785131044,21.517824872057275,20.150546311434844,17.9012692941493,16.38308683599766,24.00073139842194,21.675285338975133,20.504955437703757,17.954130205723683,16.384870555732892,23.873387267928415,21.443859295804245,20.60356823582539,18.057588776014768,16.558089309414896,24.19273254384904,21.57845733232333,20.893292815395807,18.139073287651666,16.618440355346213,25.066290042589905,21.83817997203468,21.124002897896567,18.46422529111148,16.97801554463935,25.372189292699613,21.877240699929544,21.05638896224044,18.644181985468393,17.215126660691833,24.638300409870727,21.78181360242841,20.82104810117992,18.666522997969242,17.348454351499967,24.41117679244116,21.893084994721754,20.573979856365078,18.70548311573389,17.379340168017713,24.130973284997626,21.754668889148007,20.42189726176131,18.77600796602626,17.517019117583594,23.7169007904815,21.769097332480904,20.580111407650868,18.552134134133144,17.43094688518374,24.14647941352402,21.800575581597467,20.760368231906572,18.522808601344625,17.359798281448064,23.971253205406963,21.68012200150452,20.886354086921052,18.513268374120194,17.5135000085195,24.089450946914702,21.673216834312065,21.044147680709063,18.465763176904716,17.641497176384043,23.9961120060675,21.604867380158915,21.009370873584807,18.588275530510952,17.622485202949033,23.818226177432173,21.563540237435223,20.99006829738308,18.703361580010203,17.689190720709014,23.689424686633988,21.561183180058727,21.132015886277596,18.64874807986017,17.599250183734878,24.215272831716995,21.812256529400862,20.912812255754442,18.792107773020213,17.673984025176644,24.35309864237929,21.843660729457564,21.06652771653193,18.7803056796695,17.455650811707812,24.75087498206606,21.819592140987606,21.36062539889562,18.670545662992147,17.68108000305791,24.75067151767088,21.9803943685545,21.373355699432384,18.67399823972881,17.688621085468675,24.175210799996094,21.832022229168754,21.27115031530179,18.64375668252499,17.791717655776147,23.73762674310679,21.76030469452593,21.354270975466996,18.62736838199563,17.75716685428376,23.67431827016535,21.718819140755727,21.382548612081074,18.516038249801092,17.867705849404814,23.5208189404111,21.825142454503784,21.28160671634247,18.49900420371211,17.830355695123632,23.4343867168288,21.670527754853218,21.182390505965515,18.42307013500977,17.81139126065859,23.46471077582017,21.530626934362026,21.17807331524953,18.4182257357619,17.801524600029552,23.51218136310264,21.62296945146277,21.49325503830633,18.509084425466426,17.762407108138383,23.274867829671074,21.6099089838462,21.275912335356345,18.724172796682588,17.79207815788927,23.366456319986685,21.649729509357137,21.008827457147948,18.708212595920568,17.69987119729658,23.352553474915613,21.75435956502951,20.97935200956815,18.578366143842278,17.71162539414741,23.280994241806646,21.826322283300755,20.873294279897785,18.66672498701316,17.68059008519213,23.678811938417056,21.7736417365256,20.562105425723523,18.504576628142097,17.499654181608335,24.5605933379424,22.200745440348225,20.699492030051555,18.380632232879883,17.41956417307223,24.571579019090898,22.448979449615926,21.05272506135493,18.455924882453463,17.391866036949413,24.763625073919805,22.41947821508976,21.223696842860935,18.646288347374217,17.39030509534121
29.266418039817623,22.662938196409275,21.672520665633105,19.089707572450017,17.54776103392325,28.78578791515109,23.609823607948925,22.39612775247409,18.87834705579584,17.0580253069782,27.870279079524778,22.035837808406203,21.521872069411135,19.756647845090626,18.370150307352723,25.25937760403031,21.617106361116083,20.695183196590413,18.469925656316747,16.655137295923897,27.15556103292286,22.521881178911208,21.592859457912333,18.942727268963903,17.3949719568377,26.029938016001147,22.346383961211735,21.35088472734067,18.742001794959464,17.22566935571018,24.966709290164648,21.91190623108134,20.979382666109416,18.710178746712586,17.154889832405967,24.378934694793056,22.091677765715076,20.857981562369808,18.461086345754715,16.981385058632007,24.822338620651436,22.221914549761085,21.131944899686786,18.45523821952151,17.05028787473288,25.19710855847983,22.226775663812294,21.15502692922338,18.535040172759665,17.286525216598324,25.575345759484815,22.506273092872316,21.48466411854995,18.675260849949797,17.365061282658655,26.516637012433925,22.806161386568153,21.509195699102747,18.978027009313518,17.7999639821886,26.60743460838438,22.878056871431227,21.489229505350192,19.10341769512258,17.88893564385645,25.891137026993498,22.898684640268236,21.38838729005405,19.145142593913622,17.978467216997373,25.258032526157077,22.909402262918654,21.27440239757688,19.165111124549266,17.835899074478924,24.877011252113455,22.729970069443716,21.0874137385032,19.174669244920437,17.8696666702072,24.406676166278896,22.75191982920877,21.33457424959798,18.86832916507752,17.594399464993806,24.780747954070428,22.72640976241005,21.51473566272809,18.864798907036167,17.529976648396385,24.806693491244626,22.69526069613393,21.524444758254994,18.833785548170532,17.54308864342131,25.003477040204587,22.61731378282961,21.54599976582293,18.859758140195904,17.53850192795421,24.937891899420862,22.58418184736023,21.557526931651132,18.91401905073256,17.63460615274403,24.858823441078787,22.514236993283138,21.683940325862665,19.01350729771598,17.67134094965953,24.832264645664647,22.612662770770104,21.74706331764989,19.015330819577585,17.669491889429544,25.210152095262913,22.724076208257305,21.59459324793782,19.128870915367177,17.78595073054739,25.682288976247957,22.78656023397158,21.826522973989718,19.11721659793332,17.745786845942224,26.06684266203107,22.692071554046755,22.15191232556202,19.088429034099523,17.77523019582164,26.096864216247315,22.750223651756208,22.143458115205366,19.103879641552282,17.856252467457995,25.51732213120519,22.57168672969804,22.002086940464753,19.064596450626304,17.847354179473204,25.227458197612613,22.404352726917075,21.993538631242682,19.112074789341936,17.753754889660826,24.7153865441662,22.340619969049765,21.87538574982681,19.012240419730517,17.77100214694598,24.58382264349794,22.51405178226404,21.72967563120353,19.093083467606085,17.775697817724243,24.34445424816776,22.31998233403393,21.608684667447736,19.051201841415338,17.749905816680872,24.313502613129568,22.220667997220016,21.66699361526168,18.991933876167476,17.680624055115338,24.293524270679796,22.499498068886385,21.970962042581952,19.111687116096828,17.92508779269695,23.999418530647414,22.531166601238272,21.86804553485249,19.181036587171075,18.05753613537886,24.174191692253313,22.55311965261767,21.6277668481874,19.088880015932354,17.916617254642574,24.26546771273816,22.741086674844116,21.52829000161642,19.026109029159187,17.932235410016467,24.389545004204,22.686035652845703,21.548043533534933,19.13682159828093,17.974922974404056,24.61815312160517,22.546054986308114,21.24839532815829,18.826059685989755,17.57047805165835,25.455910295615958,22.867559796660508,21.252193185758806,18.83579183642191,17.446710570734876,25.41093727523733,23.108894556005527,21.547795581657077,18.920593898385867,17.67201835696097,25.554573384213658,23.08071669472357,21.71237384247575,19.058867445659143,17.679354365575165
28.80243163343513,22.09189882407109,21.22076453625264,18.65170491288856,16.354431692908786,27.65254976677526,23.083144632720252,22.529328364273386,18.995480297935373,16.782423290639496,27.16468018595384,23.51911474911902,21.769405656853007,18.728954379143428,17.07837755367964,24.688253867876796,21.184586647895756,21.003126693878833,18.789904080898864,16.365228940814244,26.80106232472236,22.194440207965634,21.539437433403798,18.83056482459531,16.696133179242082,25.67055451718006,21.999091134558554,21.463187605758375,18.729463778508734,16.77112913051541,24.693746427590515,21.558748042872725,21.03577434629028,18.618939095088017,16.68255331523342,24.132541660530258,21.380666749484025,20.874598138009553,18.65316450326197,16.630517653663176,24.285072755833188,21.48553715762023,21.03548195394161,18.605895224483895,16.617930784863056,24.027765264059568,21.676185580274357,21.021550247050214,18.527428380025857,16.577618663769737,24.230561169696465,21.982731968970306,21.29383329379517,18.643905231973758,16.53512666738026,24.480039155059444,22.47357281855283,21.518635409046368,18.64694203206856,16.600241962929886,24.50108933767855,22.189854891479506,21.520878578274598,18.54942502950497,16.529386976830466,24.167091715317536,22.09987109165541,21.388884868847313,18.542765036306754,16.58277081723225,24.15164634293305,22.150496955021993,21.452812303252244,18.467171426855707,16.68383828275576,23.972319448592813,22.09339411320038,21.17188074565962,18.44857350806746,16.777670422757986,23.99443304821303,22.113008681021043,21.092931897484853,18.575137032164605,16.907462743009695,24.256420597808045,22.32099572469175,21.119838175188118,18.628255576485554,17.163826352243593,23.961501222796393,22.551567744589715,21.13134704818831,18.700079671008254,17.303189997554952,23.850023524217058,22.4564362894703,20.98429827029118,18.779726768211255,17.39652551633217,23.92796650292231,22.392409975820662,21.054766423602963,18.913282599482216,17.367663239897023,23.697416395137633,22.003448061018506,21.21701792240348,18.835744027775668,17.310438493588972,23.468662516923892,22.076258310690946,21.227203126177088,18.84554396804977,17.181830702147927,23.925987523739046,21.875884116535772,21.24082450277826,18.858446572807622,17.199208282006744,24.232642402464926,21.84173315497684,21.427306739118897,18.831114670036648,17.019459251797425,24.088844894134965,21.781967631551066,21.6417996456339,18.74572430297116,17.044630146841143,24.53193218300413,21.89719665883729,21.766969987549903,18.691475844192286,17.11902601491155,24.188379286260634,21.804046982584147,21.78767996460669,18.64898943312202,17.223875114880343,24.226160801969293,21.84895037398643,21.65566920679087,18.675091637666032,17.23678917759898,23.84529801089309,21.847397722703867,21.661426748457085,18.755000194560175,17.5181037032666,24.14471279805398,22.0973629676349,21.683100809717367,18.80486790884195,17.601332432754553,23.878006742380272,22.056932602345018,21.546873775389475,18.934859118628346,17.68429321156857,24.226324025038565,21.972368457339336,21.496452818082993,19.09715487260816,17.634235755073313,24.117437606372185,22.359625748800635,21.829246704536498,19.1513494677462,17.70961596938475,24.082959176021774,22.500306733505138,21.96493427314075,19.156265337172684,17.538458609849556,23.731598639023893,22.281509288231483,21.738106355786986,19.124030273425767,17.457764691106085,23.949485804884763,22.398521654269878,21.470444110538985,19.06284919446093,17.313601974127643,24.008760043691247,22.330373955440034,21.534524535392165,18.981607325658615,17.302830087033406,23.915106506571455,22.158001490840313,21.281679899773767,18.86792400458224,17.182835855142894,24.26141042325506,22.21688211150596,21.058456198560286,18.93041573625837,17.23560793079569,24.657553669403438,22.299092330174734,21.16424495862268,18.828892426207734,17.284997262914363,24.63553322844358,22.35514589032014,21.389596076160483,18.861803242259576,17.256609246162977
26.879577468587108,21.45598720750746,21.515451063539228,18.399765027420393,16.12577058159325,24.752684535704553,22.68025480097748,21.921659004593746,18.105992173855903,16.450534956545948,26.10444684413355,22.636527328424965,21.271974351823317,17.94868729734045,16.595419729890164,23.546797473312985,20.111787147484943,19.89742629616121,18.135491400489908,16.244210918246324,25.034293496698233,21.549130137445,20.938997607793503,18.22231056690477,16.348287849261347,24.443671920022496,21.308826500235046,20.606520677622733,18.031332462115568,16.35674192526438,23.871349457690332,20.855197509798867,20.31028812265144,17.97785239038336,16.24364457185629,23.21047828761845,20.674406552051046,20.121675108430495,18.01254560639564,16.224003646907807,23.102763204120116,20.782273088060993,20.479071309551266,17.922842609384148,16.10800021095841,23.053180305099126,20.861215626803563,20.574480831202244,17.7978945184715,16.057959703491814,23.236008210465066,21.234111978500863,20.97879142945667,17.875023615689095,16.060414461894517,23.73513702785068,21.739826837247172,21.14426231215541,17.900699736476707,16.127790959722308,24.09634132680203,21.573947506275022,21.206163674785593,17.789382892644117,15.983106651679652,24.059167089053553,21.517914766155556,21.028811228023194,17.74607660033501,16.098609036684667,24.07785117650572,21.652706428798332,21.110917419096317,17.65209065881906,16.252971279805877,23.661812681974173,21.586997962478414,20.861378877461682,17.628445464520205,16.38562440221261,23.56018986360732,21.506796863222228,20.675393952963955,17.699352239959506,16.61217748061099,23.73989049386805,21.613083753368606,20.657566118285633,17.755652673960718,16.864537002433355,23.552930083421003,21.837182466428626,20.662588239664352,17.894546850402232,16.934234060830768,23.440634007041222,21.681698089733025,20.489280535998454,17.967063162062296,17.01432684625214,23.5213160082494,21.599239935750212,20.527886165451676,18.090124714208926,17.030667255197432,23.158179292895262,21.26376596688066,20.68307245976809,18.001570472684612,16.942465728816636,22.965863179503074,21.42350635981192,20.52855395015631,18.053739343560302,16.829589547979733,23.21089200599303,21.341220066203384,20.545261849912055,18.105035090156882,16.80307538084842,23.445542456662256,21.189188310484816,20.69868827237557,18.125037869230596,16.570072371872516,23.29237811285962,21.080189225614987,20.836923125845193,18.127708731916297,16.50581034762275,23.680690464819463,21.219077517162685,21.011916169025312,18.164232413374567,16.51191063759621,23.25477853523981,20.997614937827485,21.252086642301737,18.22795231893574,16.830345608725704,23.39660225059348,20.888509708393407,21.15789153337886,18.2315463098818,17.03028746969777,23.173881709155257,20.891732723191645,21.252043994477294,18.385465336932768,17.644150736516142,23.464656895374322,21.1413152575409,21.293895994316603,18.43279110186021,17.77593230930946,23.20647118732598,21.124581673731015,21.223296816521266,18.508355303166944,17.972972011487837,23.570233299656316,21.170982783105476,21.038642628702707,18.553588048802673,17.855668601267407,23.61793588286252,21.610694384166585,21.31071978776097,18.638274302928203,17.97085847805994,23.48503237878294,21.92921981233109,21.58999968180029,18.55127020152902,17.62298552365552,23.23969521621104,21.76889276703889,21.314044426476762,18.517946170420625,17.61447587394197,23.49143586807866,21.785062637323893,21.021004994048546,18.485416701885107,17.490206914519252,23.51478605000691,21.69961705127035,21.264471258175064,18.43644025474662,17.473996803495137,23.47923358559022,21.650046418057148,21.08126769327067,18.249642312133282,17.36455364063957,23.930402443699975,21.720163797607658,20.712758636604793,18.252130408542047,17.32704413551486,24.275196122377498,21.805226315825287,21.000612589616757,18.244738969701324,17.292490715605947,24.531763196661004,21.874682416759214,21.40105016524125,18.321266274511736,17.275805593873933
23.930123583283248,20.249045611079875,21.794020169254594,17.684549857020514,15.650351063498068,26.248006035516816,22.46876967248095,21.769612158766307,17.85878323952248,15.935430879211067,22.985466981945,21.38162796226619,20.5599441091225,17.401662007625237,15.929941600212876,21.81834891056547,19.19502253515679,19.097945397337433,17.256094467574112,15.86701843829402,23.480238799603374,20.677520396671092,20.490253227413422,17.67012122708649,15.898894420449883,23.190001880517123,20.620254073309148,19.930265181877438,17.56784229878196,15.902340007918534,22.112922837934804,20.158848348051208,19.512394061890515,17.42467039400883,15.808724500968145,21.816107749283255,19.961429021747026,19.320569145134982,17.447915892668508,15.793465782140881,21.72356509790364,20.063702349134967,19.75131240959579,17.425906515281465,15.718749229042922,21.698777128237534,20.111032206975217,19.8840035399858,17.22138772568294,15.61858295161864,21.945617344287232,20.396475674129526,20.30020260190914,17.187685969311325,15.609897846985685,22.556361794542617,20.72761203741403,20.537152177502044,17.18289491079876,15.65688289947542,22.973097748712036,20.69592592397754,20.63362757905843,17.070667178721937,15.547974684248647,23.115679288216178,20.643378806615686,20.448154127126465,16.961081308676203,15.5127506315261,23.18323269935415,20.794243820807267,20.526651171929018,16.91260894084605,15.569583416215266,22.883554079698076,20.681437610179536,20.347040140238857,16.913825042594404,15.713745727682058,22.771760200007492,20.55518872802001,20.079532355867837,16.99271624545004,15.948150922485468,22.939111761081072,20.610182388651282,20.071674006982626,16.993992138561367,16.17327134777587,22.882723876283677,20.79433800469038,20.01595539445765,17.187395051744005,16.430440001447558,22.844639375226713,20.63127292547427,19.893443779873255,17.23143336382647,16.6046431374657,22.981086516107453,20.481379928136384,19.85515674601366,17.33709271138085,16.6196887459577,22.49921806104386,20.218326153682064,20.017863365984425,17.365366627384464,16.527423522794574,22.382830607040127,20.363076858616935,19.86465142886324,17.539003731131313,16.47403775121068,22.461557027799586,20.336817294763172,20.061611383428858,17.587656698735252,16.391831151075305,22.589801963228194,20.2020577685196,20.236351790228458,17.702456622129883,16.270427426364467,22.178537257081835,20.205924129707363,20.503939265547565,17.844922901848935,16.26302875609354,22.55808483177709,20.24927304449528,20.751683647588592,17.816156238894884,16.269115316995425,21.98508998089029,20.078915659761506,21.10129046489662,17.904769036271635,16.68820096604221,22.05408350432567,20.00634832631144,20.81271210003725,17.94072737962812,16.873242320558127,21.911055986795514,20.151972558870934,20.80883859976088,18.145188542230112,17.490166986055126,22.33555557739922,20.2825022352029,20.71102332252234,18.0976968137444,17.58525064704309,22.107159569370094,20.284577573496765,20.598392105085225,18.133195113979667,17.68084378419639,22.62497739274773,20.24182528739281,20.27009661713858,18.031117662310177,17.355908756397014,22.71323003904883,20.65167757546434,20.501984041975795,17.9731288118974,17.290276082810376,22.632015671972816,20.745330916206246,20.959065742454108,17.877159686398382,16.805055971109038,22.429192354417943,20.46321845569982,20.810281764645875,17.907960778077097,16.76683662584562,22.8912492956452,20.48909005371195,20.537378247577994,17.889045986829583,16.791224530658646,22.784399153176373,20.472671493921005,20.874073492065456,17.866316595598562,16.839713186833,22.74957224320479,20.444133390506128,20.863840702797415,17.751072136796402,16.847646780838353,23.210209058298005,20.520593646469912,20.335790313786482,17.71914646524313,16.812525126828014,23.48511414541391,20.884027220093543,20.746859748284866,17.748437773946215,16.83234670593631,23.40547925703713,21.076222670428933,21.28324308791606,17.816177990527855,16.83358905331877
24.11719046832859,18.84413012659524,20.329908468871306,16.044676880599212,14.673086588565592,25.422400603919854,20.933804481870737,20.609130318719263,17.068546276288796,15.350681778389543,24.545508990492372,19.884338011272852,19.19810094809715,16.551886227370687,14.756981779996893,20.94161096779135,18.55673159667672,17.635889948670073,16.20338771811054,15.144726938949992,23.259366563642907,19.42009515886362,19.164694802535564,16.546667839534493,15.080894045615377,22.631975935735728,19.193145929919744,18.505770144319264,16.597901300224386,15.069315569287406,21.657777632890607,18.601234186565613,18.01259062226889,16.424749677797678,14.980822735572218,20.603887184873294,18.333437038558873,17.712797807414823,16.37412694085961,14.99753332444567,20.282373796543165,18.306264822159875,18.095966537660537,16.390376699469616,14.840429955905401,20.026789421926757,18.135525521109578,18.123087764998054,16.178775089264683,14.679524731761148,20.077397566475486,18.446829653617076,18.51848395798918,16.058164483685843,14.685266168624224,20.31928834973749,18.857593141911423,18.70905374360918,16.048297253039625,14.63379960396457,20.804203031429076,18.85416115547543,18.94114659602718,15.99173761420531,14.604346971632168,21.056972524548396,18.698809670108915,18.80535364952518,15.887317649559481,14.712696221444599,21.203191225598534,18.95396507737383,18.88731020107128,15.899514749923137,14.74402033076974,20.918534181023848,18.957137044300623,18.769033185780742,15.8794084656089,14.820814187618765,20.75101383021071,18.76653034215902,18.558887702152862,15.965147989526022,14.945896196053571,21.153758376689815,18.853986272292612,18.502823813007538,15.969834076739355,15.075979649407202,20.873762102589914,19.07752341881872,18.44149299214966,16.008680305095503,15.087651618860843,21.111144948986002,19.022938459024616,18.302554808895394,15.987681135872194,15.125105686227325,21.55510068950087,18.879796995026265,18.246458452536437,16.101267304357588,15.155260490172841,21.230535390439346,18.649902315599036,18.324901662019634,16.023927580385454,15.103478332462359,20.9050831191401,18.68598080480867,18.25866059754009,16.160946447023534,15.06692469267495,21.18069647505194,18.570883817083427,18.485954532488744,16.28648284951072,15.236712183938176,21.293440735897832,18.396126002203882,18.704650834799878,16.376362593413155,15.318416779563517,20.774885057810987,18.435023595113666,19.007118845983857,16.478836028586898,15.251154830108694,21.30625135532362,18.6546291425834,19.327475936671288,16.48431119455492,15.347033801218084,21.16262661667413,18.716045514262387,19.598049301315335,16.410132183885583,15.402217203472324,21.029614921734918,18.747372780106197,19.261691799057292,16.320149068574903,15.324060052805768,20.61479693589785,18.87720434044409,19.14430133991552,16.375789095235913,15.468255392168663,20.96039687354685,18.885002911939598,19.040398484894492,16.441363365388863,15.598344735115983,20.776086876471034,18.842751386386688,18.94847003372474,16.44432186574388,15.612267300437015,20.94252499658113,18.65763958656471,18.518722809333333,16.417831428810075,15.548494552356093,21.10406705848981,19.028443079450216,18.68241148166294,16.475930411310763,15.499739106947933,21.162548190399193,19.07583733726517,19.249383966779206,16.589024971163468,15.389678588596658,21.25269843606217,18.96857345233071,19.13333862840353,16.540533718945056,15.33033573212071,21.146973519722668,18.845150244780086,18.964490135003636,16.558839228055863,15.340802251973065,21.09756578161598,18.95770039871192,19.447118483747545,16.617184717193943,15.36995014882945,21.132943032916415,18.977532852189206,19.466072935648185,16.455546533522323,15.429321373169461,21.768525166258172,19.17666561936691,18.949104834380794,16.339887482981784,15.333616527371959,21.475628213182027,19.309813287381786,19.32978916894441,16.34903091748071,15.316369240308514,21.741259969903233,19.389280245438126,19.745058874195784,16.451915784752437,15.334917588098307
15.736537523449318,15.29798001879341,13.149513185704302,13.465739592150216,12.760001098622293,16.055272915661764,13.269714926703484,13.066858318170791,13.163441290939979,12.811439971791334,16.13187469221131,13.97767081563239,13.770886654829045,13.333472158879244,12.859108932264341,16.175121213445703,15.035113697346539,14.170743978277972,13.175362590928724,13.045055046628727,15.958162940889931,14.405674263638,13.716897141880105,13.290908353965893,12.854386651798322,15.945033349310629,14.1636088622649,13.814326903545316,13.3822367489457,12.888745787789981,15.848242779838335,14.198171808708958,13.92550633385016,13.437244729600318,12.913497689974662,15.730766095895856,14.348615687595847,13.873851441620545,13.4069676631697,12.912680011631943,15.514284109563224,14.071329334220962,13.806635743897653,13.436884752657084,12.953205143134891,15.398575119556307,14.193503707275061,13.51640932638053,13.485051372704504,12.94826596739729,15.323132874102622,14.31888449266393,13.433215726789257,13.342654053895998,13.007496585958492,15.388750959237536,14.491631898474363,13.4985852795814,13.363688072437409,12.948723909661691,15.475001196969057,14.415121905311262,13.657513679915638,13.36998080888741,12.924516787279845,15.489114905877523,14.506661921292059,13.583026667153579,13.397728857131458,12.942018065912368,15.676249635970308,14.536760240659868,13.76535850366341,13.280875909335538,12.956356151199163,15.421017807324484,14.338005630024085,13.713959458068043,13.16809820736355,12.849345022040731,15.48567390478488,14.353446807906304,13.508095185691891,13.12842217438629,12.952380563180464,15.49544995001464,14.238261461198794,13.427563665651594,13.118940871571843,12.937204544755193,15.671870988539336,14.151279086172716,13.40358354225496,12.977334330115976,12.739190095286233,15.676386274130772,13.822951343853976,13.310037649287974,13.095562560471759,12.70909996107442,15.99216313110443,13.924144420326225,13.554053878179207,13.201259292033992,12.779756242612848,15.669724495895508,13.933076655019741,13.70909719895678,13.244321888341744,12.78322549141225,15.516086624924464,14.02401080613625,13.810213421367209,13.239308607780478,12.807949549910157,15.325409226586157,14.124105600477924,13.80054461550643,13.40350264234203,12.970071518300966,15.116013727569202,14.24776599855233,13.986612937896794,13.358736958975413,13.073995270872405,15.040796606568012,14.28777443152605,13.87405165746525,13.26975240862732,13.025997164047562,15.323890425062459,14.206976029985976,13.695702175085097,13.188914391694865,12.988939488737842,15.473983627717251,14.271581709224467,13.54524505514579,13.239828572921837,13.082198815969369,15.456778972650344,14.260498017863735,13.626895454056733,13.302091440242581,13.241855616806442,15.63723075123357,14.305760328943103,13.60113323065679,13.320802327499603,13.237916420415484,15.704556062091687,14.410941656225694,13.675766698885045,13.454738937660135,13.414323007119823,15.478315538836537,14.62461863658822,13.978612739058454,13.503092597794648,13.45571432130854,15.494898511932082,14.739291839278565,13.946010140186058,13.575391560333468,13.424560219293607,15.70553501498878,14.87065202265818,13.913525889601965,13.549594646391512,13.2379584914767,15.633661106802867,14.899000885016951,13.86072462956918,13.834631102664655,13.386893110032679,15.674325453356015,15.001920928479851,13.857168700210341,14.02243915204933,13.2264656943609,15.85487633461219,14.81683614610471,13.736488083533231,13.96543334917238,13.347563056506889,15.949147352373448,14.688598353763771,13.798867550001543,13.906984943111123,13.289055063854715,15.922082415620235,14.54019556059389,13.916426375904726,13.824198077776344,13.292268904446567,15.706782435724183,14.37683606734727,13.83041165920012,13.503571949628654,13.048934593479618,15.677575299369161,14.026017932125967,13.739966065267424,13.304920522952134,13.02502146290349,15.365496196304196,14.226875327414472,13.682681354854633,13.379538924266882,12.824917717315788
24.68500313907345,18.970203009206706,20.661034671354567,16.42574993412238,15.08323490027555,25.976963742969424,21.79373592632406,20.9236524447513,17.33206347477426,15.145455986492243,23.81040881348936,19.82130484649245,20.299920096183044,17.449257631339844,15.049700879719602,21.186680224221863,18.728154051114387,17.806891987998945,15.914133893119097,14.533273048484887,23.60766820401697,19.8590105574382,19.61772472477365,16.672811301141685,14.934865065866017,22.736498535760227,19.932032322508743,19.167790850851656,16.678860836425017,14.839191337618303,21.717768760187166,19.105261453192718,18.542024152710717,16.37823579225142,14.768944508526431,21.29830483402613,19.034345497917577,18.172696168609612,16.199969626499787,14.797605134077259,21.576325083125816,19.217761075290948,18.52946415901137,16.16234598784418,14.791229444577601,21.46096414933003,18.933409687068423,18.750218424071505,16.164958484724707,14.833121850044,21.928899979951627,18.93047808267721,18.969238652316772,16.193032258639242,14.903355451634837,22.425494406380736,19.160701338025444,19.352311661264483,16.40695615569824,14.936594877873498,22.643194907131676,19.20649470349411,19.587428665732293,16.39508148558511,14.885727829355272,22.31310112475944,19.093918205418568,19.574719865832726,16.439548785948823,14.939474763158785,21.968126984926585,19.072753850717497,19.604523926711927,16.51206011577566,14.969910798611263,21.458562051299367,19.085527302203957,19.721218583557235,16.413091590870682,14.851351460056694,21.339777668598458,19.24199372334354,19.763823021534268,16.33299862657621,14.883728531282747,21.43628578244911,19.186018640062745,19.549426507361538,16.368798346724134,14.896889161038473,21.19494241806668,18.889635484505536,19.463745158702487,16.340074679445323,14.915447418214535,21.184482736153907,19.0384269178348,19.250992381710855,16.20412492680753,14.871121512992673,21.70147661753935,18.952516079902175,19.127677737631252,16.357737644315296,14.97550447023104,21.30435571477835,18.867358723796272,18.997812872003667,16.40219141299931,14.857708252204873,21.168596922672656,18.818962426484983,19.155264365898553,16.319070064781194,14.86915483014621,21.624559698552964,19.267443332422083,19.214292185966464,16.554199095661303,14.925763013420001,21.769637958983875,19.471596612843467,19.36653064361079,16.610588673673362,14.859700477540418,21.396516219266722,19.2501216461632,19.44663278893318,16.506152351740667,14.919467090713415,21.65954918721338,19.533090149510066,19.599497337711945,16.455610096412652,15.105263160294385,21.368892588200715,19.54128754264279,19.705400106824285,16.493564330217108,15.113805444106422,21.220993621301467,19.39821804023618,19.57466324626411,16.421099959318905,15.166831356114054,21.264442943809257,19.097475538051476,19.559913539996597,16.426458744377737,15.286067817961486,21.493037010731918,19.463806549239088,19.514394576428398,16.484720871764605,15.261927886845447,21.233901778553026,19.194480190513772,19.262259834748413,16.437326578488467,15.17364883534834,21.105909070461898,19.073130014862777,19.175495634664493,16.404768712993167,15.236677400640755,20.900497655618327,19.042728274511706,19.282015243371102,16.33687595943606,15.064486649820262,20.80970866109228,19.067330349356467,19.31706308179749,16.497252319165668,15.002982437276955,20.576596949017887,18.97373957000587,19.0409065170498,16.447491101189986,15.034846832847453,20.733792603798655,19.05822047622039,19.067552762045857,16.404733205885925,14.988877212722883,20.83796740894982,19.082283088693746,18.874314499117975,16.474753240516087,14.919454753409264,21.2438449351532,19.13198061890494,18.773007167490835,16.46053708537924,14.979783940255805,21.745603208647687,19.413705779920843,18.880520896687983,16.33008145488804,15.085361724135192,21.751292825415486,19.470659819431535,19.331784916922963,16.422693243666096,15.057559806993268,21.665474879560133,19.06603124066074,19.58426422587935,16.571217168532318,15.16565896157773
26.10402145644583,20.081586832767506,21.10810852819245,17.43752010961789,16.024182692019664,25.686955040246723,22.313752086457587,21.82543014132936,17.968754387339867,15.93768636328384,24.79861748728993,20.386952444012014,21.099191583553548,18.17422608316505,15.922212758098235,22.300014358120816,20.26826377590351,18.994511563183114,16.660195316195676,15.508314828790306,24.36114249522263,20.840806213069737,20.51963411066746,17.46209994323582,15.899555618160758,23.36516549714832,20.87861338239575,20.214794141575886,17.454381753438685,15.789064900540609,22.60342662600475,20.25454430362126,19.623365224662397,17.22704146914336,15.731173551012535,22.101583696817904,20.329541265592333,19.257886552199647,17.07276001679661,15.730612291867155,22.548370258735076,20.43687967604233,19.554656934694243,17.059024403084198,15.71660813369483,22.489730497925603,20.084058317721315,19.71004597318948,17.127779748213555,15.703665447007703,22.990070277423182,20.192576844419644,19.897967664662627,17.139355650020732,15.743041896944927,23.69785830701167,20.34637544007574,20.214501810163814,17.375129263553127,15.768779996376884,23.94599290139866,20.443958073814546,20.32499243122959,17.41792558695038,15.771213244439783,23.442483869142336,20.363235290641153,20.252878373531257,17.453963511001984,15.791513987125834,23.127935986391364,20.436380621857925,20.209032412470226,17.488520687745023,15.816267900458971,22.793700132722552,20.404988035600116,20.247435611525283,17.433796306218195,15.669956742016629,22.42679702539234,20.592244580894267,20.341029460016692,17.300693571481368,15.68132495586434,22.819074907186845,20.487566342972087,20.336068501597587,17.283658159343027,15.623652359271656,22.593150455117147,20.327926117668177,20.394344254871207,17.27786469458625,15.652932115665829,22.69094239674618,20.413746309060155,20.30341794460362,17.15923970329349,15.558260042412712,22.741023433302953,20.27687686582461,20.167784189531197,17.31472757997573,15.699453207750285,22.4423538589644,20.21247633869159,20.054489434308756,17.361611122102136,15.617162165235124,22.181063132852827,20.26055064770822,20.214828780607633,17.32704154747981,15.55892272986863,22.79248598281552,20.544139388528826,20.09925746978733,17.48492843316893,15.584664158830288,22.88189022439637,20.750589686873106,20.26106336828201,17.535686867558983,15.614709331264942,22.968622340060385,20.6136507170472,20.44877097997167,17.367643989937083,15.610840488781246,23.202500706325093,20.815302532147474,20.603872742198746,17.35637766632624,15.768510550417082,22.834498627217318,20.695641516979826,20.648852088903272,17.376000971441027,15.90330764763263,22.4744391407856,20.610891435633608,20.593714335951336,17.332111819465172,15.904803575966735,22.403083698939724,20.409342514995448,20.64663824561571,17.29427529873538,15.975763110997026,22.372538991922866,20.565861063560106,20.63500471078106,17.377882910565177,15.999319392224104,22.169735889889047,20.37409829070218,20.41756809537933,17.290249062128282,15.925019953244444,21.96896837157066,20.3089510031292,20.336376641301406,17.22095155546946,15.914388829723867,21.86652158966404,20.35401760924694,20.627688247234456,17.314974566632117,15.88329603616658,21.92714729166761,20.44434942639781,20.49982296746648,17.47403479071493,15.828517511114777,21.882254839958396,20.531866017098046,20.22405753029971,17.384498101614383,15.862644311664166,21.904704093662048,20.557687819229745,20.218491172250175,17.31207134985548,15.816735075289804,21.96836303516408,20.580767826898136,19.956592778113322,17.437624017440292,15.802653379614407,22.27953078732996,20.581013328151034,19.652324366275234,17.317684794525942,15.787742924359105,22.868881293748846,20.82538441446236,19.81246009390072,17.185969361616564,15.871421757554097,22.959074430329544,21.00982711026604,20.215009798875705,17.311180406502974,15.84175806226482,23.089287663759404,20.88862120578027,20.43817454886236,17.548473642155557,16.003205893099217
28.92304143474747,20.82033164932383,20.955053281350036,18.17497344322776,16.481854737193437,27.999616645589196,22.915484273916015,21.879909433552957,18.564880359324746,16.409003784075722,27.57576332440711,21.635553191841296,20.780636372332374,18.39019062448288,17.005094869530573,23.556204124856073,21.01070192522249,19.98359281277847,17.44697319894938,16.000698469287993,26.23446738081081,21.683685756292995,20.80950466598481,18.065939605024226,16.49487000334068,24.934565495642573,21.668613506728043,20.62281096459586,17.971725671285785,16.362560257358567,23.760662316004066,21.11837861227165,20.19685300775019,17.79593247519035,16.315194291208854,22.88785963151791,21.152596263675598,20.078603016923804,17.667160762621755,16.22923802514739,23.36761788312612,21.276723747241114,20.314973085464267,17.64460749980821,16.262057018601176,23.57018927308177,20.97713309077857,20.437478670739402,17.708945566285813,16.337780472662693,24.037715549944693,21.2451544853132,20.63530185419636,17.74340669425221,16.4283948353424,24.966347499030537,21.467640287883874,20.78419745289047,17.94557388520729,16.619097332649552,25.07921703453141,21.54858300438384,20.692778713145163,18.004151555961528,16.62600807106209,24.493915916510517,21.4734112376696,20.565885141215055,18.086984137780867,16.71120111109987,24.160077632031935,21.625130869747828,20.285149567429777,18.061235087553875,16.68421074003219,23.65860715152048,21.494054928680377,20.216366436841906,18.023771491567857,16.651163770841045,23.165398897934544,21.635829508513744,20.357720319868097,17.892039755973006,16.52737726881852,23.757017953042972,21.60357991279085,20.545685591868768,17.96971969806234,16.53664117589657,23.801610621802276,21.48139880034172,20.60569272817133,17.874789702563394,16.509490527758153,23.780510492262966,21.52303791774358,20.753574158113146,17.855126322305544,16.524249659387,23.85760854254615,21.458619647655745,20.68907172374467,17.985819052758387,16.609912254351578,23.743542458886687,21.390266905639297,20.745579620232057,18.07785518723077,16.586331279440152,23.408860843188684,21.4500446567988,20.842212304223825,18.08201911713313,16.563596866519212,23.656174891980744,21.714586793896473,20.57806595555265,18.2011116534564,16.617690033614213,23.870489523286015,21.844344989348347,20.812025083759586,18.284833172235246,16.49892343755503,24.031906825063867,21.73495623732631,21.109243022962374,18.149623658703476,16.48140040517675,24.0922918654206,21.87337575398068,21.130206863825574,18.13838215975467,16.654795399445607,23.878287122727798,21.75152613933168,21.019208033587784,18.039201093429412,16.605783375267155,23.711671856605953,21.625403816223372,21.140527173537997,18.121911168976318,16.613046162079442,23.596702375812193,21.50718180715278,21.103726016818566,17.971089060771725,16.71933963349058,23.64308783464518,21.653078407665447,21.043597195463775,18.05850271126581,16.80664536517454,23.463324435570193,21.375897039826032,20.926478527353236,17.9560797763048,16.707626872250064,23.11264240764965,21.301858439401094,20.960999781755103,17.94213375024271,16.79380715899552,23.045699519948904,21.436221889274325,21.274944023429846,17.989265651255327,16.848667180051528,22.78984492025888,21.38083856527141,21.09713506992611,18.18285305217121,16.82011988176962,22.827433565816722,21.47596977589467,20.81647675075913,18.09020191337608,16.780172150144445,22.969537489706237,21.67585726682191,20.800810383486233,17.987043229465957,16.779970907977297,23.10408648012457,21.623097879107764,20.778543527209543,18.052737012490777,16.739120986303575,23.328456927479166,21.540111280833734,20.435992019663207,17.879469938085407,16.52779666857451,24.26965591860099,21.897158199349416,20.50708719931667,17.731805488209982,16.598163956178574,24.28712381690479,22.047313598278247,20.86357641887686,17.884772723024362,16.614757158681254,24.378096777794372,21.97515702741216,20.995464711858443,18.070732289247594,16.645431530565027
29.955385965898255,22.22102106023741,21.428467601561056,19.001333473406767,17.407334516975443,29.098517350676524,23.530001365717208,22.427743203555085,18.976510459093358,17.299591422726653,27.736125444947362,22.255231837065036,21.384930572660377,19.925192215767492,18.70146806352168,25.26368521452939,21.827249447216523,20.60444910359888,18.56104793327881,16.6456849968207,27.388343520788055,22.42918252053569,21.454482683127505,19.01990003529981,17.46035751982238,26.09339012778431,22.26063550306452,21.259767557949605,18.82452623043556,17.37993762029928,24.85668494453936,21.810710141160197,20.808870340560485,18.700608973264575,17.335541491388625,24.26446558782952,21.9012910301342,20.667689875273034,18.4094815830247,17.071395720005068,24.7670448706026,21.92049255453051,20.896064235523824,18.32968570659728,17.177976035892165,24.753541618009404,21.882477860311063,20.96686580142338,18.41795295680138,17.47609767912474,25.072897841680845,22.192880554202638,21.207561371040466,18.53282274892657,17.47088398231066,25.999760062473673,22.39498641477625,21.328957343557455,18.9132708446974,17.92070980278467,26.020472859503098,22.42875634558516,21.330078988703004,19.07373506778311,18.285470313750476,25.19961289185501,22.421449253737954,21.265986312908723,19.287016463000416,18.48233027552127,24.891704589621956,22.467604592716853,21.077821597954507,19.381407529756615,18.430472200840768,24.53758687476369,22.28634731706127,20.94650603794188,19.522341658221215,18.694354233174245,24.052159712638097,22.393043848661648,21.18919599838764,19.346289146036174,18.548416369676097,24.62091201984425,22.35666174561154,21.372443516120377,19.373957081001034,18.456223333317638,24.43072514318278,22.296613685026923,21.387046784002404,19.283608024562977,18.501595651332764,24.51443678918344,22.266251400397117,21.49948725746444,19.35145816506536,18.717265368991683,24.384756344473907,22.289360718875983,21.50720140286887,19.380952798782886,18.768905839965594,24.396760648273972,22.23486204813103,21.573838799221136,19.40781591031165,18.80032745559769,24.08648822217651,22.341433237625743,21.57736836357206,19.39062950246635,18.70629146702118,24.614023182866777,22.5818065290199,21.43410666889211,19.54480091649712,18.810793133119144,25.06783762985461,22.74364135362084,21.630006807099427,19.428899324687436,18.69973088448382,25.43025117733801,22.55937427996836,21.93524080020028,19.415302281081345,18.727444244841745,25.486273748171357,22.629310238090564,21.96145742755876,19.41111762704616,18.73433602149708,24.966106493453413,22.512850431878434,21.862766741957767,19.4645115907724,18.850132422506654,24.749245773089626,22.24971634809772,21.81664693294027,19.54285188378052,18.84763202270754,24.355071412472142,22.122413828030414,21.72123538505695,19.440639470127742,18.668670396789036,24.259693273169336,22.366232340355605,21.613538573099028,19.523315279610834,18.69023504529284,23.810206459983114,22.03179088806909,21.46768475932135,19.5070264170374,18.62985423203598,23.847342572971733,21.933048299612082,21.507778354172483,19.401047716466344,18.619340762852396,23.908682513144402,22.2204779998995,21.826318985963077,19.395308412473945,18.58775780866361,23.820605914546483,22.269564611376307,21.708126108831866,19.613529440357894,18.80945814264304,23.993238698989106,22.315720257993828,21.551512379208443,19.649808733029516,18.740529509765896,24.312930519921498,22.67185478476268,21.498741772759402,19.698065607711815,18.77536941946634,24.424353915836285,22.537939467813377,21.551749625652203,19.795153948725062,18.70974458876032,24.483107684963073,22.40542301412382,21.177766795240682,19.653139242504427,18.67517241973853,25.09236270424494,22.651406056796365,21.147067037598582,19.5754867435977,18.54837019187577,24.91735266487285,22.759802459459753,21.361789308866662,19.413477037462588,18.550618058543893,24.919160456843244,22.597918073586026,21.483684946725212,19.365397409834333,18.465271452354056
28.81356194242999,22.149598827078336,21.189106914984176,18.60796477836692,16.473279525771755,27.65350544406369,23.029023207899943,22.527864441933573,18.950855487744636,16.789037762308567,27.15941598858174,23.538452759419545,21.79000632469565,18.7666828422852,16.966173121121564,24.699928112370927,21.110805885616717,20.923562798622473,18.788127002831825,16.34160655090344,26.807113207659587,22.21923845225015,21.524065931365197,18.83112470881632,16.703555792263852,25.67074758150435,22.01177001148111,21.453246016586423,18.732456493710185,16.74567525003811,24.680399452425124,21.58750263220157,21.03505782080247,18.638596004887056,16.661670963116432,24.123113825990416,21.413380461632503,20.871923465768784,18.659683678000317,16.646642982485403,24.275890361819705,21.528943447465267,21.055273037467046,18.594710199893935,16.616248998202828,24.013113844456495,21.680072911269555,21.03289611056229,18.497992410662942,16.580813212457116,24.22402186349016,21.988234757905218,21.311783011283058,18.613545374281408,16.557562841320994,24.487384670259793,22.474855223223738,21.524549822287394,18.60718315025185,16.61163512227561,24.503649866580535,22.185469921159058,21.53563341750354,18.51786673957056,16.513633418787546,24.16478382398799,22.10733495960849,21.402518715337948,18.5396401563018,16.605434884501868,24.1554466403126,22.151307155195255,21.465006394504165,18.48309133445656,16.71082843664985,23.971081618368835,22.089357759796396,21.181463719294946,18.455436580915837,16.799099030839606,23.99474152468735,22.10301347065963,21.111112975638385,18.585678059436695,16.922524622118424,24.25532118340301,22.302157956819276,21.131175218254086,18.633259804160524,17.20244199434047,23.965485798099127,22.518660767410942,21.149280014846262,18.69998778533438,17.312302349126256,23.856881418386642,22.43480854252477,21.009777375564006,18.759712660691058,17.373050495405785,23.944965739263143,22.368422523362405,21.07706731723968,18.896918049090253,17.36646864204106,23.70912905229706,21.985868597491148,21.229734520153208,18.82072467514474,17.332564198756344,23.481944214529218,22.06449678118472,21.230121322124102,18.829818480049905,17.196955577312966,23.94469169404605,21.870566624595725,21.226574464456853,18.83713416207457,17.218950955128825,24.244701429802078,21.834174065049417,21.4125194961122,18.81398980121909,17.05428338721159,24.099891255700435,21.785424903807307,21.62320711989267,18.74873389639123,17.04386955048533,24.548389219306806,21.89213844650728,21.76440814080239,18.68673566991516,17.1156330609456,24.2134308025209,21.80312291438478,21.80850181106143,18.661111663543373,17.22225211222176,24.241214415603487,21.85497720003807,21.6902487094755,18.68624765061047,17.222730131115732,23.862073319480466,21.860730164631722,21.691001155174014,18.768359820484406,17.496244990118726,24.15398606251981,22.10806219926381,21.71201630663175,18.821944297056568,17.533608568676858,23.899025204187478,22.07170795701208,21.562477257686005,18.945792434173747,17.596818556155966,24.238930668198325,21.974136360642188,21.493822693370745,19.084319594134413,17.56552125353288,24.12452661364349,22.354002947080303,21.817747625260047,19.13424463085918,17.667902540475577,24.09199682775193,22.481452932299494,21.95702673907626,19.13399370247958,17.508911333677425,23.747234448391488,22.26369447454115,21.736776700018105,19.099197728802636,17.45548915785293,23.95330389441774,22.385700531027403,21.47413074893561,19.067244925970414,17.32329559349973,24.009622833453104,22.318861903283988,21.5413561548452,18.995560870857577,17.309003440742742,23.926262421525998,22.141805980414677,21.292954546979466,18.897000665775057,17.186198998765512,24.273374569687498,22.20042512950515,21.065398481017876,18.964140932137077,17.22657808349591,24.658450659532843,22.2733373991521,21.16723187296829,18.863690032885565,17.290697122826465,24.635278467242735,22.33325841589103,21.389808792904685,18.870431424888743,17.248799301711735
28.05883473806377,21.49865113477952,21.100519383788733,18.023422470374292,16.065153781992855,25.86510182871927,22.51958084069112,21.988953456105985,18.52032802852503,16.63967224331197,27.288703002230452,23.080749391071393,21.205955156267226,18.205381114008752,16.6098567009809,23.924321329508306,20.591103562988152,20.400211997786506,18.1271433703389,16.783143749393826,25.923326023040467,21.59490262315834,21.055249359898173,18.316535121764087,16.536475199071653,24.85520900837978,21.3906645309736,20.869639697242313,18.238463628221087,16.597333879297054,24.163394825161923,20.995620994769293,20.45822242150285,18.109021992825273,16.483553638253817,23.62694937086453,20.76752573277824,20.380550110032498,18.16799737311428,16.482887100542264,23.625446408340416,20.86711593370462,20.604735809217328,18.170546956700456,16.34286856847793,23.35223837446147,21.083888247031904,20.62297202680586,18.015351382272144,16.234118856382583,23.47152217437632,21.43390669697505,20.932809969544746,18.117265605875627,16.190872836817004,23.754808912643615,21.891087587361902,21.15681477026958,18.130078651710903,16.24818325014761,23.612518693499563,21.696764522554265,21.12324054160419,18.01504515903875,16.094569628595842,23.352411818242558,21.616630174406488,20.973452477071447,17.94757209746202,16.118118134868336,23.452517529173935,21.791416667531802,20.96248187442729,17.95463540465198,16.228453342005213,23.28312140480151,21.725829977170854,20.776167115447784,17.953155121912392,16.328367925418814,23.25628438136949,21.679995331027566,20.696268361711567,18.119005661491247,16.531350513922035,23.40694615310911,21.873998452938917,20.708129674412596,18.14208227326187,16.809067385970195,23.30756368507109,22.028092327384847,20.71644942975218,18.205869407534433,16.907426391338152,23.310471880095125,21.925648684099833,20.562178959825275,18.25562958853755,17.029203949063664,23.53591177272968,21.77820832869513,20.50383326630162,18.340459353597584,16.985292950241824,23.03331874182645,21.40628217644738,20.651150808250055,18.186962580965975,16.822170454601196,22.997244037971505,21.44246742511189,20.593942379106913,18.222202757903858,16.641515364759805,23.391273067128537,21.277200308157113,20.62304562977505,18.30259029768184,16.590940754606777,23.65680243660902,21.141251806664094,20.882004202048478,18.313170770246366,16.374810426863203,23.273409562642836,21.154511565126306,21.14912166951608,18.266612605136025,16.44191911072309,23.86923426016371,21.33393346737352,21.298949754625255,18.22310317975323,16.521495518297257,23.356480763655348,21.316025581501627,21.444735514803128,18.24176815823636,16.737885406928022,23.400053403550906,21.431232651993422,21.331494911003553,18.2590944920884,16.88826889539328,23.021634478189757,21.426098616299758,21.368897161071086,18.359433863106318,17.32196063079342,23.463838198668704,21.659166362413686,21.35943923579335,18.425399229173102,17.349768619716762,23.309117681051156,21.59759169376671,21.233837888518508,18.560226993246953,17.429847620418975,23.74065235656835,21.306569678550698,21.069177208437104,18.666853835963998,17.417431749098494,23.60824897761264,21.655071986777205,21.377643462445672,18.701782654933456,17.46916476580024,23.589707730593425,21.745459344262212,21.61170365295621,18.619774837017058,17.300750969882674,23.332586678556293,21.53822902659803,21.40793954968477,18.561400446217522,17.308653047511235,23.46463301396468,21.564316715039947,21.176319385362937,18.544863993881453,17.21012744004256,23.425339836045527,21.605997294569086,21.390361435183557,18.437093684533302,17.17739175584795,23.45977558101847,21.40469769006077,21.199462357189496,18.262473600146826,17.109026107205004,23.893088103481936,21.575597547484925,20.857069446714384,18.292929527174714,17.00521903114646,24.092751805999672,21.697348700192144,21.078240924245815,18.263847051571307,17.023937888179727,24.109131576446025,21.841112184908866,21.378357857721547,18.28484310291525,17.01139663985129
26.020490267344368,20.983839878770162,21.074013904932027,17.611785939849348,15.827242097479434,26.3977821866464,22.125327843805497,21.486486083180687,18.02344451865091,16.02828954758398,24.683347785936398,22.250460980763457,20.72285183720697,17.776188701039057,15.866800233631679,22.86133946175299,20.063491022152473,19.57988333275313,17.51366945854071,15.908607685650125,24.649532262047785,21.096297600335795,20.527992513128236,17.80163984005465,15.970285464418106,23.98118289334884,20.856153119753035,20.218989596591506,17.738767765198702,15.975797941859131,23.02545653228619,20.4792488798772,19.897820217731862,17.648883306962823,15.936023739342408,22.60536604708074,20.3119718130177,19.781967288220248,17.656718979781722,15.999728561680493,22.667204734274815,20.326706958094686,20.094230607383388,17.68093898311759,15.966573276110685,22.499602425839168,20.422108779359203,20.17240734592563,17.469793474570487,15.85358862560255,22.606544837987688,20.806579702259945,20.512725102344397,17.52584509885513,15.854741785244283,22.896984665549144,21.198022160142273,20.640915914956597,17.486100631447062,15.832207173640032,22.95655762686561,20.985062047735997,20.64968426590334,17.40719639522722,15.681003629912363,22.747094090564385,20.921943872346766,20.502170285254174,17.31642250566381,15.673774924054616,22.88928171741788,21.088861625459135,20.541094053788505,17.31279817674156,15.715545824324034,22.592724836262903,20.96162898779958,20.394580367041478,17.32067510576208,15.76703963819941,22.62083046592398,20.87560348495247,20.33434357160046,17.449883552205065,15.989621752257372,22.98359283465792,21.004553398561765,20.304630786765284,17.444877592616926,16.254792747123346,22.871216677501575,21.20119926510006,20.334764322597405,17.5479320042376,16.368435875010626,22.949774754663746,21.08271499331026,20.131307953413703,17.662642368779046,16.5399546144009,23.196841401747243,20.907205659673565,20.03596766761843,17.714637186472142,16.517635278929305,22.777319835651728,20.56974537279754,20.13239374494605,17.63286190498561,16.42488217540856,22.593886411123883,20.665730987639883,20.03589024531517,17.72392997880312,16.267124249587834,22.900523558568846,20.488362901588424,20.086333376837644,17.770009292399237,16.23188666322295,23.0171321125093,20.33880935311057,20.327539324413497,17.831118190617524,16.062955085057695,22.750089656908127,20.475777427067403,20.543444842279904,17.852346442817534,16.12393784008605,23.271405954562752,20.704217839273547,20.768177805538976,17.874176950101862,16.120845926867542,22.997274797974192,20.599571440657456,20.96931230993963,17.951197937369294,16.435022253401833,23.05219591778731,20.741046469948156,20.826054419512555,17.933656175892267,16.568663314934966,22.73963258119263,20.811554106243214,20.877972810111466,18.04605105292505,17.097064202499507,23.16076584910154,20.97116579908556,20.907602253364132,17.992784427076867,17.151524164045355,22.9284741088397,20.792549793475807,20.79625724806136,18.05180586380029,17.230455838038775,23.069037501872213,20.640281389536995,20.648084797930416,18.028008253412075,17.051057168215458,23.05291392887624,20.89877527478451,20.949622262507212,18.075575383036472,17.05948334132019,22.948219764377477,21.00796177624118,21.26333796886998,17.98831670842724,16.713497315488013,22.503624511634342,20.744127595442087,21.07850005507669,18.04215407433393,16.69169040953483,22.836219208619344,20.830285395924705,20.786869049176396,17.969226273017313,16.639824288296637,22.94829609111966,20.910817068317943,21.034661183041905,17.90248922384564,16.675686802621968,22.864320933799938,20.868538858332048,20.84838490974189,17.774377815918225,16.628351323394348,23.376099821768747,21.06408460387591,20.45864277210973,17.722696861513672,16.547324674559704,23.741685013737587,21.30132950504656,20.709640177401194,17.73539047076426,16.552010386022836,23.632503010729856,21.3994318290118,21.088978160668642,17.82880329051878,16.575531873848313
24.593295879222783,20.136837798572675,20.1427055214812,16.76222207242097,15.477451902742114,26.524998153584352,21.74845952889064,21.063018914951478,17.884158856191316,15.653904407581127,24.13196454022154,21.14269522844741,19.45461908677252,16.96082690030813,15.890078318976723,22.219621448506853,19.967151779196058,18.625450602959987,16.706810543434923,15.123962907072347,23.82024739063055,20.560690546200085,19.72202484244294,17.17468772772022,15.58148073007074,23.144909282486836,20.316419176687976,19.45713532099368,17.2118557042502,15.573325523774542,21.99216135647718,19.852750961886095,19.068781312333336,17.018042820276897,15.5206304850831,21.495305010343934,19.714767604927367,19.1103291388035,17.055794176744524,15.490442120491583,21.607730518527504,19.64303527621494,19.407067105520586,17.148365226695898,15.60586008764714,21.614012310866904,19.802342721680343,19.443392964738045,16.86907404617817,15.503524212613314,21.59195951764784,20.191324142909114,19.769319710203536,16.88801727459251,15.505112595646054,21.93360034900149,20.50552475675125,19.87420089322834,16.807711660850476,15.456934660009262,21.907242798972227,20.204563305331504,19.860138442007653,16.76946371735777,15.326377172005209,21.556022719931327,20.11896695219189,19.787158174120663,16.642134202448034,15.200281445691179,21.539969983385355,20.164169041019,19.72559756052365,16.73652479877814,15.203795179516684,21.453007014632334,20.083629548024632,19.549505697384927,16.744707850845906,15.256438578081449,21.310593510646378,20.077858137338183,19.413215104167673,16.863917808535035,15.315044183606442,21.80329918314795,20.368089123789662,19.397380354315263,16.843480205860587,15.477264550873295,21.9002328934886,20.578495088922978,19.352599230568234,16.95478450761175,15.587159894409272,22.024365195990335,20.361374731691743,19.1304406142387,16.967530311666586,15.645785506592253,22.52494243754629,20.181263812920886,19.078824064666335,16.99664495690637,15.653136152199874,22.448448811751238,19.960604607127216,19.29221661929971,16.99154673644328,15.605156592596392,22.12197274252485,19.872039595190348,19.236703804250112,17.055186418980128,15.522780548755483,22.36762274723622,19.710266541850352,19.274364911804547,17.022013287276653,15.531275677169614,22.6890846944091,19.66474708507839,19.66300388765411,17.129143610631075,15.506026998178356,22.366520854100806,19.903776769542645,19.90789436609257,17.196638237298608,15.472443728249871,22.724844839945984,20.09160862801176,20.111056003483434,17.18270174144279,15.664669910471323,22.514830304148337,20.08365929393127,20.274535538698366,17.16146128582288,15.727007240647287,22.544428308506433,20.15922453434192,20.2153691250704,17.16190699459645,15.817980719148911,22.164520192031212,20.251366843719225,20.1949927133517,17.183104750227493,16.064665336127923,22.426062881574765,20.235603566407743,20.12445753369991,17.112971382127633,16.09567639040953,22.323931489765904,20.037417390689548,19.998616139204454,17.164199233461012,16.020609960681522,22.35429049709257,20.06651145309061,19.73047281919254,17.19870463796699,16.033907709567536,22.20021421627008,20.281617736967824,19.96494460075521,17.27717559911892,15.961174777899757,22.117434640108723,20.279148212524227,20.253729611791233,17.326743941917904,15.864387218338473,21.926570416601386,20.109931206425635,20.166541597153838,17.3276822901567,15.897800599422624,22.028792474788226,20.187949946673573,19.971144957624922,17.337771539395526,15.907414820428349,22.169160862387397,20.10733024233452,20.27440490193934,17.28392840734611,15.859787638909754,22.243992525772676,20.076051562563368,20.13174705687762,17.083022545273884,15.849457866599291,22.580762852414033,20.24362702165954,19.741202974431907,17.0993328784514,15.725603120800656,22.532583759245846,20.261459286824987,19.927163578844336,17.080469021790588,15.729584947654786,22.390521848094835,20.407136711892086,20.164207739350893,17.118076687885964,15.710600841897238
24.476331851505083,19.815778921735074,19.0507858754183,16.89659014119101,15.264176322413022,25.777309725019418,21.87670710502358,20.33292631150944,17.373593674276375,15.85097822950229,25.828210461916246,21.779364591811046,19.69565831514101,18.13916468163899,16.215375673980095,23.12382122218714,20.242191417525582,18.07092475737823,16.232676345381655,14.951011907110725,24.35069271047218,20.68256547603676,19.184528186908686,17.104613483058532,15.514792437229024,23.85656845107257,20.570465224370423,18.966810656730164,17.068271807608156,15.508133680504073,23.137964279585695,20.134617912152223,18.63321620720368,16.93957480756247,15.397198877060806,22.40003211126903,19.86305494366544,18.541701802665166,16.734690346757624,15.387061299129902,22.328697403263543,19.773411145683696,18.744714523093915,16.85812015499613,15.443595517450785,22.34177302870747,20.03133676249022,18.75838570330701,16.781004400576318,15.442355783364794,22.21999926904685,20.23114132694637,19.031240047630565,16.823455183963254,15.385910360163972,22.26365576564102,20.270298482328087,19.09656781478319,16.78814078419315,15.32262387717322,22.361388695463894,20.187682503014653,18.99679248860851,16.686703124937267,15.040272051609913,22.295043498749877,20.320022075325003,19.00398294404851,16.636315466635505,14.972228900249593,22.441158015978676,20.055892170823448,18.87746889096817,16.636969222842104,14.913619059944045,22.590420633373423,19.865646137835075,18.792180583948443,16.55595482288865,14.957170625772275,22.701213987357757,20.050737839269793,18.678726097845942,16.57290134297795,15.009438081920257,22.920928664956627,20.176590885354113,18.713205697164717,16.60284162495686,15.14930342566225,22.95067797424298,20.137499913270346,18.719830949671216,16.58152901168116,15.243020021114337,22.94198536071268,20.218598886903543,18.594207701262228,16.58088981265856,15.309914249873122,23.11165026422126,20.47448676993191,18.573192692106986,16.724360181228057,15.37023504203666,22.79197163869021,20.324931369945226,18.871507503808267,16.758298639730715,15.378030499156392,22.66351310146957,20.195047802538088,18.906010934382152,16.89134059701279,15.30011009359336,22.696863470915485,20.17663016321047,18.95471039574166,16.94724999915777,15.216743021931393,22.873849711615872,20.295747808887672,19.411665766468786,17.053297882780218,15.16835281405094,22.67133966613593,20.315979782873104,19.706542697317804,16.958207793175397,15.152075818965423,23.072638120330264,20.418969443781595,19.809297754939873,17.033093240363634,15.167186700839746,23.026247618240188,20.416603566989256,19.81789197884002,16.758660048494484,15.216377493100913,23.128510409783587,20.457303694770673,19.711239028469247,16.688490760203173,15.361154320583818,22.869311762361523,20.292623728540672,19.50228206569178,16.60001409071354,15.370732857941784,23.139492998149816,20.28593770658272,19.34178918044385,16.615563079267446,15.331584661950297,23.082597192768873,20.193598793489024,19.24664989023558,16.5207608562275,15.364701864924024,22.92245697138556,20.100811719838973,19.14526435810206,16.697630200192737,15.404666119883023,22.80718630600659,20.243754176507913,19.379328944793293,16.748838632541574,15.344604506377172,22.69568867127226,20.263977066583944,19.482595326336646,16.770053136253512,15.428354308577095,22.585444976574728,20.160858649467677,19.42555632444048,16.798521432912136,15.501282468302673,22.759293751464554,20.138767768042875,19.183557180143744,16.810972471678728,15.415605981311256,22.827535154887833,20.22898079861414,19.32237706518345,16.737585076293602,15.271186515780064,22.998019717471784,19.925312183825362,19.136422863007493,16.636829705961375,15.24675674990208,23.39648513169407,20.3093904839913,19.083432451817337,16.734331766632824,15.126684465949157,23.407706401875167,20.159463503708615,19.044306493156984,16.663477069867945,15.045801145978057,23.05749129288329,20.06070705892578,19.12130591591003,16.73662169760386,15.188478558513694
28.059650552224802,20.10307052288015,19.855888420659287,16.907374285792056,15.422469220697316,26.97625643902859,22.004893227922686,20.891169889097043,17.57261756284012,15.761603915973819,25.906340246320376,20.50635150151,19.900270820278116,18.336484391807694,15.923044608466402,21.496962863888065,20.133750120308733,18.151560828142518,16.714158802572623,15.18063278177327,25.008217521427902,20.599755112843233,19.595822450788695,17.242309111338866,15.59716460114816,23.55217054074144,20.48127796900555,19.342069115912004,17.27665030692653,15.618403302249684,22.31841133308481,19.831818597040776,18.796947440178645,17.033733050005065,15.582942041309687,21.56450817689727,19.79607875655685,18.67477063232557,16.820032918474617,15.555971408164202,22.53929293065165,19.897991777098138,18.975976974297367,16.849325098116395,15.593874773107578,22.461134494070293,19.98683412488817,19.06405483919585,16.870805796198365,15.56754135460439,22.85595049329725,20.147668090360053,19.31650130853467,16.90525194790164,15.463544611988045,23.481491479894498,20.386941098712818,19.56146184913633,17.063900680242423,15.389390530495485,23.429827756691953,20.378333590558306,19.46872159346831,17.039245799691535,15.332213534800534,22.232078868578792,20.215503703285272,19.253478287046484,17.00056175244032,15.299194881309067,22.123023476557805,20.002775351244956,18.996699236578213,17.03094507436888,15.284453962332009,21.70480555631412,19.892155731846888,18.896684398718463,16.987276479186725,15.348033268874184,21.410031627838094,20.115432843608495,19.05019000197017,16.94023928109891,15.409766750743406,22.17014778949752,20.263819092488557,19.10934564645785,16.9668814464252,15.413607015588099,22.413588909744405,20.060905827230265,19.282966734362155,16.94344046858581,15.483925084804394,22.502507397866868,20.071462320236485,19.31618560425985,16.951063616995487,15.443281976618218,22.86625848766712,20.16603128443689,19.282400543078687,16.923400472236906,15.394166660167944,22.51356994048972,19.910730551703317,19.261495120885453,16.95762300312181,15.301255877230522,21.975291149447468,19.75207027692507,19.28238589692367,16.891517889548243,15.240910442661184,22.27372028468041,20.04267265487662,19.236056511389453,16.98675979580629,15.187817317887228,22.484806311889333,20.331610035507158,19.602899174936255,16.96395413323509,15.184865651829636,22.338917799878544,20.25522194415064,19.828265250581907,16.9256668513684,15.263347226070504,22.905311784413776,20.553574215212084,19.889922820444713,16.941921853343825,15.370233938172907,22.8870928409533,20.556618280279032,19.950563978528173,16.920419944544836,15.414140546778082,22.835239286436043,20.534240721714205,19.89799461243741,16.867483259509708,15.500020969923193,22.514137467011786,20.35363104691718,19.75454019471131,16.91614934124499,15.536945022757891,22.57111107804965,20.3878047079353,19.71608427890326,16.910921648853922,15.477366341979272,22.23731744037712,20.111031260491238,19.604357903891227,16.83293034440812,15.475361395938142,22.1093977168172,20.188340107211,19.55302032358744,16.941513313416053,15.507842216280874,21.863067664997512,20.30396905588637,19.817062335694523,16.946092837727853,15.506475959019431,21.864308674226113,20.21717023743198,19.70072257035187,16.99491829833334,15.507952535597543,22.032672888239446,20.25324526375103,19.527105994461273,17.075647298531482,15.57345278762626,22.119538953382573,20.34581739264543,19.44106579867374,17.10615191070129,15.559591608938632,21.899362005864756,20.144077263142982,19.283470246037943,17.045675427843385,15.54834150273444,22.017872260203482,19.99833702710514,19.05893478588857,17.033085629765175,15.461506919125592,22.600394480928383,20.402521685630383,19.12445509437776,16.94085703587635,15.477368444614541,22.459254487912492,20.503951709977265,19.35613263857318,16.972325154767496,15.493947435860168,22.295540831805713,20.31798174620669,19.459526984318465,17.028947001986747,15.53046791269998
27.33230581761386,20.611430678831024,20.699781554792494,17.85186762860144,16.077544921971654,25.98937849772345,22.363872044499615,21.85888679252375,18.28339922111626,16.15070632029755,26.06269918370343,21.557638371903124,20.412599584360095,18.246783161954955,15.987567867164126,23.05872903933565,21.017686769381836,19.45414477652186,16.95286399107038,15.286028048872426,25.119399857120136,21.342182082382287,20.489701279610262,17.69197743873754,15.892590825663973,23.9439131595721,21.337926626713344,20.295278085770967,17.571851831968704,15.799997205133872,23.06648203990763,20.693357662310596,19.75979622688049,17.327214104999687,15.759449850360227,22.4532666882886,20.596909454864125,19.68242326690298,17.238398575198534,15.83325341679777,23.005995092592677,20.563993850033633,19.879783302547946,17.24273675671163,15.884466319684472,22.941286541828028,20.448941894272114,19.995634590530177,17.327708168709268,15.930188891002098,23.338087253256415,20.61753935329518,20.157583766474268,17.40698229274674,15.96013280579228,24.130120878975827,20.862544288781145,20.340245781982585,17.611993344216586,15.967720612342404,24.22831537144652,20.958915601238694,20.224915922466074,17.56961779793322,15.879982510028636,23.421271130714548,20.867848907666858,20.11365698428242,17.628586117826035,15.955661361775208,23.308169791016095,20.85114872307612,19.822110123434545,17.591515133145798,15.988647728731564,23.11607664288875,20.717154522457378,19.767625879643923,17.4744006642546,15.902764145462935,22.68648562735719,20.957175831921738,19.93727408760829,17.358161799876566,15.917714058945094,23.088068764011613,20.911239330528957,20.08746594364779,17.461304189472806,15.993149085190439,23.224550641895757,20.849126667685432,20.167364373665066,17.374939806320217,16.021620854368546,23.151916643718025,20.94272620790486,20.27767192963973,17.42337714905326,16.008794766472363,23.08027442298329,20.89882841640847,20.208447540330873,17.55161605588207,16.100129185372204,22.820417809663688,20.744216439105948,20.217196656796112,17.614104318749188,16.003928385538973,22.569456016362075,20.751885707884956,20.233022551526854,17.484171501757213,15.94189695328268,22.814613530564465,21.00431625953139,20.104098291492903,17.66820624194658,15.974748498641054,23.08668917389564,21.14217211918026,20.39955379248412,17.639622014579242,15.912831212651351,23.329000193175453,20.998270026914362,20.700710783359483,17.569188467009912,15.95617307429983,23.70500770024595,21.248315400692608,20.739576804690127,17.508675041610942,16.10972179413999,23.514074148446763,21.165757157590683,20.698377549478366,17.53041992148788,16.108234693904183,23.544201792662044,20.99346197176112,20.708552058888923,17.53067399607422,16.154042068820637,23.27102869548961,20.813198710568667,20.64280976432401,17.53058175151424,16.16308267480496,23.296956825443267,21.06998056270873,20.594484765101534,17.545009670336533,16.1733902193862,22.869858602585918,20.7203738366818,20.48352359432169,17.505751938018687,16.117279496771452,22.575266459332315,20.60442123298311,20.5425444718661,17.50117513991277,16.180271509998988,22.265181219121864,20.824315873161435,20.83029114329299,17.477574090770823,16.100995760956827,22.174521275406068,20.82682050872273,20.61480815181839,17.592830343721175,16.112602191454872,22.046138849544082,20.867164072168265,20.322048881023218,17.547485230510183,16.11237768923237,22.261274547188048,21.11611779865734,20.25178705243678,17.509117778768193,16.109603302171475,22.403524604566435,21.140875786110428,20.097412770529296,17.508669355242624,16.01986340467321,22.589627117048117,21.03331271885259,19.79214055236984,17.363768187319568,15.94493875477944,23.320009164201203,21.392507684408752,19.912218939914403,17.242547862185184,15.947984984117326,23.41744796755706,21.47173055294481,20.24280256406467,17.290985069186206,15.957691744050257,23.291701645013934,21.306575694826343,20.41335239169532,17.428611505988947,15.952969035262447
28.73550755508479,21.48580359254697,20.910905504657503,18.08608571205977,16.344320418332636,25.53518111776404,22.902696818663934,22.440300669158717,18.63572782031658,16.523334803357802,26.710220556682987,22.078067627700722,20.81992407035952,18.643965649769665,16.605300874793564,23.77288920061903,21.5252013994212,20.154789724227765,17.589930219091887,15.818154581300869,25.799287710642737,21.937626630263928,21.017415993986045,18.174710983641987,16.389190608946315,24.65718966280717,21.802933108877188,20.876501022400195,18.090939568875033,16.41130748738704,24.179415490017014,21.37434678863586,20.333542123081592,17.928693018182205,16.3741952510126,23.65417290641853,21.363232663731687,20.26777814685621,17.85331538816049,16.406270845164826,23.95583293123635,21.398375429554186,20.45266157284398,17.83069848820101,16.45645908989969,24.043989653946078,21.335278145212396,20.552654387214016,17.856614171576673,16.521278903834535,24.338863293714283,21.646383872104728,20.73023425731431,17.967568554122856,16.43012798051395,24.89898713996209,21.822046211204967,20.903355589896734,18.12486424333156,16.56288770292219,25.009900190603872,21.82881833161584,20.787803788323497,18.100084303443275,16.600558445827364,24.59866170494496,21.71935279392603,20.680407807476563,18.152779322374332,16.66530330687781,24.158205896047114,21.719198907661756,20.413054828236746,18.12322433546895,16.604803499008916,23.60341689064479,21.635312058973668,20.336375423766736,18.088792019044014,16.635333346934974,23.259530556334308,21.80498376074052,20.492078167986598,17.99774394378231,16.613841856073144,23.381016510019542,21.84005938152123,20.679893003276995,18.128754459903796,16.59829597163497,23.041243148936616,21.725381828970676,20.72894945103967,18.04960903404089,16.664889315074028,23.185977240159275,21.723704317280323,20.84236886824295,18.140550113108304,16.772297294895424,23.529758908270036,21.6002555339811,20.726677152126694,18.133979374475704,16.830618670209255,23.263443429623266,21.41039063895861,20.798595867018154,18.183992555624037,16.718014711938295,23.10387294236968,21.392621830520138,20.77534552325212,18.065773367233394,16.65346215852363,23.706632471498096,21.65370304742745,20.672869798564548,18.22625693192206,16.685765136298265,23.93601179415575,21.90147139151838,20.91829566488163,18.13181666780914,16.62102769147896,23.84335293362218,21.88845884722084,21.316920172953054,18.138940917016445,16.654364443677885,24.201092826426468,22.112450420115504,21.342415255529083,18.121000547475862,16.745911854440216,23.75169156663269,22.08052354516453,21.31276953718929,18.111873937512232,16.727470484892613,23.750430934909353,21.92742496318065,21.26560430908255,18.152852529444175,16.753412057290383,23.434560262189443,21.753595184567097,21.17865716733008,18.111344442277268,16.722723643166546,23.437395692114702,21.882140392818236,21.09955149434968,18.166790042096693,16.74777391058995,22.986332219481707,21.53486581917392,20.975652819533693,18.053566529805828,16.764199556706842,23.163488889057227,21.454993617875616,21.001187389294927,18.07256531138176,16.81981355792869,22.90972061900569,21.6906535237299,21.351521836127414,18.067273918113806,16.767870716937644,22.837738339810066,21.690033543135304,21.1846762994685,18.218128522823978,16.815924963548703,22.927405488814706,21.630797725413768,20.899878939814567,18.194088366652384,16.803258909750195,23.22791901572848,21.9028015939105,20.830616663252837,18.242768327337753,16.752824603499747,23.275803082058594,21.78986299528088,20.757862864949985,18.214871322643337,16.717589438202157,23.40394903263795,21.70798807373761,20.407983947332788,18.08788175146062,16.663004947156583,24.023063031958912,22.008840229591534,20.442129999933375,17.980639269879156,16.62686151041556,23.828767684148993,22.118426619224124,20.773366151580667,17.982107653308255,16.694008975638546,23.669207268760328,21.9915062439734,20.851543149791947,18.03585941163095,16.66520114495612
30.21811283944033,22.077576959049768,21.333365327244334,18.5852510417473,16.731807219419423,29.49099050144889,23.02472083976065,22.623680481412446,19.100213165186236,16.970537632088092,28.63705443060503,22.760325235905537,21.21897048238074,18.80999140982148,17.384568661146684,25.094014107858847,22.036127241103024,20.516575611462258,18.070857426908194,16.13693681647577,27.793743521829487,22.377345720555915,21.38197901412318,18.626117323164273,16.785055272271215,26.506714518527485,22.23748129693341,21.19421200526312,18.47186487100779,16.738963989976504,25.279140329394867,21.810639685717284,20.64329984469077,18.291230664013582,16.686508312693853,24.506036955176143,21.771862913629757,20.566759454621792,18.218924121591193,16.646038352220064,25.009768512694514,21.746621223411065,20.774990334574845,18.156017558683732,16.71725627471679,24.85429208448644,21.705750137710265,20.847664510531775,18.149324678655542,16.893143792661476,24.90019895205048,21.990737694418694,21.086317049626448,18.298664086016643,16.816506104726294,25.590935596212887,22.18231523211403,21.27038908426811,18.473752875328085,16.97604441601885,25.642588069586935,22.227326374375583,21.200399266870896,18.438257430630053,16.992473479723067,24.854395475415593,22.183934147250977,21.11812551751654,18.517667990031196,17.03461203257151,24.808220712207465,22.258682769730488,20.97028415638614,18.541847820857903,16.934246636296997,24.46525695492924,22.09364376718164,20.83197929791699,18.50743929856538,17.12219498387615,23.991328442080214,22.3591068529974,21.005861683550552,18.435917002195602,17.115093364197406,24.246872034563168,22.303085132297888,21.185561408158726,18.571685559527328,17.116065237926097,24.126150592282723,22.183531694141827,21.219261599043374,18.443182046689724,17.24403464512173,24.129542909410915,22.19368494357186,21.252387994768355,18.484031665574726,17.41460704697841,24.265812788111475,22.192811473186598,21.247743303986848,18.557037344200943,17.372729614846193,24.19657101516457,21.998162232124816,21.37318656520404,18.58983247073369,17.287931859680434,23.89928868980622,22.04413603633764,21.333667654127673,18.52152300134466,17.225443278761865,24.291439345098706,22.30977596294197,21.19922417013964,18.786582615391087,17.23954833345923,24.324131232421173,22.48158418581372,21.479860037731857,18.650320492940033,17.14183093314002,24.51338815945587,22.356157182446655,21.845575845346545,18.58129931506074,17.21366981420837,24.785518215005958,22.462907575968494,21.881404933781255,18.561279131958187,17.227738693705412,24.487106378397918,22.403187775385668,21.855923790026747,18.564184522328578,17.259175990128043,24.47504524421715,22.198702697320545,21.770492905350245,18.60424296240739,17.24618286947556,24.19287855155737,22.03328369164262,21.627059050900762,18.56001468114,17.18472782652829,24.226786031069917,22.253780557578953,21.524142183026235,18.65994485961033,17.216516311372665,23.78521610616415,21.889048557482248,21.351177646748745,18.547256719425107,17.301442994234364,23.919567203323396,21.834601715723018,21.370146729945212,18.57980417034785,17.3720388963532,23.756169164909284,22.12013556406646,21.75051882184284,18.521587360252262,17.37573367258107,23.792270746243258,22.155851029328407,21.588370959432382,18.68545383509244,17.48713903374597,23.886193057686494,22.146143381289093,21.321560285673293,18.687585678256255,17.463067979757888,24.21576523560291,22.52461477445285,21.258743332140003,18.753842739459294,17.390254550831322,24.22903998536782,22.486582781808554,21.23612759743733,18.68384936486825,17.303674764911687,24.29954735996814,22.399552367582995,20.8619360153578,18.595314674857264,17.232270445309428,24.877892690271793,22.681073447410967,20.84919157540812,18.539432872920703,17.16490117609802,24.540779352780923,22.775274379117345,21.15392724666894,18.451010695748124,17.174645678322104,24.338157770433142,22.604216847192646,21.220636765045384,18.50493191258534,17.14427244871588
28.841030413757366,22.119540394181822,21.222511501322213,18.62222488669894,16.453224895884407,27.60925149247232,23.058314465116233,22.49227691243132,18.925889150651365,16.725463215132844,27.16507523279967,23.568553823324173,21.778226013928307,18.767358938185563,16.936881070592165,24.663196880474935,21.20339697473542,21.014148693560017,18.879124747873377,16.436425445450098,26.791403737269,22.21863527251055,21.54083838487862,18.84551037903615,16.699433973073514,25.64151045287275,22.02528259851506,21.47428468303919,18.74957098416173,16.768461153081407,24.66069381097221,21.593919380382054,21.062661677590892,18.682992237363482,16.702485321373274,24.097666146898018,21.40883501028241,20.90399612423802,18.699493943513776,16.677576826342403,24.25363957559153,21.507266494674177,21.065205564023554,18.64113792442546,16.660706050479764,23.99678716792073,21.682150631364532,21.049630998235966,18.552481988128672,16.606681943820856,24.195758986536454,21.975756982616186,21.313966287708535,18.65563655746137,16.541080477139133,24.45383637710122,22.459253330312208,21.52438184931032,18.633125767769652,16.571345556179338,24.464719495706696,22.184664039581783,21.533702364949626,18.560789277672576,16.504568634303325,24.131967530118892,22.104328156016013,21.40089630312863,18.559057677977233,16.547148250648267,24.117170668923492,22.147620895607655,21.45319283369807,18.483244189815654,16.661839935131706,23.9533178207637,22.09728890503933,21.174901812382853,18.475903709788117,16.752089091481945,23.973379500961133,22.115188846429035,21.095671390708493,18.58891286805735,16.895747018233322,24.243812344578338,22.309438967241185,21.10723478161584,18.620649086854385,17.13956939824505,23.944646425931673,22.530944960178072,21.122476769345187,18.67969947636621,17.251065579676833,23.840190080793416,22.447920553240174,20.98544227178288,18.762311236779738,17.306293096644065,23.91391522909698,22.37928338320415,21.063169285964783,18.888347700657896,17.302509261206552,23.68698469834917,21.99086380428266,21.229608273993403,18.819377740382368,17.254878672766303,23.456008150550293,22.053842050920107,21.247749866354148,18.84840532415429,17.121311324752917,23.922589211547574,21.85644726170995,21.266973688599812,18.867031101302445,17.134990632883234,24.230432190605928,21.827023806678355,21.457552033371034,18.854316290055515,16.968585063437146,24.090206108447383,21.789450206612266,21.659190367607177,18.781724162846075,17.001696135055894,24.537566712218347,21.913969948137556,21.79111792866673,18.71600366269606,17.077710952691895,24.19849533910165,21.83239225578659,21.812391374332275,18.68920344960589,17.18338863139947,24.24049053265498,21.899194235436333,21.670723663781427,18.704969338138476,17.202327884628367,23.846868596694485,21.889631246689273,21.662041277526917,18.75926852314893,17.455604953519668,24.155096397455885,22.124570301293694,21.682428423101094,18.79429433073841,17.474495777232715,23.886247832817975,22.079523931132236,21.545992533061277,18.93041021253159,17.537960923382542,24.22122126919632,21.989909369089435,21.499494505843217,19.038557828486155,17.511149451011047,24.086266878355897,22.354982268158075,21.835266610678442,19.092678167762582,17.60588107897132,24.056931543466227,22.49511788387657,21.985760876274213,19.10759602626531,17.474290437002452,23.71780288326011,22.28005848288158,21.760320379123904,19.0791002916679,17.432002565019484,23.933255946361452,22.39823624023252,21.49012649109261,19.0233209391256,17.29905626474335,23.988138055221864,22.32304839180187,21.550604647657615,18.960645933723903,17.247229620926067,23.906043592710482,22.14675340943534,21.30324118146021,18.847901927153853,17.105531830599812,24.25995692404447,22.211901332210147,21.0695031268637,18.902460423756263,17.14723233223601,24.619143495508816,22.278625648881174,21.177174454386716,18.814058969899005,17.166210426158607,24.58726580817008,22.332679936911887,21.398871678351103,18.849228276719508,17.12166729423695
28.837556350436685,22.127252572918117,21.209107363245415,18.606109119393672,16.401074720027548,27.605639913592817,23.05520934851838,22.506516652019915,19.030585490699075,16.763705866492778,27.167196676105966,23.546152110910683,21.790534034031637,18.73794419627649,16.97279803935699,24.665295103028775,21.118720844878176,20.97235030182441,18.783516079691932,16.326816932906375,26.789715369492875,22.21276042290939,21.538201162150404,18.830210675718206,16.677412379522938,25.641629780568728,22.017654376415454,21.468421820108617,18.73517105014547,16.74837237003578,24.656155000481554,21.583514393065133,21.069333550735685,18.651259768279836,16.688021416228473,24.090554546526146,21.402228295696187,20.899450979247938,18.68884992044386,16.65393671468442,24.24244593173275,21.529659290120186,21.064231396500084,18.62511367411733,16.609116760518596,23.98475492945446,21.680738723270615,21.033551096715847,18.538184589271687,16.562656636414104,24.184529109866002,21.988970994381017,21.301970382227086,18.66392923194767,16.518322180282986,24.451745385979507,22.467767325302322,21.493713289991028,18.632083332171327,16.55427354239425,24.46619929019682,22.173996023905644,21.5126784608698,18.534268941452883,16.462243515434814,24.13073491262258,22.08341058631295,21.38284400382001,18.5400446044581,16.5385055452541,24.11721711500563,22.13761385015696,21.444719361003628,18.467328788394017,16.63657914504047,23.95493631179556,22.064910220656646,21.167027295905193,18.425540871873434,16.714310557904515,23.967182090305542,22.087901304567755,21.09465152165762,18.534566957818086,16.818191829009542,24.23418437084528,22.29732126255272,21.112674230877275,18.568663173629062,17.093368038864032,23.934277439096576,22.519001583070683,21.133338531646096,18.642389911324134,17.208921110812163,23.83364615112054,22.43217793814619,20.996749477952953,18.724504622203064,17.274686896026374,23.90286143528052,22.364456015426207,21.064566494989354,18.858202257436062,17.273133558209842,23.68448348121178,21.98258896679989,21.226422362900305,18.807409451250578,17.216427136552255,23.451766117367164,22.03988930636699,21.23584298421152,18.83733793050149,17.09902811551941,23.924562666335618,21.836885158637656,21.24136393858141,18.857995327062543,17.133864549860455,24.230492790088014,21.82325574739085,21.435414173041366,18.855980510220327,16.984153827555144,24.091290294867882,21.78812275114347,21.647611550600494,18.780246593446073,17.00221418710339,24.53113947284072,21.905775385965953,21.78476154205122,18.70661011733921,17.092538903277767,24.201255054858887,21.844659158660157,21.816215925418447,18.669987352499806,17.164107183013858,24.24429115997993,21.904316344059843,21.68421969206222,18.687228375387555,17.17621822535369,23.84887513024054,21.888833329431442,21.678586556702726,18.740166954926803,17.41776023584555,24.151601329322244,22.13352860947906,21.700671428917694,18.782307722355146,17.457905823215068,23.879258252839456,22.086592511381145,21.55248807796024,18.919054157559078,17.53342336981705,24.20617866553911,21.9850997447449,21.49228932846711,19.046133819000534,17.51173740056253,24.07150385443176,22.35878409487902,21.820529177181776,19.101300380415843,17.604777126834684,24.04984166376945,22.49121706005066,21.965964479231683,19.117965261618508,17.452331155924632,23.711015692654833,22.263093229949845,21.74696215055607,19.07390825930231,17.398871699497388,23.930506386273265,22.380405199408596,21.497769650976153,19.01655080219105,17.259174697212885,23.993211008980257,22.302129772159816,21.55830701444365,18.946772322753308,17.235260999260863,23.911052102855297,22.123682221786954,21.314706324290736,18.83415363862612,17.078066806298846,24.256709805276916,22.18492879480709,21.081239032143838,18.881585140814842,17.122234531526708,24.612980063570326,22.264434984481422,21.18701073013177,18.812105272662414,17.146231456498466,24.584389957604838,22.322377134785985,21.39606374467941,18.84377898365466,17.104475566807587
28.077654261224183,21.6351690904564,21.162234936984188,18.09315051375716,16.46238723013598,24.74653191090379,22.707417299851443,21.819566317891017,18.765799090271564,16.40983877067009,26.33536677055194,23.52845686955485,21.51622443588103,18.564667184344675,16.848784585031083,24.213451835077116,21.442045663735634,20.40183646563156,18.042658115436254,16.344055352356822,25.516077516270713,21.969749243109213,21.199822666221337,18.480537748923204,16.52187863316674,24.45734884576701,21.798417708435004,21.02208129513441,18.483556646267296,16.519107199344266,23.995435710687147,21.366786718796156,20.7288949306704,18.382862530015963,16.503155726087634,23.454157116544327,21.034279449181497,20.609857951785745,18.391714590203875,16.45347138226032,23.430528917395737,21.056529274031845,20.757877586872535,18.50080987803711,16.46965797073549,23.144943591683816,21.376127385841123,20.692026322792294,18.287223245590013,16.423127588323418,23.070386412128187,21.677488591313253,21.013188343305767,18.36458017166427,16.38485598752043,23.365487400455624,22.083576570960993,21.17418624005004,18.300969106265807,16.293255119938905,23.245511020612074,21.912668362658223,21.095908196166658,18.22235479263275,16.113992032126383,22.954200856488253,21.84970309199819,21.01245590913621,18.143158048930363,16.05489314481398,23.04319451274872,21.806386888170167,20.964426260850438,18.209900854201475,16.074389435351204,22.996139038252903,21.74020298651913,20.70324773699361,18.19644403732473,16.048154174470596,22.878208381397222,21.759832917311854,20.66375619285452,18.332279993232454,16.191155365022542,23.301572477711417,22.000694623106188,20.701706428776543,18.311553504511465,16.382462352307186,23.200549976163174,22.02471360173856,20.777528708885438,18.29137900742472,16.480367268062217,23.318405256069575,21.941314476064996,20.650484820584587,18.26962422391374,16.506454833613468,23.567268482705522,21.8284177475864,20.685928775992284,18.32429022127213,16.559778656030094,23.289441757429984,21.413524857883225,20.81909682401461,18.210642737313652,16.52317725601015,23.033522733340412,21.24950537299157,20.857869901741942,18.270351868991437,16.431219961740105,23.50951370506862,21.158643731847878,20.820878965318723,18.295309910310312,16.406190015353836,23.692512874636336,21.18003077485951,21.11843262887905,18.349769696525094,16.360936656771617,23.538201460623576,21.26399822003703,21.345329735873104,18.326390125816154,16.408490146567054,24.098753635912036,21.59465036360104,21.470389293763798,18.361550250904322,16.522841983513132,23.72719268145247,21.597179435417146,21.522505531103644,18.321818121312912,16.54690675483861,23.732326964791547,21.66504587824452,21.470314385628335,18.390876749569756,16.576945540178944,23.42920626281661,21.562432521387407,21.437846863085,18.301965760292184,16.631254504811192,23.661519565845534,21.708344983644466,21.433410311683023,18.305332035863906,16.594734806956147,23.273398019524805,21.606135909208074,21.323974051176247,18.414425922806817,16.524329366159,23.460989066437726,21.49267606795616,21.254378174500914,18.489105567994805,16.640850837042144,23.267272521556574,21.8156808298295,21.530804289754396,18.54296276493013,16.641091675569637,23.200018529688812,21.793418087204394,21.70483596583866,18.679306939478334,16.655222231491585,22.974299910622648,21.60373838493482,21.50188079008753,18.634698349984703,16.640776021914597,23.268061817671715,21.514011605273186,21.199586745056525,18.593603795348336,16.57058940575433,23.361686073155376,21.4910262899582,21.273061710358252,18.492973295519292,16.446466199948464,23.318349002084776,21.3152771076086,21.052331607972622,18.32366806735536,16.412262468485732,23.77847408013102,21.57640934004774,20.824079993367082,18.359121549238477,16.35846708906347,23.838949520806892,21.612413167245155,20.949712064083588,18.26767737053357,16.383391321877678,23.609298407376723,21.797471981359664,21.21669718428185,18.260502328083117,16.42028014549023
27.239598168631133,21.310197988136956,20.364980684433274,17.717350828899626,15.723210267104172,24.74867695777684,22.425892680706667,21.89983435533302,18.610140877974928,16.048003127346185,25.226335381881967,21.714013632395925,20.115465303188923,18.247253492078162,15.766835127640528,23.694305665781517,21.10781594402442,19.55839446261777,17.284791095655663,15.845371240157649,24.781112231637724,21.476575018485516,20.506085575515318,18.02450769389427,15.916600916269521,23.76950142453429,21.203405064121007,20.402177393822377,18.064738017248178,15.967566696859851,23.337263504877154,20.675504928535275,20.044359479412947,17.91238889955637,15.976460312324178,22.943470167169643,20.614733606528414,20.131200874866817,17.94377024335342,16.1580592027036,23.040179464815747,20.644395639931613,20.30327445742615,18.1028121543487,16.17146961191887,23.028679926412067,20.881129510010243,20.293847534717447,17.966844056598156,16.16598171348492,23.103552094148334,21.210401500945107,20.58940322253294,18.02510493488601,16.083104087332874,23.370354700083965,21.585513790104525,20.63174753205785,18.018375623289614,15.948936954712371,23.26910677042318,21.482657880910644,20.47984385026322,17.899232254259736,15.74818194891856,22.667812830867653,21.410106239838058,20.44386350087248,17.778219553279065,15.729484414537097,22.68941955799608,21.231972815637675,20.312293778922715,17.80058116129651,15.664343277380572,22.37489791270965,21.20255698949102,20.07455365329773,17.748658092962017,15.746345033180182,22.175214399918325,21.35015927533726,20.099332504261078,17.825413546434113,15.894184713743304,22.45586157173165,21.52532732105345,20.126488697281598,17.910578487254323,16.021918452259314,22.54844407245336,21.451740325813955,20.162131763915717,17.947495162050522,16.082021966299475,22.670670483280258,21.39326612013517,19.99531762014625,17.975849642779526,16.117433840376428,23.14669431453116,21.407566268404196,20.029885909718427,18.011746068369728,16.088466745058675,22.95367615323682,21.080637491663015,20.223327322385177,17.913370557441834,15.984210770577102,22.806757275382985,20.971381864886048,20.2966398080581,17.87864167998338,15.820404107515381,23.18491969459027,21.140888987192845,20.297980585886993,17.954171932614134,15.83450226902732,23.395050229223,21.36508652807651,20.75993223097356,17.961945201081992,15.832695823948914,23.082676271630547,21.458159237327134,21.053308390113262,17.94654893141119,15.936454681500171,23.526586540480597,21.767993351181087,21.181183713555086,18.026163544867433,16.092320934465256,23.061527650542722,21.720362453335294,21.261729214307337,17.977023440583043,16.233476110190445,23.147660660735323,21.615114752693895,21.292259459138876,17.937455826562186,16.269668741471765,22.832175355830806,21.445612042255437,21.12681448468387,17.902870108855335,16.238129073836312,23.17752594319929,21.502254956481703,20.990778668451608,17.84138169373869,16.127476283941945,22.95462699142293,21.32077983404234,20.812753439933182,17.81660305631839,16.179125464021958,23.138526376415836,21.309661063173582,20.676995432966745,17.903116743713667,16.20082893550278,22.975075114981355,21.615310576646653,20.831489458433236,17.92882621386902,16.18631605933463,22.900900275018763,21.59823586094426,20.87207791819966,17.99902714953044,16.2699772252548,22.867434353636135,21.377885241521536,20.669068147702827,18.00787438760688,16.280198509284336,23.04136194965979,21.332028880707337,20.401416277094846,18.000052457783347,16.127924894632052,23.18118046579803,21.35832145213626,20.536168914851498,17.88629141747007,16.03362922576406,23.28211498072052,21.142280343518227,20.34570450102033,17.824064626932916,16.004262257131007,23.651574528129263,21.412237516460994,20.318401645643416,17.869492241402305,15.939596594728183,23.59889816667003,21.439469594009683,20.50153798446082,17.94954978723873,15.984792311066602,23.31246363677258,21.49918311442308,20.66039570054487,18.01676537702165,16.024483045396682
30.039600362351994,22.316430379296524,20.909573949905173,18.266054908741623,16.47165596546441,27.172949790050247,22.953372426759767,22.856802905026512,19.508900462831885,16.41142034905364,27.57314716677223,22.593276424024392,20.852595935483304,19.385470168052024,16.559794037031505,24.97448345581282,21.565358277750985,20.59761480294499,17.852370290586766,16.243543765006333,27.05527893478732,22.192813839030745,21.281027096345447,18.68995724672454,16.465246703379854,25.82847569716086,22.160092053910457,21.320724113982294,18.76780999419343,16.518859259349373,25.3794712220095,21.884071867949437,20.77359888619914,18.54106468866861,16.588471382332028,24.937575837290453,21.732932343714772,20.829035967568764,18.477900559187,16.668110835822848,25.396120617803817,21.776070143419552,20.99797528201474,18.620582047257255,16.627380506660664,25.10005926967953,21.98777244384051,21.019151804171702,18.5925444305768,16.627737529123788,25.10479466267793,22.10769785777058,21.2141274856682,18.69639467810187,16.48411899373831,25.278950654247684,22.36796727044578,21.386585155845093,18.76528342463724,16.390611804298995,25.186354361582648,22.33265809890807,21.227888873406553,18.627524192875192,16.273800886568658,24.45825475884819,22.352931633433805,21.06619246572354,18.60409897385973,16.317654626117594,24.61587493877095,22.093620133759455,20.95170236435078,18.557240572027474,16.24389727309712,24.688729999719403,21.90403135717854,20.62440323351233,18.37937836284154,16.287165441746843,24.459651301849295,21.877903308409923,20.765059190263965,18.379144725814644,16.36537105461778,24.661246407652083,22.130227890558096,20.9412413107285,18.529339474941466,16.490589245527314,24.44794924198352,21.906302399909098,20.9362153263903,18.39013280470821,16.576785080002246,24.42534779907613,22.0399731119794,20.912085625262435,18.457026298936636,16.658583716314688,24.48887503881238,22.047864203519957,20.870357349570487,18.530355433264052,16.642668306329433,24.132795357590247,21.899726224128564,20.951868648954537,18.47231854785634,16.4698566521728,23.71877497317629,21.747716399332962,20.832487697586892,18.3765386145696,16.347692828127162,24.129760318095013,21.955341332196618,20.79285729158806,18.50424952558673,16.24124699243197,24.22674721538272,22.137246681268046,21.07315373711282,18.428404516839578,16.18284278751143,23.87088683132111,22.255244743978903,21.499729378993823,18.37486795310938,16.25151599317047,24.346906580521882,22.482316325762078,21.569496382037993,18.451546546491464,16.41954076812015,24.372483540689853,22.383498371449903,21.671018337421533,18.367608785832253,16.409932621510002,24.359317135301023,22.398844873045157,21.628616196351135,18.40215698947408,16.529708546467756,24.0971466458286,22.13656637745354,21.40362861133557,18.43163880501259,16.555344025632614,24.40133504032699,22.20925027078258,21.26270298292733,18.408925142381836,16.51476349876021,23.97452737159996,21.921739983408063,21.133695745877333,18.32542204144014,16.516544127466226,23.74147582392436,21.931721556861298,21.062327113185738,18.38011051997742,16.542276866539268,23.50938583486023,22.177267187435426,21.3908578440385,18.378225408758613,16.52051103155593,23.40645535395751,22.205528926444824,21.365765074207243,18.460951098892796,16.582843552293845,23.44210679651392,22.101875867441816,21.13776926232963,18.49041053270763,16.610249519266173,23.74426724170068,22.172534367114395,20.917266781820977,18.4133478796164,16.50505555703323,24.02976234701341,22.174591970078872,20.86229929919466,18.37440702905721,16.40791097649811,24.071736928270187,21.905711147923334,20.566865641939547,18.241548187290608,16.282374817026273,24.42034886119577,22.181323975744522,20.508961110913024,18.193990911653955,16.2240733220388,24.09664651157677,22.12881918508074,20.759841011827504,18.221976951221095,16.263946395565945,23.733816002451885,22.132690302437403,20.889526158304502,18.31662322846712,16.40899883591756
30.297141132533493,21.691050258095977,21.018743800899628,18.467518787254438,16.34568349915016,28.691603142609235,23.163704424865042,23.068043365431482,19.269753722563863,16.541671687117407,28.574698284509058,22.91459042327372,21.098084071858974,18.869528743518917,16.62356175148935,25.131316236018463,21.830979057007074,20.64681722064639,18.072281559702038,16.16335385667656,27.48559634037929,22.2436042970399,21.388997883290884,18.61959739544932,16.453943490940155,26.049958433225402,22.17424937355053,21.30698194838862,18.53554019114334,16.511288044170925,24.940338206876092,21.613054354428535,20.66073664399613,18.299816774365482,16.527178765624033,24.146186439637003,21.497649578063573,20.655705291469822,18.27977367789635,16.568449632458456,24.616300163010635,21.447624486708524,20.77703400624784,18.254373874739557,16.570245315025996,24.640744924046846,21.553727792579323,20.872065418990775,18.29252172616969,16.65240580686979,24.677411567314152,21.755946521792445,21.14138496711231,18.483323344907827,16.56497436667603,25.303765202419754,22.125921945666576,21.36573933281077,18.596501496270058,16.544336434229166,25.38777149894161,22.153684736975787,21.244536056846307,18.468904574677346,16.451647140714904,24.478418488641854,22.097110552198235,21.217957320708692,18.48616301808275,16.504592631953173,24.25410786196189,21.937518137070004,21.028618301177996,18.43652282286435,16.409604784991032,24.15799373723651,21.842659430216862,20.798195714572238,18.32381901226874,16.45988603527521,23.735344889788895,22.01338726407622,20.947696439820067,18.330608922075456,16.511423634895774,23.86391194454205,22.103625088334443,21.110538090515995,18.485799762046284,16.599491571917113,23.859281446428067,22.035395583128643,21.087581943062958,18.389653069207196,16.68168914414962,23.92662462517735,22.16204854955684,21.132747022139846,18.397859239494387,16.77183670118443,24.036275335676397,22.187670081114014,21.077860986361834,18.427238673047327,16.72973793033035,23.775504067056502,21.959479773766688,21.180062981113842,18.40621352889051,16.583051314850493,23.57321465952564,21.865041349292593,21.09926365675996,18.339010567140225,16.530803355086594,24.064218372189703,22.106798945530063,21.07978678665592,18.50412442568085,16.430353771445084,24.25479207394094,22.337583051031014,21.34103364800392,18.4158589296485,16.31874762896637,24.245033912351694,22.274080217847878,21.749452556077546,18.344979044863504,16.38688818990959,24.750577972900192,22.45994699635574,21.80526617636744,18.350707837156982,16.528582946092012,24.5915624094606,22.451148703450777,21.840024009933085,18.324345172385964,16.48794614903873,24.51542475172236,22.299029607939474,21.71392898409528,18.366142641248825,16.53800705893965,24.213088128154503,22.0910863400831,21.560441580246703,18.38609362268432,16.592659306789372,24.395213446312248,22.248978104086717,21.46652486793803,18.447979418372658,16.587694721597124,23.94013135622571,22.01932383023631,21.2853239151474,18.37809378542283,16.53258130364649,23.839550314138116,21.959627520060288,21.244838652842787,18.414066810913205,16.561023910552173,23.58153563952951,22.306877674971417,21.639311888468878,18.406643565303376,16.61666667145109,23.501637254141613,22.33793425176093,21.5160330250667,18.549123426486872,16.645409585468418,23.527860788174408,22.273660062009196,21.156714998034396,18.50313869345449,16.697668710968866,23.839999791535277,22.445228123724007,21.026044071771643,18.459783544249596,16.70670712216499,24.024258248243452,22.35530842333588,20.982895455936543,18.35501380108791,16.664000822682695,24.130052405377874,22.212630368044262,20.61787616525654,18.227752838738873,16.532231533291668,24.660791418354563,22.47357917489817,20.58893761724209,18.13939905220405,16.488000571495473,24.407784438521524,22.57020169254435,20.988182448627008,18.154305185212674,16.486094332651952,24.089088376824726,22.49113566652429,21.074918196185713,18.26660923127509,16.51229830232913
30.300463993155187,21.77345013340843,21.002135549656654,18.426241378809262,16.487294372514626,28.703594523569027,23.203458446541102,23.08040191194105,19.30864328810925,16.583304587259466,28.57218582386462,22.95242449572059,21.159438610615954,18.859603524206346,16.490126518678043,25.13502515560337,21.831311488108078,20.66275616971555,18.035006929785148,16.264023269012352,27.493884209891927,22.282089552644237,21.403398853819652,18.598514425691786,16.488187965681817,26.064108618960795,22.1967909048373,21.31053060299248,18.529871370334487,16.505950586587574,24.956805878298553,21.641053131087485,20.676442260433298,18.285288611605083,16.53373999810819,24.1664758702848,21.52063196288117,20.646046209747407,18.25340320015618,16.623823925702535,24.63607164349643,21.459678924083825,20.762675106476685,18.256132894697306,16.63265135187482,24.657556461813066,21.56249195735739,20.862260644087677,18.299953085536348,16.717122278641234,24.692084317884426,21.762673803637238,21.14165238247931,18.487083031792576,16.642021817954166,25.311923088420905,22.128327031944885,21.34718607062722,18.622397369678573,16.585052728181246,25.396835078898413,22.147079076102173,21.242472228816304,18.52837823752076,16.486674225775083,24.495072442339914,22.100541487829467,21.221045399376017,18.536340826196117,16.48572168477282,24.278193257986203,21.922754865960165,21.019042046521005,18.488478911583293,16.38585155495909,24.179471026370187,21.831582646489757,20.78467116301493,18.381119912170693,16.413250512989485,23.751822987886708,21.990886432177483,20.925235043724378,18.34440437982486,16.480818214207687,23.878236999593362,22.081179228744794,21.07728524138536,18.479310171577186,16.53863552857709,23.86964719044036,22.020360448294458,21.04470730538405,18.36364918783766,16.68039305707044,23.93222209879849,22.160865747416523,21.09889388891774,18.378480818791655,16.764023251720065,24.041567812955968,22.190586301813376,21.060243192495065,18.396426966508518,16.747255170156443,23.793602889971282,21.964274279361963,21.171499875535652,18.399204531245797,16.587631938812237,23.59139501336727,21.869715975602226,21.09666618460645,18.33597359378341,16.578624526695734,24.08288776272283,22.10296714193381,21.092008364704398,18.525898760618993,16.478880770865043,24.26410907619926,22.337360861619175,21.365473093603118,18.42671979866259,16.3646290073601,24.259440350958677,22.256161037781247,21.761304012324548,18.35440730400736,16.418537934414395,24.76222544755629,22.447966259166286,21.82533034681709,18.362224417247482,16.573092793971764,24.587324408719333,22.441582329613123,21.868250819816176,18.319036693460948,16.50758767937508,24.508419597020673,22.290954383569378,21.727909997721397,18.34418791314214,16.532682263819066,24.22083219437825,22.08451256899187,21.563720937579234,18.383352146467928,16.56650565933082,24.393044049609532,22.263096946925295,21.4741194955574,18.447449345135283,16.541395229033157,23.927750375418803,22.029798398338222,21.299468957357078,18.381693650226058,16.49174777489549,23.851255852857584,21.97515737720578,21.250385133557337,18.429426596060093,16.530384931473602,23.591205997116337,22.32226872683728,21.633999395841993,18.42603116165234,16.548226803996222,23.4859662531139,22.334694810405143,21.51155921089579,18.549643876754836,16.5966600983004,23.513945498219776,22.268442750212575,21.13935932925927,18.49791479925358,16.69397286781551,23.832932374282496,22.444884940095957,20.982080218197687,18.448531962523347,16.70502287329274,24.007976929877962,22.349123710564783,20.940504516121827,18.365363439984527,16.652660501342822,24.113902972800545,22.20174320703712,20.600454694430383,18.237674052597367,16.574483208027775,24.66098953582953,22.476456976035763,20.571374994027156,18.15646473911884,16.51505064617461,24.411380951936092,22.571456197284007,20.98704063419006,18.18828575086892,16.494458486250302,24.08557982257311,22.486412864276094,21.08286510131652,18.29325198889281,16.560343037791785
28.93091047078067,22.95629447430483,21.60063574735913,20.052920420891148,17.022919574700484,26.18474478293317,23.37735951819249,23.25999898225768,20.41219639125332,17.16497739475442,27.060958890364375,24.082513891583623,22.445875472879276,19.488740873410237,17.451432506451745,25.888028764739943,22.492956119939333,21.5514952374762,19.71077012022403,17.209110311201663,26.744139377920533,22.971074663504446,22.16338247953823,19.912220033167966,17.242912221289124,25.75677358232402,22.793533343094253,22.234533614151054,19.88960675688672,17.30298858492953,25.353103812876977,22.401186495167224,21.85410379329714,19.76730359985023,17.27026389867131,24.997782934160806,22.309385909450416,21.72085588454459,19.923425271952464,17.260821261183338,24.92751435940294,22.341236650800973,21.853802532497177,20.025906860870442,17.281296480158158,24.87012488188802,22.470411581195542,21.901363839229038,20.031406129294222,17.236170472587997,24.748615503741426,22.651400677328542,22.02544275890632,20.071735124357797,17.20262553504084,25.03812050119684,23.030236347227493,22.140664414708695,20.151621570645382,17.256140080545812,25.106522557136657,22.74650336352544,22.129543448709807,20.047473929381574,17.11364636695698,24.923278163660648,22.64373141034558,22.052242732330466,20.02539954481031,17.10267345421439,24.888955962819637,22.567430537674397,22.05404673414,20.06233302749583,17.11659579247862,24.990405492579203,22.602183825209874,21.78546163186252,20.072534179739844,17.18738288363365,24.77248970876392,22.744628052635797,21.83638063683955,20.110829409017544,17.20985606259786,24.72495823492388,22.854276288766425,21.80307947334052,20.18478331520194,17.322639636704395,24.679605738563822,23.014006070924832,21.850711220185577,20.15985906370584,17.38714999659174,24.67153371880162,23.052567198770394,21.740541749932163,20.13861989903173,17.43129440022476,24.801515817059094,22.988135342357758,21.878850816164277,20.16210810323114,17.324944311388357,24.682597580418964,22.64489345833337,22.011271464993015,20.096555542612244,17.25493303773954,24.65645561083233,22.718856404757712,22.113575914224732,20.053524942428048,17.25312269937394,24.978461066406602,22.61680331160769,22.08678966414333,20.035226167149187,17.139330750711046,25.184112473826477,22.75447189209478,22.331302050327643,20.002447759982328,17.056261660823857,24.975931852585294,22.86205796629601,22.504544335267553,19.9623384125777,17.199596806158244,25.462964362058347,23.08289334945368,22.61793180707683,19.94688211710961,17.303054249062438,25.107215399423325,23.088092107879312,22.620262395398566,19.99932990690089,17.341425935149935,25.105262544853712,23.07428605950045,22.554872038870357,20.07084791806313,17.3651241567334,24.685246663019583,23.108157613714774,22.46428146811565,20.13654266675094,17.47795524911909,24.981448047108934,23.237715634663726,22.513829189452117,20.139385013790836,17.33695791576647,24.461954476007726,23.056019715947002,22.26508709080839,20.18656335102561,17.355184056586676,24.702818917479867,22.944301662673347,22.22494813496247,20.186148667941026,17.423332620989697,24.37041629005919,23.296122116935674,22.46481726619505,20.164104775745212,17.582358009144446,24.296920068822665,23.29529093993977,22.460187768871712,20.19089955102845,17.509963890672022,24.188733050980247,22.99765599008725,22.11557025546383,20.10642657071073,17.582832653984035,24.533433063204328,23.129216339034436,22.015208766759326,20.060079499724296,17.374009750189266,24.61208530402981,23.10810324745264,22.027618543098903,20.01467730514623,17.233550959031653,24.596051368230185,22.970510951936447,21.823449868318228,19.989022749151108,17.058959271158034,24.980292581875894,22.968430952856398,21.7077856062444,20.028659175508835,17.080556047905628,25.048642544440735,23.05449751541177,21.885610928971595,20.023696956486503,17.13169969757442,24.793161979220578,23.058836278046776,21.882526038923835,20.07866765967709,17.335890019305527
29.62091793158482,22.65197631758541,21.237679460926437,18.97420143287632,16.34279472266457,27.291943952019853,22.959332719666605,22.73092199893806,19.618435157478686,16.721225180464405,27.943386699881152,23.735029086202793,21.817983764724186,18.728411939604168,16.702841380396674,24.36001123417363,22.124814875074794,20.7899998181459,18.850688724387872,16.756658600481636,26.94240653230397,22.63680161283005,21.648881408110423,19.092449634304653,16.751945657746383,25.760339456268582,22.448487822117066,21.637537718544305,19.07444570909393,16.880177749511216,24.935198479563155,22.10215159636213,21.19154423248081,18.962700334423403,16.844981916662213,24.22900018728783,21.87991243840426,21.072914767271197,19.086183293383908,16.87353592167552,24.466499860664285,21.969196666162873,21.22910794545522,19.11325696293864,16.83093386860916,24.200554193841477,22.117443580716785,21.16536830843416,19.012198790437413,16.72463815066258,23.95900112463166,22.377504342271312,21.375428829807156,19.08233134396368,16.59059798082449,24.281538758375454,22.673206782160563,21.554176458140212,19.078661617891374,16.503767812400845,24.197750344612537,22.512872680792007,21.492259436684364,18.955164018319856,16.35738311795908,23.802866939648755,22.383278371480355,21.44244700535811,19.000839639337563,16.38854788235634,23.844502735343095,22.288632378070993,21.400790503885535,19.031013126107712,16.352905155857087,23.87513979000085,22.179115198253317,21.08654786961656,19.010313423137113,16.398683908030225,23.701078916323304,22.365828500598923,21.142221877282573,19.073159683014485,16.584528548305073,23.920436639804887,22.525779313187734,21.214832616478382,19.167594854447223,16.71213246564296,23.794292087563452,22.513272735875336,21.245592795370374,19.11970685863662,16.75520091488698,23.894078253840906,22.487056769208788,21.13528126615992,19.10149027356505,16.83322088911003,24.298651065714843,22.505209546828265,21.275219193842496,19.158382674417716,16.87908508571996,24.060050432042175,22.150879792735434,21.3916986165082,19.095132850590495,16.84012890993921,23.945332755674276,22.07001823738579,21.407456197428072,19.08955604053467,16.836116906084385,24.370472418214696,22.065659161166877,21.392232318389638,19.094977535210795,16.796413643275905,24.490318971292872,22.197983493474332,21.709567161275455,19.13124123518461,16.79215811681464,24.32634134531448,22.25226548055554,21.882911609672124,19.106131082029332,16.89889462059384,24.89796392932043,22.464564072385876,21.981143051787804,19.10729597415117,16.975522725990395,24.692497976146235,22.418606998935985,22.078727192392822,19.052311115197917,16.99117736610068,24.93391702480748,22.40726740837613,22.059039792849806,19.188008812311928,17.02965762491792,24.627468573614312,22.35300848215143,22.00497837623422,19.16505317960749,17.02111901695514,24.735487748382845,22.49663472356982,22.05115212527969,19.136297348283414,16.85825568798877,24.227089066062653,22.381564172476203,21.85834197576581,19.188360770640042,16.853352654858945,24.29689671316923,22.345303376788106,21.720706725822776,19.25776555901011,16.940953058367633,23.93686801771671,22.71362455230748,21.953195771710046,19.223521687286457,16.998869647199054,23.929518033631467,22.694408458272,21.996724542595196,19.330223268371686,17.042983756962116,23.761807493213595,22.42551061847265,21.75013320516185,19.257515749102474,17.17031979985585,24.088924647895162,22.300708183605632,21.585352149147152,19.227729825848122,17.05037239039863,24.227100214355154,22.28076637574637,21.664272338833683,19.163427926616137,16.917394670192433,24.15646746133107,22.128358131928042,21.387635981558496,19.035951856880338,16.812418109251002,24.49726410903712,22.27757564861333,21.23818631810697,19.04442342076945,16.783668240596157,24.693640442151413,22.290146612552817,21.35423185992094,19.066429579596072,16.74503982780771,24.574150464443647,22.49895900688799,21.450072489295202,19.10161804150264,16.734086042044293
28.18905965310759,22.773840526082857,20.97679586574239,18.76726191591084,16.341110743436126,26.076450003063385,22.550337381487957,22.744697372977534,19.49854190675677,16.40541926779709,26.99533972391731,23.505824265905986,21.262261550484194,18.547787834320793,16.566353351734453,24.844559409303383,21.965449192225446,20.361045057592406,18.428278379426846,16.38412828206191,26.13160274354353,22.453784421845654,21.350628525874548,18.86567754751811,16.49564857932351,25.179515507643398,22.137607242774486,21.335489267159993,18.857212287064318,16.58787796131876,24.477452062082186,21.78579244568231,20.846583791802637,18.71822858635653,16.591933750184133,23.9083504344417,21.55163974178254,20.834690837476536,18.86823122519824,16.65376770329864,23.935949435798857,21.5655651301025,21.011271044000445,19.00936681358584,16.667758050933376,23.803388175473625,21.73971953264445,20.999434903910064,18.894934476479698,16.629687054817115,23.770437157161204,22.033995333613383,21.233902964438094,18.968468661576672,16.525539677601426,24.277457971901992,22.39712543363279,21.391131382525415,18.999818595884538,16.442597593778537,24.288292868475427,22.28260547939062,21.282768014307905,18.879485925820312,16.27648949675914,23.842305276256084,22.26745956910801,21.260283814970347,18.82704841926647,16.251591621474716,23.870914310079222,22.17936699479167,21.189606054655133,18.879004588669922,16.18706927801992,23.75211625934599,22.115886394232735,20.897154857601446,18.882121645219655,16.22613159631765,23.495385411475677,22.249644761301635,20.98989535575904,18.9663990688748,16.32362595905839,23.577382199389113,22.42576264584537,20.998420140653153,19.050669489666042,16.41752874253013,23.523774378507817,22.323321526990238,20.988719121446685,19.010925330945447,16.510403230412084,23.674993204089404,22.291064244876587,20.84955663297917,19.006901905570025,16.608174705048025,23.87284318689156,22.25470060244843,20.918162714277848,18.984671372087178,16.557385591085502,23.555972094622632,21.920495319888804,21.070077478558616,18.87413424163642,16.511871843917618,23.563135345627007,21.869193437278444,21.157018743168464,18.812343785222534,16.4722992508547,24.08070172182692,21.96701124763528,21.1735075955688,18.833280702776648,16.39235619690303,24.159921453133855,22.16105060491223,21.54343862167304,18.816075982962115,16.317779173714452,24.039454362228533,22.252761082400855,21.83056799701795,18.816705989568437,16.444694245252975,24.623434598495656,22.52825676562993,21.90907467732291,18.83462814955675,16.592976220878665,24.186171653526344,22.43227118721837,21.957775354448525,18.818052920319204,16.61211416731371,24.253387494706022,22.383723068177083,21.859912418369866,18.89037993916073,16.689638166938426,23.796554893810658,22.31393915634852,21.753198832051385,18.932302128397176,16.72801233206197,24.031880068243034,22.465105640988092,21.71655693194326,18.93279939426273,16.59539059235314,23.598400305936657,22.33808353046131,21.50206989898142,18.934812387725465,16.58387641250449,23.66342854289397,22.311723532446344,21.425608249366167,19.0174398921463,16.66055101736411,23.32306418878086,22.633890308255125,21.738293129433078,18.97909098428338,16.690431642359723,23.389104742599766,22.566248869728142,21.71760069822785,19.023634987311624,16.707868553919326,23.164822980064493,22.29483612156798,21.415427721431932,18.961788188989185,16.784706655146376,23.504270151838078,22.318546542019867,21.266812101729716,18.93692055015773,16.571131412672027,23.767711283169422,22.26873103445097,21.296624330845066,18.830460946325296,16.466762348510944,23.815383551277506,22.138439419926478,21.029251923365514,18.780050069007252,16.375622724674926,24.34202801901349,22.288848684991557,20.951419422630646,18.829400969680982,16.33829436416865,24.435357298137255,22.299206424504938,21.16856630594817,18.864729200982378,16.35820626280893,24.217874349400986,22.32897195112127,21.227952821760258,18.901430811430274,16.548557075882695
30.424792021109965,22.625273165832613,21.23248895610448,19.12674059899826,16.45931538574931,27.78772008835419,23.08063370281922,23.037523728386628,19.69578514690864,16.501094304779667,28.34153968447933,23.498622249807728,21.68851904206241,18.97924832719912,16.928530975848524,25.530424997899914,22.16401002653674,20.915771727235047,18.69778732964414,16.483482617034824,27.401316511398342,22.632000998513327,21.703002906429372,19.116289951162365,16.643979057741255,26.041809581926724,22.405734606827803,21.702492800784878,19.066738227217666,16.725944529305448,25.03324016550281,21.9210799973771,21.181318610897968,18.920796992952567,16.744795093007383,24.335420834212787,21.766868517776086,21.140378923538332,19.022571187719215,16.77405402919651,24.618043275204503,21.76316005656217,21.2893264204258,19.110766088034545,16.8067346669235,24.609885799569977,21.86672246957673,21.314823707049324,19.100848184512166,16.828511990340303,24.460461168786544,22.107053203403666,21.516712143117562,19.19122529880837,16.759950302619465,25.08421907681373,22.531389489074733,21.672558125931356,19.272384961121546,16.77633356179324,25.18343347929479,22.463400651806115,21.56717229576848,19.13621399895301,16.654457873807512,24.513827446645998,22.428979376573636,21.514511977123476,19.11571866896066,16.62982351520222,24.38773361123496,22.33846551503266,21.432061554120974,19.146594924562557,16.543762165563177,24.458636941778515,22.34218977841825,21.136788571961056,19.145874542524833,16.577999760730187,24.18023732658401,22.47382675018176,21.26046557693281,19.19065970060828,16.66229499248305,24.306043829482938,22.52337129214518,21.29222468919867,19.302264609820938,16.723086335120243,24.23458147868855,22.508786794997953,21.29181273558023,19.26969138003144,16.84868648488483,24.385863988974503,22.5480671417915,21.19735921199835,19.24906443992833,17.001931223446928,24.606775981759462,22.495190174053846,21.2792169548623,19.260917058080256,16.957350795112145,24.385738160285033,22.235600684161206,21.42275617581176,19.181311462269804,16.836745573542974,24.135134250653532,22.244993207448225,21.446508490582385,19.126042737302555,16.818649709830407,24.53682408618144,22.331331179931333,21.446876647087418,19.164683539924386,16.71512018775097,24.684341453407548,22.523837231655413,21.79114267961702,19.124441084586536,16.570435209593747,24.480987081301773,22.586081655439703,22.098421522135727,19.07528601682357,16.680995578040516,24.965886317390673,22.822053693015498,22.18120808097108,19.060583625897998,16.754803230965855,24.6996640915927,22.787961888076325,22.23236079647993,19.064086984279644,16.76303759495684,24.75494801393985,22.692176533951887,22.09848611820926,19.129467736558404,16.754222834186674,24.266630608324167,22.620905657451754,21.948624385739713,19.16693746713666,16.828611196583054,24.540386869906882,22.774498939707534,21.90061545996885,19.161297360496604,16.7013843679402,24.08507110622723,22.570509400780754,21.69226207386732,19.19367027736501,16.730818922538376,24.147514012208322,22.55179420817836,21.64472704693024,19.212753561415447,16.74384086571134,23.881125901535373,22.901743435437375,21.99467110070203,19.16143486749278,16.878434207651857,23.963759898686114,22.914617120886223,21.91865066117999,19.211436742960885,16.859162504036057,23.940936977799343,22.68249802305391,21.551113309053115,19.17925378327385,16.96818875891501,24.30846743376763,22.793545527901554,21.39672054530275,19.117038439786615,16.80747941371676,24.509794873525614,22.698108292015682,21.399204649278357,19.07454748681467,16.726432367624717,24.50786146340419,22.575744216262695,21.11548123438658,19.00849448553989,16.572409501139585,24.9711058944304,22.675742875681465,21.046313111410317,19.055799252845702,16.541715757987273,24.748596444683557,22.69566207098596,21.332064306418594,19.080159018335664,16.538489416336027,24.348848951648144,22.68750725014315,21.37913712781591,19.1437258117805,16.679731134044278
30.41035072423132,22.604718461958573,21.244660488694855,19.10049343167036,16.533530912424386,27.774850884053684,23.06842051563113,23.046426579334543,19.721677755821098,16.555429268516754,28.32898277561596,23.514453136219064,21.77340566552867,18.960980068288293,16.824044411189064,25.600610387089013,22.173915066300538,20.93093186663621,18.710977128197595,16.308594726565694,27.405172417903305,22.624844791224536,21.724427999048356,19.105288098162337,16.62716128892748,26.051137459326725,22.408198246582508,21.720478215839393,19.05755912671404,16.686508504990506,25.053333192937096,21.91862097479916,21.199784907533825,18.90259771459275,16.701543288291365,24.365243686782133,21.76276767208921,21.132684574135116,19.009141817724505,16.740606976640965,24.629039975053114,21.76577943446921,21.273129597585232,19.098066748396892,16.810782699552153,24.62842148155013,21.88334445371736,21.29700740111888,19.09651562869834,16.82246736909682,24.47553504289838,22.115860146858022,21.492851950214693,19.18285997521409,16.761283315689266,25.09881187994737,22.546781489547023,21.651174356464026,19.26354541809589,16.78234915455687,25.196184921044384,22.469950218539577,21.558768981477705,19.11970247803812,16.64708077065232,24.544414141606694,22.423465341092264,21.50798756322461,19.101843670757948,16.63214635821662,24.410876674172812,22.324203828200474,21.432609034033625,19.134079746176113,16.55021968245309,24.474931851216674,22.331548822060373,21.14172612877368,19.146392899201512,16.60944228541272,24.191527690102248,22.467597468581417,21.265897936856362,19.203656018283805,16.682322791926882,24.31522893288215,22.52228078474969,21.297012017962345,19.324902758946525,16.758655134302224,24.23569327092187,22.514385829959224,21.311373063842005,19.288727723975803,16.86799051037296,24.389232066148757,22.55213029549944,21.213986324671822,19.273745721208524,16.991254271418537,24.61680272990021,22.504312651292892,21.299177671569453,19.279799979170996,16.9272013968692,24.394870142913557,22.244840687250505,21.435503094958378,19.184654856406446,16.815828276550203,24.139564866904355,22.2651880642245,21.44646294965887,19.13340225846761,16.795246169462207,24.53741320742832,22.336738721500556,21.434780625358467,19.179339331047668,16.675616647956517,24.68711762108486,22.53597616773059,21.785728269963208,19.13116604054372,16.56014984667044,24.487171702480147,22.5917894880774,22.09362328232556,19.083527122392116,16.641007412697586,24.973478424663092,22.82931381189492,22.17591875244667,19.090662997210245,16.724285127054195,24.71040717138969,22.779928416090236,22.238204977202948,19.101328463562503,16.761205572589592,24.767979730089674,22.699449435263777,22.108291152488793,19.154776941237074,16.759642434534694,24.278962588261454,22.62918525492343,21.95567926259465,19.198489160730425,16.77405772271062,24.563877530664087,22.784863902507556,21.914899820626374,19.198893893147066,16.673945754653907,24.112094942802763,22.564245865995442,21.700468424431516,19.211470259508296,16.685203784751955,24.17980896284712,22.552836135586432,21.662583614998862,19.210140602960916,16.66553366347396,23.917911264850513,22.89303103006086,22.015472935239764,19.16300770762437,16.799107716022863,23.993532750347438,22.914778917252757,21.934323307851837,19.20160523134399,16.805599656894806,23.961523729635566,22.687706559660477,21.58413029494337,19.16030007839111,16.848879648383104,24.324810385541248,22.81505312286967,21.445132671085993,19.107880876354084,16.731004875766608,24.529254635381086,22.719728908953517,21.43965982591454,19.070210842086876,16.686134804416504,24.51555455613467,22.60551374091146,21.151140923087013,19.010983147089433,16.524707891689708,24.984686391705537,22.697224189213888,21.08683181453012,19.062957261182397,16.540630265862426,24.77043205287836,22.706623208306144,21.347007326500254,19.087796259069513,16.635609839724015,24.369683894224245,22.6935338074004,21.385890431205144,19.15689401722966,16.731509020647547
