0,1,2,3,4,5,6,7,8,9,10,11,12,13,14,15,16,17,18,19,20,21,22,23,24,25,26,27,28,29,30,31,32,33,34,35,36,37,38,39,40,41,42,43,44,45,46,47,48,49,50,51,52,53,54,55,56,57,58,59,60,61,62,63,64,65,66,67,68,69,70,71,72,73,74,75,76,77,78,79,80,81,82,83,84,85,86,87,88,89,90,91,92,93,94,95,96,97,98,99,100,101,102,103,104,105,106,107,108,109,110,111,112,113,114,115,116,117,118,119,120,121,122,123,124,125,126,127,128,129,130,131,132,133,134,135,136,137,138,139,140,141,142,143,144,145,146,147,148,149,150,151,152,153,154,155,156,157,158,159,160,161,162,163,164,165,166,167,168,169,170,171,172,173,174,175,176,177,178,179,180,181,182,183,184,185,186,187,188,189,190,191,192,193,194,195,196,197,198,199,200,201,202,203,204,205,206,207,208,209
28.516942462942847,25.581810495461518,21.96206205021946,19.779073757064722,17.96260818049717,27.066819388181845,24.260018823032276,23.530953955449977,20.525528226097606,18.60800395431388,26.46103968620981,24.607970712775888,22.641004682475618,19.559025638320406,17.930867431317278,24.634174247546166,21.67110700517423,21.692982601695828,19.52688087520353,18.891938592093307,27.059051209201993,24.376024317977773,22.388981389440595,19.8092525332459,18.275220061255123,26.143713366367315,23.87163386806036,22.248223801318794,19.743066542799944,18.35927632181469,25.56380890336947,23.349467680387722,22.050598600750693,19.709301103679326,18.284018358869027,25.406347224150494,23.135460673550632,21.73169804160045,19.697674445647145,18.344206635000663,25.875113912668827,23.546239143256336,21.90416864932394,19.804784052945053,18.173860369596234,25.613511412382838,23.149183316295996,21.548137805770345,19.679032165004436,18.063576130607252,25.761435606047137,22.979473729717604,21.650214483175006,19.721077013152637,17.947284629902004,26.503421560406473,23.743176181369527,21.535725683613936,19.556937767846726,17.81889230397801,27.265046367506564,24.566941604498215,22.204722663139187,19.672612754612945,17.78999508177798,27.701738192759496,25.31724866211523,22.410277953233674,19.59611257857081,17.75746204257575,27.046550823742688,25.015324666366503,22.643766298700527,19.698846117841526,17.876232843867122,27.595989105709133,25.466401886125343,22.78797783312807,19.642882407319973,17.9205276129154,27.691010145688928,25.429722751301828,22.820418639565887,19.50795741958825,17.969843418778645,26.72380316184848,24.51795279452999,22.208472595785395,19.384405756661526,17.946914386637438,25.544008605298,23.190013772094574,21.912809252263035,19.353297937752615,17.878429957336266,25.689248590118545,23.078781116817158,22.105383642722213,19.490311117698646,17.809292422007264,25.626255304661832,23.162679081108877,22.154573345223447,19.488513874096505,17.830205093003805,24.89109920217811,22.938374403664675,22.28931229292948,19.664483951272636,17.869248081852874,25.59528607402597,23.549644116798746,22.79432050734288,19.859071694100972,17.907177854002875,25.775217701807577,23.99786428694603,22.918233958978185,19.921661116724966,17.983293899049308,25.73620058761898,24.295379940396955,22.725623025588668,19.761443045768022,18.010078879974596,25.9746678224467,24.366308625714424,22.504148204570647,19.739011731004855,17.871783288878976,26.66796616463639,24.491152432155406,22.230745262707373,19.703779595640206,17.68030088639165,26.685204566589704,24.276664971526372,21.99060132949348,19.509179329904487,17.641532016795612,27.508762101300796,24.755598689443524,21.9158622846534,19.360075959418953,17.507812511261648,28.317906115770228,25.274067570111942,22.098497669558032,19.44621633294939,17.672174234999392,27.602842194233155,24.718757615976607,22.09802119590696,19.528334653080442,17.859424649461516,26.775699931416426,24.218823831362137,21.926318024505587,19.490942614302465,17.937536632682793,26.59925762536456,24.313686338962498,21.907191487889833,19.732477976926084,18.21476736058003,25.84634813860391,23.78447709125289,21.722866988812036,19.79192785127761,18.371772712130905,25.618131301059634,23.742242593364892,21.6493912540272,19.79879222261042,18.258730812832304,25.709303687512012,23.757102642939735,21.667371500573168,19.787993486137704,18.39540819604047,25.735747055216773,23.850125408083475,21.774223664249945,19.753126270206966,18.50414457337982,25.203041678285704,23.200598586069784,21.663105894468416,19.49971625020575,18.29780708247167,25.931501130258198,23.75466369332862,21.814816766736964,19.488637689921696,18.46425171919146,25.557828720602288,23.28302440610981,21.568119624788373,19.417323014517002,18.661229397782016,26.068555441879983,23.775652267288287,21.408681493352447,19.342135534951815,18.630966355554175,26.582267523048408,24.171769226862732,21.59608967568597,19.47356876473721,18.737827984541536
28.712124007241815,25.8173380896222,22.36664382030363,19.76645830995327,18.311660033274883,26.70876358656408,24.31944412068029,23.692425176763933,20.81598585706635,18.91323075673385,26.905764675838483,24.82854979622602,22.853769012455345,19.873144133508095,17.790857346166835,24.589012591625977,21.817458934982923,21.868362815041202,19.75752963228538,18.862131579400668,27.12213658571931,24.53120275668021,22.57925423069106,19.977498591883215,18.37919475922262,26.087771162811926,23.983171819045687,22.442209618260534,19.98560910097602,18.36323135149822,25.562323368476047,23.50377129920397,22.224043798700453,19.894207590861612,18.243162949552637,25.137192500590178,23.194364634315242,21.825655502621032,19.858888898940613,18.349330155698226,25.609090323649617,23.61330919193825,22.014629863014637,19.96590949445353,18.270066763983472,25.364103534947677,23.249804094779083,21.64160431865319,19.9321104458726,18.24536859120058,25.71714507444572,23.12897618283962,21.665342617067402,19.929109599219256,18.26292408291639,26.484582685189718,23.870863530287117,21.65606538424249,19.797389872426205,18.10355300106942,27.46387620060235,24.774922409778462,22.367979847363177,19.87242183890849,18.06333988784695,27.94882173073683,25.504762341652548,22.547166069132196,19.786514053501367,18.02340109546057,27.22256614746079,25.207587499586886,22.804089229286806,19.801171710398485,18.10037440014741,27.631728678300146,25.647912970762768,22.98857337652914,19.718137762306213,18.033042644722805,27.756706698196787,25.599779238663196,22.947987838832297,19.634142419362792,18.17634510598648,26.670372179215526,24.621233902478053,22.382559077565524,19.49155317519021,18.18183597574798,25.46358073142093,23.44258733393628,22.05049651872958,19.44451272926477,18.05509697750064,25.596868880876354,23.328746740593648,22.17239001972831,19.581056267368258,17.981422243574215,25.591476263504426,23.41364028478705,22.162778444198842,19.616803243076216,18.028460811063475,25.005432577126125,23.186426654410546,22.2551822058874,19.686600603767594,17.99076309662491,25.838151628314723,23.840099447783366,22.722055255509225,19.89234754686199,18.017972630565538,25.927878060602545,24.13071243923917,22.886823791910125,19.96977662128842,18.15497181018133,25.954918604463483,24.350340676215865,22.796391448863183,19.830846360224864,18.121349549384064,26.18884184011811,24.40291884897566,22.63316241668337,19.790325468993334,17.959391646522715,26.69671070602136,24.518009018880697,22.39074924951217,19.79106760050273,17.83340753223124,26.654097716956095,24.33272531272953,22.127521602747684,19.580171023211268,17.8186124589584,27.60675708449325,24.828394325597284,22.018414254292015,19.444472687820912,17.639359177718358,28.446381428530223,25.402451120796126,22.20512760663585,19.49510814158848,17.85966670873906,27.653604713519588,24.830302104006645,22.23133729762492,19.563693295427566,18.044296739614616,26.866117939070925,24.297447934115677,22.08139884452911,19.519393135334177,18.108860847851734,26.72345098589046,24.390638383979876,22.098252104293987,19.79921515428561,18.323820364196372,25.982355125367395,23.964372028616612,21.98792649236371,19.906893324712794,18.50310717705721,25.716958317869654,23.889491809934174,21.895948776758086,19.94897648998263,18.43103368601045,25.91867446332995,23.926699514181372,21.896429774949254,19.99276645775142,18.574927918098645,25.90595659401053,24.133846660160316,21.9891998200231,19.97507025597802,18.64195072948514,25.359007851915614,23.464087364229144,21.859685553117913,19.704369813887702,18.436089030526794,26.03756869429936,23.90415433031927,21.91359105785869,19.73608818157504,18.43423025527744,25.63580314773221,23.439893775203778,21.712826546399555,19.727273155667692,18.4973161836678,26.150433668764787,23.96520108109878,21.572887005852483,19.633075667934797,18.48758076447901,26.687391428491168,24.305349070636403,21.780389911806882,19.72347235401659,18.596318073411574
28.55542167082408,25.75117302903755,21.991162111934884,20.002855085167123,18.50719965787487,25.884538811045903,23.62500469623966,23.436543448078293,20.8749002708356,18.91180899462042,27.157655946456565,24.731890787736816,22.66829838292369,19.969567656422424,18.21790226991861,24.537644688665846,21.90370581048981,21.817495995459627,19.95713766919725,19.41819228740075,26.947119325644074,24.290268496920053,22.350702455844782,20.073960161569424,18.713762390525964,25.940037645375316,23.790239390636565,22.245784556594586,20.070776770983382,18.763140658042264,25.551698772325533,23.507632447030286,22.047837560997568,19.950918579719634,18.672035227200205,24.845643425097013,23.14028771257938,21.674551195385142,19.890300614412382,18.793430236513323,25.168304078013527,23.564858827926447,21.790131014727674,19.919575525799267,18.677678628398816,24.89156141341198,23.240088765824787,21.51014299703785,19.902205653861895,18.620298968683517,25.467052259611542,23.149726470940884,21.56780102404413,19.8661516389622,18.534493129557582,26.287265740437014,23.807022386244505,21.514454233680095,19.77804670878856,18.49235800520141,27.456474129348823,24.73553142330557,22.207445210810594,19.93407422532318,18.577478821719758,28.067669182491706,25.40589207520786,22.405928016045856,19.94264790958211,18.48447968438988,27.424967240328254,25.184043696426972,22.624703786503492,19.95989935298529,18.543534286476152,27.63198623384908,25.514867091143945,22.799241204796758,19.847512886933522,18.559006196629454,27.693102573809984,25.431314228036882,22.835915422201584,19.73838468525194,18.654753004970374,26.701083788811285,24.442522905004807,22.27620703257708,19.51776917742276,18.485054763684666,25.46084425593984,23.213807871771404,21.96413753115416,19.402310553904123,18.47009343036968,25.357070297525077,22.99202695727823,22.046819816040127,19.53849820569182,18.459838974344894,25.386780702632443,23.128131306542162,22.024193917416728,19.643816252466657,18.42846567156182,24.927898148226042,22.97900164144037,22.084406835080323,19.725576660016735,18.289892753601997,25.68592854543822,23.65521617570176,22.537508286686,19.87688982969242,18.36585893344929,25.867462085759882,23.974783582847028,22.748176874209857,20.047052743739414,18.38229085783291,26.104687061668102,24.214265184964802,22.675431150999238,19.964234775286137,18.328764966395585,26.219219865714344,24.22674434604803,22.508162669917105,19.885906110363397,18.274626764105427,26.60150360529841,24.23823931493569,22.251250744002824,19.87307595965576,18.224105209166634,26.49654452048937,24.086222831136702,21.96549938771224,19.791850211054857,18.180781809942058,27.370614567781452,24.60481703336537,21.868186047680155,19.603678701475975,18.08620275814844,28.167626137466492,25.190739309098632,22.073851923653272,19.66837552055436,18.37782527869021,27.46785527890851,24.642559508591788,22.136880600950285,19.76012631912655,18.516976403613548,26.771983856735392,24.07594286624048,22.01455276247986,19.714431431475997,18.62579962798361,26.67702103343684,24.12506546661863,22.052821226831156,19.884681037779774,18.7956326986257,26.09285856658973,23.768518871424423,21.9763124177064,20.01329459331267,19.02341065327996,25.79788497194201,23.717451388610307,21.86546581708306,19.978819412648914,18.89225499600184,25.924997867737922,23.802659605044322,21.823615145128368,20.01812464440257,19.01596006426929,25.830032876516107,24.179273097798998,21.946654704992547,20.041515832390026,19.053381651242297,25.249124291254333,23.515964463738904,21.87927085869102,19.88139233529705,18.993546036347386,25.80200169734976,23.91001279516896,21.95073002552004,19.90249092713764,18.920703819143455,25.42787581786983,23.43963212048815,21.729323827466512,19.898781408614816,18.963619907344707,25.910658775665365,23.861920523929733,21.68939621603843,19.782007912724406,19.008625513662608,26.452114261516776,24.095138267137234,21.843205992346753,19.841299190911606,19.120203959405863
27.071485174408732,23.710038977649,20.83872858859444,19.38644803781844,17.662274075726298,25.151927616148598,23.267535576487873,22.896479858339166,20.119700675545335,18.115589546341734,24.345977345694003,23.343441400100225,22.047269305486196,19.35284390420452,17.998081862154407,23.751832095710935,21.50635277573936,21.76693349652136,19.408150990528554,18.799783234893965,25.461887309070427,23.247407133739603,21.802177031171105,19.54106176604287,18.1159878673809,24.72263750092296,23.009924421650638,21.90076279185324,19.533899006295975,18.22865321511594,24.365184319153514,22.618982529618137,21.832501372645407,19.570399908150083,18.17695927325688,24.356617377774747,22.435172303666793,21.54045844647035,19.536242982723167,18.225253343844834,24.74285567903318,22.8151906724244,21.566859987063005,19.61256152141734,17.974249399729196,24.464127975894893,22.364667926889943,21.23887581488035,19.541732281588942,17.782403130795174,24.70294223456622,22.24198254468787,21.222739350222596,19.63424563984849,17.68578630165893,25.375693564194986,22.7669442788243,21.00727846824874,19.444020519110378,17.568618756141667,26.060079597304355,23.46765178960782,21.423833217977798,19.513106311422035,17.437983291783876,26.414220792318094,23.947607684523245,21.48674166476095,19.420094376783986,17.458752428257633,26.119670579865442,23.982502687117197,21.76475354453073,19.458171403713585,17.516024222984036,26.436682591811383,24.14866247559977,21.833345253461818,19.34557261641597,17.45931873442174,26.423639566300004,24.09543087781592,21.883655594862557,19.270047595984828,17.530641640212803,25.670486807503757,23.395884985968245,21.56537309074195,19.1997631880872,17.51776355117183,24.767065135815077,22.447899972027454,21.554394928172872,19.213853775641997,17.513837613353626,24.87031890397059,22.286624436089138,21.786555418966433,19.441850975764652,17.505848215410335,24.694913076916794,22.452934840793016,21.96192475301283,19.379269992197077,17.536082476164303,24.200978787047134,22.310508189699174,22.13666253266524,19.457537413237976,17.478866238206262,24.677300361259423,22.719353931454798,22.620781518868753,19.62080723559064,17.50314972413535,24.79220843887707,22.9280614568658,22.65835566977775,19.64779382912347,17.53672262678326,24.707629514786298,23.154379096558706,22.46100255462894,19.357558719011486,17.521196054875986,24.982436821674572,23.14664641606604,22.209906910009533,19.423686511951036,17.4498393938534,25.384043168115376,23.194635381902874,21.8519859797507,19.394868191682104,17.39914606164031,25.465939362156867,23.003835837358885,21.501721989587686,19.283582008081787,17.351623798601334,26.077744680752254,23.384092415654997,21.316159727803573,19.106984751080045,17.195760795500878,26.627448188526557,23.71304017080038,21.345722203509055,19.191185215767124,17.49218557064968,26.216933071490683,23.470132518806256,21.362900634415205,19.21269795209509,17.667951214601242,25.617381809409153,23.247347161805713,21.32585293767074,19.25438104143097,17.72073221881439,25.370384949207512,23.351651879490245,21.336493728479482,19.429260191670977,18.054702877975327,24.906219464734082,22.95783692044895,21.308573445243656,19.561648612357352,18.17614793615645,24.70347843032864,22.8855335027377,21.198063077007795,19.64787876479819,18.089862026697993,24.598476415727234,22.831234047173034,21.2134225757598,19.648023312524664,18.253869365588002,24.787983034668123,22.910387133849476,21.2381170931584,19.64662227383848,18.433325668557345,24.406789305880327,22.43377958178512,21.227333701703298,19.515727183512254,18.39460128730609,24.813681079714776,22.832730940110714,21.181859987116766,19.520622099466628,18.67362181608049,24.631548668322328,22.51714759287114,21.118944698088207,19.48345320933806,18.923048113851078,25.039435260842907,22.826793033446624,20.885339634557916,19.46083643269135,18.95125724612634,25.181488218483853,23.03073488216583,21.025175660137187,19.54289845026103,19.000013113532223
26.998945832215156,23.556237465869575,21.36616822780397,19.434968055349934,18.229943660183608,23.68536809090187,22.476425163757973,22.749606332992368,20.204393671215897,18.44239742980781,25.164038228544406,23.29001470732198,21.862704421743786,19.87789244757979,18.18954632375594,23.268368783053177,21.639830964339588,21.75059254010238,19.903487243393705,19.46857438895452,25.13326159853484,22.821060389002337,21.777987080394823,19.791542834881152,18.609030832848394,24.168576032305175,22.697589602298983,21.845146489182333,19.921441811309712,18.74501733216861,24.132783500653932,22.525787505587367,21.74409338728674,19.933098831192986,18.756556003672834,23.699866991755357,22.30169653643751,21.435254821075517,19.853150656186052,18.808006749382933,24.050541076696152,22.675346167483315,21.46401266176267,19.814592452582016,18.558035814599588,23.788973689498885,22.449593798197967,21.298475921885064,19.845457585348427,18.494231739727315,24.443269711658424,22.301787425159116,21.230329296117123,19.798646847178762,18.302244242365195,25.07151764283319,22.706305669595448,21.11123140723744,19.666409960859212,18.30089133874276,25.94661658178716,23.364651054307124,21.54153027953739,19.70477859641969,18.31674416007663,26.39484969979241,23.74840060234188,21.544876782156784,19.69739446711448,18.34514364274815,26.128297388692978,23.831236691647483,21.71680107580406,19.60432115646812,18.33904923355927,26.239112006154166,23.88010239818279,21.80584743806266,19.52700548318817,18.327516264637886,26.179641265012016,23.78958738332719,21.791789214587446,19.449556576404685,18.33470212980332,25.464273519162,23.09729113411648,21.598524482280617,19.345342866786176,18.362543696634997,24.55269787139116,22.297791433964115,21.58407688258614,19.326626388168417,18.376421882770906,24.43167316266805,22.12245383945639,21.72720192069382,19.568190339335768,18.347781446815457,24.304359943665933,22.302145579631077,21.784626090018925,19.62254559361265,18.44241846750529,23.82292542237517,22.36799128154223,21.97587536395531,19.68787180669208,18.359453340157806,24.31216497121155,22.8051905235621,22.379335832997498,19.796929406246,18.30583848004902,24.428036568785114,22.917285167266595,22.500732661588877,19.87814493353787,18.202537928655453,24.506667490901222,23.064435453659577,22.41716406538855,19.702166827434745,18.17440908036378,24.630165120410375,23.028363971076917,22.24139020085252,19.579938537995048,18.038804567760405,25.01316018102989,22.687468488262418,21.888792025132695,19.576312333886953,17.938669913857062,24.89971252947654,22.4720713032763,21.596781883481647,19.548375748052614,17.87478589652265,25.513816847135928,22.79613025581896,21.42184890545854,19.383159654521904,17.83099305732011,26.084906499774085,23.140220116706708,21.538670273373835,19.4592552547443,18.1573541593768,25.63956226318473,22.906659304807512,21.584835987364976,19.578621151199183,18.258622316761137,25.239154414040776,22.859286334295124,21.511925472810898,19.57953476767755,18.379472833794605,25.228938949855948,22.987595712679045,21.48539247048324,19.722803289391315,18.6931207106524,24.870251691219085,22.84255750165476,21.484622613805985,19.84491685017777,18.96559045047463,24.535746184138343,22.785829502063486,21.343824720011344,19.823004233567495,18.88906427565507,24.590542106538518,22.911818807502897,21.335251588568827,19.83246948191703,19.08841988826365,24.451431252689844,23.192675176546544,21.442588407064612,19.809215367643397,19.120961903009043,24.008093153913308,22.681666877488663,21.4173712725035,19.677834111426392,19.02354024325293,24.351390188650093,22.898430638349474,21.34753458108097,19.709236466689507,18.986491853449195,24.29947688019034,22.63209310115108,21.19414399803918,19.732787173405548,18.965567118071835,24.599760583222547,22.783392273568495,21.077527441825033,19.70717914901003,19.033469089234107,24.8803722190705,22.83804741982623,21.240737188206673,19.705465383017117,19.18022762356379
26.19362962183011,23.499125974137787,21.381978329511014,21.256676830940165,20.863645091115504,25.45138166086302,23.396654702437992,22.842712246325434,21.36352961566798,21.21695535907192,25.101100625889487,22.74530994802185,22.144767764296976,21.13359991387874,21.298417728072177,25.47420359751017,22.553175574737963,21.6736833031197,22.637879897094756,23.740182831457517,25.82202397792931,23.235702494238815,22.048972054116316,21.513450992306737,21.678567596295277,25.222497390379832,23.189074952124876,22.084867446775583,21.58303338628236,21.919826611062348,24.96024965033199,22.878921279192138,21.79316107295469,21.703812495372638,21.94820065342027,25.222836080992863,23.125578212981377,21.584784932566784,21.693283898381235,21.889389320341383,25.457047927016493,23.427073593652985,21.732853311999385,21.412508910233623,21.210180191760053,25.324152698168017,23.185351729207305,21.49593751840417,21.245100854049653,20.94464051884416,25.795923606998024,23.107801627583278,21.677325843598048,21.182127359451353,20.545024823473387,26.274644207362435,23.561619839662228,21.53707388154747,20.951165057172076,20.33760289484184,26.42340390137442,23.889049386482743,21.97095616439462,20.860442643518365,20.178687535104235,26.443001088007133,24.15188475293045,22.001070749936424,20.75085778876849,20.125735391074354,26.0206752869235,23.92810124389166,22.095363907315615,20.89961848141811,20.19181250786129,26.322817007120488,24.06846476737389,22.01645329405943,20.769365526857207,20.25560015111909,26.424906889000702,24.110167033122167,22.115435377737196,20.795318686739265,20.332131379918152,25.874823748066756,23.575784868264208,21.61548185635409,20.884875425858006,20.349765353232083,25.52648835097701,22.69656445490115,21.470649165234555,21.03535972630199,20.303966070779197,25.68517021293228,22.713084057945732,21.73262424759247,21.096088545201475,20.257980003923045,25.40632388448971,22.66729354120135,21.717579366906065,21.156039553277246,20.210604922791354,25.243454302229598,22.41760344524344,22.032642376267837,21.19461994339874,20.14084193158086,25.486612537350815,22.78097579771732,22.436260723489365,21.19160433304574,20.096564876690827,25.33170810950324,23.006666115134017,22.531281692504827,21.03984902477177,20.160872286954724,25.35996342625244,23.314779944343847,22.386595537289487,20.914871502758142,20.099316553825542,25.505783994759195,23.32167344656777,22.235502865269847,20.759198736015904,19.918943101200476,25.460809254676157,23.278976016556065,21.81822773578302,20.66467133343589,19.66373896992884,25.804583490034418,22.839310409786275,21.717326287504534,20.52151816732221,19.547591355436435,26.219498911920887,23.24122985108989,21.693529639815015,20.478614263401724,19.439696682090666,26.512637567815908,23.462997035652016,21.753759840444882,20.732788517996575,19.952325186433086,26.445296068996868,23.309531788310583,21.838280689644098,21.006077098702015,20.44818655231748,25.90315706868974,23.278107148173284,21.92116802203421,20.993714894217668,20.716576373226506,25.642103733215084,23.62579141385532,22.081449834006925,21.69100331244878,21.66447049607772,25.421791665295753,23.372123378870658,21.98470539197469,21.719431373801957,22.152971741253328,25.39482687649515,23.3579579986748,22.051567050373404,21.815849821073066,22.261104711206247,25.226008196921818,23.49635882320585,22.185838521407995,22.033597202496974,22.555443694902614,25.339827874494077,23.42690599293748,22.36059414663087,22.38020966141775,23.07051771359371,25.259663421373304,23.006309666528313,22.180157922708595,22.146305454570065,22.874569760920906,25.52419754043357,23.359889869441343,22.329381207535267,22.529383728476272,22.967413251236884,25.57199623469127,23.165465969677964,22.157075421044606,22.684664274046135,23.13001071157216,25.934505322672294,23.203962580323694,22.0478187963787,22.703094333738438,23.235574385052615,26.152354289609708,23.469696915320053,22.079410406126662,22.704737695200343,23.258623240549987
25.725828754956964,22.358097454108723,20.85978684113722,20.991305685518057,20.470970260974763,24.12459718788418,22.687454443965933,22.587269385611318,21.128702167543064,21.20728582495537,23.999144249121258,22.21140337922162,22.167203362729058,20.854022782784288,21.124662683391204,24.29797360715287,21.82340557580711,21.52475880223293,22.142570832865164,22.79901834719377,24.840449543753614,22.452839446371268,21.721552886444847,21.22367666216726,21.450145285538113,24.432116499100268,22.398430052421237,21.79420677998032,21.216771494276287,21.699702156762093,24.31552246535484,22.17012592398258,21.660881664712285,21.25372038737145,21.72760088382814,24.524785390652593,22.31845705042152,21.504468702470625,21.20929224547389,21.751034982495717,24.818991318274154,22.6221607921964,21.618222536337353,20.951320994355164,21.330054396671677,24.631748955379393,22.27909629941987,21.333149462543158,20.71369385099731,20.890781258190156,24.727802468916835,22.2420221837046,21.40680995260925,20.587161360969404,20.541533776536617,25.157317853201125,22.60754313132896,21.092697897288566,20.31720221594714,20.141836553489156,25.414767346742433,22.953685713910023,21.29960875779637,20.16861286449855,19.886613511126665,25.49952468355643,23.210761454666006,21.23157166625387,20.011925818625336,19.73997859865107,25.155368745289028,23.192852683511838,21.312230988703263,20.036953177058727,19.785350820796083,25.45756750063454,23.308740714157622,21.229500040559536,19.992736923366053,19.785985576606674,25.527309085925538,23.288279051217465,21.32225389084043,20.055958065006894,19.930941575240958,24.89018699680388,22.769867328976638,20.955667536798252,20.08390531617865,19.8281398525966,24.369519847674372,21.983512301949084,20.99701292756439,20.055555812206208,19.81611377168686,24.609785087310375,21.929339338297176,21.371529826557733,20.229704835779074,19.841800145306856,24.410226046515998,21.893898711102093,21.51505950391233,20.248669178761556,19.7215526303416,24.240906504351337,21.700907520224046,21.83204777338458,20.21497792007005,19.5730379533421,24.632957636425967,22.072285340906213,22.27955116026925,20.24157758590757,19.595107461736504,24.52824878773808,22.20437055684588,22.207159989096464,20.22296073205108,19.493003515969637,24.400311980916314,22.540947620568698,22.005108060843128,20.02240879743863,19.27465858884829,24.595480253319515,22.627484897911074,21.76901024472592,19.86146553593946,19.057306577230797,24.634215715049915,22.567869679695377,21.3688633561823,19.781930625107908,18.906948455387045,24.855602033240277,22.263013438848954,21.116212177471564,19.66175493225648,18.77539991099945,25.287888497827034,22.635535679320064,21.075623683935127,19.611111425311936,18.709520046307695,25.65573631124185,22.773170710582132,20.98080235962621,19.898629855652988,19.40507218798681,25.50926359814317,22.631318539486507,21.187481588668376,20.185668942469103,19.983655940574117,24.91926077626332,22.61479448988828,21.220024969639375,20.289294706890388,20.269899721025727,24.66855032725544,22.82964395893239,21.33447998693058,20.924904299476175,21.01993369952607,24.494909824038753,22.482409428987275,21.27813270385055,21.159778203180927,21.50954798385477,24.419270785250948,22.469423602953334,21.53746443718404,21.31894691618594,21.492101564385855,24.21273920489262,22.521762766282027,21.495834396098438,21.574238130355923,21.82280944230795,24.49237531906319,22.590608511744712,21.53869976223772,21.84543602854013,22.254440748453202,24.31389807661635,22.179227821749866,21.477625927871458,21.817904837071623,22.275589362796875,24.566891399954205,22.635223428425014,21.469347615618666,22.053498916922575,22.493187086593878,24.373111144186886,22.358070325117218,21.20769342911038,22.106759282586875,22.722700267392053,24.73102148836609,22.527454365187953,21.11537502689099,22.12532805513741,22.757189959096074,24.76471870799387,22.704401984282416,21.289556944422934,22.2612216097285,22.817101375099856
25.821986015644583,21.90200302457068,20.18534550852887,20.17841761553005,19.501268165993864,24.112928882077494,22.580647663159652,22.27395609571615,20.422732883635856,20.21237830602817,24.036809089165217,22.277473911943105,21.85485280821197,20.08584306271044,20.135653761549843,22.69087135156314,21.448512339549563,21.491965520326747,21.43181482107465,22.27072330657661,24.47864273736845,22.186381358460476,21.332213471953427,20.4575531227558,20.553240195825662,23.840974852802013,22.117078668994367,21.56839725733126,20.484530948352013,20.831807014951206,23.684280600968407,21.751702692426996,21.5184276971841,20.56406285073557,20.89301749429223,23.800610193275492,21.74950928680608,21.359269706060175,20.53372508077879,20.95290824452692,24.31063175145053,22.059298113298496,21.430017137225988,20.29983776520098,20.42941678228199,24.060086339041234,21.773266244792513,21.212823862883447,20.098588364005543,19.987824422126234,24.311405179667428,21.7584592179898,21.092856686880708,19.978252864321217,19.60921030685776,24.827577133148452,22.188851097375974,20.825794575958952,19.7311532618028,19.18050064467692,25.131540449165826,22.584891658089486,21.00160334384301,19.581394996946717,18.878478037016187,25.30150473863659,22.906719829745978,20.916422031362252,19.43210821973823,18.75565349943671,25.11338974160062,23.00999172432342,21.05984394064061,19.46930452079756,18.78481991875489,25.320740904160875,23.145334877664244,21.123896252794303,19.390151769541266,18.74956507040969,25.237025079087623,23.098237521492,21.156780203954924,19.432602586313344,18.899339522594513,24.731980252119538,22.62629888276698,20.906184330228115,19.454604511393583,18.845849258427172,24.07078085262708,21.866186759308604,20.996492583813534,19.451959832219984,18.81685417871558,24.242695019137038,21.756985331556518,21.33255850055324,19.681790840825546,18.85458290587601,24.09918485147715,21.778575916697868,21.51349383982536,19.668039340989843,18.789630935121053,23.76273711564342,21.70859726331255,21.782337101223725,19.604726769597175,18.65393954189957,23.99384257018574,22.075640629639633,22.234560004605846,19.7427379483157,18.633729112273016,23.962315965552207,22.222924456151482,22.16392744265462,19.695508080232365,18.597521419293777,23.79866579308976,22.410199403497437,21.92431351891884,19.415046503485083,18.48803876342069,23.931045755304204,22.45067564547716,21.650190033726453,19.370268941499678,18.350275506405815,24.10097997613544,22.358839838126066,21.293512494148665,19.271486826245894,18.259145069533854,24.266359352018732,22.1267071250975,20.93281206120835,19.12478797819289,18.203621138238532,24.82015717472613,22.352640518539832,20.812966340464413,19.019611044338497,18.13110676163908,25.191967346538743,22.524162938606903,20.756181903983265,19.379597186917785,18.78571322514809,25.095090691207524,22.37965767660105,20.942810556336703,19.58908178714478,19.28549722743161,24.97644325022182,22.513065038702127,20.986624092404295,19.799685022062203,19.495172011441657,24.786272848819976,22.604602718474936,21.068361606688406,20.38676572487183,20.332800171651986,24.386009082098713,22.262008830052526,21.08786164293587,20.654261999634976,20.760351719364845,24.296659572755036,22.249746639031002,21.20158833418748,20.763164519599332,20.756492988043703,24.197685265342876,22.20093224056928,21.12899548550567,21.045122526400554,21.146871174802413,24.105738256305276,22.128110867078988,20.99343857106079,21.18452190137923,21.620433210057914,23.92534178904011,21.721350954145848,21.024231508780222,21.137766269215252,21.618372046853732,24.278537267562193,22.15681326642199,20.906028887906764,21.40468536238101,21.88351269486997,24.113472202945438,21.77292847407492,20.824574492894392,21.44117693904861,22.079078594902235,24.341107836716425,22.02681425702384,20.77619094620887,21.493433172131212,22.151118327310048,24.396769015273797,22.15421810120347,21.063463085221336,21.660794155890933,22.284953755700094
25.98172994515995,21.83211254768819,19.98356731779023,19.370072531132717,17.426177253832908,23.62665375459498,22.330380305739208,22.178876278161486,19.602585326163936,18.027562561915726,23.094552308112306,22.267501403720033,21.846675967794074,19.162175340589993,17.991304783938716,23.034756820555014,20.869552212433256,21.52220063160277,19.302814516893857,19.409816790878434,24.22194159610128,22.037745089700973,21.23462784139937,19.34042071017377,18.175731676489416,23.542882644747735,22.083845431319798,21.459629410302245,19.272267074566066,18.374452756997034,23.304625614074162,21.833509684409613,21.494552087702196,19.37429674228813,18.38937516503328,23.42560279700726,21.698182076331012,21.194072477764088,19.298644019455914,18.43750776375442,23.80349257785081,22.0141787228754,21.142251155547473,19.26322667931194,18.035926666330244,23.501549618173847,21.61963811132271,20.860808906005598,19.14913113284633,17.882690263557464,23.78662786267799,21.578343330502847,20.776296845431112,19.225596219374463,17.7014238851505,24.375353230391553,21.820564552889657,20.52218093014906,19.08756768424453,17.490610480210627,24.82619310523227,22.32618007613118,20.705653512157006,19.038746983401573,17.26802562830251,25.00002757193753,22.675859363768595,20.631247877233125,19.027774727926847,17.27442857043483,24.925131262330957,22.88820173790922,20.857887557247416,19.04523144299318,17.193764903156058,25.09761565819293,22.762171259975354,20.988633856428415,18.97770371598485,17.136341599675738,25.038266891173585,22.766140093846325,21.048822420925653,18.867205093063554,17.22078920254878,24.54265654959974,22.355271284951606,20.914632877345237,18.9246417457946,17.22518240874479,23.830042827340613,21.629882885199017,21.11060322571272,18.898041545022075,17.269926203401702,23.94279490921695,21.540767427471263,21.428265471147085,19.188819736755747,17.344905664434958,23.662761768843534,21.758206928299337,21.54768328563734,19.11429179870847,17.39347109158667,23.368907901175344,21.73583436987189,21.75190992711233,19.216418844961137,17.389307809564116,23.589141911710225,21.95886052875759,22.25327726225587,19.338690058481255,17.389658803001307,23.78593311432152,22.045619631430235,22.229621611105177,19.358637355246476,17.368277689727257,23.649473085391296,22.145386666105292,22.058838108752166,19.03615216402785,17.280058173813426,23.96511068316013,22.201028414810146,21.845808535665487,19.12139207413609,17.205547482570324,24.095428511484005,22.158838852842297,21.45936381658866,19.04327259102512,17.058037016699693,24.206507555756957,21.973289794016885,21.11770299046251,18.94162338234161,17.014700669129603,24.59209488274128,22.2900095542306,20.91177935296258,18.804353873517584,16.90094607520936,24.94552902405306,22.45153859941374,20.870664988937214,18.92840191595867,17.33320172784483,24.700118138024155,22.32301006758916,20.855387906980976,18.9366264153863,17.525594797343267,24.411258284827387,22.247630428796413,20.79335820232237,18.96060188316123,17.640252067720983,24.151374577169126,22.29890079074924,20.73719174130415,19.20361069341195,18.169367315823195,23.79194481415056,22.13763081973601,20.77877036175776,19.368607604729792,18.341511969511433,23.654223325772165,22.090739441203173,20.645068497804914,19.450184519612456,18.299107958195414,23.58361163630478,21.997818641055026,20.698897797422802,19.5017928272242,18.549920480268998,23.703602491561472,22.03827742919311,20.709444429778873,19.55139913828409,18.826289426424562,23.484297376820656,21.67752354976023,20.676331539256775,19.44866583243499,18.8386094385649,23.816634191214543,21.87281395814427,20.559698135797582,19.50473305026292,19.098108517954607,23.79930119875749,21.696487524950903,20.62829145459395,19.4828071354295,19.290986927883218,24.06466297808521,21.878145407365707,20.3807437431469,19.504540500306355,19.35140351096022,24.00767240947609,22.033001233624347,20.486539583852526,19.566528964422883,19.43267752526662
25.7174107308764,21.79453771084133,20.132028480849375,19.198212289685724,17.07829139691126,23.194943858373023,22.36371623063718,22.269035969456294,19.63155804557644,17.076484317099293,23.262395136457517,22.557057807010896,21.54058751815863,19.069072587281802,17.328884990188364,22.615685071950427,20.853126454329637,21.62199472539675,18.920692639641885,17.82947745029768,24.005841949384667,22.074424235001366,21.24751620570878,19.205488979857126,17.376456829183383,23.347089720525084,22.142704309103543,21.542222372658138,19.233443973692864,17.457303805265646,23.147545418947686,21.958284199147535,21.5788674615132,19.29397166312814,17.4332695047716,23.130100827835456,21.663911361264432,21.28224519968628,19.230259256973845,17.441942575631646,23.48429282562655,22.03387190148414,21.19701559503958,19.29764024152732,17.2196709404056,23.227229033409607,21.8165531923545,21.006093209753946,19.222532305853445,17.08947556020875,23.632315570634923,21.78485801539551,20.860068303161245,19.236853960457,16.96666466212568,24.26147886132017,21.97131989400774,20.641067720590808,19.1114428441362,16.991376638906786,24.81278813695868,22.60524349632092,20.868610095745087,19.146790221255213,16.87172813288831,25.114295169077074,22.89816707351845,20.790945230085903,19.089867482498,16.95884358238428,25.0624369122417,22.957648597660786,20.994423830422633,19.090616182030054,16.96815065736212,25.101739939773736,22.826317149043582,21.136803951205955,19.045714253924903,16.968644861379726,25.045001963729323,22.767019820478374,21.158941233437723,18.86689305010926,16.98707939167332,24.5523065961358,22.34310733284307,21.131653395712505,18.814250825329612,17.046258367499615,23.926829036992007,21.717568902379906,21.346214436570577,18.868781331011153,17.127512801835984,23.79690961906963,21.63073987757296,21.557776555575856,19.156092581614843,17.037400016517477,23.663126253266206,21.867842226983303,21.6304730533648,19.128350520173804,17.109323293864094,23.19209852975155,21.9073552166642,21.813889921152217,19.277177730278574,17.11944370822145,23.42905616384616,22.092361915525622,22.24857951209902,19.4179258811496,17.12249030300497,23.47879257739878,22.038749686005275,22.29580765621462,19.444133522182586,17.045904288681417,23.58729218754826,22.13245115489965,22.137275715349293,19.14024226541826,17.043199067925634,23.800933547241183,22.10315355631846,21.90054391292839,19.174357156597246,17.015606249092738,24.08339113911084,22.043921939702336,21.52316231381139,19.16759122417174,16.86535754311376,24.05570187616197,21.816719236089085,21.20808487289213,19.132645148069155,16.846224460197043,24.41055196444602,22.15658241409011,20.919978424970772,18.971745459173572,16.76564765530935,24.745865739497006,22.298143132925958,20.982815345238365,19.042421749538967,17.099008600398662,24.306763856022485,22.253139434139033,20.995062151930764,19.002709514840898,17.05953067287594,24.103427223292865,22.10148993896897,20.901525982757168,19.01699890993085,17.17824577366141,23.99856425252063,22.22137298109445,20.861171842289302,19.068496356213746,17.362945922743716,23.745620238629378,22.24955466597898,20.919281937275883,19.190082107246315,17.52075619914761,23.489935584085785,22.178811182958334,20.717606754206347,19.214346757932407,17.38763988317341,23.752434000211366,22.089554375943884,20.74755948611091,19.232594147377604,17.583988843891557,23.890026907416093,22.297983388611254,20.842721503890893,19.186167043257374,17.618225599693165,23.73734961563023,21.947532155553485,20.815383534553852,19.019796198008358,17.551516627044514,23.996538053933268,21.932367690167062,20.697744596442252,19.001067290709496,17.602761544732815,24.07453800098053,21.885803487642363,20.774444854782892,19.019917903557527,17.743401707147665,24.19094448602798,21.987824760241587,20.61215847598506,18.951551673280683,17.70952830176973,24.131863245511163,22.054128212845306,20.705364953075502,18.933478203681233,17.73737351308303
25.765822452462377,22.050047075304064,20.384246394437078,19.20911998421573,17.69531853034479,22.900532546788963,22.078586230373755,22.252611664293365,19.663668430644165,17.696393740178447,23.589794508093973,22.329556940515932,21.298476278067525,19.17025478243216,17.757280274054096,22.020411476834436,21.362919303911816,21.345678771480355,19.144127133216013,18.70911025145741,23.891376578863415,22.06305876692099,21.187566594443773,19.294111561180614,17.991551405354944,23.293870002259194,22.028125238657307,21.386268475427695,19.377202584366202,18.125017395421775,23.304778199518008,21.743999358137366,21.360406725347765,19.37064121455004,18.152758227523627,23.150368542638596,21.5001517362031,21.017978525553808,19.276864025494046,18.15237836148352,23.503859892625336,21.723241812974656,20.963347953268407,19.284092864889136,17.848429167577073,23.22220634234504,21.438549108571326,20.808072557912986,19.189760188734805,17.75627214302362,23.650828435249714,21.299302716603666,20.738850964056585,19.129213273398683,17.57201346870327,24.18662580891296,21.567347225915096,20.501377903941744,19.079205348979976,17.52767896936442,24.79964604546283,22.142827875890003,20.830084668547602,19.079868745310502,17.475017301360406,25.184387067818772,22.431626193904165,20.714684761807035,19.08098097717707,17.658171650602906,24.944734652248616,22.54256250716598,20.90463361578191,19.166776288465996,17.65343304576377,24.83199356172641,22.573773288378696,21.002684091757146,19.170371087831445,17.663689250295363,24.72422376728478,22.59260713207907,21.062047995462144,19.001959713095978,17.71198009741419,24.196435782398666,22.110159560455767,21.063448941887806,19.041124073926284,17.797381105197626,23.596999679091148,21.546505356407497,21.28152669902743,19.081875141574017,17.76820906191541,23.788911715297026,21.35338052306517,21.40170457938792,19.22604227281704,17.816970078585026,23.67424447240069,21.58269383773707,21.414666914348015,19.224203750149677,17.90134319420614,23.242445906027733,21.627149995354973,21.638294227905078,19.38384542123871,17.80652338651525,23.541039692885754,21.871091468539998,21.95662019083643,19.469948727558556,17.730331384954603,23.526817127252908,21.83623771810525,22.025048668170577,19.431221998068416,17.586562298496723,23.468075548637934,21.979560917380585,21.91478573152937,19.228717531233407,17.471352149631752,23.603683067418324,21.812830914581177,21.65935372329954,19.14355776937756,17.33800175866251,23.872761827242797,21.66863011490961,21.224827105789974,19.163983032958896,17.27932321499417,23.77726723046562,21.354767017035968,20.924912228825846,19.160370788230335,17.30030867750842,24.228996916570047,21.626810561446852,20.630411784628162,19.087460936934974,17.26120531636879,24.524341571069336,21.879733793839524,20.65975188917762,19.173251357232488,17.608920529562432,24.302989133348834,21.828943223856268,20.795328045866846,19.227611521262947,17.661467355055045,24.19955665306934,21.78426291525178,20.84863464121837,19.167524096912437,17.73831905825524,24.172447149864805,21.982880720188447,20.867316937630946,19.22287933742347,18.05689380024446,23.765553796921147,22.073116136434294,21.021228200368206,19.26289972847477,18.359707921333932,23.597139944915305,22.008854851150247,20.915852214354512,19.1778574212838,18.30424508242973,23.66219150164146,22.084172135441783,20.789537999637414,19.181820353836414,18.528754072474158,23.405064411198083,22.225099664013122,20.81370697996384,19.13841740213837,18.60276061607426,23.14767163757114,21.85119772600558,20.76596282132804,18.992013105060067,18.451236562695904,23.548383546304244,21.77700281572706,20.615561164443825,19.07711539424199,18.431425381968115,23.565197378371913,21.6925333648572,20.49666341535252,19.154730284728014,18.48175303284513,23.75097598387773,21.751467018854633,20.40046836242663,19.13689826884154,18.45776521525566,23.78136254164035,21.793633949532094,20.526838635957716,19.133331541601823,18.58089789541476
25.47068635488591,21.763865899285356,20.518448355919432,19.456933026884762,19.44989041568989,22.91771012584676,21.629099544956862,22.236381096733812,20.241190522912916,19.59016897793471,24.13690762151144,21.962924331833328,21.046543977301504,20.148764514643695,19.203539577488893,22.53466633142556,21.719593358584298,21.197557296444575,20.46567268629255,20.608979928165265,24.051109508809667,21.80065922413192,21.127509543816803,20.046821189282618,19.785477614664813,23.446558279184558,21.69286464418725,21.25976252582577,20.223715117848514,19.953362467188132,23.275426588794502,21.59961624550444,21.16157134658173,20.172486366894397,19.97929287380727,22.887571358305106,21.42302008149349,20.923980942276962,20.077173319286693,20.032063208618368,23.103447465597743,21.632662555054555,21.00842381180093,19.93295920503234,19.72178582803658,22.847694891612676,21.551245725292556,20.931694997881458,19.93511439641963,19.556644536163937,23.336863719180343,21.5499467609714,20.84230422766504,19.817303773587707,19.33708602105274,24.04157513879405,21.77702879457653,20.733156575037903,19.72983936230659,19.2628443447004,24.739376269801152,22.359115611176087,20.998905639090538,19.693334040390074,19.212871802868033,25.15566950631625,22.600712415163255,20.833974458119627,19.663564325763833,19.319612004953147,25.007042503806414,22.611354385329246,20.94927826709216,19.53852332073128,19.406776310699634,24.998037376880962,22.654714914536754,21.02120408750396,19.50920615865363,19.36755230019859,24.87795903756078,22.593573977625553,20.97600027899562,19.443552132403944,19.317367386932006,24.440861796159872,22.018687806326334,20.896444471278905,19.397985260080283,19.38928267967432,23.64077328813361,21.396733769138923,20.98413171234106,19.384648761483835,19.353274535153282,23.565510900725894,21.125038967697133,21.050568634197216,19.51552796284045,19.323813582337714,23.5092302329915,21.357918075798672,21.035402777248926,19.574379273422473,19.379526063859295,23.201275855394556,21.464958532593773,21.184613077040172,19.63736538394543,19.315124271555813,23.518886626086992,21.76658053301839,21.507269966343337,19.737334282327645,19.23918297301426,23.57139572672935,21.85151549299899,21.65769055501802,19.76159295066434,18.93339513400603,23.588978709115505,22.08048747258582,21.6051981744341,19.592620138661605,18.777681993942444,23.574736710796323,21.908191939775566,21.44364827474138,19.401072194365053,18.621988706440302,23.64157448355003,21.405123827715506,21.18379621187984,19.34810828019108,18.553430102196412,23.52620124644896,21.23493219129215,20.930137724326233,19.268796373262767,18.405428225608663,24.1137351500693,21.415092563942974,20.633152863978957,19.15004129646337,18.53938467411664,24.565770354825066,21.717147328279218,20.69890984483439,19.390332332745835,19.00051515901871,24.31794193209139,21.676255540001176,20.93080256919696,19.60817488559318,19.167447783892964,24.152213442499214,21.87968060529512,20.894882615683464,19.70611511016749,19.36005946168272,24.066282184010497,22.049273059775164,21.05008958461076,20.122933851306005,19.988305754675185,23.88094527248153,22.14251672854068,21.174966370452953,20.341860487600975,20.400879921740938,23.47630015520675,22.050441233378173,21.130671944516504,20.310526623612756,20.31111286770733,23.49717941118692,22.15905215298786,21.03689293407524,20.279393425287946,20.557680097645452,23.462838196065725,22.422845776393004,21.133748705516997,20.306345980094015,20.59273512811115,23.223076652554923,21.948168852172966,20.950378893787825,20.0074306530231,20.320259676693222,23.38051274073584,21.95110635388074,20.85660272391267,19.934515078671467,20.288492784642557,23.42338917569736,21.76341434535952,20.655196985483464,19.903729927731717,20.225062286490974,23.57967826587075,21.785005896509624,20.593800962372544,20.024724257016437,20.24899829598389,23.69890878158018,21.751209445981353,20.749295820539736,19.953656046936633,20.418832145729862
25.45848009494039,22.48623090709367,20.91278862753021,20.159533066101414,20.946512848006325,23.601486926158778,21.66635840853605,22.350531569866032,21.268078957194554,21.038827095622583,25.08710212500025,22.36665594887019,21.450743048878532,21.020459739417348,20.651614656922664,22.996058299392093,21.494104130254755,21.346701523952635,21.32082426487776,21.953272464018305,24.48060629687443,21.99588995211918,21.38739697311856,20.982697102002273,21.196348096272132,23.94319348035296,21.72690328899883,21.440183535941994,21.16496766953577,21.334413454909576,23.499059529424464,21.677244496814723,21.33445445234748,21.102587419576285,21.360031434231704,23.338378981122364,21.54006975917675,21.106497078970087,21.04435248646467,21.391476810179597,23.558508672895613,21.83150835531236,21.234933494301128,20.892666926051767,21.082842581247895,23.374214084331328,21.706924963941947,21.184940400961597,20.859835322915053,20.948996265731036,23.980175466005903,21.842693041378062,21.162426867811625,20.7871667722062,20.740348142082116,24.84614704510492,22.063636776029703,21.057142820290842,20.710043161323892,20.652507581803256,25.20236816583356,22.58237001026516,21.34801421441768,20.667258398580078,20.617312375801532,25.599833052881653,22.889925966425913,21.23688745889203,20.644110713310276,20.741028631040926,25.410274568109283,23.027955671949076,21.345146952753332,20.520929594624832,20.845593019374263,25.300330073777154,23.197773954840237,21.41369788585373,20.472323104298773,20.80972208235145,25.259901683671384,23.142131265292722,21.46574946782782,20.40266338826058,20.799885826874995,24.64705796601161,22.579035847277595,21.355811800116765,20.389448402864268,20.84958230418983,23.923658901075438,21.837080140524705,21.289894964438254,20.40067815998884,20.820262887466225,23.93753289755677,21.528968082776462,21.309199953145185,20.447095472288673,20.784998224793952,23.98585434154737,21.545572343938034,21.233642050455707,20.48514253038013,20.88528648757202,23.811166080245158,21.65895032245162,21.253128056373107,20.525287105713232,20.77695885697303,24.373948820502495,22.04319713410322,21.509544054124646,20.51976755889894,20.732058576691664,24.349157137316517,22.22070607922372,21.654597325873503,20.473819684897766,20.489606584275943,24.33123792635146,22.466113543636855,21.522182500393633,20.38008535806345,20.3604885664894,24.136729516128916,22.309947283511455,21.415099631140457,20.242313361330996,20.21708344692119,24.20033265594892,21.85199316215302,21.233671577398603,20.177840705219037,20.242790848329758,24.014731841567006,21.719859829926442,20.94490963601721,20.141482371547983,20.12525609932854,24.531649273381714,21.91736309510579,20.789648337453578,20.107366274841638,20.235192052025486,24.957026403713733,22.271217675609485,20.979018839116645,20.371496567099296,20.596904778911505,24.83592240470386,22.185784962100175,21.265357091590364,20.613485984115187,20.764103675033937,24.506876757945452,22.312095789822393,21.270057802253326,20.75125026388168,20.900138729246862,24.456955261301097,22.401424035847487,21.53645389319214,21.19776160209461,21.468208055194093,24.391184276796135,22.34815360271974,21.626896869934335,21.465537455541174,21.838348687564498,23.936295746715118,22.2252623435265,21.594476263521646,21.40167127678842,21.820860968924638,23.75096622758484,22.349388513428316,21.397133402382785,21.366851652004996,21.96270485505105,23.57109811187602,22.59501887021523,21.44263745471657,21.385681352459823,21.95463461938231,23.32709891302567,22.211804766105665,21.27208293272423,21.122186592988268,21.685360196937527,23.49091074084242,22.308854213986137,21.266424136304998,21.001348349188053,21.61799176806371,23.54567682133027,22.005803540902797,21.018441927916165,20.99075023994905,21.487080902831902,23.923769681567798,22.189400484503558,21.060762844395835,21.13567156931931,21.523604137217557,24.21145759519469,22.16236413300974,21.147559160355513,21.095929469949674,21.662253032730916
25.64931664574753,23.196038828837466,20.97219791812864,20.822495659438484,21.238598494012905,24.86446364871551,21.718568017833213,22.6496795253601,21.156280711149524,21.038334712020287,25.669281756498147,22.650281716494177,22.10374184895088,21.328432784439233,21.070203834377907,24.55264850696791,21.32829324996778,21.81927019418802,21.30457885076938,21.546672997128404,25.28337058475737,22.29406990505084,21.790407730209253,21.00905021836819,21.239666988282405,24.68210852172175,21.800829621642684,21.90048716096331,21.0230578031675,21.30689219588533,24.088092501909077,21.90746914978059,21.757602668452783,21.038391629036433,21.356527630895897,24.00025474168389,21.940279004313357,21.610898589522158,20.93622148675336,21.35609802517613,24.176196229942516,22.410529139016578,21.59444915849489,20.878168211887573,21.233208860193194,24.028403151803584,22.26201708264261,21.322986873552335,20.886543976071092,21.143424865037325,24.839545070201275,22.726400349045765,21.352192679009917,20.891697632809787,20.999786540764795,25.689338862204142,22.916932608489972,21.31722064149513,20.70688103115301,20.896549487973697,25.89726522885359,23.246286964222556,21.481459270248624,20.863836199128365,20.897795327909968,26.102920972352784,23.437430429577724,21.46643937632541,20.84481012981181,20.960859217712798,25.821662315440914,23.530387873721303,21.736209503484908,20.868558647996323,21.0125656631634,25.69736650734439,23.593375174080947,21.747864823145413,20.817440753898723,21.071805028302723,25.689993026006555,23.491809830361554,21.72970414356734,20.951882318965843,21.061241994071043,25.101063267785833,22.932943954942363,21.560494672791208,20.829871606047906,21.004091526918984,24.344564178193988,22.25637596405156,21.590722775715555,20.790478744141318,20.875879617612682,24.428219041944335,22.047895376118028,21.63709355257357,20.805244392037167,20.900894907293328,24.41570152863419,22.063018075971723,21.500845767657218,20.785674065437366,20.87465283715204,24.187435301160075,22.136189018606466,21.46632712373443,20.733030765852035,20.827548080117616,24.827923410865264,22.611144589814607,21.696861076222405,20.67228923471317,20.813147122269633,24.898481627104804,22.83485302157971,21.722363782191046,20.635176401915185,20.764326793319942,24.778753862903155,23.022705465573875,21.595085186301564,20.651598423320717,20.587120801077468,24.546862025223547,22.85276769388654,21.567272089106865,20.54956102813498,20.414552689833403,24.63700978141883,22.631530859409136,21.423846242418925,20.444375105614046,20.411758791586003,24.467737225588728,22.501128745395327,21.293347472390337,20.315820499853135,20.285840651281557,24.996583694431802,22.593486471307028,21.202705110105274,20.315627339421482,20.29391916204084,25.571620980940065,22.91361954870721,21.425332663781194,20.482300140095106,20.65044006725877,25.503357178025084,22.845227676803823,21.687247382816704,20.666204221453903,20.8787542245497,25.226451908698724,22.862461408309283,21.79919685323974,20.856682561173336,21.066605362632338,25.23032154533709,22.876184238143612,21.790852627165787,21.421872750932117,21.651390216227927,25.10304054456987,22.90299209390107,21.864680868086705,21.655925761882486,21.981490891500908,24.682840772426186,22.80206560679074,21.802813826777008,21.66563876403049,21.90952669561071,24.492431640870507,22.91810040456041,21.687333042501496,21.763726820306896,22.008089942547244,24.301650004013684,23.08177785186917,21.73840975605222,21.74275486181265,22.021327549783855,23.951006246263592,22.749157538430108,21.686483207342256,21.461214229095777,21.736614110774106,24.089638175290084,22.777655201528127,21.64304583649042,21.382668481213404,21.595481050406075,24.09630902152768,22.351068525410614,21.520831621440973,21.328102757206715,21.57675721039947,24.394280243616237,22.48991902057741,21.456277829520626,21.29895758476784,21.64339361813149,24.69299187146793,22.434991819497096,21.47439032264409,21.35818276879955,21.7572909710816
23.20955606700527,21.801335296102117,21.497669438439694,22.701775657877427,22.41321382566589,24.301990278518648,21.86693696331705,22.454057465633912,22.538406933174745,22.4663065543677,24.41320350226982,21.261770234531337,21.236498997645004,21.852502136370045,22.158402407706777,24.193337141285152,21.936036194975618,21.57618815212957,22.863862508023416,23.304682222057046,24.21021286170909,21.756262201164947,21.676667728048564,22.556050117126812,22.56555053131537,24.327891327455692,21.941703368224008,21.573879022892747,22.51194148598977,22.559450365856062,24.111959851073966,21.962593094831323,21.33075560182964,22.642195476787954,22.541796364548325,24.30567601883132,22.288216269300964,21.29403359449649,22.627062534959116,22.609052874240735,24.610028942198987,22.60196881840367,21.407376744839215,22.46062771070847,22.36495368123152,24.621221684556172,22.48384482228089,21.23352131853027,22.28755465198826,22.246267752842734,24.805877729597572,22.347083174983116,21.64036368915159,22.19736657036983,22.243846509261477,25.186924790518237,22.46493036370976,21.55881447456568,21.996068882699227,22.13451765025085,24.980138345074693,22.469871322728554,21.728469577544743,22.052886759523723,21.955437190848244,24.681159656815602,22.368834598363357,21.649458947455187,22.085294978257696,21.955186606734067,24.4942336963902,22.22775077894206,21.769362949758342,22.15858136913802,21.98899488395666,24.631727486277786,22.224555956352383,21.39883552564141,22.221389793506354,21.954119035307492,24.762317713188168,22.2820119251662,21.488534632460688,22.154614055514795,22.031426771499373,24.634484944448417,22.16996682714672,21.374999013977487,22.16293835673567,22.051481101510596,24.594402865870062,21.73422242748797,21.304346544323387,22.070720835554287,21.88081909872559,24.742498643166506,21.900559498771585,21.693358868035443,22.034292408342004,21.782014759260868,24.57027619751125,21.85061448567115,21.8133465357497,21.979795070480378,21.762423907046646,24.666679618366807,21.874752815253654,22.092399919452767,21.998706436302307,21.572555713119627,24.634164387357405,21.999012959859492,22.228977226287363,21.822773056107955,21.584329484077102,24.652829766344396,22.110836494915024,22.371428592317415,21.83897195477032,21.61105439777402,24.51445342488312,22.43547720120621,22.05081550393084,21.701451427398496,21.457807740020606,24.441295331097717,22.50657553480068,22.011664144243117,21.441187107549247,21.060421875677577,24.111096077467167,22.22315974990206,21.621927893986097,21.350886906262897,20.955910315079752,24.487419029773655,21.890899965617837,21.654419278457,21.36095607732135,20.77046634387293,24.453896471199805,22.064160207491984,21.607885462662438,21.26828612642311,20.68403015469181,24.59336308811932,22.000348254875597,21.496935614043746,21.47303533015226,21.07301874031641,24.85253385781223,22.024723932203607,21.526218054377964,21.7355601549798,21.3730269695221,24.385653476318318,22.152506983610998,21.53661208345824,21.688883260040463,21.474103042828347,24.123008118007597,22.64281849710078,21.646463125560903,22.234305986020935,21.96086156241162,24.319608592576444,22.75831750230865,21.561036751159072,22.349926299325073,22.206796678302958,24.24524996646702,22.72748745281592,21.74424341964056,22.36624577923962,22.14256144907886,23.970839830613116,22.81021062003169,21.779423663923797,22.535820089455218,22.418851039279584,24.312594703369765,22.84190021578864,21.983283968873323,22.77447811564799,22.679563574769993,24.573120171938847,22.327240080554066,21.77633220445518,22.55128377378939,22.638373536898605,24.622921348229593,22.374446848808155,21.869157700139276,22.70817207941275,22.84043928852185,25.00519764161953,22.261929150486488,21.777051095149186,22.850118997439576,23.014500547734592,25.289853950627464,22.01193943237306,21.835496828802572,22.951358469219223,23.196472716706,25.017572610980636,22.11341136896184,21.89933395695847,23.04075636331642,23.35711987806291
23.507650963759907,21.548729135185102,21.23072828569309,21.24568084512954,20.84358943495515,23.347251595256154,21.788986848619423,21.866280796673642,20.98893263577325,20.918862797667618,23.653734786430952,21.147378236915166,21.236812062548587,20.767421339044,21.06761881860863,24.309304988375796,21.158752664822057,21.6609764061645,22.01716381053045,22.19701306552408,23.835136326918207,21.49174723519333,21.4144025518435,21.223397916714358,21.277831451978575,23.700090089444927,21.55504273717396,21.192951691387645,21.199741044149224,21.345528147766473,23.572579606752875,21.492696616022453,20.992690117538217,21.26391918590499,21.36726246416138,23.766207751109057,21.787647392242494,20.888369050526222,21.193794750139993,21.309156503130986,23.871430486119753,22.14619194173685,20.91007386520215,20.892653882908043,20.966156412972147,23.781439823118493,22.003073458705405,20.817461490050313,20.755706840098206,20.661408686885938,24.020612795918343,21.903761829090527,21.187385609261227,20.67620534844865,20.55030776566084,24.488105947271613,22.141772796752434,21.089109239413027,20.48651943577472,20.458873023625564,24.53738250099014,22.237697244774548,21.301043756693378,20.43982788934712,20.447907326301035,24.490461195756886,22.267391774627004,21.173707886227618,20.458686352167863,20.4964410089554,24.356655162887876,22.13797201747675,21.16052902438599,20.497518573213462,20.597427210396354,24.52743532157681,22.222472072199984,20.930618443901825,20.502975551096718,20.59018714370661,24.54338294463232,22.219863369005985,20.917053375478375,20.596313912566245,20.577698612935357,24.34870764733082,21.943856941909416,20.73616312983814,20.68866445903098,20.509123312846363,24.10504533890246,21.417669285519647,20.840815339992332,20.59866919476064,20.513097982350143,24.325546760691015,21.419756905581185,21.16271622789492,20.63714930273245,20.52352403689136,24.161780073216327,21.34671992899336,21.299421781084316,20.60471465295521,20.531418047742026,24.181478142252836,21.20358584582855,21.654998768002837,20.557190949344424,20.436374212336926,24.046744675025554,21.448397022240872,21.853975848700927,20.514798330768475,20.41764678660837,24.117313012051195,21.537580603917093,21.801940642521718,20.520533869596925,20.274387850012225,23.96671385713649,21.90575090862317,21.628891476698605,20.40795472486595,20.05747316102839,23.98017532522433,21.99335603432434,21.397337022040567,20.224139783084222,19.788643669263514,23.781932364180573,21.81761134543803,21.010955808551543,20.12345723711784,19.64329446063978,24.146424675911113,21.47624857470269,20.928725131937604,20.018582899908548,19.515814500211416,24.171246235086194,21.733181528410977,20.884215302113,19.91193232783641,19.359007548945044,24.34200230273559,21.67956655739163,20.712400307345327,20.053772355962888,19.892989133932566,24.49440574225758,21.688532635023783,20.968979937640494,20.2055502353735,20.254115952823014,24.06176181462683,21.792152430439646,21.06524129920755,20.266337922473724,20.446992038138728,23.84865570677575,22.091183694681217,21.21849354592286,20.85500719605919,21.162230747081388,23.915678185005216,21.991839017103107,21.158543558979154,21.06561557089724,21.566675715800702,23.913934704086337,22.050047722575265,21.357125440354377,21.19882886441437,21.529872278817148,23.639042293415958,22.02305807481427,21.303849896079196,21.476488457952055,21.859005362049594,23.875974137530573,22.128812203848305,21.357398721422857,21.668321289299477,22.16230691968438,23.893145251234756,21.728314990434885,21.153110864840876,21.347515131568535,21.921076591965704,24.026334480160642,21.926959437941626,21.256965986466703,21.455550555652007,22.162662941017118,23.839055450835307,21.819342235306234,21.111577514498688,21.57306108184381,22.30879839772444,24.15800473473056,21.849184108242497,21.026085847979402,21.568491528089574,22.244855475360602,24.167390759772942,21.93567526545338,21.104632114549513,21.649033742855714,22.264739055756305
24.009939574892456,20.49859990241259,19.858803806032956,19.774628660308952,19.507337666263265,22.19578631856413,21.197871954294804,21.507161125206814,19.838635197049477,20.070365755856493,22.960670489196456,20.811217331982014,21.139546325283817,19.892240068030077,19.924745702282507,22.264981490599947,20.572397059821277,20.50972363480555,21.29000820117003,22.28690564178097,23.07560682362422,20.86414179692945,20.69343123680414,20.210717094239833,20.460340464584355,22.606429806608258,20.936367177444005,20.79101266864181,20.25090276203561,20.701891270543502,22.699039764472044,20.89063236605694,20.559737023604384,20.32781806494511,20.831938121844722,22.84527598369429,20.991539099910874,20.420557410261658,20.24603802631744,20.865982680754747,23.225941096617454,21.293757637123054,20.535206720295236,19.97831108890087,20.320689622230397,23.034928823457722,21.109344759121015,20.307920515615315,19.717946775849168,19.912436992509946,23.2947294611809,21.120632389817665,20.31134224204452,19.529754578096924,19.608499200656997,23.665084610504383,21.268443623442327,20.11773727168089,19.24599559508717,19.217089469133736,23.798860825608635,21.514966749904993,20.17968542253375,19.142630176220173,19.03422920365317,23.8028376705663,21.6020241559617,20.134763065557188,19.021716002548594,19.02738200845401,23.71157754576865,21.59202293615698,20.15871670588458,19.07142566933724,19.177715400896453,23.896387404196485,21.532166595383863,20.14358625349403,19.074700160359995,19.165106840176243,23.792980046779906,21.525763088149283,20.23076252704785,19.199146464892515,19.239793492575814,23.384831761821815,21.17939584022734,20.02899678087223,19.178637151905626,19.21707638628385,22.99619269319449,20.654633302794785,20.01639688897531,19.21515815807719,19.164062862174976,23.009947654291842,20.607083770696068,20.363076858433047,19.319635621335564,19.15042053761763,22.80929495404723,20.692756012798828,20.45186870387517,19.319430545457443,19.105004574515824,22.724203586433852,20.54451004362255,20.792993248035035,19.265705132588806,19.01098171979931,22.822610769452517,20.836850166652514,21.21996847367134,19.38571485821064,18.91469154444087,22.956377233112516,20.96236028843297,21.20319372125795,19.27868465320991,18.825629591968543,22.91817333468165,21.260138988369455,21.032158322600893,19.12706365982638,18.70294570057034,23.109624883699816,21.279989977279307,20.87758037536483,19.063662852445823,18.495404377761105,23.060493936552795,21.196053150835905,20.499029699570897,18.98119541434654,18.37470561091734,23.32888686723279,21.025810188842787,20.294538959910245,18.81461897005558,18.344323424530124,23.52182551229895,21.250412924962443,20.213139224922138,18.73925955728066,18.256461136379418,23.826088360719897,21.239634068307556,20.16542125730144,19.093161085669774,18.873082675258278,23.772503862418557,21.220980930479662,20.376354706487174,19.22634743594329,19.313021326747617,23.474561281306045,21.249658540267085,20.407145320767476,19.28393269929264,19.451803032584614,23.42145794717202,21.31238808658116,20.501282634571048,20.086267872147353,20.217777485648046,23.23514150961392,21.06616537673912,20.571468300795843,20.384277258180216,20.664608948030455,23.17697726777371,21.13504878487836,20.681623449161954,20.53012826463705,20.608729425118895,22.918397949959587,21.10222285411563,20.650573093897954,20.94926552209595,21.075828121501036,23.031468523497473,21.226782300058623,20.601158403649674,21.27726681356463,21.56239433017065,22.746553991485122,20.98659989484337,20.543603169856947,21.173394327159645,21.60437181672874,22.895413595105456,21.328659169684226,20.377500878358443,21.42957279972635,21.85452436069957,22.659945588283627,21.163879114016392,20.37922489453041,21.445269048038835,22.046772828380153,22.968079547965978,21.309567680471112,20.359865867586024,21.543138157232903,22.10782073471755,23.00588015491882,21.45995590323005,20.606690025615247,21.659307552699126,22.323464565967747
24.119066078608622,19.793986334983273,19.216621335475306,18.366227851417555,17.433286119872953,22.063331497670784,20.81298610358733,21.10784334580245,18.283324551498943,17.805501064356143,22.070012083286105,20.28292442131975,20.929072752894655,18.4137856481089,17.646049944306167,20.20435984896833,20.402605513668398,20.11227105417781,19.050763488544067,19.748596953175362,22.387287430846534,20.45857719367822,20.19253022290482,18.51325077231748,18.154255781583885,21.987792842233027,20.580764932884954,20.37557558499622,18.5840217135339,18.359493083112376,21.97184024239886,20.265702274447957,20.29258504963159,18.73231884401337,18.477571118956913,22.122926477743228,20.30098744270046,20.062974464278394,18.733632304783946,18.474888667372653,22.727500349966736,20.528566354390243,20.11639955009331,18.63026128030422,17.99217911781003,22.499854074149702,20.193483305532286,19.852331321349755,18.527460199227278,17.67890496432548,22.504903318550134,20.240660154167173,19.714278652380738,18.457094310257794,17.43701720934633,22.83130864989114,20.434813136719363,19.518533592571103,18.332864948233755,17.072395933332476,23.03463858564613,20.772865727142673,19.588764097194225,18.164068310598584,16.948547787823113,23.1839665251724,20.904683102741412,19.52139228138941,18.149146436489037,16.940457916988542,23.108173409104662,21.109373979229083,19.682276153299142,18.15276116654499,17.066059810688756,23.261837064119426,21.046454957518826,19.817140965627946,18.141346117341826,17.046681528666745,23.21234732054555,21.156706652225175,19.795021987663358,18.137740584737575,17.204060396232467,22.89730300878284,20.798555070521992,19.616950072004503,18.13169508885438,17.161056017634177,22.26737870667357,20.446850569822033,19.749606501789764,18.123463382521702,17.146143624437432,22.34833473679264,20.34149300437429,20.057647618490073,18.334920484583044,17.124709175060712,21.946500261150934,20.37095425311733,20.167073053315903,18.210275305970196,17.073422235460434,21.719968584338027,20.33542400853496,20.451230054918362,18.18439822313291,16.961342114659068,21.81707867214815,20.619823287428638,20.96606733589916,18.41249154710382,16.988569050408294,21.990127616446017,20.49303739855864,20.932877766641568,18.38816547657744,16.97473284247907,22.063580837740453,20.73143403374858,20.79243015061529,18.166111217650563,16.866752190215692,22.482774971470693,20.787615152626863,20.589301085458644,18.264383826271683,16.7701460736094,22.672091334363607,20.83443494718325,20.349608198749422,18.190563291002157,16.629094208767196,22.80635480768687,20.694759249224525,20.039567105119573,18.05439654137138,16.584193213374284,23.11543467289183,20.88387748108508,19.893433906324866,17.90176815814082,16.510794232166806,23.233797208628722,20.85845702201007,19.86293190839712,18.125774790955187,17.04327500545603,23.15621459035365,20.8148737318299,19.95007175091684,18.060665449794794,17.316607550976197,22.890719494195658,20.732491977585106,19.845244325825565,18.06022394614627,17.5274567852403,22.737686923476865,20.6417763390097,19.701100296883094,18.491033431490834,18.15992517193697,22.613544460977675,20.488684697848164,19.781809471287005,18.646093236084376,18.43696473551934,22.56867748323543,20.51766770197699,19.719474581896232,18.690587490553145,18.401245128131798,22.299611384369207,20.435777990073284,19.745165218316465,18.990413113259237,18.812695936097676,22.252109660989422,20.506053565598727,19.614033087225998,19.148894379332795,19.149680656464113,22.03646749616464,20.402289510759438,19.70286539817796,19.07417854744469,19.19300403684811,22.156679670615027,20.643668862023468,19.475678732449165,19.281414447550937,19.44986226060193,22.094432722886296,20.517446275820383,19.49699437919584,19.309976835307687,19.597282312351044,22.479978072876783,20.62065389311785,19.378167561329093,19.419170477931296,19.65942616616539,22.3536157164445,20.720746804359774,19.571953534984804,19.542523237325135,19.84917879561906
24.442604483579697,20.236923911237326,19.5939171927945,18.427303536229463,16.20120979753973,22.144943134263176,21.617504957662973,21.524102752044094,18.586512905570547,16.35631613797257,21.491796888180268,20.986637330358285,20.952689445139164,18.084705980990964,16.43087684186605,21.64585464158753,20.026744316776213,21.08903282415225,18.22924579751384,16.846186883329217,22.567863077249527,20.833111261564277,20.637359857405123,18.33002876528771,16.46183484132474,21.867254134365727,21.003035753965328,20.888026593564415,18.312357532187153,16.479376198039603,21.793267489094156,20.765456802839346,20.97907132498394,18.42139528437841,16.458129350307367,22.01564302442541,20.63057385881411,20.69246126577068,18.38216139902166,16.52892952020496,22.357735608960095,20.920006558123262,20.53256584701423,18.409878953827384,16.41165269472961,22.249791777085626,20.783682882451178,20.355707833604242,18.384677669968692,16.357966885158643,22.610393834091106,20.761718722063005,20.219506967345005,18.418180800693026,16.29365404475577,23.07863162164781,20.787548070691123,19.96309682978831,18.32252097045205,16.29819490989817,23.38239214383372,21.244770801224917,20.0916954839439,18.320785543557133,16.211317284852345,23.598101443274906,21.473555586371504,19.96222419665631,18.356018040290508,16.26640176495788,23.47653080784023,21.59804626599098,20.112570768565416,18.364420449747467,16.250832899525665,23.550329871249367,21.554578747725238,20.296569141567655,18.34116624402527,16.27268932187652,23.460775888348632,21.635735693596438,20.357820810477236,18.19988973207412,16.31668137118633,23.20538520232299,21.27127919472263,20.418061205290776,18.233273563606392,16.284976070213308,22.63163745451248,20.950300100506006,20.78141483812609,18.1982424948684,16.261875592712205,22.501570729900674,20.792096264523114,20.99300715369983,18.432637529344813,16.28687177630703,22.30544683441959,20.878244497198214,21.060386350171314,18.406725270407023,16.37478262712716,21.942986038698926,20.950527175962396,21.22535955898494,18.47825041603121,16.328345786629086,22.066672450220032,21.17043128591944,21.64281585912961,18.579529366959754,16.424991002865436,22.19259150715345,20.94096467445228,21.663171439364696,18.623698185530746,16.473677441572566,22.37539012072516,20.94572100456498,21.62262589865268,18.35553712422559,16.468314038912222,22.677178320180225,20.907556895015183,21.372622696864923,18.35969278364027,16.41986510783221,22.776710373628305,20.920354531190625,20.99746138948637,18.354615324849846,16.404942241362072,22.621026819140173,20.64895501286827,20.65068245069142,18.266707153933687,16.296085863000904,22.827059372044097,20.83316636653791,20.27826691557596,18.087883857640296,16.175223463243963,23.037508533112092,20.971015335011124,20.1603243693576,18.128348453865176,16.361449619891204,22.71509053652604,20.950484895244564,20.15995256690273,18.155739250915623,16.418347691399394,22.644971956485215,20.75289831699964,20.018078052015774,18.168652192376282,16.41685256425703,22.593790902558997,20.83118676883001,19.979592222799237,18.26761265150316,16.670030671018203,22.397588720234914,20.991142939479023,20.15427102821924,18.397525855443487,16.80762458190843,22.30541369474873,20.980411909377175,19.99839602403115,18.490053213794447,16.72701423563985,22.453781803559096,20.97520048457728,20.037379338739804,18.465952194373124,16.813499779198025,22.495702675924214,21.05500282909737,20.107969202753463,18.37742975620501,16.917918407009992,22.399376097605817,20.956670885552484,20.003246845166228,18.318972761118637,16.885967726309314,22.559621569091313,21.00712954519451,19.731489019865556,18.339533072373968,16.982479011241495,22.676873905982927,21.007194229507352,19.848313919056846,18.32452121650782,17.08325641102538,22.73490586113373,20.983508713651975,19.717209391702198,18.334559581307698,17.09098451707347,22.701222057944648,21.174159131750624,19.876741502306253,18.46732486920355,17.101825862746374
23.254717681320955,20.068905880505277,19.30293486068315,18.182348478942323,16.984888743522458,21.837808990708705,20.890431895340274,21.324434446306423,18.845181640027597,17.38145551811126,21.995617156747667,20.359994558252975,20.436756064685387,18.388667564960986,16.961552116397527,21.07505181848638,20.470490009873085,20.783699735045747,18.5217118897022,17.843334698206572,22.115426734685578,20.338824295715334,20.3008469266069,18.466370473001177,17.374577771047335,21.740084801122908,20.34848867900103,20.452713979994932,18.539101052524963,17.470668861725777,21.602654665127535,20.209211905367223,20.43430409124208,18.494581992751968,17.46226759918131,21.605409946344952,20.153996049821963,20.187330091765453,18.425938456984834,17.55027641617641,21.813743109512252,20.404973323143725,19.97504626832949,18.436230339368045,17.3500606354947,21.759358334164833,20.608458842804872,19.90752901783306,18.40550394682217,17.23268786369743,22.103852082852555,20.637541840823538,19.864699873094676,18.404751528429934,17.155180610575222,22.43588374266819,20.673457703009678,19.728048870971225,18.349357387513596,17.10251267734694,22.703933867922835,21.063668509420957,19.744805619849025,18.344348052943236,16.95355834680128,23.038857792554403,21.123359221711524,19.682930859326824,18.358721303629963,16.952843033903896,23.40366169892111,21.42635813634859,20.013641426377383,18.401554072317538,17.01592188650499,23.317433248905314,21.52115695179936,20.13574795751611,18.349181126427883,16.91909635161408,23.358070691314122,21.450333946824962,20.03961676613608,18.253828167259762,16.94680274934586,23.15919804710336,21.226391832574706,20.23792162635889,18.224707130239164,17.119653745827925,22.92113623878582,20.884492720668497,20.489348071085438,18.16161520192191,17.219138476555266,22.33577355687383,20.468088323569116,20.35774580492656,18.23841617512567,17.172420233659587,22.20937861290715,20.464283441529613,20.28931870817499,18.213890416742736,17.24208953934528,21.875172972855495,20.74330816425812,20.54136192480106,18.28182145265079,17.1303808227889,21.96386321719137,20.80400018544148,20.68922155310185,18.369958089378322,17.009864988705438,21.900101103310583,20.851186234589797,20.759818750320125,18.440810660904877,16.909100859066044,22.120254622763447,20.805729858885584,20.72266221725109,18.32860226671383,16.854195658340196,22.171727629286046,20.6030380120041,20.616338935717383,18.243960247517247,16.795760920440387,22.383655976001798,20.343282492011735,20.30929082992363,18.26209490784978,16.778115063253335,22.407609862280403,20.1134642004237,20.18217269181725,18.262041534179637,16.824713824209987,22.630432928733843,20.193823077505435,19.924453676177798,18.11180991244051,16.813713937065422,22.896527532792664,20.29377656726309,19.77497946410518,18.13804887330479,17.095758532385524,22.79641339978368,20.5527546957128,19.93398719744512,18.275642563924542,17.14016981112936,22.733429368086583,20.55000157753198,19.9622756140688,18.217600477378696,17.278469804718206,22.426332275971088,20.78420777473535,20.010992794250217,18.391928603814968,17.549834135977846,22.285844195407964,20.952536652051613,20.06570084033031,18.487456079404602,17.753664920348633,21.91441945713485,20.94666230798701,20.121234450158436,18.523906525100887,17.643919623680418,22.12998477150414,20.940374239432888,20.000123433238894,18.477645433506012,17.880649426792793,22.200439567096936,20.89877368183121,19.839112634195494,18.523861399941577,17.89784740489637,22.208814667815005,20.703697064612513,19.68643678119097,18.436740172522537,17.703488163733272,22.31686314309142,20.587305319825653,19.579947144818714,18.450202489392982,17.76709317676532,22.448360893068845,20.64062695758918,19.61177639578385,18.472315120030682,17.886739196434398,22.48235334491201,20.500649061264358,19.492259740530617,18.523263049523504,17.920417676692836,22.515848949589937,20.76690943544577,19.606331084283422,18.529438304568394,18.04652333898661
24.049999676875046,20.65197760315435,19.920253599686742,18.859535953002386,18.32300369620939,22.855278842996565,20.900625860037042,21.577733425982405,19.402792111902208,18.40624791439496,23.25237453544946,20.645732466885004,20.87401718487822,19.53438167903334,17.958189977928697,21.125284677604686,21.0281311439892,20.593194806330676,19.615507132164534,19.80281110477856,23.00412489244496,20.72546159930214,20.603810266832298,19.279221015048755,18.70487359889478,22.47679109612174,20.553508147831955,20.603709923459324,19.438138428979688,18.844677287230684,22.305737048321205,20.48871113038266,20.571185093629047,19.369432731134573,18.888376041147477,22.164541107825137,20.471035832959924,20.354890275068637,19.246697544019902,19.003263578984274,22.582844944167114,20.68538488527192,20.464543990847552,19.11170028339194,18.663016591872406,22.386982939255468,20.69907234008035,20.409618420124207,19.131967827058595,18.480513164751812,22.939912536202073,20.81783055899492,20.443706561715384,18.976469518974064,18.348907153776743,23.30277175572595,20.86297303391367,20.273341474971534,18.931396213645005,18.24860853541637,23.60663639114349,21.24498895213322,20.306020917626388,18.837174061322578,18.20250563076621,23.822236782046733,21.34368338215869,20.0998999031285,18.779681711184388,18.251823095646206,23.66051319970375,21.442836281975918,20.218171053855638,18.691659567565416,18.326939130818158,23.627113320110702,21.577165020137276,20.387769899922965,18.65687023767261,18.17549665351563,23.669305576846927,21.567553213290317,20.368283530135642,18.545211839812023,18.17810692429991,23.28767226866176,21.212357612473575,20.483267011796052,18.614377786187955,18.16688873024932,22.605653810322067,20.807285220689643,20.622950628740803,18.619300239998807,18.082999250044914,22.70858611303917,20.669967614999475,20.66217683064107,18.67972473412123,18.033908382125656,22.631975206954827,20.7120542645005,20.46114812929124,18.746311738013333,18.184418098637625,22.441879400619023,20.84304026443222,20.769122188826724,18.863929436661344,18.14655425294986,22.852942753459327,21.054622061370615,20.89973214085712,18.937327773178364,18.06466566017456,23.0283028665011,21.057665072681317,21.128942263350844,18.99297649198026,17.938039359549983,23.032851078754522,21.12966896609646,21.130615308082973,18.94659400683097,17.816384145845312,22.867535724525265,20.85061181304471,21.142752869014878,18.72755627836878,17.695257030276625,22.688541785787052,20.499254873399977,20.8384182969368,18.644556135225653,17.643852375290628,22.482052270293376,20.29609709571519,20.71199547415307,18.49317368415615,17.61980052866925,22.75744474613611,20.345188536316833,20.32469104740699,18.399211846154085,17.704261456526353,23.065708634918213,20.594303645959318,20.259943670526404,18.539406718673867,18.206341291399468,22.88268188275776,20.735428771290085,20.426090781534192,18.7840401660885,18.361949489362793,22.991713428351993,20.954771515801898,20.363290238922556,18.805786563470292,18.48209789931997,22.966724574078746,21.15404741176112,20.51867165589937,19.25943644738441,19.05268074442468,23.08909823423783,21.30935318803798,20.6254941732306,19.4049548533671,19.387073826270314,22.65546296979165,21.16018332524569,20.62748527752749,19.39783443845718,19.2626248162006,22.759249637788685,21.198740892574612,20.489489269819067,19.414896628776788,19.523370384830816,22.623791729102663,21.280853784386434,20.501738754801494,19.514195959998737,19.64998712653167,22.387381136763903,20.961078817562736,20.220595242964812,19.269716916766264,19.4695708932785,22.305594993906897,20.979439555722102,20.152683154155575,19.271613995031494,19.59034807774516,22.45651129561842,20.926824399243944,20.047933634417724,19.26300808886907,19.65260244929403,22.568666178970094,21.04204183013774,20.103522816907685,19.331353132539988,19.711799214697766,22.636330374187036,21.01835923033574,20.14595334286421,19.370691236164284,19.882496784794327
24.01512689950006,21.47147386433218,20.67071412536028,19.11588571843767,19.20533748948768,23.910746349649845,21.250490349964245,21.918121358159766,19.978565366937833,19.30629618535714,23.862579104281313,21.27525328560065,21.297224214792553,19.873900473535524,19.07160265623582,22.59268779253139,21.29126850828104,21.22015865439823,20.329441691536523,20.59584311202131,23.59720119972675,21.270301629563722,21.119528693922405,19.767881181672728,19.621613856428016,23.29329497460202,21.05414676957863,21.11223621139392,19.98103235400508,19.774377337665552,22.98707385540205,21.124414710962345,21.040432011849312,19.93225927728884,19.84386205276319,23.010255881910105,21.15892620810956,20.921275037890542,19.876912735550274,19.882075157993995,23.318156385859844,21.387461045763665,20.982285916461358,19.7220667767658,19.619879044574613,23.240356032004218,21.40925301531957,20.961829854411576,19.764658847890995,19.385168984467775,23.757909869013123,21.681150455891533,20.93694744389498,19.63760556611826,19.272340732952443,24.18875900715462,21.624198633408177,20.861396208043317,19.518218650841668,19.06073182334719,24.31416827484501,21.889508627428313,20.899981615299296,19.448891644955616,19.073833053910313,24.308334986203718,21.986896905761295,20.689367582194574,19.408920224125193,19.044929855612203,24.193220322096764,22.00725685790971,20.746818284665682,19.381087774874107,19.200599734533395,24.067789237578115,22.156329197687164,20.877752256725078,19.29170259515987,18.96554437371197,24.107633735541476,22.170602117042762,20.7939240474756,19.27866012823987,19.08193347997838,23.714247423264517,21.858374615751373,20.743260927809423,19.28448592682168,18.990918377229473,23.382223096561287,21.50658891738626,20.84697895294146,19.206689335192163,18.946584624625537,23.605503968607472,21.377809930933395,20.835305165108604,19.15042295090001,18.75202138229219,23.591623172871856,21.250923521096766,20.624968592397003,19.21703781182496,18.855636719625398,23.386245088324134,21.336433229872533,20.76745891784884,19.20135087724909,18.776349880482123,23.845346515965836,21.64873165317654,20.940618296825612,19.235811749856815,18.682703717378665,23.615941811025497,21.639779910156363,21.087467298187455,19.288253291013223,18.496001686357083,23.358117191184466,21.752711126247412,21.044577820181424,19.282689830175197,18.48919550968402,23.049842871677217,21.47925660003957,21.091898531832122,19.165533944789054,18.381957407526365,22.94706992217486,21.16244556419369,20.953669863121934,19.172482539367355,18.311323164976564,22.84376982187382,20.862777138674055,20.840317426485477,19.035390235820294,18.333431926098417,23.3107667699382,20.934821864670244,20.672208733396708,18.991177463582595,18.391183699078006,23.65503843534372,21.21521898935582,20.77998403370298,19.21342232225996,18.83180799231112,23.78713568438069,21.353814692620226,21.06955770860966,19.40636498378218,19.16454187346168,23.837603954984566,21.620204000962936,21.054904899731856,19.441177132004135,19.357045939369744,23.666699355139382,21.868775029716375,21.139034183250658,19.888281048210565,19.84514966578058,23.68675593297537,22.01634606652467,21.193773869956427,20.079679052597964,20.22641353010051,23.287875195599447,21.842810032816075,21.19669696209225,19.99296962492823,20.14774365940033,23.244535796471034,21.982363538746064,20.909747172615496,20.00994651943639,20.33605594768101,22.915180711332304,21.98637881036164,20.919687869957492,20.153101494165583,20.505941235196133,22.735509733994995,21.74166015781524,20.82027779439364,20.017760714753194,20.41727272854659,22.72948513011787,21.604581364045934,20.811415649590334,20.0311756840658,20.559773678072908,22.953507479385994,21.416359687445365,20.583959330673217,20.095241096680592,20.676767132997448,23.09271750361653,21.529034880360136,20.672797039106815,20.219069569007303,20.74373538050562,23.30296161539137,21.45252998261479,20.729235040553696,20.199268194733264,20.841086284407222
24.152341095675663,21.298773060255414,21.203031665451455,20.488632189785484,20.83606065750178,24.8236881179522,22.090352628407643,22.58041729453397,21.481320757693727,20.5787767281736,24.71355351711981,21.896608755318756,21.848287456508018,20.388410012130958,20.48513916958019,23.60659034857125,21.52096606413259,21.8427724678158,21.921264337210076,22.45324658634457,24.300474908567892,21.664950279242355,21.770680513743418,21.015717180165865,21.080801999988616,24.11851026086041,21.645663360646175,21.7744662216789,21.109901985020024,21.1619856118511,23.4357082408303,21.609963638714483,21.646979833845847,20.96345285815476,21.237744474731436,23.53359133474668,21.78499926213315,21.562562030955338,21.034174367578267,21.36264850492965,23.918131623422546,22.029389145452157,21.54687262064895,20.859372719445094,21.099343319476073,23.891095630154716,22.03569604727154,21.307966222905797,20.83594919197488,21.024025202083287,24.48369439174912,22.380171113947046,21.30093312797853,20.775479754776175,20.92816773760425,25.30402044895933,22.417766913617754,21.192215129358715,20.686301914752868,20.903595980272108,25.214593915993923,22.39880746494971,21.365095537573414,20.744810273318695,20.974817745842465,25.01830021900914,22.54417580628823,21.283705309559487,20.81482004254088,20.98045178278606,24.926919970740613,22.6141130337604,21.526792701063147,20.786236432436425,20.967043972684152,24.760090641128084,22.672745093102517,21.564922070505567,20.71106142899864,20.84118383318134,24.699297620993214,22.64524789470942,21.590539906754934,20.79923370983346,20.712626767418346,24.42830863831869,22.446241129553847,21.30698391409046,20.625960505762446,20.531778301664254,24.052085376990057,22.07065649262272,21.382867177615843,20.43730488526066,20.39409726262562,23.997301478694368,21.86069180570674,21.356433668235546,20.38496377010555,20.36333545251231,23.890338547751078,21.621975384450632,21.202743710081943,20.488450374490647,20.394608925993854,23.79057237512282,21.701363322211584,21.178588106172757,20.42079694454866,20.34180785142474,24.22257236503065,22.057588821601676,21.428532846442305,20.40077114398291,20.324429253665592,24.390509010404706,22.066672471411103,21.37226055740934,20.433010419161178,20.228514629434436,24.327900181015526,22.357376819521217,21.364597729223796,20.460389059348643,20.154690704746752,24.06164580639131,22.181109609130853,21.46135577894794,20.289408831339365,19.981872916192714,23.852098009762585,22.052335875194693,21.386468336990482,20.181386874013462,19.949208679151493,23.661368362728382,21.7770712334471,21.30713834625541,20.09646776867627,19.80318411506822,23.77574954851101,21.82523597220208,21.295107943864075,19.969594346235546,19.701915719247186,24.210336374867325,21.98920481260061,21.43630355993501,20.2421547870226,19.911296298608413,24.37520844049996,22.175589945514343,21.597249983664607,20.335785612826175,20.215851800882643,24.40727514604571,22.28489243914324,21.622017722448447,20.495265193725466,20.43341144892397,24.582006955214887,22.476506714290025,21.707680830864298,21.2136596795411,21.038743875526958,24.661456538156436,22.56027252625342,21.772036297934996,21.331784467877096,21.38125877815521,24.25513533174351,22.461405566260005,21.774086048898635,21.248384778412888,21.306273863649885,24.177297342070556,22.5596242361716,21.562091695004447,21.377662587429487,21.40672423888293,23.91690497240382,22.529418656467406,21.69662667098437,21.40641755713108,21.544940746091306,23.534500045598936,22.202616354513985,21.527604619381485,20.930556375153685,21.188092151650928,23.527694168391413,22.167906536455057,21.514336963989063,20.99721071388981,21.219078327233728,23.625151019139537,21.72067819016612,21.31787975868133,20.991239355201863,21.295241638923972,23.781459414259356,21.782510182694477,21.400282295729824,21.023975717121928,21.45808332962914,24.030300276162727,21.63723063303312,21.297533918068744,21.04063878256773,21.45373796549371
22.407330969955005,21.892015203526817,21.786514329555008,22.989808611968144,23.58605863656069,25.180012696017066,21.972443752048235,22.228553029703328,23.43405416629041,23.359857004352662,24.35474649779986,21.727588157113978,21.55538787227376,23.3819329984567,23.08473821740577,24.366556067789517,21.902039232361588,21.743599001667317,23.45428559622962,23.551426386135404,24.05473083458254,21.807961269077232,21.891624346280864,23.295873672744783,23.395082264486227,24.239051614837145,21.841463728791375,21.68644343568418,23.36195884803076,23.336878962681933,23.738684299282376,21.952102862123276,21.544071879836146,23.34632062760013,23.288533829049996,23.833085100800847,22.094422962303092,21.54125573165046,23.384952664750138,23.36236509112336,23.977117501221606,22.393496608859703,21.57529999106029,23.278543447740915,23.29784130119048,24.01173491096808,22.360411041757008,21.318583965649403,23.141388591561835,23.128261514905923,24.21572441212451,22.3980206727121,21.787956402232368,23.134228671171137,23.00813789089671,24.4912801963573,22.370132529984865,21.932091743745037,23.04533905086833,22.850287290364975,23.9893177186272,22.191643810853055,21.997124137567475,22.930985641652775,22.750024812344066,23.501269973482728,22.10449352171866,22.08000718502707,22.91267502238516,22.67551454866353,23.349673435476596,22.085014596262027,22.11196306885604,22.993262038279745,22.68764877188924,23.293593397868015,21.802643675239477,21.725033360556214,22.94355399901406,22.72691844077845,23.4972848890738,21.75206060843517,21.500181457927155,22.998803596421133,22.84509597031726,23.676042584691523,21.97548756324376,21.447696879923246,22.905851969582365,22.81981048354004,23.947175753183583,21.567083103438854,21.353237416798002,22.938477376439007,22.883139631893478,24.272982291628953,21.663366593929755,21.782630385091107,22.891454700597855,22.911925998125632,24.298439823201573,21.89424296146862,21.93481350743729,22.923290126488386,22.902510326440492,24.569991653301127,22.054966556440327,22.248714177752984,22.857002340817765,22.799134290782355,24.494561459106006,21.919860915655754,22.282871651252783,22.93895722043613,22.777522502503242,24.476357668426303,22.168033497664773,22.380835686983673,22.911472904100997,22.576868138269372,24.353574247054745,22.368550742612765,22.221672291252073,22.782237920982528,22.477464786513554,24.191451870736678,22.32509365096843,22.26553308117891,22.59817807942229,22.17084499074122,23.751329623674643,21.98808485776481,21.945342594126117,22.50745319510957,22.161712124972457,24.015832577117948,21.868476420751392,22.038044587795675,22.399005247696795,21.960136475659603,23.91334372909055,21.627235186545416,21.794487728108965,22.287164746201462,21.947361797551103,23.870931909754653,21.631862757718757,21.705009318532404,22.540453318852474,22.20400258101962,24.179340607014314,21.62191027659695,21.745379246467408,22.59289318736416,22.48539196668321,23.87166987977492,21.793242958609593,21.75911050845188,22.68389447185009,22.49159724509166,23.860398827423932,22.228987905161183,21.904178692755096,22.963528412661077,22.881060826662655,24.03632804003943,22.50876521429898,21.91511690461468,23.07764261174338,23.106107539838508,23.918530411206323,22.348891468052308,21.884808165886035,23.083703472754014,23.05928600327655,23.837584511238838,22.47266308455591,21.685111632449328,23.288984299213283,23.26495496892328,24.05369172949734,22.531050630645588,21.81345678605946,23.345187318890005,23.382667783038773,24.269218351642685,22.14256812322048,21.566005455898843,23.342741068204695,23.29247723669919,24.258065677882502,22.078922217378896,21.836009507570076,23.41617443003133,23.274623977199255,24.739361588311294,21.90079267818364,21.83788263316488,23.37024176414753,23.35133039148055,24.694213313592563,21.699570026750514,21.94461993833796,23.194869519621164,23.355643126511133,24.479494534766282,21.76623515066575,22.071271899579287,23.251846661913884,23.470488055089483
21.67034611534337,21.210034645177128,20.977582177059933,21.482094911502998,21.2135968194653,23.838833216127846,21.169440458745083,22.05514491682677,21.074743123070295,21.16128919830455,23.62435347440741,20.01592388347997,20.548276025476202,20.83308596929303,21.27804999267447,24.450988093092654,21.13474000739514,20.902232366884093,21.79446764506876,22.72746072553679,23.306771364653077,20.94312436447213,21.098985823242355,21.304189520688382,21.58092441805478,23.398437666839875,21.057603373270588,21.01695902699199,21.31304745664602,21.57971490228008,23.1928949146777,21.058177877380672,20.884715217321837,21.361200695254645,21.570740189531705,23.25785454139061,21.43016028659962,20.818859787948277,21.245629187481846,21.515583333061944,23.244324622621026,21.81444977732307,20.979416483951763,20.986054159922922,21.01489359019157,23.2536086260617,21.706957321028966,20.891884300157553,20.78764530632474,20.72392178034691,23.62860501655663,21.584577087164558,21.23389404934782,20.580216293325783,20.551378492621655,23.748284770925544,21.743643582512885,21.1473830369191,20.40575315097354,20.3697292879161,23.578406469175263,21.67676833381729,21.228373596969682,20.396297806871463,20.16583071271858,23.289375489985737,21.48288866072055,21.06319563594429,20.33119369043002,20.159474081619717,23.286155779180916,21.457787037739546,21.04790560784749,20.358825300180808,20.213873215848686,23.334303770085306,21.420673348023243,20.760099341993644,20.290676437655634,20.135862546702196,23.517951364814603,21.392732117982188,20.690788802737938,20.23415009796327,20.128765693446418,23.522438753762923,21.456425079312318,20.865133776815387,20.265032286086836,20.101156534151528,23.5468436304462,21.191744048238974,20.963559590513103,20.273857019961213,20.11397208973894,23.735537978718167,21.208475227269616,21.343885148259545,20.236417850215783,20.077356128832445,23.571310709227358,21.227571208906788,21.46047623341863,20.213983651485087,20.15254342734546,23.731774696290966,21.21041279612745,21.71122933958667,20.223913632214167,20.10635070663047,23.71818309725171,21.121097909771834,21.71669987268075,20.15366389717906,20.135693471067082,23.841868814713784,21.196820544365785,21.671384851518393,20.14132017574103,20.088376666924376,23.715494433318685,21.51047321724524,21.404823695910117,20.053839264624024,19.9370523085881,23.743105457008483,21.433054800213274,21.216228390740746,19.900890565475017,19.578597792689983,23.404988719660878,21.18377100297528,20.829787926938238,19.861593716635344,19.334491650228323,23.613628848423264,21.01354712448919,20.737861912223273,19.83831558017138,19.108458661798732,23.47634831159339,20.97201839636401,20.783352620869508,19.650737926506565,18.838101547994444,23.56231079960332,20.83526382140328,20.645835412719286,19.897226747662046,19.33917174764094,23.7226600420762,21.026531636465915,20.908139025996224,20.116244547776187,19.76544768726052,23.49879403093266,21.218882297966832,21.04882262692181,20.055019556652347,19.92442202706961,23.500015173028366,21.659469894305083,21.330135506589773,20.60362807028655,20.786069831792407,23.68492773597799,21.8464988707045,21.21520886060504,20.914845534535722,21.25167964554017,23.638690776980326,21.87150940541232,21.370526644428097,20.97818144349517,21.253251171557913,23.474936587103464,21.819468310550082,21.33253662385264,21.271429238017625,21.653453268060094,23.57037581208889,21.928546513137203,21.405504540477487,21.57468784627501,22.060845889514777,23.49940285388556,21.537670743822805,21.099534434836976,21.358885411077004,21.86741446173084,23.541689410770356,21.459372199044235,21.093817481633767,21.42792147156094,22.128568773667592,23.681519351965726,21.37129215151371,21.058874078865777,21.493131498108845,22.19418298266595,23.933279939941194,21.23225479870839,20.937047857894648,21.447310860901183,22.09922399706335,23.813875283812244,21.291245911679443,20.95013702373585,21.422647811213643,22.172844038340088
20.683086598070222,19.814964571228913,20.08243344478675,19.501867524535925,19.702462416955232,21.656571058639948,20.3541984435295,20.723983390093316,19.591116432473214,19.757941077512754,22.033638518587143,20.433779810541964,19.829049317978953,19.506080912996918,19.589462919013513,22.15850956806123,20.270343816910586,20.29068493691202,21.06735341113666,21.79759290724642,21.802740341847386,20.10660990640381,20.29140186120511,19.917422179644383,20.186230093890337,22.021506598630175,20.249797088150626,20.2742673150485,20.02886533338027,20.264441538793072,21.898993317075277,20.19015217647253,20.39198567778984,20.09468305476542,20.391577162886986,22.0937020793736,20.295034894060613,20.38536878600799,20.01475247139481,20.380856240072575,22.075352359801155,20.54084578261206,20.47556192056845,19.66300388333044,19.715624511009434,21.9400257218471,20.466078985804238,20.39581566868701,19.436222845086792,19.385215009160234,22.133542244036665,20.373639886956664,20.515791741380994,19.19248166289139,19.0626476577522,22.450582901186948,20.5191714581456,20.40042534600973,18.905273317610472,18.6335180108331,22.29583897533965,20.518589782619106,20.482957042228627,18.853115466492582,18.49320046449238,22.262292835018787,20.462686495740563,20.39411395016875,18.80024298318391,18.58289285978018,22.278941620828846,20.542600730649745,20.215267651532773,18.811016537525308,18.670154079199904,22.26084943272925,20.542476717265362,20.101970255455928,18.767746074919934,18.703007409101076,22.267671397620212,20.505117741342165,19.940750472793074,18.862877651259243,18.730512951509816,22.20114306121163,20.390071618951325,20.06456322732193,18.799199783478088,18.743183072068454,22.33993296771798,19.986112671432615,20.16461145194956,18.821300914342476,18.714194117563515,22.620997431879864,20.033085445970773,20.62054154412765,18.95528037766909,18.747312626393857,22.547689167371995,20.075406736153944,20.738992029413378,19.013754881770513,18.809258391494346,22.793502616277404,20.14654807997831,21.02160856807084,18.925928692936285,18.853822325885474,22.74021058548431,20.286293009017747,21.156222089672262,18.953366760475078,18.736220665405238,22.79368282235347,20.49346878308311,21.08510000230343,18.830363600698337,18.64142974550047,22.574147489408357,20.757316952541164,20.73206963995424,18.592005404116385,18.429291565844398,22.610501900309778,20.79533280213742,20.541178891785343,18.46626503616541,18.112829322757953,22.40688359247266,20.64202860231324,20.170749254282207,18.44665730401627,17.80834118928284,22.697854192560747,20.499109266745926,20.016240327806955,18.399317107911948,17.680894123144032,22.52152214422445,20.60962844810478,19.99489459000902,18.29824049909596,17.55167560823933,22.68728323830998,20.41079112980188,20.047883561934178,18.749127822532948,18.200856832037637,22.80825768501052,20.396835589317384,20.327028231864105,18.885454101552607,18.452296464157463,22.399148719329002,20.463349086541008,20.319987369056474,18.921183471585643,18.686166437378837,22.355052978325396,20.725147498274502,20.598208312875187,19.70795827245809,19.55896760403554,22.56693163725753,20.59029347576877,20.64578171344081,20.061612951551016,20.07184288200238,22.46692239101437,20.63017722064533,20.757776880998115,20.17197321069097,20.047895501524817,22.19648891668662,20.69438544632947,20.621103641491565,20.54514539673759,20.746150511576882,22.474603424607132,20.720657245104327,20.648784394384336,20.91443078849063,21.279485996218316,22.336937908978115,20.534971400792152,20.324357247202336,20.754110948677912,21.194186606394148,22.253599627843613,20.685853602376287,20.211847189447354,21.018665971317922,21.4259131611866,22.263959877482947,20.75478682837955,20.096869707195538,21.0772671688424,21.61692352525521,22.384557385505293,20.628025396031447,20.11611674068374,21.187149955090238,21.572524407380506,22.326699493114347,20.7735836610972,20.183222755874365,21.25277555088062,21.719133160462444
22.572798492160118,20.3075527558397,19.721469145933554,18.307473470320645,17.86875469213805,22.777177301325406,20.34310115747142,19.541314432344258,18.553942185150472,17.930329218171494,22.64667602056884,20.959867534436157,20.010832044799976,18.461950699967705,17.750822671096678,22.019646946927974,20.289293230191326,20.00844375628672,19.54236871941799,19.510777735411917,22.328743036212558,20.559159028866226,19.884148044750294,18.742117749677934,18.27457192981036,22.354185786700306,20.448638061674433,19.877499269388487,18.83288774458476,18.39162370232471,22.38947989353783,20.35740052791347,20.15026047746074,18.812309286920133,18.52758919770951,22.39492476079942,20.314299938723174,20.19362590446729,18.804980973651972,18.544038678125006,22.32473156041204,20.3645155584908,20.24568064878993,18.612696628377293,18.13633587797202,22.21072773235515,20.136356928855058,20.198203909788234,18.499795593794836,17.912556487472077,22.051313355406528,20.22678338923961,20.320062678232766,18.33054187255151,17.65247052030486,22.11291538511202,20.220399236592677,20.055726466367176,18.254200419143608,17.365287450202686,22.019116389945644,20.028977494840838,19.82789528312886,18.175386677302193,17.24421632302931,22.110123356723552,20.028410686719663,19.8235793002546,18.08965862956417,17.21808524903339,22.405136241103285,20.040183936075977,19.670512682698842,18.042295400881816,17.225486515352628,22.655707572684594,20.01021116879027,19.516876451761515,18.03215600148876,17.33228950077424,22.342328449244466,20.075467342023096,19.347634020639013,18.04240188188778,17.46529655593124,22.18194649331439,20.12844440281805,19.538095176361946,18.07857025436274,17.4515770987965,22.106543226513654,20.113561013885775,19.446702752616176,18.141443946911163,17.436743338525527,21.992887637318695,20.13675539350007,19.724134291739755,18.21065480822275,17.506749012755257,21.65802978908174,20.078174931947398,19.77524418749506,18.19144956104897,17.367717985858587,21.80886802861999,20.111433153407585,20.129862063131633,18.173869157964486,17.255323693314395,21.903071676399378,20.270147618983565,20.11908461699011,18.185040107651744,17.269271720082706,22.10992364297893,20.258308433721016,20.14198984465805,18.220419130883183,17.281722098224567,21.990327959414223,20.491667842127946,19.962033406675694,18.092754593311366,17.121951261207244,22.100317445580338,20.487602080799157,19.983131278783922,18.17544496445499,17.07293771141336,21.905667093245192,20.497525514314038,19.795125379899645,18.226052994466727,17.02183163598813,21.81554247449766,20.48933368869468,19.846967770039907,18.247106914795026,16.968795028763317,21.704117353553727,20.44187428198997,19.86273129975226,18.099062802025625,16.91509575869257,22.04711935116216,20.306429970670237,19.90059586242415,18.260758564122256,17.360772982238505,22.035276565810356,20.409612297376466,19.892455401766306,18.22327712542627,17.48400817562064,21.954865576153367,20.223457547038148,19.824655830535317,18.189936437487415,17.532626719044437,22.24074495642452,20.16578749143303,19.873469975784086,18.5002603227291,18.06697657983761,22.211084380792695,20.08172211577677,19.98188058735001,18.644507259528822,18.235526784266,22.19715832144082,20.20102090334749,19.86087265948047,18.787357624661716,18.197353831504397,22.240837714859317,20.150916140219998,19.836038986075152,18.99942216186458,18.645607940728997,22.416880091937355,20.34625012926667,19.73157799774691,19.174209822490617,18.940565158167765,22.243017471467386,20.181613072637628,19.60172963994731,19.142015624067003,18.90359540313562,22.433005253574432,20.227923287415102,19.371978861655343,19.21606201544089,19.117540507937612,22.286726054840813,19.928342990944262,19.47767854083024,19.268682483308332,19.278014748497043,22.292070719263002,19.776925960150944,19.48297710428044,19.359398818104662,19.261657127482188,22.246881226028776,19.593686025640885,19.740858154885537,19.341581843643933,19.419976468103698
15.56509557499817,13.550423875685905,14.228817947634399,12.58841836581113,12.572722321830721,15.699637550227555,14.586943030173348,14.544778461255584,13.498783273322918,13.145044513227298,15.93103219144114,14.02528043338801,13.895470560128173,13.152462606678116,13.049870913735232,15.828879182039504,14.885629871673029,13.635987011851448,13.72376706813586,13.027810782661856,15.77497997569559,14.239561330234087,14.123992890061212,13.273130845003255,12.978201339926636,15.684618500987838,14.299363534091801,13.989810882559965,13.472825117652338,13.102033288494118,15.640195043047834,14.219937125944941,13.786238934704034,13.473254155527675,12.991264027484155,15.631350078679432,14.336802277043242,13.701990330860479,13.536339254954438,12.968975889524714,15.650891470131867,14.331933087326936,13.70218232646632,13.425961814167659,12.860344961077919,15.591854804825399,14.27680685446731,13.574901772176858,13.44861736014193,12.818669371693238,15.555449333766697,14.392510723825378,13.594944833986881,13.306031967685977,12.651182165514431,15.802036100148962,14.270011719821028,13.828232267709165,13.270622568802953,12.697635172790271,15.696783949356037,14.281390480668218,13.93472203358723,13.223932034573679,12.706856120592107,15.626058937676518,14.207476728913576,14.039634696733861,13.291505566966046,12.698427889371452,15.72446838381705,14.348967466956243,14.039754129370271,13.284201249604257,12.736146921540875,15.844946944420101,14.382051931872041,14.22120295186482,13.415363143077595,12.860781322395553,15.623088460116367,14.573929617630077,14.081827841129277,13.39092401118386,12.86444286495546,15.533039724222936,14.314993844497025,14.029465095280619,13.414454006985583,12.843307439446804,15.655759801548305,14.318587477070727,13.972242789716082,13.402229152260043,12.848783088605916,15.528793362123343,14.355962681553155,14.023933669155634,13.436764868064696,12.882173272311565,15.720712976522336,14.260596275550625,13.909242671862327,13.397429315724949,12.854728153838835,15.598773392113662,14.12614716449834,13.732139179359184,13.383343018519373,12.814555044813494,15.914116306244619,14.388323693957062,13.809640959504947,13.287482600285347,12.867444523506084,16.02729184317857,14.419072440582932,13.828044491664395,13.287633862508093,12.89794706435569,16.154239343998874,14.285366427466972,13.936063983742795,13.251038676415538,12.903353807262382,16.13494163326085,14.22064339847796,13.916601524469593,13.171931371331624,12.96780140610095,16.43614790368664,14.408498177319064,14.008198441255653,13.184732342610157,13.02764519976906,16.2940175352251,14.061157874660143,13.944307931360195,13.226324424699111,13.030281898181352,16.0757346803572,13.995714043396418,13.945352272157129,13.115914576648915,13.077965651220257,16.105761562646194,14.07992590886622,13.758469193927528,13.022429050704016,12.967977203360949,15.792258600540691,14.214339563853695,13.739387958067862,13.131905162833025,12.901316475682407,15.510178246564461,14.219020371060093,13.827258685575497,13.167045321316484,12.866047720696935,15.545932190735138,14.361167389052762,13.694623815479982,13.161715593579254,12.875827044023742,15.484794571985486,14.165884996219935,13.604589295687457,13.207146037585497,12.87182205209074,15.394098079990684,14.139093978128153,13.553240468532005,13.305910296855041,12.88216460372475,15.53830121864768,14.234188102278472,13.574456402395835,13.2143725575285,12.883029995827604,15.845319974389048,14.153047631123062,13.573922562023833,13.216850035925527,12.87394742353504,15.598782342509827,14.367720753550932,13.77578588756379,13.27822906519645,12.772544177647717,15.785430083731683,14.256840951312341,13.90408688002897,13.294304412508577,12.812221198959932,15.738224334312239,14.217744501672737,14.150741777925655,13.275716459489086,12.827394200286397,15.822627176154096,14.086970127193183,14.239968472728666,13.31274664310167,12.73988290450862,15.424673595531686,14.256860769889581,14.08656892322872,13.268002772774148,12.714003094144621
20.551232051109253,18.862152108238142,17.704583659334194,16.860083201042734,15.951218023678537,20.809109765470296,19.47920673893253,19.34511225852615,17.39552004003061,16.428114484102952,22.30230794945699,18.787103329973142,18.640306335253836,17.445737743557114,15.741991618505569,19.397274715471415,19.41298504681786,19.19477552980369,17.450189187326508,17.318262903432835,20.66776228864358,19.06753650287053,18.687617974342498,17.275641284892572,16.411795784761658,20.629690525440072,19.05003439037823,18.758313214274903,17.384697312583334,16.55137921226501,20.45245962328287,18.890002282287803,18.84229749080209,17.33844820350314,16.509708763953594,19.87010621648715,18.977384253801244,18.80682676488183,17.295490957415115,16.565030942959794,20.486803478683886,18.76838979962661,18.729881846858902,17.232751183456166,16.27739646319496,20.602083646788493,18.71307426831215,18.709357193309284,17.21004062447871,16.08152471550913,20.843892424201755,18.832130708237074,18.757512657361172,17.141040614170343,15.843240052894222,20.87985694608014,18.68389367844928,18.6948509447791,17.04634984781798,15.773575796376537,21.213457694209005,18.699708523604546,18.6673428717286,16.89889492168755,15.719959863817603,20.993738430403237,18.806147884160218,18.559226955752415,16.922302561111888,15.746640377538338,20.69387552476487,18.874804844001044,18.62823325208239,16.879499039133414,15.84829428547813,20.54794561868196,18.818508464218773,18.72699590819228,16.935677336108647,15.9112905310563,20.69887112908293,18.945927748192517,18.61321601046213,17.01883592881476,15.890573773901144,20.68420603166016,18.854418625851267,18.67193384889079,17.114581148886554,15.845916939259098,20.518287209887188,18.835228697334173,18.97508749000767,17.039602631431322,15.797412589830824,20.604540792986278,18.76223150529475,19.05911639916752,17.007115671028334,15.749030283391454,20.80071095129399,18.623886819863067,19.133626701400765,16.912929591691555,15.814173987320192,20.714129176608672,18.808260403566344,19.373795932580794,16.968620621188514,15.850358082201774,20.69346671226173,18.80140269624618,19.536331804170448,16.995256951008717,15.89610532179355,20.555463010462223,18.716014782890486,19.531623186754285,17.04764608139605,15.8455171181083,20.792651598040994,18.673474074546593,19.352924676642758,17.05606554090758,15.748729887726304,20.58635464751744,18.672295239060645,19.100647363617803,16.87324486590212,15.6961688062011,20.57799154695828,18.54229007878747,18.837870446225686,16.802542041864342,15.624991027837059,20.398021008204193,18.514747759976125,18.69206386782589,16.71573412955982,15.660513174736678,20.52427392973326,18.71977506431501,18.539674567331875,16.599572479381766,15.67001476731149,20.353917547973218,18.74895829982456,18.498020851547896,16.728125858419432,16.075991377724243,20.219533568470773,18.652824700257902,18.585743090493477,16.903132171628148,16.082924137541106,20.19608125676386,18.758518189413422,18.564060277418385,16.885791700988438,16.11942132678499,20.339392396415345,18.878613798159076,18.622342465065696,17.060392911334905,16.40489510466154,20.481434672654295,18.982499037805347,18.517345394232056,17.1907299489945,16.544091629559215,20.47533500668772,19.114652525191843,18.5602775796266,17.146908903565993,16.38879005908919,20.463214703421638,19.403850430162304,18.59188553848606,17.259006721475238,16.649810252505084,20.540994781010838,19.323388756417664,18.551770602287203,17.288257176653786,16.806380043112007,20.44238233779756,19.190652700798097,18.43890642106052,17.27228750224355,16.71757987581094,20.349530408846483,18.949229231932648,18.415701702761528,17.173417670626385,16.878486072701428,20.69385658919731,18.85986801392901,18.32145313848671,17.225627533296926,16.998714334697315,20.921513745889076,18.806360431891683,18.258239011364232,17.160263347946504,17.0659615044616,20.92970395692806,18.470936500215355,18.233718019669787,17.226440792947777,17.207713887350756
22.49515081735453,19.93002888285788,19.507438021458636,18.021834226364327,17.279333866931914,22.533379838996773,20.167317084717233,20.94919957913569,18.86266831315183,17.495625960151557,22.813546506490443,19.740891654357064,20.587902366690543,18.57665168466202,17.223523667423283,20.732834918779506,20.630862744330717,20.440609412479276,18.936988941623653,19.000960372711603,22.066383003537435,20.055538797639237,20.236718465871114,18.535265949273793,17.82503965074455,21.948742033949554,20.07833083338473,20.283076495439154,18.769584244343193,18.02085593675372,21.546827322783976,20.026825252593245,20.29521270490208,18.695850135341008,18.065363143775805,21.474543488640514,20.168949857908867,20.13759557774221,18.676931005289084,18.14589292280928,21.960516953726966,20.203207321482488,20.147465899580123,18.557007453908966,17.833024482994972,21.90225461146526,20.149831896094746,20.098502856840902,18.625915004713143,17.673026210557232,22.179932425916626,20.206517746691564,20.080374353361748,18.390117950128307,17.535848420935025,22.57000588620312,20.149208592194494,19.96972414857983,18.330997338607045,17.41376345132627,22.54670467756131,20.262667051251338,19.866131843206293,18.21665432802997,17.36334426708529,22.41385576616701,20.278299525821744,19.697884407296122,18.22384070802392,17.343919743059473,22.17367866331211,20.432654854556276,19.78189925233739,18.097471740290285,17.355367590298638,22.021236722138866,20.603571917423448,19.960458044278056,18.112745243907806,17.22701277969515,22.023143009459538,20.620922875991035,19.936827136869244,18.09221621622247,17.249471070601444,21.832438686918877,20.416830172780656,20.095891516592893,18.13148715331535,17.200567550368667,21.693822757670695,20.30330262017282,20.291884276805032,18.03829989856043,17.140337873811205,21.90500460247987,20.14719776294416,20.388489250152798,18.019769366648397,17.12055637174373,21.939524020249745,19.972924164762397,20.326415433259932,18.041124243167424,17.149325688618017,21.95467860528444,20.188652751821035,20.603509677710594,18.097707116084834,17.10651365463951,22.290085541167954,20.438836835468493,20.75968087065532,18.17233591564363,17.053085276516807,21.92704858090655,20.313552791035136,20.97552530280222,18.280308693469372,16.96277122483864,21.87799826987826,20.303332619080898,20.87041055464665,18.31352159733185,16.837807597979527,21.675439586472073,20.17445375326272,20.907185178593927,18.192306135574036,16.73932685634327,21.405311626152177,19.89536385728382,20.633331117478566,18.097829076229885,16.67231460766208,21.193060170267184,19.520854930305962,20.47093872027419,17.900658004712405,16.706873012962518,21.475739519599127,19.68833729295553,20.17803511433614,17.720045996553463,16.70107173086875,21.699833811352317,19.948332138475784,20.157015691230555,17.839548557113595,17.198641254018906,21.717466603403523,19.933700179744697,20.174433228939257,17.956382949361277,17.41691274319268,21.82858152428053,20.218959547424813,20.111550871446852,17.937387769919805,17.57788770534914,21.7468476269376,20.531462322689816,20.302562806051153,18.36266479973703,18.066387394567265,21.847366989691626,20.68519387305574,20.305370485766968,18.60363210000883,18.39537643500936,21.66832173724555,20.53265348286913,20.410180636441925,18.61243059463897,18.28823443046073,21.71904327965925,20.79990704696022,20.237290745981078,18.763438323221965,18.54026190964749,21.457999214353144,20.712323768546778,20.24905319200135,18.892466869106208,18.71137338194303,21.523679231583053,20.50970149873395,19.92125066993318,18.741853353792894,18.511119768312962,21.523003699829452,20.252003420621584,19.86464770159357,18.66528507337724,18.682816438602217,21.804208908454545,20.288798264390234,19.70033975895381,18.72152907646359,18.773175945451946,21.79256765820255,20.219791338353442,19.73237701781964,18.698899430758445,18.896928884636303,22.031474674081295,20.01724864601627,19.713923206066788,18.75615395436525,19.066941503240443
22.057769601850172,21.10139173386323,20.552042440546217,19.06214773899348,18.956007265003993,23.96214067228053,21.584289437929925,21.570673047742186,20.069907200991867,18.861390796678123,24.125067407230404,20.5827727613678,21.70290387635193,19.814534986720698,19.075447054019534,22.491018577283885,21.57309944605506,21.200469069670582,20.0251864947757,19.937251363081547,23.16642270946787,21.20875981469652,21.155568314901455,19.72858914621076,19.2397699911951,23.291694897992805,21.042772065807736,21.197138253266814,19.999562245656058,19.368084105512192,22.797165978837775,21.032566730915413,21.21311749296205,19.911834756783243,19.381262574925792,22.747897675072423,21.27544910879025,20.905403740451316,19.833743262018565,19.375013005117303,23.279464391384074,21.386997119132076,20.91068917556185,19.770971850772575,19.247684025015616,23.215737995676868,21.341158027829156,20.790305760131986,19.771007029307533,19.165718123748736,23.66155108941122,21.683095308662864,20.785227868441567,19.547881433664923,19.038404199880787,24.065713458143733,21.621807998529214,20.708719432022367,19.467233188494458,18.94201590820826,23.95432010520949,21.614342570593976,20.791448192001837,19.44966467564504,18.946898100227223,23.49776085676836,21.63246532582564,20.58206579439394,19.428770968289182,18.873601683717016,23.47022297774273,21.79376595243196,20.699471422819823,19.328844880088088,18.841425259156615,23.242625763897017,21.892632819311345,20.743047379599965,19.30620312514017,18.710086040591452,23.434842769908396,21.86810971743793,20.66045826929174,19.359948462030527,18.793952729970552,23.208833785293187,21.736179569652762,20.63324224671546,19.328168818707432,18.658756891860968,22.983766180233744,21.550167869769627,20.84355367862446,19.179541508006253,18.55953895307799,22.806191938845053,21.341265290843943,20.77981444906568,19.17607352853165,18.488297988983646,22.71500550115311,21.213735231772112,20.689672633700543,19.230195492696396,18.479688113212024,22.545183163009806,21.369246812584414,20.830447181793645,19.151396311780232,18.292976739108674,22.992110639519716,21.670429266918546,21.017694311643034,19.2183324841508,18.30546651639143,23.13892467215703,21.56848773239937,21.146712917010795,19.28109291861038,18.19760162556881,23.09337221528323,21.632253514430943,21.1318147857766,19.310766026682355,18.100905557547954,22.79927214285264,21.374683135831113,21.181366971132046,19.18490250316831,17.911064986422424,22.686736036521843,21.205499778689155,21.072722584527977,19.15456959139632,17.886300416769252,22.48295174475657,20.783026862579153,20.935778638385333,18.89430715955753,17.792768735967414,22.545261287065124,20.849148922927366,20.81381741247422,18.834210270245954,17.71564021952724,22.93816621515668,21.090197075968053,20.87882501201363,18.868602024167394,18.071741313902102,23.051461859001716,21.168452701653358,21.064360217932236,18.906900688894215,18.357084299560576,23.104217116001024,21.36512992915319,20.950810592039193,18.840640104647754,18.49836757281036,23.16805101332261,21.718002128716055,21.147017486518834,19.241215210243137,18.91886874222119,23.297986457384077,21.88505910975258,21.152220489797678,19.38098567648048,19.241852471122215,23.001687212399162,21.74683206813571,21.26377536426522,19.42299395751186,19.224373783247643,23.09543183773358,21.950052804949657,21.000959679167114,19.571026451683668,19.376554871384922,22.870851869571236,21.764152286527366,21.115513908691494,19.694100788030834,19.530809911008703,22.83907400044342,21.595060755312566,20.930253074064005,19.637220428911757,19.36720194528012,22.82745742689511,21.473913563506336,20.88358276123104,19.58646784803863,19.496893357879042,23.070920977871438,21.32992607529892,20.58728262126356,19.614991837382682,19.48120850672993,23.03795010668052,21.357033268702367,20.603895834288966,19.629666612736987,19.629710305917435,23.15760605660467,21.308587781328885,20.587885642908297,19.671208201877384,19.76298620501266
23.57234214337997,21.38391244432003,21.051581278262884,21.41573599932431,21.37033416713063,25.55398626977394,22.476442660843087,22.346376916281496,22.188360530425662,21.566594406546482,23.498046599917355,21.75412334487799,22.32525677578962,21.631828951190066,21.014919838043355,24.139546371378653,21.925505150348418,22.13557968897185,22.29453892547091,22.22056540744345,24.145522615297963,21.834639234949783,21.89189808865587,21.913440753124043,21.53978103656005,24.133260097889213,21.91544380748976,22.01618705304714,22.065978499817646,21.628222360742264,23.474112436411563,21.859393211322317,21.982570146183697,21.9726286447008,21.576711463531822,23.719356320840983,22.006069580077444,21.78332735961713,21.96402667107929,21.613625981926504,24.191801320007826,22.143497001878938,21.73310451746762,21.793991153394423,21.439005888080583,24.16285491044727,22.136222179465683,21.47741507133991,21.700571711964145,21.338590185512423,24.525281062520552,22.263941060865754,21.46913352316445,21.632859546060214,21.236286116579784,24.93211628511261,22.07358944259031,21.336667887809533,21.59089358464641,21.254582244017275,24.818643717607493,21.87786538404692,21.319314573913715,21.688403845007365,21.322655850613707,24.176773674940154,21.897810083902726,21.19451740825335,21.770948369902218,21.351681294920734,24.044662320690712,21.949964662240966,21.313111696282018,21.75913146746504,21.415383041286447,23.929551869407998,22.125803723326612,21.32053935754157,21.668595723795832,21.41250789517098,24.049411215565062,22.249353183957247,21.312778771108043,21.676061755660946,21.343796658981354,23.740131670450687,22.260586961604687,21.382267334037273,21.57076135537293,21.28532045823392,23.769320159863756,22.11367594170182,21.48104787138628,21.45565690145636,21.176537247488387,23.86237769584099,22.015626704515093,21.543626526933284,21.45741301584709,21.17132010284155,23.78785552685387,21.68835672449015,21.353138366040152,21.540092067660435,21.145053169275307,23.816682597482327,21.890966348428947,21.49344928413985,21.50139399803048,21.053279510428812,24.49161933660167,22.1747231166574,21.675491183438325,21.466056332040658,21.016006760261455,24.50325767995724,22.162196757023548,21.6856483392774,21.507370108113104,20.924366651254427,24.163229700070836,22.378120750429332,21.680783450582947,21.43075023951644,20.739524699107072,23.880684956888853,22.281174100772724,21.839319686334488,21.28920517809728,20.546060963781585,23.6964336847867,22.113422191777726,21.558458955737567,21.2669380039099,20.554133007704795,23.315058963421183,21.810670953711764,21.276744047716452,21.198468105541497,20.467966448106317,23.28426220983175,21.87532970400212,21.234151722911342,21.142220773207843,20.47502705227199,23.66341824815438,21.976886576896163,21.2036668616451,21.316511634127636,20.728003697392232,23.832535527591766,22.131555821768366,21.267962832904708,21.368326102686986,20.962356478523972,23.878880942345702,22.258123635809607,21.421988709415196,21.35822433698336,21.08449107848291,24.13498548979191,22.59400683905563,21.628470881722357,21.683016744505235,21.43030247341891,24.23986210944596,22.594592336350935,21.68200048981025,21.81509827111458,21.693196663935396,24.181266075656332,22.4695671434563,21.832117901052122,21.809327085728928,21.70221322521031,24.093139512037418,22.578380777221753,21.686399055123182,21.87936612620593,21.733623691225592,23.84634726302709,22.44128312814751,21.750199559338057,22.02002815171979,21.775142837060116,23.658559561188472,22.179156440603695,21.638514161153658,21.846210947871676,21.53002389795384,23.71140301282295,22.066161628703902,21.625948265301698,21.74049229771765,21.46911069676783,23.790596940432962,21.63082863500707,21.53792595657426,21.693067841131935,21.402580119696122,23.842732716308127,21.690002611052627,21.474740907297964,21.683166723025316,21.42266756779619,23.798971996120827,21.62235859043107,21.45119587529224,21.670805922435825,21.501931554469962
24.512898828696308,21.298611434770606,21.951547508696525,20.341616996782946,19.309184046476513,25.403701124615434,22.470676293286306,22.105187406365424,19.43100057468956,19.33824717038386,24.156221426996463,21.22596638450247,21.242819413831004,20.263485711471635,19.788896408513107,23.813176223748897,22.62136850309917,21.665047117947147,20.127040877217485,20.380659422220273,24.384426587583295,21.928386514329596,21.77566311873359,20.106166151473438,19.71077886728706,24.162226176931647,22.035176684736307,21.69393363457406,20.107336779587037,19.776382298586686,23.692342828952683,21.963371395774573,21.527911515406466,20.260922403916727,19.855246741732092,23.615395159050895,22.066984892780415,21.449066755783754,20.248429280064894,19.763145105393708,23.888274793883173,22.155296428386624,21.472862302560166,20.184359136159294,19.53738631838737,23.862891062812157,22.07551675826366,21.32317788419231,20.09333731726819,19.390489210355003,23.78572698874543,22.021716551989897,21.415568398167267,20.09741575209889,19.262178238394018,23.8013689620243,21.93071620907052,21.467789846688373,19.981187693520905,19.116668304401635,23.936502413812818,22.10624045835109,21.523996482373217,19.99940035293909,19.020936645911586,23.77114080188325,22.21024702473105,21.43635909388673,20.044933449539492,19.005547395425236,23.55931312032332,22.242570031084885,21.37973751086959,20.048244632506048,19.06794046877967,23.571341075254573,22.249035083455226,21.195583553436304,19.927357852013177,19.0135547929172,23.715832464862068,22.242389289146846,21.05999496068792,20.046288176326975,18.98559618728571,23.591910753890318,22.1153016110254,21.16504825338994,19.972801214659636,19.03830543531749,23.455907158876016,21.68142776005164,21.152301688977055,19.88104420693107,19.04414672589533,23.389183636559927,21.656731366294785,21.424395865167234,19.76098945643965,18.96725526658431,23.513525987250425,21.601647543187322,21.466685854952274,19.802160050684183,19.030277751628496,23.912042172109828,21.908227232399057,21.748106956492254,19.773012173609313,18.997756167199377,24.134076523681685,21.90670908448553,21.739199284447505,19.771406454405636,18.982097428623014,24.18608909902406,22.195879460350874,22.06176619525822,19.84627406706852,18.956491804203786,24.411820645353167,22.387104390004787,21.95036276733209,19.897713632109998,18.848415089857408,24.478964635042946,22.417600704272356,21.91838895402309,19.832733975845997,18.618789841207708,24.2150852588699,21.963559528282094,21.64109940610096,19.6852803963396,18.551501558422142,23.895356030732387,21.80738887210025,21.656701866729076,19.58426101590296,18.43037207691765,24.00436876433117,21.31149419329476,21.15864927241273,19.47131624341451,18.30783153052682,24.10971059222115,21.12931746377069,21.12517570476047,19.621144043303055,18.62132440859167,24.11042505514804,21.186296191819054,21.353571626110188,19.62747663767076,18.89878781183205,23.672160988718026,21.379456536249613,21.40716465262475,19.622570772907114,18.9107777056378,23.981610157621503,21.7816438619248,21.447428189732552,20.063572632585416,19.32084199963326,23.853449918157,22.106285060202644,21.469526160233205,20.126897264896893,19.480688614927136,23.556325108815543,22.178210208042152,21.377211644358095,20.120559678626726,19.43794219361693,23.501506716503144,22.14883107773671,21.033871598792217,20.296841959119554,19.633715736326888,23.77203874321141,22.181589563157925,21.072652171076435,20.494527438440706,19.84020127635735,23.713557496247724,21.86251036449079,20.97331858801764,20.30834200787394,19.786523431721754,23.48195646237114,21.863378060291144,21.15521016980003,20.339025752031386,19.93178869969669,23.742987591101702,21.651087097488,21.079982611524212,20.29662252436527,19.901108970393246,23.780280418495508,21.801044110237523,21.22018368332389,20.149957229081885,19.886987909150818,23.679280458915354,21.93059091756731,21.217641403068036,20.189055438031666,19.985710307132972
22.45258287892327,21.02829008906968,21.2765567619017,19.177580156920516,18.936252812618516,23.87840251242212,21.76962128731412,21.57968013536691,19.145472472124634,18.5742148155005,23.95011039442651,20.59720183156452,20.047909956807576,18.98728305925415,18.67595918172846,23.424991800120033,21.613318889391955,21.030505725323568,19.542728427040526,19.686701530035922,23.50077277053726,21.290825006938455,21.023463379797878,19.280617274853547,18.95875035866849,23.52637814946837,21.389111467599935,20.907976322341398,19.38226182524285,19.07866585427233,23.246922684823073,21.3119277467291,20.903787881191896,19.47398922967668,19.128347232753697,23.10931507566073,21.522212913695178,20.84938150916448,19.570521311006658,19.101115822725877,23.318184871597396,21.73361651927304,20.878976814655857,19.514283139008107,18.86165428851006,23.167184418215832,21.648209520307393,20.75743204236365,19.409537417687314,18.629941935639348,23.279418783130115,21.528146157559664,21.080349688716318,19.391784020670773,18.293231462151816,23.287673059041857,21.533558642797686,20.974269316302138,19.328928629883627,18.129681280963997,23.145526586786477,21.353474132031916,21.101253750526485,19.364391578910432,18.216251897182012,22.82821595498735,21.30968141340699,21.02456743630764,19.458711849980425,18.214820624238108,22.80977783761666,21.251475253696206,20.984867205355442,19.456418748979832,18.304508367181597,22.643789905259972,21.25465313451099,20.666299462552608,19.419589374230732,18.34976267543778,22.84602230729383,21.183762221238588,20.561736592523662,19.394068313306576,18.339332367531743,22.9333276478062,21.333609759156808,20.800498697372593,19.24754840987216,18.154193960116572,23.05854250478165,21.08524066103968,20.92875232523708,19.055130695353032,18.007253722612717,23.06198119739359,21.083221055908506,21.370235823502952,19.061889341740592,17.969517719629625,23.275228174459695,21.09373284691393,21.4722389763279,18.98735460337959,17.98581757357324,23.63393876376504,21.33736280798764,21.76082245369206,18.956460819915396,17.93989808572555,23.69817031516529,21.35891163454955,21.75823147445466,18.948987976003504,17.8519532775445,23.694221735646405,21.514132155737236,21.846541551377072,19.022171610938265,17.83821140863401,23.881171610459354,21.774160561879135,21.554780790869803,18.97666456031083,17.774837382560168,23.90437961574753,21.79719144479886,21.410977386964777,18.973764831141768,17.605469911602977,23.522161305920818,21.505873056232,21.053801059871883,18.865135924699462,17.55639762832325,23.436123770285725,21.335663833212507,20.92531773463194,18.883356045309863,17.4976115206695,23.248640995130334,20.798830956492743,20.66622798661302,18.781561439364253,17.461917602775,23.029515900777472,20.56344689488638,20.586742001912384,18.81103025298028,17.76218345377314,23.09722719145662,20.611174355639164,20.847953396607195,18.778758914392206,18.002810769264663,22.749603511850125,20.664829232332444,20.89322076920165,18.882932400554527,18.04539953969931,22.944992046548542,21.066234199303057,21.151566277962758,19.249531721888978,18.778946318027607,23.165161120869584,21.493403090494844,21.04698109123778,19.324466518832054,18.95458190442281,23.12631773165196,21.579244590142565,21.070278319998856,19.450892330775737,18.94127363563916,23.02906963186887,21.560625035297754,20.845939068579032,19.629280021663593,19.131521740438366,23.33108321296566,21.65602207643803,20.901435856944808,19.726495529164488,19.40900785927547,23.344206705027215,21.3910332185098,20.589177928398584,19.577000092741798,19.211230291176584,23.092086007783276,21.37940861515177,20.717750613098588,19.67153261152709,19.4279848324539,23.188781032366443,21.258171181963025,20.61101645554666,19.66798311881484,19.48057229984442,23.17850728145928,21.12510894579455,20.7349825711742,19.67585358763846,19.579413819045136,22.976670697830762,21.24609417801904,20.75781412982099,19.73549253304601,19.659228582531874
22.0732275545184,20.435379291529635,20.393208715016392,18.854312360715525,18.544425874130933,23.24865585286357,21.640268385676393,20.847387903637703,19.12053074223978,18.808562454595563,23.013154410642645,20.289447180458158,19.315643595421324,18.3198905124176,18.530382802088464,23.742445241076208,20.985971471620054,20.912474357083312,19.196773254303277,20.172128247322803,22.935422286925032,20.644916640855673,20.48186546782953,18.867882981247686,18.967547560444928,23.068173757115193,20.758204201613704,20.472067814572416,19.009142233953277,19.067758689333353,22.964922242546802,20.652894425875292,20.641359930385747,19.002127902546054,19.141752358522098,23.103356148199936,20.742511660232104,20.70925200824169,19.057569451232943,19.146759377949763,22.94612285070985,21.005810419383735,20.636338965929546,19.031453269383448,18.70127538427206,22.8956438975665,20.98987566182504,20.44698293551964,18.95423165663503,18.519249129617567,23.05401429042423,20.808175161086425,20.689147202222806,18.809029584370048,18.225367251667528,23.35579427614774,20.766059876773504,20.54378947539662,18.697528014815045,17.926399025503155,23.351349047178367,20.712801056909207,20.569236773221853,18.793230681138912,17.908236882738745,23.37736685635774,20.63604230411956,20.436544434644766,18.791881216808786,17.94831783613481,23.43825473650608,20.749239469556404,20.398514921961407,18.813797982236295,17.946107039042808,23.09208393999494,20.74593850092637,20.205837263152187,18.740800777311286,18.0729279679236,22.852415392222195,20.514339051607102,20.002651262910945,18.706259480023768,18.11999492952877,22.79613953082889,20.55015251853232,20.306597801164354,18.52620317671195,17.997885654936347,23.07069121451711,20.248971035526857,20.580053880050144,18.48623461815713,17.89068216444982,23.13767183628358,20.216530975612685,21.036970801487143,18.596419680609124,17.946522092637398,23.50760169374553,20.314334249254685,21.06094662237348,18.5798485925422,17.899192771531354,23.700530560080313,20.723095529654884,21.391034352996744,18.517104734298137,17.786073689826075,23.714118617883138,20.87299634811965,21.501748316962715,18.601892442497533,17.605888783775292,23.316923521705615,20.992675574153893,21.455879359548014,18.491726381002284,17.459196954309864,23.40480959516303,21.23304748282629,21.082930941703765,18.221806533045275,17.076424072194087,23.40639752664847,21.207441197440396,20.938187165149266,18.200006068060752,16.599987065806253,23.378903070568676,20.93822010705351,20.553032254331562,18.16619298189937,16.307095186579932,23.388834362944838,20.693227802121903,20.273396718110654,18.069497673729096,16.157907568996883,23.62485586147576,20.45541214109799,20.073496580787328,17.940542776502085,16.037868657411217,23.508293805868796,20.303520420762673,20.02941613106689,18.21333494935994,16.67694893348731,23.422834102424524,20.38948991141972,20.220154296076867,18.39482974521239,17.20178675954194,23.184748357096474,20.33023992243391,20.211267837961806,18.458900018801536,17.5405803373988,23.222512673490947,20.76261366170976,20.50620308401978,18.907978903314977,18.451239166079716,23.33258987546633,20.997614439420687,20.552689413478372,19.178404563935736,19.03637556517165,23.31213753775238,21.03627586660188,20.660448159720737,19.234258445325878,19.046891775783873,23.244233699721292,20.922002532895533,20.493524708919924,19.263457770926177,19.393728975540277,23.530037421835537,21.044314820024706,20.5198265989276,19.51996374096873,19.761686225356783,23.680205364457137,20.768612076092204,20.085835756153433,19.391161378417085,19.61171134710458,23.19404871746905,20.745627583042733,20.11351356808584,19.560713550544058,19.741147826797096,23.31789321476395,20.740057233421474,20.018264472046944,19.66603506424205,19.97393861788703,23.33869595883798,20.767801803571523,20.05066224201049,19.776186237438868,20.02143263747412,23.098659408990574,20.85675468797939,20.143066422462073,19.867631180806793,20.079245461233892
20.87838415009925,19.21079282043017,19.318376864579662,17.27285351446625,16.411585559559487,21.22051743153755,20.60739168481553,19.559199351598295,17.83568128956175,16.461949251946837,21.156812119484073,18.12512768308844,18.650578851667007,17.162604665353822,16.388754047762554,21.50447228308485,19.737926257466903,20.027069522493314,17.642572159785512,17.388670305678996,21.25053294118205,19.402244139120725,19.459862048954065,17.49276598181802,16.639976020206678,21.248493547362916,19.43176402551141,19.510967316801054,17.582975203626138,16.69699801667675,21.1500392887029,19.273337525071685,19.815443605740647,17.531401258551377,16.777001903279263,22.230660064141546,20.25177298165454,20.245888083761788,17.722923372591154,16.869752899672186,22.093953280047224,20.45922306811093,20.136741004360466,17.698240045155863,16.56367267642337,21.763666792171968,20.384377339449706,19.91454397450321,17.595423282706655,16.400399314589,21.964851209642205,20.385776791837777,19.96632399181762,17.614031411041207,16.178365756270104,21.93329079356841,20.366126492670283,19.774216754685465,17.565634436742368,15.95882154226992,20.818109622025574,19.651668741633223,19.240170918907317,17.461708718631098,15.878395886974857,21.018456078627395,19.620420160811513,18.960815021320652,17.48844528383422,15.933969828224978,21.366445048204884,19.53888664730453,19.02391484604788,17.5433874289135,15.964647789493572,20.865208130792357,19.413677613749464,18.899867181142014,17.40851515400356,16.1593549873472,20.973952746521768,19.22376406956237,18.663278137497187,17.401525093455025,16.162742035141562,21.067141244056828,19.115910181192938,19.106473078735384,17.40442026348564,16.07805759750454,20.984721521095324,18.82421158394191,19.529872240518092,17.424911961316703,15.964206349888808,20.786084647869483,18.89941544917847,19.87685011203688,17.531315365674754,16.010941290399188,21.12448716566137,19.11634148766789,20.04909459947293,17.63246571084091,15.8942509695005,21.427753926136795,19.600133705454674,20.37771271589139,17.576526386788437,16.020205794925566,21.32769557226453,19.66753651232204,20.48101686230373,17.630734770501682,15.989345595303615,21.165208153801224,19.80434337749488,20.462392299562968,17.627081451599103,15.99535274276542,21.437496531716857,19.954312673591232,20.110962858680345,17.509353166251547,15.80647212423384,21.490531136385968,19.864098724994783,19.904205578549647,17.358017774279467,15.735057227999226,21.404491807197015,19.401427163720165,19.626545911149265,17.370551295031632,15.521206691161321,21.39776845881859,19.290559688131644,19.316525695569023,17.220285111583554,15.41094551536645,21.516312646600802,19.145562603379414,19.07868540095606,16.996349705747463,15.396109550165821,21.34182454948745,18.996888984884883,19.004101220519544,16.96455281939294,15.766536067907944,21.32103503417455,19.11309300961911,18.94487877441365,17.094069732465815,15.819783531362939,21.090949722705226,19.090680380453712,18.783649406441366,17.10291057243463,15.940503117250964,21.135281232640818,19.435904853194828,19.00259449272996,17.27479946572371,16.480908400537714,21.078858603358487,19.552453547705273,19.07065510116758,17.356675160449313,16.727053954142548,20.741829035487697,19.536948556025912,19.21966806655088,17.487764424107063,16.739848274510983,20.871722009563058,19.457447894319706,19.339020050495442,17.536995329746254,17.094375018923653,20.738221831083386,19.619454597066895,19.47386264218523,17.609939336395616,17.291906345306714,20.797319552490556,19.43687425696777,19.116741116792483,17.50017598114662,17.15540895551311,20.72723560191028,19.38595194653064,19.138500716223685,17.617031639594224,17.261857178337134,21.197731113866713,19.57825995237929,19.11836863734755,17.654190925406255,17.458024944000464,21.104799109473216,19.498464942929537,19.105676535149346,17.684440371479354,17.408677904456464,21.269222426203388,19.587475469465666,19.17199373219463,17.717605915353005,17.494511451024707
15.610840315505378,14.152179525951903,14.618568505796222,13.334798189944323,12.208282201651999,14.906954606971118,15.010418335766904,14.461796215050295,13.43256596253184,13.175294435491626,15.933512145426901,14.055850162308184,13.940412013420737,13.261374821811543,13.40570616514205,15.786324682198893,15.075178262063856,13.871427393598207,13.283987018300477,13.011536532463156,15.555156298736199,14.49043471451652,14.238401552970364,13.30508696153415,12.978515631437906,15.49341720967227,14.485920773603016,14.062949090985509,13.323081825594006,13.12867588623756,15.652039083764322,14.233999926378853,13.949413463950298,13.29814662599683,13.042343715228089,15.556805433611547,14.3645848467424,13.891396570832336,13.299755694664373,12.974040630230567,15.62106867050774,14.331691639146545,13.767450972486955,13.250218880719483,12.895171640909592,15.67113200346869,14.404410964754002,13.498916611683219,13.297230319854213,12.828557868149653,15.637571740844624,14.401048382310293,13.388670143016231,13.304551050285994,12.780389627899677,15.760048806347024,14.47818015901052,13.363785519892138,13.30699655627927,12.866556030262007,15.645411773286583,14.374150296710127,13.463395406883393,13.318831209369382,12.838490573645862,15.50399683142191,14.188543375242352,13.581623540100589,13.443864052299663,12.892235477724345,15.61297287977726,14.241181534790812,13.810111938637533,13.422348068093157,12.907259036681074,15.574460787516392,14.246536876735513,13.991645341918002,13.416360970756347,12.920884759502618,15.394334627171068,14.159014550715337,14.008822081828114,13.458901877027028,12.792442373971221,15.482387295471174,13.95234292645333,13.959868448248153,13.467376730794438,12.703468079471872,15.610528699502723,14.080861765378364,13.926284816797216,13.362820523331937,12.64864276216709,15.468705025586535,14.093048374643171,13.757465835582881,13.287542995860253,12.614886731191907,15.747923109103175,14.151477111004493,13.735676770258987,13.290612389602519,12.662794660013116,15.694280306951327,14.244028802022132,13.675808711051832,13.211166447365377,12.718745704108045,15.934781952326329,14.519123755829145,13.615742406878748,13.204766766298018,12.759546144606482,16.063509257445098,14.484196421774119,13.642378272207804,13.208057482552448,12.852564005363217,16.136316421395055,14.408559851154184,13.967598733631784,13.281356349622172,12.915908847311869,15.959303196022734,14.244624368184077,13.905871358868591,13.17955171989085,12.843286480682092,16.253952346221013,14.373068407111637,13.833882901751968,13.202415641537101,12.962973643867889,16.097921455137197,14.146900228687809,13.89769207946747,13.059258493722249,13.080864548363735,15.86647193919348,14.268416248371741,13.930572717456306,12.988139330759761,12.990145701737749,15.807703514976037,14.330473392854964,13.70095256918134,12.998100518061033,13.009163391153319,15.8272683788613,14.464962730168605,13.724213310349219,13.116011685891971,13.02292779726622,15.576012878057279,14.385364594011282,13.957957518632378,13.140456951491107,12.864769548032106,15.651650784557152,14.48289824510351,13.83766558411258,13.28716410411619,12.848219810821373,15.57693549528381,14.077895647803354,13.713746612641255,13.33016422649759,12.888326717033383,15.600978576997784,13.96035004079854,13.704811861503359,13.306074058432486,12.922431779947024,15.604930846581137,14.137787005627724,13.65005718743472,13.244380417410621,12.960141729795941,15.780002753084897,14.008229866233824,13.455457948641538,13.181994427824,13.041220233122298,15.453373441587804,14.075053672874395,13.635674808307362,13.188842666909938,13.020795357333194,15.719789573405455,14.299801060033598,13.756760408435216,13.249117521865724,12.993398853502313,15.615254621085802,14.375645779430936,13.86156722718018,13.236126935591463,12.91030343522213,15.80855639904222,14.121701711492326,13.999700891601364,13.253331373043082,12.894970948135347,15.70264618081931,14.275097300601317,13.908821194952472,13.346961286687463,12.801467561926922
21.57032154942987,18.708847701843442,18.72642976045248,16.949586933057226,16.45795750572374,20.78482717704522,18.697505288521768,19.339179830120685,17.2207183531579,16.27171234358186,21.675522812910607,18.704561797634852,19.110855463196657,17.36200365574747,16.604342132049105,20.52263505680182,19.65524629911695,18.646884729820187,17.44380673858574,17.233163621509203,20.988215447814763,18.922104047276374,18.811345647728587,17.321278492364804,16.69167608357737,20.756795742783314,18.86408320773493,18.79751867333206,17.50081029905389,16.755597996276503,20.792073206747876,18.78245810041135,18.67008793503067,17.5380336398488,16.79055976921174,20.512351657945224,18.693374367896915,18.66328914815349,17.642340664234137,16.682714554008193,21.058904308077146,18.502565795057244,18.745368161662316,17.541124418965786,16.482773054567954,21.246168443561395,18.46578067630418,18.71807173973216,17.51722793290416,16.387097709128447,21.318336195813316,18.584804838979785,18.741552046146943,17.288115384523188,16.261919393193857,21.3470472940852,18.907615148290994,18.75880986224607,17.25878379101162,16.269162826902544,21.420984147735176,19.049613466015327,18.647840787808747,17.069212233068047,16.354326878627358,21.022513572609093,19.02625560700719,18.590000305767784,17.241730095863904,16.426428588673062,20.947169012695312,19.125822847653136,18.731759973197732,17.16225560107982,16.392047022882284,20.894224853209344,19.38174067110379,18.650895098290245,17.241859960334853,16.47787469674348,20.80803671133853,19.18304713637624,18.651724557850052,17.213419300886198,16.402651273829118,20.903177736594,19.353209383323584,18.766925355446087,17.267101960180668,16.37394678922939,20.783428682345495,19.621811167862568,18.80680140569151,17.183748577808927,16.31115199493828,20.677796532273252,19.53767413730443,18.80784286296,17.17471233548814,16.310220131859005,20.936566090389807,19.290375530228154,18.963226403854136,17.14531993693119,16.22534945993102,21.163288593053856,19.30769524184081,19.136622512846632,17.21505485589138,16.22767463348963,21.109925459222133,19.328524113516202,19.252116602118228,17.224465884303978,16.16035863106096,21.04185845166011,19.047289171220346,19.458586454652092,17.240206525293765,16.095924122923662,21.26763885025663,19.28169520903997,19.35806655477529,17.321489733176474,16.045866606841646,21.321195556575532,19.298603941259863,19.286509261512784,17.21461597885243,15.986007382755105,21.32141840586936,19.34076260933049,19.079308087918378,17.23298989181942,15.954513489711573,21.398342430810388,19.185332371868824,18.876029476008593,17.204810791628233,15.949798755558637,21.469240567192415,19.333984006369906,18.742563313256568,17.053460607412767,15.925213407934795,21.315684023676987,19.221394852581913,18.872899481009522,17.070992579868225,16.15157696520153,21.0534631655556,19.030560789894245,18.911536584561503,17.177453705724087,16.208067848038063,20.74250319267711,18.995811805945802,19.00775949073921,17.047783371782902,16.19886433173837,20.754611000588703,19.0687453698526,19.046710330469814,17.219003992482317,16.39863873636009,21.010041982814595,18.925411251168065,18.91440927787175,17.34887325718883,16.523994553049057,21.19637147520905,18.952943644740518,18.903614684273855,17.385506165638088,16.45386410479804,21.075371694515276,19.065775157022056,18.976620128573423,17.50914896303518,16.66092791803373,21.475715994193155,19.00231372779333,18.84829314531824,17.480332455978623,16.829741377211143,21.390816372208523,18.989468503623804,18.783389631886003,17.43243396002061,16.829474764113705,21.232517486043186,19.09742929797603,18.87165099471515,17.412767243497335,16.876861977749183,21.125267599224788,19.1349897951899,18.757514127056638,17.300415417119545,16.943047614536347,21.11042624704975,19.333740754834224,18.485030596166204,17.40091149948723,17.0260155944257,20.949870426201212,19.329701892454988,18.488215013980586,17.566374125026574,17.122887602372238
22.418602478556405,20.251520052888726,20.227199012507324,17.948933014004513,17.223839393242287,23.145260523486954,19.97760479256262,21.21202798534813,18.871447376151526,17.74440066391994,22.576478246264465,20.475600531248684,20.87210024188864,18.818925435230263,17.344477073950802,22.567630795615973,20.86144254120967,20.760306781418844,19.059038869881725,18.206073523087852,22.71652161089906,20.483688751248074,20.758332873599265,18.750247957047783,17.671173445436928,22.72808785148482,20.527543786840322,20.87722658462939,19.03469259150038,17.80027269381501,22.46201866686865,20.435445154796277,20.85778658334516,19.038482345997966,17.820427438678625,22.501165638323904,20.542225994591863,20.729556040420878,18.995716009158777,17.862050798604507,22.89765093954166,20.495784444395486,20.714533632238,18.934705160984215,17.67301503228347,22.760020586246878,20.36227279238123,20.48579456580284,18.86318867661613,17.62513858885579,22.6742357243564,20.525533069803707,20.388382319046954,18.724249679981888,17.534509849709814,22.511169275776822,20.69139895882425,20.315181385323093,18.644391325197194,17.38981282218082,22.4163261911905,20.74034835103647,20.134703593742678,18.606570909691747,17.377493524717913,22.049057647590395,20.71168103810988,20.04634157721157,18.677447997588068,17.369227061519133,22.180388127473964,20.862149359713264,20.12666639348282,18.662585950354405,17.2718702178254,22.144291601891844,21.033007689839984,20.11966594867652,18.641071244199594,17.179977719587818,22.601035720128454,20.933119866945546,20.099702834097382,18.706358385332727,17.21687071994922,22.50570557101441,20.797955211369178,20.20991721446981,18.758589378479275,17.137823946342433,22.172961125118583,20.98469112536079,20.37865818726346,18.631257753908745,17.156061997848674,21.98192450541476,20.901443570615708,20.389392456018083,18.561668989391574,17.127704519725466,22.01549515187051,20.567971611646477,20.467584454949836,18.482173712493115,17.189032338562484,21.980656380989128,20.788722268575587,20.56276511518246,18.495070032471176,17.04593279685311,22.346389940882773,21.01829940564743,20.73960638437795,18.53174714489303,17.081651331256417,22.417153018277368,20.822571738993904,20.863004712304814,18.616201595815845,17.032660139012428,22.408148808826127,20.857088420803212,20.840500505291885,18.680941918399707,16.96365165101334,22.515721187885894,20.720788763315664,20.772587959357235,18.6829418661422,16.814404588708584,22.41008713261781,20.79552013920923,20.652728110317987,18.562557526536683,16.90244828884098,22.114677014633994,20.559398830903707,20.5490411352155,18.35750255401711,16.831415342381916,22.393412541922665,20.597325205109776,20.442780980420043,18.231372408028143,16.75528060148826,22.552465759136542,20.710507989211784,20.43976798838838,18.266966539507354,17.093449210924128,22.502089199568413,20.75640156087802,20.558181267842546,18.21667113563075,17.233206565260048,22.444430924446173,20.730108672014936,20.476606910843515,18.204410968330016,17.227351593277753,22.611136061223384,20.876533354808902,20.59938737446665,18.45185842304855,17.517809845551238,22.567727536299824,20.826678624094075,20.45118597425004,18.556981548512944,17.726964231810815,22.662245084536305,20.753712826940188,20.595121187646303,18.65935234971431,17.700881159661446,22.5632303805694,20.946619786796877,20.526604860671746,18.913174813632317,17.90930709114758,22.5123796739312,20.796125905365322,20.608581502482767,18.985886630665792,18.061083469445734,22.474173165121016,20.617082998157347,20.381849440814385,18.962828670626827,18.076819785364158,22.406166329225645,20.740094190170446,20.458752776591176,18.923329130021653,18.21799849426745,22.305214763791078,20.69966808774077,20.262767653122303,18.85894544253664,18.25550299373622,22.186681451554694,20.71469597499411,20.12836650591289,18.889705444452808,18.394565100251413,22.360105834946022,20.617336855501303,20.03259245422783,18.907549801643107,18.56895680508693
23.5187158718589,21.322022014827702,21.11487161590989,19.336368692398068,18.48368563209465,24.59421019529835,21.93945970154179,21.944618247752462,19.69265061346385,18.631073757431157,23.40564918520805,20.98829072313666,21.97671515795703,19.661653447889957,18.351279386544732,23.54735367627397,21.99384144025294,22.07031284778907,20.099901627612233,19.313325697681094,23.72363554565255,21.638348519128435,21.707983748546,19.7398242530953,18.69457790620614,23.794295090893815,21.70664213130103,21.81143535228083,19.92229781969925,18.782133605164915,23.463827079672328,21.471610653924685,21.8201162368862,19.895780452359475,18.7848921029722,23.619690528464623,21.71674114604087,21.62439598602787,19.820723353036378,18.829742073758837,24.000017154415055,21.46279233314262,21.490470443280373,19.732126920079946,18.64122599958458,23.85480538360497,21.256853766437196,21.22825080256745,19.726299517812304,18.562587874353774,23.5966568435452,21.2885831940388,21.129012504782665,19.583271531704913,18.485539995489056,23.59791761219426,21.401841375233907,20.99217965948527,19.511338653850466,18.372576984233525,23.61994806158309,21.356980423263536,20.815391363836227,19.474511400293835,18.349703287828362,23.31490641908059,21.504287321835605,20.741962749630417,19.534560220689094,18.372027500241153,23.52708200594278,21.699252941673446,20.932650957513722,19.437150333723064,18.308034411202804,23.68467293022023,21.86851193944343,20.906839886241706,19.40139595802564,18.247532486211206,23.90637911846635,21.69103907278312,20.85389798483215,19.475724348039407,18.372115755081772,23.635719706277108,21.480997962845628,20.918800825075085,19.517043432809622,18.23036238890482,23.11464868824948,21.519494446611866,21.089637128978975,19.43345314905363,18.169934365380595,22.681575851322517,21.459717351689477,20.989047200095303,19.39860606281652,18.17550871569322,22.67360662446329,21.053203360345073,21.002220820549997,19.323074824716777,18.193417948418237,22.72489758981692,21.46323525157472,21.137004053836062,19.314396032908924,17.980593624599674,23.030429698094412,21.840425832070625,21.324656513610112,19.347571599228424,18.03430635676039,23.36647173934814,21.870711637342406,21.382440950169713,19.333269136779144,17.982348973323877,23.581098086449195,21.795783450132376,21.449350063651092,19.35737284258308,17.813400689998257,23.645956361935312,21.78504702501396,21.419460327267778,19.42259532231401,17.64842320933785,23.504920577182133,21.727624864776217,21.278467864026474,19.337122857148657,17.691380804115177,23.290457254816783,21.42682706806256,21.244063258361447,19.224277098282382,17.64149963911294,23.468788876340437,21.433752664164913,21.215543665373865,19.105956133819696,17.61216295100288,23.613075536905693,21.57567165129924,21.194843215897897,19.212535970752754,18.04923994184354,23.525511350536608,21.799611073820667,21.410843554473587,19.20134356222486,18.171591230989,23.477681390825346,21.81037143470373,21.453465018254402,19.177569654794542,18.25402936953544,23.77426818941719,22.056302499902895,21.61548065235452,19.45153310172925,18.569130189623728,23.577707321229937,21.900248857153052,21.492899419500723,19.55978533616132,18.749023700973886,23.643403594964695,21.913247148331546,21.646939828614403,19.574025621297285,18.69301769609058,23.56880075257846,21.8782416371538,21.566777319306823,19.691579312447097,18.888940641255505,23.50551599918877,21.7124186244534,21.553007064039253,19.774833058571858,18.979465580099568,23.286567821618753,21.56574278849438,21.279857883521323,19.757837645746253,19.001328576901276,23.32804094459621,21.731150138869626,21.337773357724313,19.748963123465348,19.152682825515033,23.29522901107846,21.52139976263748,21.19593768268774,19.704411279791316,19.152052803445457,23.138749366317974,21.64536513674316,21.007109065726503,19.78176997446696,19.303392761144714,23.028040468724065,21.56790811933298,21.006180114420015,19.808926141971966,19.451239877258956
23.412242122942796,22.02039966127646,21.273438340571047,19.920286681212755,19.093169841006354,25.50177494332135,22.584027897699123,22.581604866046487,20.31967316232481,19.162178181935754,23.192817605678627,21.55334122653382,22.60331562170228,20.134374510075187,18.82440187208921,23.551337553569894,22.519483028650566,22.448066772608183,20.189049512743615,19.82522807440158,24.01264401129682,22.198103678123243,22.14171523926055,20.17195843963797,19.190909365671693,24.28844019629166,22.1364400691495,22.296037652855997,20.282971822430454,19.250571733292695,23.655154697550664,21.979564619116374,22.266520303380027,20.16410124511693,19.264288288568334,23.989601576796993,22.139026882037925,22.029701417384203,20.110781213936946,19.255676255063,24.488981883618806,22.053321011277227,21.901172629820042,20.035158068228398,19.102433591163567,24.41248176432307,21.962744259890332,21.586988834891894,19.912171429739892,19.05834712868933,24.100623264780012,22.115807612041333,21.477897113445692,19.8259993291099,18.924266714047775,24.246272249057586,22.064926249489766,21.35844453834336,19.851140709695045,18.853979511715938,24.141150924157373,22.15944469668016,21.29124495330643,19.894838212556767,18.812188365605152,23.889722666280214,22.23689506456045,21.132070827566015,19.96044794817303,18.733218698515422,23.904861148221787,22.307840375185986,21.329360699416117,19.991067397473373,18.648295081088115,23.996865955896357,22.428521924142846,21.29690878991865,19.926369153727116,18.616714670845873,24.212895473058644,22.319067252497977,21.13542588231765,19.948714342927055,18.56134772854753,24.050922185166264,22.04407397769785,21.149764667225277,19.89447781734284,18.548455841543404,23.734437736973373,21.981059089091225,21.360877754632973,19.86333717592691,18.530321618068758,23.363781083038095,21.901840838007008,21.29679746345237,19.76193935267084,18.60573075239882,23.3811696130036,21.469442328626894,21.227821598172852,19.713255001598853,18.69894511832677,23.56913319255498,21.92310881205768,21.482728210899086,19.707199590037003,18.627977609856323,23.988674665157056,22.244786439843057,21.639220656081136,19.783722596280448,18.707068573618507,23.95362237732944,22.29810817194125,21.668509477339807,19.81593120032782,18.73825195560709,24.033047062770805,22.339333038956045,21.79490030531307,19.870946225086065,18.6753119395364,24.003578569208422,22.4367020084666,21.856098134495596,19.949572048081293,18.528903934780608,23.98481012248862,22.271766416408433,21.659791308361413,19.882777160917808,18.52876265760738,23.546659731108367,22.035835050711125,21.52180946892809,19.788863978432943,18.429375270593145,23.714215141206274,21.915956026471996,21.545017920737585,19.659941079507345,18.359429582237578,24.083174739879077,22.02869551574769,21.542891244707498,19.741645937666082,18.531910003014495,24.176824632263227,22.087918928313986,21.765075667278214,19.729020056567805,18.641753913095492,23.950009785702953,22.149271657903984,21.831322446333466,19.711347714694945,18.720622375450183,24.372767644059017,22.436279054818698,22.11148308735614,20.035779013284866,19.098306914601437,24.388801881035867,22.467348419749012,22.029650657012933,20.10836264006711,19.210956486507705,24.32249510976009,22.42710014577773,22.12622312938896,20.214923559492558,19.280406544891555,24.266654140907058,22.56853791712232,21.94841803936809,20.2941785012269,19.39381660852566,24.28187551040818,22.476990929321044,21.917627075968618,20.298540778275218,19.507971599725884,24.206719853341244,22.25493353078426,21.73343759340898,20.108004708580758,19.42804125060095,24.108950374125293,22.29204790169374,21.802234741438998,20.04279432193811,19.56841527294642,24.1078866095779,22.081556434291333,21.71765841447118,20.008434393908693,19.53522386470179,23.99337101266351,22.154397942380523,21.634941096340203,20.0514214610833,19.653519843834715,23.704746141300955,21.996440179947427,21.59635427223654,20.14743828306632,19.74272398283413
24.542379628470805,21.341074217796226,21.950998888824593,20.325623790646656,19.236980645611037,25.39408839626455,22.44648523611995,22.12754359627064,19.47882026507861,19.26292703597908,24.1552452376143,21.202572033763367,21.295111416797358,20.27087506319565,19.770169212356667,23.771534356989285,22.562565156674317,21.676835883637345,20.124306355357263,20.345097487737416,24.392759291708387,21.92316321111315,21.80071506736213,20.113658130670622,19.664644485436856,24.164326214813503,22.027816446951263,21.72516404342647,20.111063169503772,19.74178914938448,23.70009370446364,21.962301445228974,21.549964539739122,20.247267176133107,19.827348255456513,23.620117356876825,22.085570010599127,21.455158460107736,20.22808077818411,19.737173754216506,23.902788524056593,22.177682681412996,21.47416256927294,20.166271527251162,19.511210943463546,23.857742409647987,22.089705980244283,21.31235125211305,20.07430177688021,19.383144144415354,23.77622800193971,22.04112836664861,21.40327138370262,20.089711271449765,19.24373154638828,23.793002128570713,21.94085223467108,21.46204710764712,19.98087034718893,19.097572093285727,23.935192858593926,22.111323450492513,21.521951269707518,20.007749287557843,19.013851710112384,23.771827961426716,22.228915270656664,21.438538627549935,20.053702306952,18.998615525269713,23.57052322959442,22.257495747961343,21.37802713336666,20.0557627156592,19.048042982873618,23.582944596358587,22.253012354923914,21.186967257947167,19.925173618856796,18.997823130072867,23.727806450440646,22.254653842491756,21.043073605496723,20.039816627991637,18.98907624972754,23.60508677001223,22.115988581634536,21.155248621796535,19.952214373471293,19.029691580240787,23.464068306628114,21.66639290368637,21.144281461493073,19.85828786459544,19.021343125939474,23.387839939713476,21.650702148206392,21.419277968265174,19.73008022500715,18.934695253769842,23.513156604234247,21.5833616786629,21.468629436492478,19.768463019980604,19.005060346624862,23.90978184536396,21.89237589587309,21.749595925036967,19.738888334493726,18.96235399256734,24.128142140399007,21.895271286173656,21.733132222258075,19.738730952820426,18.93248535224378,24.18480974239875,22.198672230972335,22.051135636954047,19.815828642305462,18.91380891344852,24.411331784718463,22.382884312135396,21.94072428867301,19.883375081610758,18.814820757827437,24.48409708875706,22.42590842521918,21.91939922100648,19.82978064643479,18.596781821872902,24.225518102099336,21.970105934757314,21.657200554894295,19.687126432747725,18.528741512322153,23.905654621887262,21.802502945083365,21.676528426460784,19.58562233358805,18.413333901891207,24.011001889176132,21.31759716196852,21.173060268009515,19.47397604905256,18.30774050559493,24.126299926238794,21.131957141746618,21.142061140707444,19.606724290534054,18.617870754875444,24.13151069584642,21.17720168278812,21.35770344504592,19.607990813022923,18.87708710441788,23.691724733466877,21.36337247955815,21.403442794291983,19.594179059269038,18.877108487234157,23.998889273888132,21.78190266375059,21.441761333880233,20.040445069335,19.29731613258386,23.87262734897064,22.098495808954375,21.47555761899853,20.095956904993763,19.455322356072138,23.572114789538634,22.17107510283691,21.382913029792988,20.095834314112267,19.41018161561938,23.507998409140832,22.147416004995176,21.03810594268279,20.26447749333288,19.614418304302482,23.77440111046091,22.181637252913465,21.067109981929022,20.462466166522347,19.826975346986295,23.720636835697178,21.863041234206147,20.9588468627506,20.272635220206865,19.771293970369765,23.483566139546006,21.869183156328738,21.137291125539633,20.30710902845386,19.914189566465186,23.74173894874285,21.66440959681414,21.049313418106358,20.267421447561627,19.88284565853859,23.781400813610485,21.815387163356768,21.19603191204201,20.12725051547893,19.86729031194589,23.677700551765216,21.949637871394412,21.21643322961293,20.171957574334552,19.977153441207406
24.500531851119966,21.306231646539725,21.93154932891129,20.30146697766379,19.287860555601558,25.416632788444634,22.499735891166555,22.165597581067654,19.439614726838116,19.244794049970114,24.1632095310184,21.21226261206598,21.27946357525291,20.27500816142165,19.72362340162199,23.838101393066204,22.612511875086867,21.709843806666257,20.10081052539244,20.296199276013763,24.398194902501153,21.94075228845865,21.80162162461628,20.09233602105161,19.64539770415664,24.183045935799353,22.054460110219814,21.729425170504964,20.092864028344017,19.710927787803666,23.709426323921235,21.985165420457054,21.555408231958666,20.239900386736252,19.80687729961486,23.629353479085943,22.097356049030964,21.454405326201623,20.22454657033442,19.72051361773948,23.89922950830053,22.18911010163071,21.466488895013008,20.165386670529394,19.506278312508513,23.85632846538788,22.10169828362165,21.313113545782052,20.07411528819738,19.370069830776618,23.775991610596797,22.045275312977623,21.402687278009715,20.076763985639428,19.225286719521876,23.793215007320985,21.940278852827625,21.45041521799181,19.960580970912048,19.07522968110469,23.92611231860637,22.111914323788447,21.516079256198875,19.97076313235044,18.99119361191657,23.75805406472627,22.216525078933017,21.43826555235456,20.01918081579897,18.965800955241086,23.56133752504756,22.22268977593751,21.38578286904819,20.021845733476106,19.023548484021454,23.56780755911895,22.21561391772394,21.200027401342055,19.920027878003186,18.979470337908147,23.715017944841374,22.198219273474518,21.06305051482775,20.036535418064563,18.95025666171272,23.592628734598613,22.07738041779365,21.16397797729022,19.96590333163573,18.99359173875868,23.461795070768908,21.640461299901133,21.140977317817175,19.877856291780965,18.99223387529766,23.382334730148973,21.626286671528977,21.4052888245996,19.76483580334833,18.925462011755883,23.515386882848283,21.559682583009902,21.456632638601242,19.79797890551718,18.995180371385306,23.906075278444792,21.88686169311814,21.73840866026439,19.76926873415058,18.963097717984418,24.132220771175025,21.86988759884474,21.745277117394956,19.76916948824408,18.93123976235193,24.182169728687096,22.15268703527226,22.069723780019665,19.831040210133736,18.915712279347836,24.410450386761077,22.359828632575237,21.952442344305393,19.88941746163585,18.806535307519965,24.472917865224836,22.403851350717723,21.917290656213513,19.82957892334945,18.57785244672568,24.214322794867094,21.943753877217627,21.646200897683904,19.690287102278724,18.512728966553,23.896264482620964,21.795828831282655,21.646508987590742,19.58166468791378,18.392708100603393,24.006472528193278,21.31825651478577,21.153693399755348,19.473650599824758,18.28644970841217,24.12114318482522,21.125704320062475,21.139759832155267,19.598511505006933,18.58677925006846,24.118291396539185,21.180247647543872,21.36046369163592,19.599212794334928,18.852096056169888,23.677654707985152,21.381310896129627,21.41063333077629,19.60018682069668,18.868975121886017,23.983243120677873,21.79082043935722,21.458896762025468,20.04586660759627,19.292278322130223,23.841773168420836,22.101999325863467,21.46722734226268,20.111659767995455,19.441013851520673,23.549195626467064,22.181362079060726,21.35742479834121,20.12177515159199,19.391618039641425,23.484019752033582,22.148397823548382,21.010570378655384,20.2923216733726,19.59511015510484,23.757583846044827,22.162826315404978,21.046977178483495,20.469914322244975,19.793803558955435,23.70826421729855,21.83692447243314,20.94804603102576,20.27985781238367,19.747408433611355,23.486513788130203,21.84062395252273,21.137150414261406,20.304275504884746,19.893871588523485,23.73622897510698,21.639264179444996,21.066204813047097,20.260627482511932,19.881630721253078,23.78382165263776,21.80762523674027,21.20293235786835,20.11275350818633,19.87246157340831,23.683948169062653,21.946634061506963,21.202732097547113,20.155850900900912,19.98189364221599
22.87549605008462,21.02026148344518,21.261809651038963,18.21389894937145,17.480074533023675,23.63217164268792,22.401187485599998,21.013233855394695,18.447746614190486,17.35536333189969,23.093657920429564,20.84126062833031,20.415070245106723,18.511913842422267,17.319056489901495,23.381243844548777,21.966293903052726,21.19704315315882,18.79021542912077,18.248129811125285,23.258307366230124,21.485260881564805,21.06831254178751,18.587218789048904,17.5625430572283,23.12998158903313,21.45913220993078,21.055841505713353,18.763298348075914,17.713771295732215,22.91184378394086,21.222567351297954,21.166146001573757,18.854068991943347,17.75172624936891,22.846243149593327,21.283303545955075,21.075952927125726,18.904018979664563,17.800447258623123,22.918971767078247,21.405608116665398,21.03288312153323,18.974191922040255,17.578739813183915,22.772730635764788,21.315450067401795,20.86180201281192,18.93121715022898,17.58500205993577,22.909787596545822,21.273994284411636,20.878595980167013,19.022973386917034,17.3369211561416,22.855569157820767,21.23291968260172,20.777175022590498,19.001544159024732,17.23634210884981,22.919180398018305,21.321610206753263,20.825584267458286,19.085087248660486,17.31071644125415,22.85355532494399,21.349438918375093,20.740672113449936,19.162893997610162,17.45001091148953,22.79156943747758,21.393144546205306,20.67187691508253,19.194254133481945,17.431752312817345,22.34402000994274,21.438748410779105,20.600491562439778,19.001179178051515,17.47289339995964,22.488979969676667,21.47034622542656,20.51603058548266,19.045744399518593,17.448041801405328,22.505409075067618,21.336226772176833,20.717114506105638,18.963342623771076,17.27183840849429,22.268678443766625,20.92227171619296,20.826106367830118,18.81019711153361,17.082906114403702,22.211373203396146,20.957917613498115,21.1147854184109,18.784627339021043,17.024292821916486,22.770945589574684,20.98173873911437,21.138157979709423,18.841424385815174,17.051672795552033,23.086565989233137,21.245664515514214,21.354382807704383,18.793789046031186,17.067118055348097,23.26221101287246,21.397374338593693,21.472016100818763,18.88796920199899,16.991990435178717,23.10647943234312,21.555438913582783,21.776811976799625,18.91593368521693,16.96832779181559,23.268359896496488,21.636643692837218,21.591191880546248,18.89643918170828,16.933385573921566,23.181680728219323,21.577352200274206,21.423822338987797,18.927149465685158,16.768069414089506,23.053058704465993,21.103998221501918,21.15545407656763,18.858821034388047,16.73124386230093,22.77098122550453,20.97146606155919,20.91324721556223,18.73249235889166,16.771977584974245,23.0094604039027,20.709129878488234,20.370843341237556,18.564812989544322,16.780058575731875,23.102864150746313,20.642270835992406,20.3046548803998,18.478217887619127,16.939448339303546,22.962585744950847,20.724714015283677,20.537180632855367,18.42193616044478,17.160207776929372,22.540044639573672,20.793356619527486,20.52631051538622,18.433280073730113,17.15177212666989,22.73595842922058,21.084511503170976,20.718103821019877,18.645655324127745,17.496225658397446,22.735905125857293,21.304495753513486,20.727213735525957,18.710270865633156,17.666954740904913,22.373858938520694,21.341064335805445,20.693109243845935,18.78827908990162,17.730136979217043,22.555726442141342,21.22517990158637,20.54637641983357,18.82569854788289,17.76244760795294,22.650542737069916,21.33174450490862,20.49541254825835,18.885933077241578,17.934992296014407,22.591245393720378,21.00889426515881,20.235023459122832,18.780115858386658,17.887204003842392,22.521568077795806,20.98563826213136,20.45483826278516,18.925812999307652,17.952593910822745,22.908307004447234,20.874835522534205,20.57171963973441,18.974121031015322,18.001901384692395,22.690541719695993,21.022525791083183,20.560986197846358,19.062360741347852,18.209826827201727,22.672356953903247,21.216232315969997,20.68566542476549,19.14343194011079,18.318992227234084
23.36776921602015,21.05575746239264,20.810021946333613,18.195429976174502,16.81225213844996,23.050291441047612,22.453015872613648,20.819280267732214,18.506215424472693,16.97777368887987,22.27210320666632,20.72460700076799,20.66975899924201,18.388601619742197,16.807488543926283,23.52747651621222,22.034337522100916,20.96791498357949,18.740340746843266,17.330456928631772,23.2039244855009,21.446291330105147,20.886494859091858,18.517220360689073,16.983209447665093,22.99102497292884,21.363091704873305,20.95692762356266,18.621716887769985,17.05696941438739,22.805962568480922,21.03291421505689,21.024570653706373,18.635541863360118,17.053746314589198,22.83829825041591,21.187472354897636,20.922239005237017,18.72124254307194,17.150207240447486,22.7748981820665,21.331712459903283,20.917433416623304,18.732966518393766,17.024300201252462,22.530093394027602,21.349347176235888,20.685943204213878,18.633668737486364,16.98095084310561,22.580869942703913,21.38860432340563,20.558980015962273,18.74402058793074,16.80930003065102,22.5764959656471,21.441428152879496,20.47160763385015,18.755562035325593,16.732874141619448,22.682876174057107,21.476117448037353,20.386291998841347,18.771853637700364,16.698683050516298,22.790927126509796,21.446719113538627,20.220506310336393,18.830259997117885,16.698100261482903,22.873371944315064,21.469149682027457,20.290841354543613,18.861324629075558,16.636963624998447,22.69786520775919,21.480881762172395,20.375825679109568,18.677081133869954,16.802657363295694,22.906285749425173,21.537988869145398,20.352800696583085,18.67961443290184,16.832677427500006,22.992607954951783,21.245761455414446,20.601076615105832,18.650614674647578,16.73090967679837,22.698165073087065,20.815606923543076,20.72634788955877,18.619847430097884,16.600463172506913,22.51878233344877,20.71614347640955,20.88739258139832,18.643457530294118,16.636405368855396,22.704378694885413,20.76433161254889,20.843462958038533,18.67481728183883,16.578339219327262,22.776153490316027,20.973309312892308,20.964029199460448,18.616261776163174,16.549858415127787,22.891718148373958,21.304347123302374,21.145401253427966,18.743419739283098,16.46837044054563,22.47245175233413,21.447658092040104,21.515159924641605,18.709521291820554,16.577732899708682,22.514369472730245,21.53247752217646,21.352025230713515,18.677329282366355,16.483866564986588,22.401991942464157,21.373279721011293,21.215436401102497,18.738506666404326,16.33409666569896,22.426240616532382,20.963176598402548,20.985378992221364,18.751766826783545,16.34085660059737,22.12213589451057,20.662331023486622,20.646520464289463,18.524467385053516,16.40927268465113,22.69503602345366,20.4716371156456,20.076732971006848,18.33391676257934,16.388152988002712,22.842669228558698,20.488118164618452,19.97305846262636,18.280879245148576,16.57764154908212,22.96169255834376,20.65071787506941,20.11601589431825,18.227391440046638,16.713163357568,22.61644251596772,20.6152592649566,20.101915595827776,18.18974013943173,16.70309430588643,22.82677692524757,21.02408306388577,20.276061710222034,18.43027005906366,16.961429120359263,22.646737209446506,21.44821592588505,20.2605994594314,18.5039695417393,17.0903533750324,22.468958622552847,21.369978094946134,20.302118728594117,18.612594212258575,17.114084316366384,22.3235495854511,21.20583988683736,20.300152898410175,18.58132225667537,17.18717264543444,22.305392873749874,21.32498710656218,20.34335515620646,18.63303324349465,17.27444462159761,22.27216858557764,21.04421569027834,20.23846795741664,18.53619849286571,17.189768386075162,22.25129039138987,20.83445180069474,20.514947110491683,18.6022005628048,17.21090230968307,22.429711162899505,20.891785333501744,20.65253856672976,18.600650448441904,17.288221901449333,22.574714832676165,21.139559172520652,20.51123173517013,18.723706741587158,17.377061763130385,22.752399723012296,21.423809180929858,20.62518083708081,18.791932557053578,17.471519139551507
22.516216975073927,20.768754279163314,20.203356060409167,18.004747473481068,17.410040094093276,22.88391834736499,21.763078858446043,20.830329510650085,18.472548197940185,17.4703038190483,22.225286843284444,19.720731646732006,20.468684824858055,18.39400287834332,17.700323456452637,21.998907915007507,21.050471472243753,19.61395410776467,18.81631008217738,17.830614584104108,22.571938361895874,20.686141096546766,20.168579550867996,18.45757405413526,17.574534963928443,22.531172955490412,20.5052378356271,20.221040574621128,18.45426828673761,17.530506941189888,22.249367531425538,20.101699931844898,20.15222277420515,18.40398453971013,17.55291429136264,22.054014322399375,20.341205606533862,19.873164369590473,18.432761205320443,17.45697596500718,22.27100514312916,20.491742368611494,19.98464495980648,18.288417102102265,17.384557715695593,22.028071464229615,20.57071615649435,19.80226352339987,18.205944613797417,17.30979500283581,21.79491335061231,20.488952672436575,19.497212099438876,18.318260273898705,17.372117509863354,22.096784546685967,20.68513470191294,19.34922464181744,18.360685816710703,17.315300179730773,22.440556042557457,20.72398273925807,19.432009181770216,18.25718434653556,17.35419840623494,22.519530661415267,20.645788610463764,19.247438662653412,18.283472135784244,17.368483220183755,22.652713844304014,20.71707336753195,19.290561464692313,18.244188164337,17.374894707957075,22.868994871733683,21.053979203448502,19.52824268066589,18.12617801486736,17.37669522808389,22.80110357137321,20.963245352740437,19.438867966342297,18.080374430149742,17.413921169300856,22.570244315940137,20.657910252151787,19.431605259594935,18.133950907171926,17.33710053746238,22.01580704683182,20.45673871508845,19.512599355026687,18.187925599508695,17.262077016411713,21.975623752717773,20.390215401658327,19.60977280991643,18.17817635395823,17.260534617360356,22.073965115146397,20.31150819710798,19.60831293860801,18.117371532066482,17.196798338754324,22.140629814169507,20.531148895356797,19.851861705352047,18.077860908055012,17.11580530709699,22.394958327264668,20.96509997703189,20.105132513947563,18.11888432635822,17.104596461175326,22.457003404574223,20.929693274169246,20.42090295319333,18.071596120988566,17.111207678578175,22.319015677771226,20.952897904515645,20.486952680837042,18.049580866833917,17.074312547105187,22.229417190695923,20.67819473612567,20.295686300356603,18.075998932735565,17.002716087478298,22.303624161089232,20.48560809666762,20.123220193126635,18.070511371229536,16.96100285059983,22.150825191439402,20.257649678558884,19.887181552190793,17.868469886446682,16.899146648241405,22.560444357912605,20.225156534991378,19.51507126037838,17.84956543594435,16.83781705002317,22.83040680895749,20.237135835411145,19.551807257055096,17.808372815363406,16.932667776310907,22.767940984240425,20.503715483936105,19.62021953482057,17.896883961945754,16.995513607587345,22.52217993505953,20.27500629849603,19.531050987618322,17.782124900473757,16.95220221526563,22.61661296057966,20.38687737843974,19.65880933289288,18.178728205305724,17.12635091490078,22.1675744431308,20.70301238201823,19.59124650349218,18.098507355409932,17.18648550312541,22.04270036866526,20.57343923216099,19.514290969475997,18.214370437893244,17.142691768653282,21.91400940563529,20.418544962996503,19.597827592309706,18.14246443761048,17.094159330688008,21.65465107410781,20.443466340289927,19.693798246404477,18.2421066253306,17.10140449594789,21.466090913995167,20.17577498575822,19.563021631746913,18.056190187619933,17.069373989593824,21.762201818521596,19.95110970290184,19.770763389475754,18.141349634538965,17.008841439387957,21.7965462386277,20.12334466060239,19.82095501733699,18.114378632522165,17.002659369855486,22.001245890049155,20.28337070377703,19.677346940048356,18.21403983173637,17.0450238493213,22.338814124000713,20.72566964024017,19.603982769537758,18.24542191817184,17.148599056856188
22.404197795136735,20.398022249306447,20.065559041461665,17.765400200077014,16.7506578123399,22.87402288313774,21.42413363137154,20.97880648997661,18.334673452277027,17.00634164757635,21.619208704936266,19.618945302438487,19.719796729368287,18.274240969766684,17.29787010482778,22.130417080470703,21.0210405932298,20.496972182027775,18.901392976330303,17.940696023824874,22.472615702095723,20.479434854219495,20.262686107633478,18.38438887407551,17.231061822503843,22.447175270167048,20.335788915566297,20.33009689260174,18.54591751363008,17.31169517918833,22.396756374093133,19.998741593817517,20.168684094064908,18.563810250611063,17.37149110408467,22.562382130915,20.14995704783102,20.054026864158107,18.57709082516637,17.351720713410494,22.978064731564814,20.21755704223007,20.0067095647529,18.425089656885035,17.11734561984131,22.819797201841368,20.31343713673967,19.840739909901078,18.35346173222404,16.932630266408992,22.54389932205669,20.473156253170156,19.809276216684964,18.36759720532549,16.854896723404476,22.61185358510548,20.72596178353956,19.627674913884032,18.348756613021646,16.725517814136087,22.66164133475805,20.979810287878173,19.804758960114345,18.261265839160036,16.675325436063613,22.466325059266754,20.84031727695386,19.693024894557198,18.288853295000354,16.74239209195348,22.431531826677382,20.840596932270216,19.734779978422107,18.260639416219075,16.831911402354475,22.641194164775943,21.029778506191647,19.686927152533354,18.218693848632277,16.843271341567203,22.554510519657338,20.963539360848863,19.773294362525817,18.16997724662206,16.855979367970658,22.61110565212803,20.73748714603446,19.70369828392728,18.215994229797456,16.877816353586827,22.050363095512385,20.742555140019377,19.62618680669164,18.199924980705514,16.728049672067392,21.84859961241319,20.629290609420927,19.65697611343797,18.21143832701224,16.770576221287335,22.06986895440681,20.5451081653981,19.587694081209957,17.989729588975568,16.759270756791658,22.114711666195724,20.595634680458776,19.758554023124464,18.079383329514872,16.672656970630953,22.207813597504156,20.7885466957059,19.949348353583623,18.05399288998139,16.628652349004057,22.40955538913166,20.74243960178257,20.30223965103732,18.154767634296583,16.7262364975349,22.515997214625845,20.898770885276118,20.385171034626126,18.120576507432528,16.689542060973487,22.48144299725404,20.584979934081336,20.343191011933733,18.188964769230104,16.64983372163374,22.564647599810964,20.622000259309385,20.10708636041482,18.12235345963553,16.76140829394989,22.15808219860798,20.420115319310042,19.83940748689586,18.158345376397108,16.64807551702423,22.34767518797971,20.42381209172961,19.719672114180447,18.01746737910247,16.576897879235176,22.628110865487287,20.48065099613053,19.720261056196755,18.024043771654657,16.746653457893657,22.697702694250474,20.777891194829067,19.86081008072301,18.080251132362,16.871042641519672,22.406337244873974,20.63092387586031,19.926381142069154,18.01249280242591,16.800522882748908,22.731795329759958,20.736758804124115,20.11870802227815,18.278096638207007,17.112753451770807,22.56209054443383,20.937275325885732,19.840693730135435,18.28609693688196,17.25290136513678,22.550174416385875,20.86833774288789,19.773779278181344,18.454169628443033,17.22678528101962,22.25669491652939,20.663535271181818,19.851441161939295,18.59442001985141,17.341178904939405,22.324564068418365,20.511937476564974,19.824974902276544,18.681954306017683,17.425019897466598,22.258051778820963,20.3230663467805,19.544951722091696,18.536903412953073,17.43670859108274,22.381054855793877,20.200423954367476,19.79745697154973,18.597186179779772,17.54177208294269,22.21305635601569,20.09734851214703,19.821434594489297,18.375563518479208,17.61209701907344,22.205874444748854,20.33526690933677,19.565916451455355,18.49878343345707,17.64252119063228,22.23787318003248,20.716073361662207,19.48001547597133,18.56557000441525,17.829352025158975
22.826188314438273,21.09601951143272,20.835121595683578,18.750862768438417,18.5072614177614,23.7841456098467,22.11843919431951,21.935637746708746,19.530511579437928,18.41936880393079,22.54144955653253,20.726481967559202,21.26027695631055,19.202917284467272,18.536905202882966,23.382894877643245,21.869536115696963,22.018001185460108,19.559167037159614,18.956784193560516,23.605350451944638,21.33909382760891,21.446659324815883,19.309645373111067,18.581033156760373,23.644930873736307,21.308378074101448,21.605030805623464,19.538654953770386,18.59788028475071,23.575117399596294,20.908064728686902,21.49180397444122,19.504976570931184,18.66742935905706,23.678533713354426,21.006542463222026,21.38101985731233,19.45963186121009,18.65553633230124,23.946660900044414,20.948972088564965,21.132300141176295,19.340022053366617,18.46343297779284,23.54974666221998,20.876451083011524,20.836159937239852,19.251564112119475,18.38358210443078,23.4556639423355,20.96429792796784,20.589798323362597,19.099982080521546,18.357364662126805,23.40003014242361,21.21874432719257,20.450602216668564,19.009508550523215,18.28773971825681,23.4455421507611,21.412489929629082,20.286099265592135,18.932280408423303,18.331383992729055,23.281845243606693,21.415561809407627,20.263392335753398,19.04055719186532,18.44758212261425,23.13514137676865,21.59612331567435,20.36900281905796,19.071253603492966,18.490572327973776,23.187294843993815,21.897770016916514,20.44601889381363,19.109555931050117,18.51378251032085,23.24427005470035,21.906577961005976,20.505574885162257,19.10084098885755,18.550704999676448,23.247085291671404,21.59347177420726,20.573576966979864,19.281936822281498,18.457195733225177,22.8006344509564,21.65689185489426,20.684354553682944,19.157035526221797,18.40114280660986,22.91488320708385,21.570349805385412,20.699685918277698,19.066853461437994,18.40033505827592,23.028898790215045,21.18979166817685,20.660062595842064,18.93540495625647,18.361448597148893,23.174727323333933,21.278137133648496,20.70468461038588,19.010508167277617,18.238575710261394,23.38495521427898,21.634392359806704,20.83587487908853,18.93694881833293,18.248972046764557,23.410630696259357,21.591529392380753,21.0306354838792,19.097898088601415,18.22271278372289,23.09201330380295,21.68930775850384,21.09372825349388,19.15645762133701,18.122518071506597,23.186919642378264,21.551399663003753,21.10810182813542,19.142137228129872,18.039051581143145,23.172060871137052,21.52652147433759,20.943186755472876,19.09609090376771,18.034003002818913,22.90975936949444,21.382261840101066,20.855250570712823,18.991848651094394,17.935691267350297,23.27257084930008,21.337667531123543,20.76908308852837,18.829525215349555,17.875578796542793,23.658418556070707,21.39443749189289,20.73227675863601,18.833538720451298,18.056581284585363,23.569684855927242,21.555911288040356,20.939600610817333,18.871708227991725,18.151301107088745,23.27270375396454,21.54631554707839,21.031391177074426,18.827502743401407,18.143139725467893,23.448323956622268,21.675271935103773,21.228581675288922,19.134365451804992,18.409278360068818,23.402804891973588,21.667071213899526,21.033145882982122,19.17101496266411,18.475777939981054,23.469160134934974,21.648515037456246,21.163600194778965,19.293131756323778,18.457609085061915,23.404969764900414,21.67051321372028,21.071129504459588,19.431431246831625,18.47261163014585,23.479983925825536,21.387302277938307,20.993406760313878,19.40610140203596,18.520554851565862,23.4960046759704,21.164776530233347,20.673468819054584,19.300616526803225,18.434104522543322,23.40251661848868,21.159983733622514,20.78963810990576,19.289388724417474,18.49052641137223,23.213188224514692,20.926568421686696,20.742008907824065,19.112743066510525,18.48605800381392,22.983854965719605,21.011015192091925,20.677877692828616,19.21218846259608,18.563041680332066,22.972088465101173,21.275667795308024,20.69898062887187,19.323640333624724,18.690277750215863
23.478710630830516,21.113430325414015,21.33647270909165,19.31294248344905,18.271557948985404,24.34938006558212,22.45935199972929,22.120418971301046,19.6566369612,18.116414667930744,23.1394294719511,21.025106165791883,22.088836609032036,19.459669719632384,18.384893158696002,23.1243883103244,21.95532080806916,22.579260459356156,19.91009264562918,19.134684301358472,23.62796067012142,21.62586611392766,22.010946892137426,19.66683181222158,18.395734702814448,23.800669172809357,21.68991348717229,22.12726321065947,19.816640970873436,18.43522441107475,23.68061398713639,21.380390709740144,22.105728009269193,19.779742123651356,18.493746697866246,23.842609447335416,21.6246385207425,21.903323249566604,19.742640797951445,18.460908253136196,24.34205503400868,21.64860347579303,21.69325305463341,19.624373145451692,18.22396898166958,24.277896849280182,21.560474835133,21.36921194830735,19.491193950070986,18.21627386787718,23.805251896892468,21.63230570083798,21.213739875418568,19.404647426014776,18.11501200093094,23.665538817390107,21.820303952611454,21.098951228090254,19.40280457355125,18.026059045500915,23.64399840315494,21.904684841445647,20.90128042476623,19.344546285741878,18.031116168583058,23.423888123240065,21.984123496530955,20.823751071366612,19.454212637222916,18.09518330808478,23.45600961604522,22.157475951852422,20.899673333622026,19.42731915121636,18.008150690253242,23.569286381341747,22.461833358424702,20.88497068187841,19.38967239088359,18.006161874375586,23.81303600556023,22.22740468458396,20.83115483160315,19.377885004134235,18.078288681927994,23.760839228943453,21.911908017991237,20.937269357634094,19.49121741286547,17.95177351656601,23.277521450265017,21.84459912367763,21.126093311358634,19.40899327231284,17.82176597448082,23.148964845457055,21.722690252216573,21.076499975220237,19.322793130784863,17.86937304441559,23.280430963552025,21.19001718516293,21.037864928409654,19.252941052563298,17.932020794077673,23.298811366480926,21.596930697815797,21.145100260531784,19.301288333353767,17.76171168333109,23.60977857055118,21.962670136895326,21.315875906079704,19.27245127913089,17.896576255835143,23.547707960849742,21.970080097728008,21.361833672073992,19.358430019294666,17.96363042591377,23.351555970666116,21.993661935796624,21.478534242891094,19.496991378939263,17.87832882467953,23.501876789743193,22.029700358637434,21.514603764423008,19.531009464118743,17.752270557632507,23.478845447176223,21.985961978074624,21.41159832466817,19.452219290729406,17.828984861636577,23.244282840433645,21.797583407218994,21.296590791772893,19.328424830643147,17.668263147204723,23.784326106636744,21.6805829903957,21.28735086592058,19.16494291023937,17.612010970799936,24.22183049792833,21.856377329280196,21.303192675722833,19.237158896664514,17.929291204971754,24.142067567748796,21.995297283409265,21.52513290731423,19.23760116793896,18.032591551178683,23.938907457807154,21.98747897233495,21.57575764165691,19.1716003777687,18.039480428500767,24.088717886187887,22.195720808981434,21.859477918184314,19.559105088830172,18.373020331501685,23.83197941858009,22.069920299316326,21.73575222377472,19.60580221593138,18.513004239609046,23.777120822487912,22.058583665990216,21.835279134906,19.648368897899147,18.451087631831335,23.492014034213817,22.099593017682317,21.722355102668224,19.767288392943676,18.562550365748994,23.521939437700965,21.90517765135717,21.669718527613973,19.822216089040392,18.65621420458546,23.584675108749757,21.616979910474804,21.405069133722264,19.62789514440204,18.657057938999937,23.587460950917755,21.793073996226152,21.490079557065137,19.615352414860887,18.751985099316823,23.60146654570884,21.584296846851878,21.439129572313814,19.494932397014292,18.803292788094762,23.71962953580936,21.67090848673584,21.38125792316349,19.584575859732762,18.91483884923604,23.635843045799042,21.71785953204661,21.378639013818976,19.67443025123103,19.04100534243542
24.131508579532404,21.556253010292156,21.241563846694298,19.93851564749892,19.109638663465642,25.387023085905934,22.586599320640858,22.487587124800328,20.401855192803595,18.835584013306864,22.868145085092046,21.22132866430302,22.399339844416335,19.889621644632587,19.16158510993337,23.81271012967925,22.994256137851803,22.444991446081687,20.057027099844543,19.607007207671455,24.15890754298168,22.089170155856305,22.134191949162187,20.0858028295029,19.121413647284136,24.246958795778717,22.166456389490616,22.2691175175307,20.14404558414875,19.18330380100958,23.89090287378786,21.95377539238195,22.20979105903897,19.996674655036564,19.23360290597411,24.248000736729125,22.193651286944984,21.95994707245681,19.92969349575612,19.17700723967133,24.68317983387504,22.017118879584753,21.83896378320289,19.88852732999443,19.031853960265522,24.611846533752423,21.900193720326023,21.486108864232158,19.81551343150744,18.99086921997942,24.42472574152979,22.009931686922513,21.390707511480677,19.769464150032075,18.850327706411058,24.423057971836272,22.15468189420661,21.32703723417353,19.822014705769124,18.725251532096888,24.380626541526937,22.281349043006063,21.32092630404045,19.94320744676538,18.775184885093516,24.18592885962323,22.470498275030504,21.24227184533376,19.960780068473248,18.78060090920822,24.124958190314054,22.651508406125277,21.41947026193962,19.944100095611624,18.755137933571792,24.10331181829247,22.816370548812444,21.41538197129962,19.879437663351943,18.697363487410733,24.16480358544107,22.63014065914294,21.273421087992574,19.88597192274579,18.72911843650789,23.99982973052584,22.36756002297212,21.170694965848153,19.808591889000944,18.566132748089466,23.555097797418366,22.226011707102746,21.286070243363394,19.809528534065127,18.411026523446157,23.177565543954387,22.081885387476767,21.100376177694976,19.67673882267062,18.385722486303916,23.120010746434673,21.639272935334343,21.039582654422237,19.61852131493847,18.471411365566453,23.468034105519795,22.017535747634174,21.195134983158376,19.59335886819785,18.387631796918086,23.76668840995933,22.29358686287248,21.469323259843094,19.680962250757965,18.493818221457072,23.81778439284369,22.33328329924644,21.493017403191782,19.69086716557746,18.502945274496206,24.103242613309213,22.35348423721679,21.760457013690463,19.781898059806405,18.466592651030428,24.419407747190846,22.423781139995356,21.848733914391673,19.87839542730001,18.31060495764171,24.32505793611767,22.254919943547428,21.72339854432022,19.845915122694525,18.340831387782966,24.115107576126857,22.05376646161061,21.588060775099294,19.647360949791,18.26829982997232,24.50137537266068,21.89406951978668,21.591676902332818,19.497965700420945,18.33998195661407,24.761378182676093,21.986404966182313,21.559521280453936,19.58674582055867,18.583449151582023,24.57827995773545,22.023291037317733,21.725955901080717,19.586077412263016,18.783716599538003,24.286903829429907,22.057129003549978,21.796644364111796,19.504257094236657,18.87373428890574,24.640538116475287,22.335823558083547,22.090941023468122,19.953863885853583,19.14316147128118,24.335143002011357,22.337772337012616,22.008344850409323,20.038216243873286,19.19705887231033,24.325984167687203,22.371322815981376,22.05987114204212,20.11814508725995,19.204519792983934,24.11175491427964,22.462202046285363,21.884848734485548,20.166026226962043,19.233213399731333,24.18050985779529,22.35857972804966,21.820137106216954,20.30572222256348,19.275915855904753,24.148141954418087,22.081946838476277,21.527481746682557,20.112904843976292,19.273934628880273,24.23701908932651,22.19666297705293,21.615748957310366,20.149292775458328,19.3999058088955,24.13286996875206,22.013074553514006,21.53427740172214,20.09497984884222,19.40179042716787,24.20488279023018,22.10399628655718,21.44715139458226,20.163575118301754,19.488878365085167,24.082224148966695,22.018044710420554,21.537984645053882,20.177412385646164,19.608396979341787
24.54335562028104,21.33956382065955,21.941188661000165,20.256698430165184,19.26025818998687,25.389230711915722,22.49042182368033,22.139385868053015,19.38597891077875,19.207296615702592,24.148115837893528,21.22123367992477,21.309383457597914,20.265285495193716,19.72163766491974,23.802872440438364,22.634546945090158,21.68103513243242,20.06564385987996,20.31834546839484,24.38449836260481,21.93512545334582,21.79788299768132,20.060906728949668,19.637048443213114,24.15196284037837,22.036839896630546,21.726922903989614,20.070473402098223,19.72000569226211,23.694142495070235,21.96326543745979,21.562983493658148,20.226043753100118,19.823241829071485,23.6176223739389,22.063039636033402,21.458383215632487,20.213208910164504,19.73541338936692,23.8924557257135,22.15126578952234,21.48329588002781,20.150525251962613,19.522811479852002,23.859881644097847,22.082063845861363,21.33656754342121,20.060895507201927,19.393336876583522,23.790560071026903,22.02640463937942,21.4215581511968,20.071598432326844,19.250140524914308,23.804373194393946,21.92974172592681,21.466433074775587,19.964488204414586,19.09391715774209,23.94121761286643,22.11616072741436,21.533981125897224,19.97934007265064,19.013210085384593,23.784613765834344,22.220097977687864,21.435663591498066,20.047142955909152,18.991241307780307,23.583070037672698,22.225878813470445,21.37389361749054,20.045822196133305,19.04358877078682,23.584398627330984,22.233598075953886,21.193631933770156,19.934153072349524,18.989204390520946,23.72329047273316,22.226975499077913,21.04820682821482,20.040116389652376,18.975467374663452,23.594238609699886,22.09596865763051,21.15028289619906,19.96146094150681,19.01061738800564,23.452955087634475,21.654119208268177,21.146198932217846,19.86302445446811,19.012504281788676,23.389599044033314,21.656172798231424,21.41462070666544,19.748770385704578,18.92992519086623,23.522620225501065,21.587016136690195,21.453851323170802,19.771466775932964,18.99139996149084,23.91682163187358,21.902210683965507,21.742063947442084,19.751109839953802,18.946341336425192,24.14684531380012,21.897518999386342,21.73335814027371,19.74671212194655,18.909336952332772,24.199190554911098,22.194307394327094,22.05166942205948,19.814216307253577,18.876830317211603,24.41320252093744,22.381343279493223,21.939884438468837,19.877796318072697,18.76810019646532,24.48190620459758,22.417425813076015,21.903623831955876,19.819937411018586,18.544639594191963,24.221945694463745,21.95327193187378,21.635134685421853,19.664475825766985,18.486615130870792,23.895730604870167,21.787629409141697,21.651866489883925,19.5704432800623,18.384874740695587,24.00435037274628,21.29325650677608,21.164405103274245,19.466615246307867,18.280338390192014,24.121078825564336,21.10942648000567,21.13498631158719,19.599351040902985,18.58783611721108,24.118038161202595,21.158933722093835,21.368251634598902,19.604067346187957,18.858508436010936,23.690830919756174,21.363237473469084,21.403055405909676,19.60287730733566,18.864142994866043,24.004721688561904,21.78126452955265,21.448006409316978,20.04515343522977,19.285276493878776,23.871956272786637,22.100915659139485,21.459319894332374,20.103522618437324,19.441254266144597,23.567968223597653,22.163039714447933,21.362125383778608,20.10409873268601,19.40760580776494,23.5114612448288,22.132940560257328,21.010107767478605,20.277019054163503,19.612031569086003,23.77168521833763,22.15186850461646,21.054152898171214,20.474174137421027,19.82515575449504,23.719677466312252,21.832836011565323,20.94857413413296,20.28759512126407,19.765879482606817,23.484792887623495,21.8371985155023,21.13204504107035,20.320409793425224,19.90373454594139,23.740052620752415,21.646940451271853,21.047502614416153,20.2775524666374,19.877587077774198,23.78193726791352,21.809823194199815,21.18564155357489,20.129119500229823,19.86200902227396,23.67449824964772,21.950461055519327,21.196009427556284,20.16895354608661,19.961774257836655
24.537369163676452,21.320813643517734,21.92720255747016,20.27646986843353,19.217782675371105,25.406065889934922,22.465895094441674,22.138831591461006,19.44528074943316,19.261725864888007,24.141756888336598,21.210156909714286,21.274746967209687,20.27456663880221,19.70508076225264,23.837845422524378,22.63479520346674,21.692893907291875,20.07159380150635,20.31650273990664,24.392134057475847,21.935400830675288,21.795773112528007,20.076147818940676,19.633902851280425,24.169794452379485,22.049863757834395,21.728495804691306,20.08531895871231,19.714432115687476,23.708908832217325,21.97970418701524,21.561153338534048,20.233368606748193,19.796251204790593,23.640963576527973,22.081883001533754,21.467106172746362,20.212741543589807,19.71522463076719,23.911985050215215,22.164280404336584,21.4859800512013,20.16338821126106,19.493194466438666,23.88460871252413,22.074320424913356,21.331219363381923,20.075677264310066,19.361193847289194,23.79649366641241,22.017247660785152,21.416392700280667,20.079568962990628,19.228102572926932,23.809812656284258,21.914035740512873,21.464228508031994,19.95713595483472,19.086795457190778,23.941836560919512,22.09283289333029,21.530378143559915,19.98312953560655,18.995627290208304,23.77055027551116,22.21007814668399,21.437346624170427,20.031067585163665,18.973983326561388,23.565931028157244,22.24467081418903,21.3737984683736,20.028876989600114,19.027435865214912,23.582935975713703,22.24386755733895,21.178896458716245,19.90851092251172,18.980705385263153,23.71751224406848,22.23502535832221,21.03555254829768,20.03090218655263,18.95790311895171,23.593331716487086,22.107137247963543,21.135384550158108,19.94852136036708,19.006554792335017,23.458879230190966,21.649174029597056,21.13436249604929,19.84908619525796,19.01381745535632,23.387717254352058,21.630352524387433,21.410699228766184,19.7355694839653,18.941394153860596,23.505402477727348,21.55503242070778,21.466501341959194,19.768658189734225,18.9959187353707,23.90789135525748,21.878893599511784,21.748763879658224,19.742069611078403,18.954840743656828,24.130514468827705,21.880947326544756,21.739479699860166,19.729098870743293,18.937730782018917,24.18417374682276,22.177308281386118,22.060865620861705,19.804111469700796,18.913451395291922,24.406261028560515,22.35353697147318,21.94873816628874,19.869413869498835,18.804202445186625,24.48259218443104,22.396795825116783,21.919103111769395,19.809901594947384,18.593692489027188,24.21469803438223,21.940082723785487,21.662216831905607,19.662111806779457,18.53320523887786,23.903008797658504,21.785053268385347,21.67292921248327,19.5675176033757,18.404695046447433,24.014993850065075,21.307950447859078,21.16971345549363,19.46144994671721,18.290298235366496,24.124860512128286,21.138790509420755,21.135363431553397,19.593802352150703,18.594178834731217,24.123009388226976,21.193988302683387,21.363949677746227,19.606031758734616,18.85068458850023,23.695171130493485,21.391315743994554,21.40205353520659,19.592035511942356,18.855101862164286,23.99285116014433,21.794691600368488,21.450679567303805,20.037117202751787,19.280046193736908,23.859080631806712,22.11029192897832,21.47045941590698,20.095085701005452,19.44024118185237,23.560191390062293,22.175107010945208,21.374414889241184,20.0931610168961,19.395436405572124,23.50503717692704,22.143990703376254,21.01539787557758,20.258424807510483,19.5934409254497,23.76066233140506,22.164883115643594,21.04712074390399,20.460446514571675,19.80471973643712,23.710917662865235,21.848800058598076,20.94330940254061,20.271565036944473,19.742760827574664,23.48141046150376,21.850048650334276,21.126375297175564,20.30321493710135,19.889425675710612,23.74406262517329,21.653241652871237,21.048452209731575,20.27562654602763,19.869218859317918,23.781235555827966,21.818269049821517,21.19556092179972,20.136437426625513,19.85510629868976,23.689933590962383,21.96184759290022,21.205170568375003,20.179521539836095,19.959655098864623
23.996861938081405,21.45050817996066,21.562936825293534,18.846959780600905,17.358562296070197,24.138690464291543,23.024887501941,21.776806944013828,18.899834707791598,17.538682917077583,23.69830969066805,21.49137699183158,21.25562834402746,19.377382232604333,17.76412417332222,24.197751933146193,22.620506103012378,21.826642754778533,19.435370734299855,18.19378830540675,23.99708921929749,21.88756284056011,21.620763308682584,19.200528958517907,17.694352996792624,23.904302953653243,21.81657150993103,21.67580977557468,19.26524862628703,17.750798507930945,23.651628685888404,21.488999652435194,21.52657438715726,19.297976951502054,17.74871240433049,23.558742468457528,21.573073042056162,21.38848453287463,19.241290153021296,17.71041898696867,23.50098571871884,21.722182280682937,21.290003366634462,19.20715082550342,17.500542782983082,23.481746921008543,21.81193160244277,21.116018761095972,19.164561939182697,17.45357538560781,23.28923086515683,21.82295751774003,20.98720092239119,19.279767418697286,17.347602424614088,23.377572061527246,21.802393229583284,20.94830580101263,19.270143394646432,17.285813966110165,23.554519120047004,21.899458551426186,20.956359437656353,19.314446435339992,17.296476617070248,23.66369621125376,21.904786917056875,20.860926969592875,19.32516982079727,17.339669738219378,23.337197941236848,22.071722429931434,20.877659252353997,19.283858039601743,17.335729355414337,23.302584800553344,22.238620531196098,20.866099102239687,19.098991743147394,17.338866171534534,23.43736859509064,22.26920481095278,20.8912455958589,19.131662612162113,17.331994306735105,23.385201860081203,22.029072176847638,21.008079279203283,19.14380349094132,17.249286800414364,23.064940016247963,21.601598653928484,21.053584550126367,19.097769005218282,17.193678870346773,23.012049183981425,21.49498572084249,21.08040121122113,19.081137270973556,17.21965772734623,23.18694854134908,21.281926604968174,21.12036520654216,19.141100006107514,17.288359965234342,23.276638451844164,21.624508352654633,21.22083839261935,19.128994789923993,17.271269175936105,23.40222937162233,21.853086119598153,21.288659969229332,19.247175317085674,17.243459773599312,23.241766172796154,22.080793178685862,21.65133030882627,19.300874635753434,17.25949850306119,23.35326186491236,22.13710065943916,21.63606438463274,19.35100631190765,17.162099968048544,23.542082188781738,22.240160010146372,21.46943782909333,19.400732232988272,16.967901641974535,23.56317632587262,21.820162889279054,21.267811799244203,19.29921937969855,17.008461892353957,23.31826130641822,21.65957561514532,21.116460026956034,19.063074020623034,17.034457990370253,23.8018248654759,21.3697982571161,20.584289397679264,18.963661498012577,17.08300914681914,24.127553716407,21.39230937814869,20.546807398269273,18.868667028475087,17.29145117468439,23.968197325384594,21.418391104335228,20.81217631139263,18.830113959637515,17.537233032276127,23.654274975792568,21.464548711514034,20.83750543653982,18.855520091333897,17.550163109800543,23.869661218504103,21.776527893240647,20.919763954206864,19.1793767668442,17.837155528465978,23.546788656264845,22.10934564794868,20.959078393013687,19.135438138597088,17.951412648593003,23.349500824345284,22.044459254667117,20.983955268241136,19.199675747665868,17.948473261584482,23.351473910694438,21.856927206886645,20.813744658901893,19.263402147363713,18.0124601732245,23.2642737878165,21.861750450041818,20.790690729539246,19.356835330105902,18.036655858778836,23.300829291300538,21.544276204819738,20.755456629323362,19.195369600849965,18.007361805223635,23.345668800615293,21.383195375493212,21.01624833532723,19.290345922748,18.089835426988635,23.484295016104415,21.34367725709911,21.00537654944249,19.278816617027218,18.104007839799124,23.471856147167465,21.72451794106029,20.95734281692512,19.310149637829724,18.1719683888522,23.56583664997276,21.98960650111801,21.088613409209266,19.378590069835475,18.397072747725453
24.139344564804894,21.36203893130524,20.729058561890454,18.457285149880228,17.64230244715581,24.51032918592036,22.78225743076879,21.77978791529903,19.16172920071088,17.835161626761227,22.80769120144283,20.863806992667122,21.1325534087028,18.898050563502135,18.141155523914115,23.039977549949164,22.115424913912214,21.220102178368776,19.308738896410713,18.58362510715158,23.764872798250583,21.62660511207071,21.26190983898577,19.023067668107604,18.02770058961458,23.66652730036342,21.49958886636665,21.369756064319965,19.134260696504764,18.062557981680595,23.341891496198627,21.19157929958082,21.202208287192857,19.11068286343849,18.085263116398572,23.323073515788543,21.315468396163606,21.028684843085554,19.13349368484861,18.03770763014215,23.549214499694852,21.552788181976663,20.9580654198235,19.084974204121487,17.81248161456194,23.33788934052256,21.56930803259227,20.63421260814138,19.05896834842059,17.724182059943747,23.12163050765627,21.74193583062648,20.449171954643372,19.15343635451787,17.671251300009764,23.265437695890103,21.825371237294778,20.374808153488676,19.110713259561145,17.534485203007257,23.605257890852407,22.02897823197535,20.464294310934026,19.114894567049372,17.55112629391769,23.632619230007613,21.97343790169693,20.425273572495527,19.113942181028243,17.608151822479932,23.464777407219568,22.202966967344505,20.482712683041957,19.04579331815496,17.546784580857953,23.4382320647948,22.381577654487778,20.607026094581112,18.908719743653897,17.53449967106568,23.52955612511736,22.393608356267322,20.43639348124428,18.946790352138667,17.486409265942733,23.398801363857565,22.129002555530928,20.40364500157627,18.917572674908335,17.40003641033481,23.029107839166873,21.744027075567963,20.317337434278897,18.884071301139265,17.22914753046963,23.003743361197913,21.541875926231548,20.34628739114543,18.847635399227208,17.356237324164912,23.06539789224338,21.233522490419887,20.245822212071023,18.803766283178014,17.373582288479973,23.12946608409998,21.444540483375693,20.532122103497745,18.75589490608557,17.432585053751488,23.207262186117656,21.782773784699593,20.62989675349014,18.834528405889873,17.42866595838671,23.121464908920558,22.028822556762574,20.993351530108377,18.870603572747022,17.597429391814387,23.27122659667524,22.15742606135231,21.067157645289193,18.97204860018027,17.537295622490355,23.442559343079278,22.165156062077557,21.0123323490484,19.033852622415907,17.36911202210648,23.382142389276407,21.839869156721544,20.813938449868655,19.013167720735215,17.42661623563705,23.24301885261236,21.62735844953925,20.651199549747663,18.884434599417524,17.39010385998443,23.618303072039062,21.443867522025776,20.301188574766147,18.858905567744483,17.36276715806398,23.90637367085037,21.47895692295996,20.343346717311135,18.750983845211604,17.50805335995468,23.798979555572867,21.58908886816894,20.56878946925273,18.791169574887626,17.778941393624176,23.612996307379397,21.56693862726299,20.61627464559069,18.7463887238675,17.798224948770088,23.773526086527138,21.724401711338015,20.771391753228677,19.11351827814658,18.085795157578815,23.469487874572756,22.016018811753163,20.81700553571645,19.081808802530283,18.14698626593191,23.305944850200557,21.996960202295508,20.815474064797993,19.228257632638435,18.19738106946008,23.408165543460942,21.92785609921594,20.634895811765784,19.269066514995036,18.218829474194685,23.296366051827015,21.926359980824454,20.693527223167766,19.359692736954976,18.271360444210668,23.27664974920725,21.625735886166808,20.57449262342875,19.169673093964114,18.282318321124542,23.458178825235347,21.393389379352847,20.782547641274867,19.222679342473974,18.423448247442575,23.372038529183822,21.18378274710974,20.725475014773508,19.15609507032975,18.449409213521346,23.251389627085697,21.38024438349202,20.73409545777216,19.262612506594465,18.487273099740765,23.369521057095703,21.789813260163378,20.761387407583037,19.329508867606492,18.65109694398168
23.7886807759803,21.286138551827513,20.591399102765028,19.228906776864914,18.63786404153074,24.40653711730672,22.388281516747053,22.04555465661445,19.436229797076514,18.805920055315784,22.90198157826817,21.087270989468184,21.355912056968872,19.357812424694686,18.860294358516068,23.254229618293945,21.804630762771108,21.75553036837025,19.729533030820733,19.3791303238243,23.690582610147313,21.47525267825692,21.491472876256893,19.518094338797752,18.904730201311953,23.69935986125454,21.362102258631445,21.632870502669498,19.57062947034447,18.94789236600986,23.464000403640853,21.043419408912545,21.487256661629345,19.560832424575413,18.97925026296985,23.431081110066938,21.14360110285275,21.300304634238167,19.555831656558702,18.96483472864194,23.712805923700632,21.379221034644367,21.136559660430613,19.470877995043388,18.817017547233114,23.60802811338608,21.405988221247064,20.83029078744522,19.38149162933689,18.740020313605562,23.155572616737913,21.62781845420136,20.688474446243685,19.422583927175168,18.699920615183686,23.201887661363312,21.759525123795548,20.576498175177218,19.412697085457157,18.542923684129804,23.432221602081263,21.931206599974892,20.590704858628545,19.43257312464806,18.56694104636245,23.37194389889736,21.882583406585958,20.58299278853904,19.51156686581753,18.612744888333093,23.26184707453229,22.19147222138973,20.62940509323041,19.43611477865362,18.566749434463073,23.46887162912139,22.4052499622776,20.695251471665337,19.35079696454781,18.555091434548025,23.538910768385215,22.398659423034168,20.61163352493284,19.31206664796947,18.58863043707344,23.49586313827107,22.090355401473484,20.54516985339897,19.318417113228197,18.500270876053612,22.992715693368798,21.913288816437063,20.530040450748846,19.23100871862831,18.321223493747386,22.830822241924313,21.57256463643601,20.448999728060954,19.20200415200921,18.389047181241217,22.965072434694598,21.215977891760723,20.42366521521384,19.113445237999166,18.41150152202872,23.15669781574262,21.439062995527614,20.565967431531753,19.159938866578926,18.417872356734016,23.2684682704437,21.790381048302557,20.71106049454765,19.090897996744626,18.40625050445916,23.3961955599035,21.848171977398312,20.92608588915978,19.160507306884305,18.54481057518498,23.389051817503294,22.064842952731873,21.081513264385926,19.249767863277746,18.52298056226661,23.504734761053527,21.896826675020286,21.04919493419054,19.245925688420336,18.36073659187999,23.3964456595547,21.706347572135297,20.901962448305035,19.219653098758712,18.409025527796352,23.211797889429356,21.551512791931604,20.766673786363242,19.18404902670858,18.358014702908946,23.563747291556105,21.370829522240612,20.60601527240909,19.130012700705382,18.348182495943593,23.991527316853144,21.440972309661024,20.596156597651138,19.1380572202071,18.452557680165107,23.854658427620315,21.655501259376084,20.738418690169734,19.238898471510204,18.694097095753417,23.561020091095905,21.697911508802672,20.83338408845977,19.204628296926867,18.703748644224046,23.846152705348533,21.86844371566691,21.181532709053535,19.619497143339892,18.927938045679703,23.506886075479304,22.116393336415495,21.127999355939043,19.57724758068617,18.943526347857787,23.52146385840478,22.062357362488587,21.218895238765036,19.669286697709516,18.94328970395788,23.40930709510085,22.063468053606933,21.115379807051525,19.721372583298432,18.848119358028224,23.460142472519443,21.839432560962614,21.10892421297454,19.77122092808621,18.852500646083886,23.390234839073113,21.537505793928677,20.763894818089387,19.53300782375777,18.904019053809783,23.523089176144957,21.415162663061956,20.924940804224285,19.590252084505373,18.95173878760418,23.381601196946853,21.203893880107913,20.790681401960427,19.45120350851865,19.027023053032075,23.413839853386527,21.356041823544707,20.81416316132634,19.622824614979372,19.242245763406963,23.459282028209742,21.74486843715475,20.863830665043444,19.665689348297153,19.355812063889996
24.00908176516785,21.674118543287594,20.895734683908405,20.038788231313873,19.554594018283446,25.265297819219988,22.382722351526596,22.338971022026506,20.281379512004488,19.628813349951333,22.52643124511703,21.59581016525291,22.32072208705144,20.20305208104244,19.87761789280413,23.376066266407094,22.575041367827165,22.1246067345153,20.262043983369054,20.2047878834336,23.922232398019197,21.917361715531904,21.96304312915453,20.238619153935836,19.79554316440012,24.025331280482938,21.85762248870548,22.184981788205185,20.28100602417738,19.884267110678373,23.69225880562346,21.70741840508847,22.11262736647569,20.2609130964346,19.927918405725112,23.994868311015033,21.779602180710448,21.902254865831587,20.223418929165312,19.896805482577214,24.443907544802574,21.754905539133297,21.849840522649945,20.217262645229525,19.812254792098763,24.26076848512132,21.77388455516165,21.555811856735534,20.109250030512932,19.788486300784722,24.017056792837888,21.897915095712847,21.444641509445198,20.083369374824777,19.66762560066175,24.073765080560328,21.932023299669048,21.331493149613916,20.06884120578814,19.53227917842643,24.18399471706129,22.082334878222003,21.266331681023505,20.04819758580019,19.56784018737016,24.037495821975206,22.23194798685253,21.181245422972175,20.08913896553279,19.64187047997305,24.064123950873984,22.408976362568573,21.29132011147083,20.088058528988608,19.587149537777037,24.071353018883354,22.592890268292194,21.257493248188236,20.063162705822684,19.61141427968384,24.124823030049235,22.529397827345075,21.223704592150447,20.04534674552621,19.725009186079095,23.984806353218197,22.20013815077362,21.177988680798244,20.065182594914024,19.623702117128538,23.653877633671108,22.061529322253598,21.229276630410958,20.015837130609306,19.425393696604758,23.547475773777993,21.859852016298028,21.037945747619226,19.933144305294974,19.466094565125378,23.543246536483377,21.479345619838494,21.015623947803725,19.90469923654364,19.526421146345246,23.73890906152112,21.811587911796423,21.109034298908174,19.931388567091314,19.41685680319808,23.9724484840059,22.19930247538152,21.254289301435005,19.97957067083355,19.416496829575827,24.003115823079007,22.184821610942855,21.42282425986496,20.00213087014233,19.46346374884542,24.007558539322922,22.324785900507283,21.688364134214712,20.110484206688493,19.426753775977595,24.19951454025724,22.340694779892555,21.688490066353328,20.074807068893108,19.21252163532251,24.157095370431286,22.170382950441994,21.52657060219077,20.036659441484755,19.276570551078116,23.95267704161868,21.993074860009408,21.474695499941724,19.953740399705442,19.224984573208125,24.27538193372381,21.73790887997286,21.32950938707403,19.927300839769664,19.245557439703028,24.677043189053045,21.81295328813088,21.33374132261189,19.959599246365926,19.379936293107143,24.604595074062086,21.91996020393797,21.534137366457195,20.03373591520879,19.653759192038144,24.29446030937847,21.9924046092893,21.66512039777411,20.050625333394798,19.658058143686947,24.581445303199146,22.218547183442155,21.938701066620855,20.43580651539184,19.874519838890784,24.242486301734807,22.396229621502492,21.86569214569021,20.43398641083017,19.910712902108905,24.182841602463057,22.38397011164671,21.886189325516327,20.46735729292082,19.90682710034324,24.054549949301485,22.49112651951786,21.685101111635227,20.516307454904315,19.744382001774206,24.01627704644879,22.330433954321183,21.673086328553634,20.515158703862998,19.812578380166315,23.96727997788121,22.0341851977264,21.426261391367934,20.306907728385095,19.841832703322638,24.030036639773957,22.068503663894706,21.575458772546035,20.285712044826408,19.933316658844333,23.921849243406182,21.92406440255381,21.393749999932616,20.251742034728146,20.000138789697893,23.802531218549383,21.97739453426724,21.39814557655832,20.37435370699054,20.29073295007704,23.92567510514312,22.062256131048564,21.440439560543624,20.4127391611276,20.39132496011924
24.001150609072376,21.631233260692653,20.95298386021873,20.046086474481683,19.56956454642952,25.296742786150386,22.37283197506905,22.357315225569586,20.29669918041539,19.65444216065592,22.534026403244145,21.52502851268765,22.328927358989173,20.241302608177076,19.881849028671752,23.381850123187654,22.531545189980115,22.095215723400205,20.25960169934678,20.223733865805695,23.93368048940645,21.896375907670055,21.971218527144487,20.247251350073448,19.805996239271554,24.038985830600378,21.850455254381973,22.1777362686492,20.289766789460337,19.891479246129645,23.699557081954858,21.705085983620965,22.09244951642517,20.27189823347287,19.929352814286602,23.99510058676474,21.807159231618378,21.885085957976838,20.227855763353386,19.88957643843451,24.44529746947963,21.794509295633677,21.834852137357466,20.226627355062725,19.79582980513027,24.26480729554905,21.801932850857305,21.542770077023416,20.1285999037867,19.776842832462968,24.02706780728616,21.920282232008454,21.43795964127254,20.103201385553234,19.66300388983182,24.090460381135298,21.956722348257365,21.33587378276278,20.086938649934346,19.52176334499311,24.20398684434403,22.095339097990443,21.265443423787158,20.068356135917707,19.571363992163946,24.051806906884554,22.241952181444237,21.18134471982249,20.102876592014677,19.64986406793154,24.057705769284347,22.41444773407681,21.292041532622868,20.08831622306312,19.59660235117439,24.059612538081826,22.588533915094587,21.245120300090207,20.059185402555965,19.61326554219691,24.10625500919026,22.54142305375543,21.205602239831165,20.048775694552454,19.733375837421626,23.967552779269532,22.220761368678556,21.161558190051732,20.060169580582404,19.62763200827186,23.64242523779303,22.075817436364655,21.22617803736244,20.012755092160678,19.448219484236446,23.554006366878912,21.875767178525074,21.032298914678293,19.940085792624483,19.493713560232447,23.546975453368734,21.49859854129604,21.015947824218017,19.91968510328802,19.546507180300033,23.741204382033835,21.80810093365569,21.112006663137855,19.939159222556277,19.44100553338925,23.973228775775844,22.18125097080833,21.260288991238703,19.993778328368897,19.44706698741846,23.992421728409617,22.176293502210708,21.420604868726347,20.020646737591655,19.487456567482848,23.992547860244592,22.328489389077937,21.686289557850934,20.122756720224366,19.43932003079724,24.185779382302847,22.355472633651022,21.694798658409667,20.088262588469018,19.224951937514454,24.145470658865918,22.178669340551366,21.53963138258452,20.04924725881134,19.289305815012835,23.94697811790464,22.007013217908703,21.477353463882004,19.969320931229866,19.240480014369403,24.278803620085682,21.76113260785403,21.32960307534995,19.933899923576554,19.254798218078335,24.68260136358152,21.825042561382155,21.34113642904775,19.976805059804043,19.385774144128952,24.612858573559002,21.92200706186494,21.526382515355245,20.042074398762537,19.666112802383665,24.297767398466632,22.009245528868767,21.65211929211106,20.06098799386938,19.66843770143813,24.576663785772354,22.232177211738176,21.92626367400059,20.439343996561053,19.872641429985464,24.23549980848619,22.39928537531807,21.84963360595574,20.442555435500193,19.90088671810365,24.177165734542573,22.39261295911987,21.87920623294555,20.470913276606826,19.896141622209903,24.06888426735687,22.51049755180395,21.689318917640264,20.52224960342971,19.73753421360363,24.051013907947755,22.34339796821505,21.680329974175713,20.52417580319648,19.794543792457226,24.007460793093276,22.047672989297357,21.43791692527834,20.31914715574814,19.823705639813912,24.070181424494145,22.087096436587153,21.588900092373063,20.304557345140644,19.917682036117363,23.958573541925116,21.944393873885645,21.393011976923763,20.26411471911151,19.989014424538933,23.819037287699338,21.990525075370815,21.3903403190981,20.39515446666008,20.274800282528943,23.93190315062114,22.06729629414839,21.43036458538378,20.433631187956845,20.388807600373706
25.14218838486822,21.48558572303637,21.765647593287746,19.79540033195614,18.06316681027703,26.012309442327574,22.907467634973777,22.77698652576931,19.7426108341512,18.568788066780673,23.55019512271476,21.67505162970622,22.228064723352617,19.677061268966366,18.48094018583821,24.161407299487063,22.846824657759402,21.85384956713853,19.956475047835085,19.315217443249857,24.75796427491676,22.18217911864457,22.179470328117333,19.793399418059575,18.553335305111936,24.629503760298203,22.26251139634429,22.180440948033795,19.781561636650007,18.776975763353295,24.194032399377665,22.174792787200754,21.987386277726635,19.81670500999094,18.82674018828306,24.30197331445826,22.249728204899604,21.799830345549157,19.799526895472702,18.71469362101496,24.616837326233153,22.349861121076806,21.865821957023677,19.728697964945052,18.49233691265552,24.45517679818432,22.340555582785665,21.642174409859045,19.709736401615864,18.50983899055674,24.324047459992364,22.400602604264797,21.63030022110076,19.741115191222278,18.256800195843624,24.47885118937416,22.31168166244529,21.67124834298959,19.690748863456875,18.166973274213948,24.704749563486597,22.548169353694817,21.787181856462453,19.757327278328972,18.228260690679214,24.593156807312564,22.67920667491554,21.653043447365203,19.81206965332496,18.269951904810895,24.48837110183111,22.834239384814428,21.73399592406062,19.741150818620845,18.306152944672647,24.505937694652896,22.867330210662587,21.569550895981557,19.697431183427774,18.302661908995972,24.458615335730833,22.749032461901102,21.401699578004532,19.69109455075481,18.281229270209487,24.286627572558462,22.521859520053916,21.296756146067885,19.68428994160087,18.33785046824862,24.050315267228832,22.17881636675506,21.3029837492543,19.61750900396428,18.26267902927068,23.670671959773884,22.075503379470817,21.194869935977053,19.62123541949603,18.144591966763006,23.682664400409973,21.868377976722165,21.322145867971663,19.602244302135936,18.184061236360353,24.08057417557645,22.307260694664045,21.49752696103434,19.697195535842855,18.104610518302266,24.335658350359218,22.385168499960663,21.552156608793826,19.707151978243825,17.951995917561092,24.40531856098237,22.53292820377051,21.80990933321742,19.798420648232728,17.92247939182711,24.93797860495075,22.641994874386437,21.985736447992213,19.81409933722196,17.839005428157787,25.057816752766577,22.709482412435765,22.01225182202269,19.817296283291505,17.66008236041592,24.831807020874322,22.299367371931005,21.824163077989063,19.6363453549759,17.63918589458917,24.630730408051374,22.169885851624397,21.818201311867078,19.574480696848138,17.690967670007883,24.83282394639179,21.689924191167268,21.421079958653877,19.458680091920534,17.77271083696504,24.985041441680515,21.568310964735467,21.38822948282516,19.52695941630289,18.028899987227778,24.91007289263279,21.609535278958298,21.55899194450253,19.5455490119301,18.25756156321558,24.56482778882536,21.79059109129012,21.670617821357318,19.465848414296662,18.302428788390852,24.79721139012945,22.10082075551701,21.74002869860093,19.808533874024146,18.665638933269413,24.50237554570682,22.515289343758884,21.80258759221192,19.811286737300872,18.794156245740275,24.344720415170883,22.616879149816896,21.748689206306818,19.8245181080337,18.824004500927067,24.35856417421846,22.63982752017893,21.395104013844907,19.92044666786079,19.033852337019674,24.436049956757397,22.600940934230103,21.339140223513876,20.156200345119057,19.211701450320597,24.35759771534516,22.24644728205704,21.28100044268279,19.961716861742065,19.15793323197081,24.29929036761931,22.280339045278346,21.38470869956929,20.061594281331796,19.218677516614683,24.35403426782533,22.028827509115395,21.255510505565105,20.092100255534255,19.28090330267033,24.340366741356387,22.21207078446338,21.319453950413795,20.118532389155938,19.32602177260852,24.36676909551928,22.347544542344114,21.370940918591753,20.141588529415067,19.480475104777888
25.142994290325753,21.477157757369348,21.720254169369102,19.801628372558014,18.076359008297636,26.001464850647785,22.914226701588987,22.76896391515208,19.77061010748987,18.562200412399275,23.51299518327277,21.69229886923254,22.24968973587127,19.6709969248545,18.478019640778864,24.159603450131602,22.89721533682032,21.877957048595203,19.94435497053446,19.311408965925406,24.751616178948193,22.202520780656176,22.173555005183758,19.800385322684967,18.56010761835993,24.6264773347118,22.285207697994913,22.179625386279145,19.791799011602652,18.78108883076085,24.192662640194595,22.195834099353707,22.002612479526082,19.8198937716516,18.838833523051058,24.302089860000933,22.264711515951454,21.814559953128857,19.804861959693863,18.738428650000493,24.62060674258209,22.355483131788525,21.87526023423082,19.74508344897451,18.506775632511715,24.450693435649132,22.342374930815875,21.65837792963773,19.7234924930744,18.493873556105576,24.311086617316285,22.397314975766072,21.654161612568295,19.7501185627485,18.2438866274016,24.465810461763727,22.307618563426917,21.670552035532786,19.702538378784908,18.13675890790383,24.692540482800364,22.54736659605927,21.773653558282057,19.778732859536866,18.188794524449907,24.577557465768333,22.67749688047805,21.646197575556876,19.823029493439623,18.241909458518773,24.47449082088289,22.82642075104808,21.71644554291715,19.743014766372756,18.30838353900421,24.496092667574594,22.872302326021288,21.55207645275312,19.698533202328846,18.299014051747594,24.452512764862536,22.749044723789915,21.385022736732616,19.692526269753888,18.29343635498417,24.288516532775503,22.518037176164373,21.28535473745701,19.67390896138071,18.34183899303868,24.05066099598518,22.1846834153026,21.292813839425328,19.611040810462622,18.262165457180807,23.675883839044722,22.092811686022646,21.197621159922576,19.61659253545535,18.155542357201362,23.69177801157334,21.890104284434024,21.32407145795684,19.594595808601206,18.19002244637036,24.088877073163303,22.33389284058406,21.514735928153215,19.68126518765349,18.085642588077896,24.34252756629976,22.415303433925438,21.58151632904562,19.699819222914556,17.939737090504266,24.415203965693273,22.55416564202096,21.83421021229566,19.778116474880754,17.896529046048805,24.949158568121657,22.65433579922301,22.000587088654783,19.803760827732578,17.80370769899059,25.06096766776342,22.71143613953244,22.030433776105834,19.80709978312114,17.651445859367513,24.829149859956445,22.291401420880046,21.83842381869716,19.62994957680747,17.652654797148692,24.62710729921186,22.152754960927233,21.824869480508806,19.559071190979346,17.71399963161956,24.82877693333176,21.679919794632497,21.42909594924803,19.45449171081734,17.813128547672754,24.979374310420724,21.55640809568049,21.397034676206296,19.51708257551111,18.060426620144124,24.911054524733398,21.595486120484274,21.559587582043402,19.54756732231774,18.269527642516813,24.573519418113598,21.7841910364057,21.668965094875922,19.482692497789753,18.336527002722224,24.800490650016673,22.103413748420138,21.734202711771957,19.824813249573033,18.685894252920058,24.503228575472917,22.507468416419385,21.80166302891052,19.82364928972057,18.80269802401197,24.345882632363388,22.612711674541085,21.749457431944414,19.84609269663642,18.834218171580428,24.360674759058373,22.625959553435912,21.39598163610199,19.93986548008502,19.054443487643493,24.43292926097061,22.594424219410975,21.34484093920473,20.156538225619887,19.21413749477235,24.35933968095658,22.247552404429836,21.292135452574477,19.965566291355394,19.169096521725898,24.302536491154708,22.278912768564652,21.38852078110809,20.077091945098307,19.24836490255097,24.355077872745078,22.020146472795492,21.255754315655842,20.093755998279214,19.30020762914217,24.34226202118703,22.22076753723109,21.31872128139451,20.122812777118078,19.344082314204787,24.376496337323687,22.351141878633587,21.363632452230327,20.155391491714422,19.486767825477074
24.71722808652584,21.663250572026236,21.20606853602642,19.74687270246204,18.997896968140523,25.676493129570375,22.81988319573703,22.499167575341826,19.83574992280576,18.62706591029586,23.237535029276614,21.63403722883062,22.153479930590603,19.798436324566158,19.10329059892205,23.785443977213927,22.59126583456081,21.762879020113186,20.05726015925887,20.009610211664832,24.452904718825927,22.035585257319287,21.99607317347408,19.892271329388567,19.196036249420075,24.371149781258254,22.01353715911917,22.035749953184542,19.891995782047456,19.241907115206153,23.92073057913089,21.85667595041815,21.820931379355777,19.927303145708798,19.35365191917729,24.05352487816122,21.930660565846,21.60797676488968,19.962543911546323,19.309160140172487,24.381418546341383,22.141640637621567,21.627918305191216,19.918590036659612,19.06039058341384,24.21877455567236,22.170785063496133,21.338024314181162,19.84112774824796,18.92994447364622,24.065291338001153,22.234579620466178,21.359819923646977,19.880782219456947,18.834388371843964,24.10002540924482,22.29570474470224,21.408272716849336,19.798801529857183,18.71812233941924,24.234464970718523,22.48469811300354,21.480107189365835,19.793794475907948,18.71554458130384,24.174599785156687,22.47346367797148,21.425293963394555,19.828293213461933,18.742445150133914,24.00774704469156,22.706653765136,21.48394401814649,19.769989570410402,18.69345997010235,24.015059986337548,22.850223883918908,21.36178501724959,19.713012287764975,18.683281836031757,24.21252087532321,22.66892067927172,21.19553355083722,19.721236361315306,18.68185708846972,24.101708154399304,22.396060140128185,21.10072595099748,19.678892859219037,18.69223424942525,23.810759400429372,22.153878872303444,21.06556805359438,19.63532816348501,18.535975336724647,23.663350474372074,21.934065782849594,20.926007516735552,19.616271961810916,18.644250259903856,23.669979268026818,21.66050769178955,20.98696451526097,19.60494787057111,18.63051403839046,23.949310852402544,22.0609442047408,21.155426300849474,19.68300020769546,18.60764691455596,24.17896210458729,22.319118693517975,21.22236067992438,19.712547705244816,18.534768071942345,24.147294436438553,22.41921974594633,21.496818073752216,19.74284635936018,18.60671451633664,24.41726901512435,22.57344867424557,21.715785690841077,19.870076315524585,18.551049631159554,24.48437722543173,22.646833562780287,21.72928478150215,19.885649283170586,18.479313466941196,24.3107299051887,22.308156880367527,21.5628340714512,19.7675384234388,18.518458245716822,24.156804890104016,22.157626209407585,21.515455771060925,19.69217121071403,18.53013920525178,24.48382965236322,21.730325609960722,21.09313578481114,19.617673213885233,18.620957778687558,24.74473058172229,21.69803050354831,21.025055791945455,19.56135675763135,18.75446666361723,24.712797849229617,21.714900806779372,21.174231974710633,19.611682295553123,18.958818314338735,24.401255135223806,21.857552334287895,21.30808178630475,19.572493781088628,18.989259461034035,24.569299994705595,22.01349280310759,21.489485477659564,19.971148271429605,19.219701168911012,24.20038869796151,22.344838693594347,21.565546394693282,19.947962837345557,19.243266649645157,24.062368262942506,22.397600191038805,21.67984178238009,20.062906101041513,19.263138381443355,24.136287297079754,22.450291995157112,21.42461437766122,20.11236166277395,19.25168453711212,24.072753645449946,22.379761665476526,21.40099347452577,20.220071880201306,19.284950377529718,24.124515916276994,22.126477682251135,21.25936684510298,19.976549222287325,19.363635190972843,24.150815838703057,22.21736277330323,21.434438020547393,20.0574992731341,19.465864224046506,24.12927821660081,22.00828111961415,21.213669899933485,20.047839999199557,19.575514585578656,24.116366329439565,22.194913610917688,21.2519133741889,20.150820242107944,19.685143885097467,24.3702592492857,22.390636568022483,21.254414623435046,20.243621804671772,19.887068183400082
24.341979335536674,21.41163424878324,21.39501089409259,20.881082951795307,20.542353546377615,25.74293985664047,22.417819207291416,22.32790191118139,20.69597513306327,20.72105582549073,22.952516726953448,21.210252384566658,22.43062857551935,20.741326878015073,20.824807280181634,23.713561420910615,22.432483762372907,21.93312797357088,20.80243934880474,21.100670185313746,24.252352271220634,21.809423492846182,22.097978316849794,20.83630262201466,20.813981808600637,24.263830870057934,21.810807333985814,22.210746666973883,20.798261382468645,20.88303408668882,23.745226515916343,21.717101685596287,22.110983920651087,20.802536152930507,20.90558621979876,23.9773996833806,21.833595272365695,21.877205640430454,20.79396610056054,20.926777016381326,24.320514115448706,22.001674307875657,21.918416372687467,20.79332212273848,20.846331571925077,24.197867762169334,22.00264802429087,21.702691030385996,20.698594893273636,20.762471358306126,23.964419803622143,22.129771432200112,21.584950794811835,20.726918686028533,20.74741496544737,24.102938910734203,22.157999859606214,21.512186609033186,20.736703970591815,20.61958590066868,24.23828868428746,22.38954172256996,21.590428938961086,20.792279084367014,20.672909483900177,24.164319649197537,22.464856840609436,21.546084522380216,20.85142229936266,20.724454575689737,24.045462541720603,22.669596278733167,21.53793248912992,20.79183360792488,20.695813575066065,24.156941142767714,22.80450475842453,21.50414029435531,20.692917664007833,20.640680809208327,24.22233012620028,22.70824699869121,21.473970407382136,20.67926647198032,20.64856083830039,24.07314240990318,22.43917554274329,21.45019839543994,20.583103647893843,20.538266990308802,23.695625869625744,22.151725328315518,21.405999793884725,20.500392287468337,20.383192769152565,23.59516780339746,22.035557627309032,21.282541267607265,20.49539238584088,20.47342284408795,23.559014018853453,21.737654238538855,21.34116381628828,20.550829167861103,20.53838064324792,23.863590097160163,22.044371267369762,21.41431634980758,20.578350155117032,20.572354315736625,24.10746390617688,22.300329731322922,21.406923340037505,20.618525981436555,20.561635330821645,24.173090614583288,22.475542041037592,21.644388019480704,20.647707618926997,20.64865814813873,24.32932680064449,22.526238554756862,21.841092453306683,20.74100492800974,20.62794238891287,24.494227429796492,22.572660374652774,21.840272719734145,20.726510477193493,20.485324968191236,24.32951340490813,22.3337863542239,21.687802766322722,20.69799852819964,20.54125005385445,24.141135945293417,22.172982866350743,21.640740691295058,20.630575236571804,20.447772932781124,24.434171678702608,21.69905450036225,21.368085782276744,20.620172246546836,20.506799542405123,24.709681141466316,21.71715635627918,21.352536805536868,20.623266149368792,20.536695109902617,24.533560470874875,21.717603497321562,21.429943747528743,20.658662858415397,20.74924992824623,24.227682451232806,21.844081885333775,21.58462613381128,20.69828039625899,20.763517547823078,24.48325049046651,22.07189369048901,21.88130227545485,21.106173171391994,20.93043930452007,24.142522866199222,22.45331472912561,21.835714566826134,21.114179685228162,20.901964708115138,24.050052334620055,22.49951321896778,21.931278001950027,21.141060580010247,20.900293666673083,24.110886707990595,22.64651945026053,21.793212312299637,21.124624279681672,20.72268124879306,24.197013238976837,22.554413750234083,21.84471502900835,21.06280962861814,20.699699721212802,24.14553089532469,22.288182632922158,21.615746735355348,20.788327962757336,20.800560630003115,24.235038603517637,22.284119065548186,21.823151158570344,20.76100962626206,20.80911435970337,24.243344151628214,22.062476060455616,21.652584064590766,20.794435315772986,20.878596108797733,24.245551200745275,22.156519404117613,21.747392783225745,21.01519626538124,21.173693125840156,24.29087534983532,22.31252402002329,21.76856248847569,21.077012188341538,21.23564859427409
25.043993559947864,21.828797226501937,21.66228746699064,21.01434078109527,19.996799686180697,26.374925260241714,22.996156134279794,23.178025826554798,20.687292211972807,20.741427812785744,23.83631643081099,21.975276255632803,23.024186554560075,20.589544753984004,20.054033938412154,23.885910557495418,23.068449865753983,22.09667026365686,20.904930347019146,20.42242164126689,24.822086841454333,22.324577381543627,22.502799191877976,20.81706783547601,20.28565643283561,24.7427486241913,22.36376341362083,22.614917575721876,20.772022997553556,20.467637897416406,24.211198616688222,22.25086222149002,22.503344474653783,20.828514193296048,20.450406764678526,24.363992009951964,22.310915310932025,22.318929862887675,20.836604208961596,20.38712236668961,24.838701742132013,22.37545925734373,22.38757567965647,20.825427012448806,20.32440343698092,24.715282761593986,22.422669333464533,22.223031436798557,20.753200888940704,20.334558285091678,24.490806988240152,22.482506729250275,22.170853291085102,20.7744338903525,20.179159095001253,24.504902879426332,22.422311888195317,22.13886445723537,20.741264448033725,20.063788602729453,24.61752297226882,22.60103591045057,22.287595338383774,20.849838471861435,20.263726733874787,24.483960413693687,22.718639009226262,22.17800148904525,20.793890653894607,20.28982925250242,24.435620652344017,22.89422320296053,22.25374589069357,20.831615184357208,20.37341071275801,24.568788398262964,22.96985021637635,22.153718837037125,20.843177176034978,20.33502370592629,24.803661368829193,22.885353148453316,22.01397490905893,20.8235327646082,20.327237031149863,24.719115427720954,22.698365812985028,21.7555022114675,20.771044685879065,20.22856970728374,24.385853776095832,22.426655758817837,21.800404774837084,20.81679380935893,20.260685225297454,24.0923773494143,22.29563340056794,21.688940674545496,20.837506771272597,20.149117228666352,24.034921245278934,22.058306352644657,21.75068322821297,20.810673670768416,20.32902173392032,24.273053916470573,22.486184632356828,21.848658560628408,20.902207839572338,20.347793058133938,24.494042408387294,22.63060150840285,22.04267998820107,20.94017416089552,20.349071685711387,24.57483613620397,22.749470597997032,22.18393544746371,20.9740835756679,20.272006256373594,24.837926762107923,22.922402064896584,22.40182917888298,20.88295369583438,20.31766908246167,25.061942004861095,22.95881878029652,22.445622981995637,20.830046879072334,20.003563944997516,24.92266385915702,22.512635153284187,22.27606368037229,20.750242722813375,19.943342615528188,24.70386288050687,22.390948785259106,22.071059636579584,20.694418714385844,19.979348417161173,24.9273898898208,21.916288743219944,21.788701884738302,20.631284984874284,20.060002607011977,25.260628806767603,21.811685110461617,21.694312008121884,20.72433730425123,20.031751151783343,25.178664877922586,21.774337800978152,21.8805659374518,20.763436185719335,20.262289663566907,24.908467731458934,22.03386832163634,22.041376359582557,20.685533142120484,20.36532905840393,25.224650085919684,22.291488810337924,22.22025255443787,20.863094625201402,20.477852592133587,24.9495130910829,22.69852508166868,22.30296219921287,20.84839914532442,20.52600934440853,24.792437806169833,22.758769827239828,22.25852862868392,20.86956356997752,20.605774162740243,24.885118921080668,22.97846258152684,22.001757409595022,20.952008953540663,20.62785203838066,24.84454936257217,22.862751159586395,21.930995868820435,21.073796186564024,20.694423757845346,24.747324032286222,22.542673850732072,21.92409364019461,21.003621826859664,20.64052205849749,24.75025736788026,22.55463942269164,21.89954925603058,21.081146931792794,20.67101664677196,24.72184340653327,22.379206570266966,21.775327131193002,21.101308402256496,20.736839225407596,24.65001298686621,22.462530392036935,21.834286799866305,21.133758672968657,20.904513627425295,24.73465967738899,22.635354794789798,21.84613448319463,21.113195252734123,20.84897573011818
