0,1,2,3,4,5,6,7,8,9,10,11,12,13,14,15,16,17,18,19,20,21,22,23,24,25,26,27,28,29,30,31,32,33,34,35,36,37,38,39,40,41,42,43,44,45,46,47,48,49,50,51,52,53,54,55,56,57,58,59,60,61,62,63,64,65,66,67,68,69,70,71,72,73,74,75,76,77,78,79,80,81,82,83,84,85,86,87,88,89,90,91,92,93,94,95,96,97,98,99,100,101,102,103,104,105,106,107,108,109,110,111,112,113,114,115,116,117,118,119,120,121,122,123,124,125,126,127,128,129,130,131,132,133,134,135,136,137,138,139,140,141,142,143,144,145,146,147,148,149,150,151,152,153,154,155,156,157,158,159,160,161,162,163,164,165,166,167,168,169,170,171,172,173,174,175,176,177,178,179,180,181,182,183,184,185,186,187,188,189,190,191,192,193,194,195,196,197,198,199,200,201,202,203,204,205,206,207,208,209
24.36020491163686,21.197421686139446,23.193626998629078,21.533466995690016,20.174074896355798,26.24421870585061,24.883171880225337,23.508507442934746,21.826856597602085,20.62677112605382,27.747659034816422,24.625276775763066,23.476323443632626,21.283338343482672,20.486522834897492,25.136080239411722,22.968741685041497,22.872232734284335,21.313974464489114,20.86733848697431,25.514261937609923,23.07094868579857,23.26895090173371,21.59632432712953,20.524746471275883,25.422062761201534,23.415577649598518,23.343450937458,21.63507308223523,20.710292123666683,25.168011505421525,23.024634840675027,23.252746218152687,21.644616104446115,20.65695325756542,25.42553878358003,23.3089675760527,23.35643393051836,21.74185219345922,20.731253330261588,25.466665702938506,23.35563386548577,23.456318270939967,21.80626447253566,20.66184700980933,26.264767649774605,23.991421029170816,23.23366459106947,21.707248497163725,20.68419084434643,26.877030528646593,24.309392712274015,22.87517472420533,21.740334039182866,20.58664704271039,26.811616845203293,24.16851339959552,22.50996895598535,21.669411367533808,20.522113961213677,26.8049507216537,24.092800080163776,22.071478336905564,21.638839123094474,20.406481237912146,26.733879135611982,23.948909661017886,21.832728197452347,21.650712000135748,20.446101571763283,27.00583035512239,23.895393241348295,21.97864711079955,21.634888630378395,20.461975554545404,26.673679607179963,23.542736319567947,22.13682604440994,21.526728861542313,20.393650486979475,26.601322553549636,23.671879797622502,22.323292595434587,21.466875251890375,20.5166434022686,25.80579281886485,23.21494108228398,22.368486640261036,21.435459440615972,20.550364649240514,26.166620110126093,23.32804858912953,22.436759498574514,21.30368393799437,20.528252031151673,25.3593213322344,23.249868758279685,22.69887371565154,21.356879667149006,20.493303255353343,25.16595088521919,23.41178902777049,22.729839410342997,21.43887932977947,20.551270397688988,25.877068613121942,23.930936113845785,22.994867287922354,21.44053441469614,20.460414716771517,26.170721625447573,24.156983039685144,23.38296393970507,21.506336615238503,20.412238377916374,25.93597086320773,24.260588466318225,23.827677469533683,21.757879381688216,20.35784388106308,25.875904945281935,24.11946250813828,23.622772917551245,21.766098341905206,20.34139451567426,26.425856505815034,24.378339054219825,23.80395103682802,21.80004283816806,20.2319377710447,26.193452254269857,24.102671332555104,23.611785591112707,21.92217750109857,20.285840693837024,26.526121807802788,24.393565003199676,23.41365978249842,21.9411215076428,20.34303002845932,26.53904366750832,24.466897101189264,23.118985466237095,21.83627002649433,20.337314698533145,27.20702054855432,24.65372868949377,23.042136773822296,21.877254412276088,20.289624610701168,27.329633106878596,24.67134504728661,23.015202044812533,21.888881002163902,20.32201709850097,27.216157478951413,24.715777603194475,23.19059885842171,21.741906910102855,20.245820267099084,27.157946773499663,24.508430060851286,23.096921575818108,21.66254206986494,20.281517568878762,27.45403374418006,24.57027872302939,22.97088177343219,21.731356657286778,20.34142869156143,26.742711590320887,24.282581748526802,22.940289097275844,21.760205274787445,20.389228369593287,26.402444819589817,24.18317960300552,22.846248338184825,21.719434795012443,20.478367264556255,26.97038323061069,24.365799160458955,22.832066968678767,21.868696336660427,20.555437043677195,26.466630084176888,23.988229435189158,23.0017099054808,21.925211174590526,20.526420581292893,26.6033521874708,24.1205828518818,23.038199410492435,21.867627815645516,20.48435343283466,26.894489007890048,24.155021521382565,23.15650706192721,21.771423542420933,20.392773662485702,26.677687447026063,23.849428424151718,23.073185228171106,21.74719987463766,20.385791078840825,25.80343452611054,23.285745638835674,22.946933244611323,21.670776932430577,20.36750080959476
25.135087541657246,21.850043167737017,23.2315822402461,21.10921372153467,19.52897067459259,26.08676830410066,24.991683847478384,23.63923957883752,21.565942668710647,19.86722829220315,27.64607434593278,24.723553207889612,23.54864854016302,20.960336654526095,19.44907714134524,25.028197921885614,23.179227432023964,22.829554525685587,20.95895159202414,19.706273735230624,25.65828632579015,23.276237172254213,23.270266382053585,21.281542482398844,19.566354874391745,25.416972055822267,23.564919981181074,23.370425364726824,21.340097821912213,19.62154631289218,25.09542330955539,23.090348383719405,23.201277714864215,21.262134724076333,19.541732334516993,25.289607242678017,23.39162941063433,23.278113056815727,21.328142878214173,19.607819478905984,25.609821437978276,23.396688996769868,23.350099375951306,21.396243129865006,19.59444507972386,26.404666188640952,24.026528398709967,23.139622898381667,21.320965023633143,19.6779003722467,27.072831568304952,24.283408050293527,22.73725926229414,21.41937575105405,19.64103505114747,27.074046729209034,24.328594976154555,22.49296285582493,21.44574327115175,19.627473939538696,27.093971561831648,24.215533182672367,22.028459792781877,21.45840543785645,19.62247586654032,26.806149919627074,24.140724120721867,21.85608216733724,21.41360739750332,19.621152846275965,27.01162019478238,24.131392157261676,22.005283660315023,21.374070338080333,19.584890205948113,27.337555872188666,24.01057088440391,22.213999348355912,21.17002288251191,19.494228537152622,27.2827678832518,24.14455915906175,22.404590878701157,21.09075567496607,19.52709962880283,26.57361381601661,23.691645029703665,22.487106792260683,21.029517040698618,19.481005057909805,26.877446765751,23.751546460980524,22.587467519775224,20.967544089512348,19.428414807683588,26.112939759150265,23.616722579406932,22.87530263618613,21.044255865718604,19.444064572369385,25.27328177212222,23.52711916106285,22.89454323872563,21.12516977989995,19.521290946492506,25.955555396417783,23.84219353142017,23.06848282909086,21.24461887346335,19.488285026535983,26.01572479747092,24.072061344975154,23.44915368039699,21.254901372360884,19.516202031997842,25.880119267047206,24.198247080008727,23.814834761462624,21.506221655728215,19.550125240694236,25.852723737450457,24.08585773690995,23.644528240389228,21.540243084283468,19.574716721370073,26.263437513296008,24.28245634421631,23.76283832159542,21.588224113981333,19.559435604041596,26.06581435287482,24.095481962040814,23.58106349064926,21.509050654257212,19.532814745391093,26.584034212582104,24.355829931935595,23.432856040984063,21.590857628263542,19.503900040037216,26.537358984016446,24.389157760244377,23.09657162162135,21.464700921954766,19.547210740689973,27.10312958483637,24.55808354293196,22.958593197028627,21.358156133720293,19.49910128582264,27.25546647204044,24.640245315737985,23.032677583460973,21.39393846395822,19.603071677446753,27.083966594723517,24.619767741699995,23.213113795110623,21.307394359743952,19.628552102605283,27.002565693962413,24.48616269726089,23.081710634582052,21.282890099825387,19.722979073206183,27.28566172903904,24.599474992536834,22.995453359340882,21.294889963411684,19.690870613003504,26.620284191848206,24.298881919394795,23.029069591936388,21.381077338702035,19.70443726149271,26.24009976545333,24.185208962452155,22.87564590455043,21.33259937024736,19.694963582304517,26.895778655002072,24.358128790028836,22.86413921451035,21.490733822931617,19.68119851493514,26.31238275734942,23.9665230593703,22.975445636648544,21.48397654740587,19.58158866175122,26.502963026775234,24.08490367415994,23.075168236703846,21.554855468968192,19.640247073475066,26.58479238397262,24.22452209108232,23.214506628983173,21.445120100980706,19.64321874970143,26.430034392288196,24.027786756731594,23.129372644835506,21.384603514757067,19.50696233067142,25.665341693336348,23.61418017076465,22.984934442249504,21.245042314270222,19.504290708168643
25.264965824519976,22.19617910141935,23.609536698832542,21.728915140097918,20.568995728401223,25.7975327542586,25.229353146250002,23.723058257568148,21.95958153065306,20.861819862892318,28.131287891761108,24.300567398915735,23.371746079051753,21.45930229410346,20.879568848383474,23.79997750461876,23.468602925992172,22.925094156803176,21.688374988636863,20.762891965597447,25.65368637730876,23.460866406154594,23.366643588449463,21.839056930505972,20.687433154207074,25.272902440791935,23.645176671585798,23.37266569306186,21.896422374521087,20.689756326973534,25.15031945902054,23.184787777701246,23.207772319095618,21.917498183758408,20.636719282282886,25.14270252185843,23.580053725240568,23.30631529993496,22.0031727890863,20.579360746427067,25.73535751295597,23.643983649254828,23.297222907350644,22.025734952840182,20.654223258177304,26.33082806433048,24.226911771230192,23.10366889015792,21.95844552481058,20.769517702147734,27.11131767412836,24.531702244701854,22.707283779557592,22.013351761451876,20.783879143236632,26.981967205615945,24.50557482427226,22.43174784679924,21.963238593548922,20.6711502743432,27.04912827602047,24.28185297681144,22.06091587409083,21.991343854755883,20.633756397399196,26.775803493035333,24.09247930586614,21.98657735860061,21.942349848080564,20.498025670643493,26.94786814576243,24.015067712380475,22.03800617433497,21.857743491048375,20.47547489974997,26.567455408011504,23.58238963196596,22.20274639119267,21.705745908492787,20.45188399998194,26.430415265626078,23.67936506355779,22.438785499352633,21.590566823613024,20.558308770115588,25.798118289544863,23.38348866358795,22.454707723436865,21.5263616778124,20.59217905257782,26.150581223877396,23.492099357147247,22.539804299029125,21.453447549365734,20.473913968418046,25.427461243724753,23.317931645857577,22.916374187119185,21.514889318890532,20.48706623937438,25.45507716926648,23.420788566215684,22.98685189431759,21.51269716960703,20.519869860733593,26.153643559856086,23.737739609270868,23.095618140232716,21.656342023666436,20.50385005356124,26.308124211928128,23.831882183457267,23.460180405215183,21.643237458067507,20.513698224786815,26.091436964845144,23.935445265223894,23.83685655118929,21.848297177569044,20.67484209781818,26.229640924527178,23.799170560183164,23.687088179905437,21.874133089460777,20.617524848864484,26.394566758532665,23.99939936638343,23.73216272989934,21.919129250717297,20.544195142876056,26.37204587384324,23.862890470185555,23.64629119694277,21.873085787616088,20.567393592466402,26.768490104866448,24.212715557000656,23.48787677328095,21.94054311085965,20.506332390180905,26.871025455569015,24.15388847903501,23.129072888311423,21.861887569675293,20.50277636309803,27.265700651421685,24.232437142221777,22.917848650377913,21.80434646196586,20.478059599797433,27.450624612342132,24.493006612460352,23.097479554337887,21.913605558743544,20.621336885710267,27.14292739262363,24.48387061470647,23.214484323688655,21.84885886062142,20.60112816822615,26.998760410508545,24.254719606415694,23.079685044041334,21.82856015897547,20.69327446442805,27.18325039786173,24.428139602811267,22.959177664043676,21.835685152667104,20.62377238665263,26.52678839435655,24.307008576968734,23.040086128264846,21.927556176471523,20.698408091264767,26.23419438016535,24.174763220261948,22.87734144207203,21.8236201251674,20.64989897309991,26.84494621930577,24.25741517243146,22.88468235353171,21.879049138229146,20.628809991120207,26.35219331764577,24.077989290563902,22.968907398435785,21.876108312311587,20.555234315369272,26.44553471129679,24.114360681362392,23.141934078881835,21.8251174683919,20.65902403750921,26.550029271007183,24.252847723567186,23.28435784743923,21.660923937202334,20.62681540684331,26.473274889583866,23.875003486601543,23.193245463264304,21.586644087060854,20.59669456804884,25.738568978817455,23.672204950658557,23.095979129179774,21.467224543720835,20.606072549229662
24.848767706114824,22.0115587309256,23.351313805359453,20.836734865836792,19.45548975354469,25.16989985070453,24.215381551122956,23.39946430728392,21.635591583665175,19.835649345278387,26.515675370345804,23.736337023112895,23.294486720073653,21.19867171109961,19.679534719103348,25.059230487572783,23.284589627239036,22.667137887707796,21.17050244632748,19.82221047078161,25.154412021692732,23.052018276186068,23.129664363370928,21.286269436618745,19.68828990438193,25.07985503625987,23.232764202126447,23.15705782244842,21.431791847165375,19.766547552090053,24.96463967278016,23.009718043925027,23.13774960792887,21.42916651997394,19.780604361928017,25.212271945454706,23.200175708553825,23.13385079959145,21.348155344662434,19.782198422658546,25.371701180728188,23.178603304550553,23.273956420973274,21.344246292464607,19.788661760123762,25.750560353309275,23.499239552536746,23.135162564397938,21.337590613965443,19.819678642815667,25.997713274152158,23.67367436298964,22.759194348327426,21.29373720700773,19.76250028308132,25.959356033465053,23.43246188537858,22.42174943690495,21.22469818199422,19.668064633353474,25.846449229641543,23.403363499072576,22.217884653392368,21.292508019746332,19.63013382270005,25.647582408063347,23.414870387061548,21.932280176656683,21.31484193511752,19.600510661966155,26.013581383214234,23.276992083714923,22.069184185984774,21.204613577116067,19.574736177879736,25.71571637705609,23.062353744085286,22.162449957082462,21.138090130620444,19.565412708875748,25.685397490371095,23.29808831789027,22.29836697003403,21.05611901091981,19.530900593056877,25.296727909735317,23.124944313249976,22.253815850251133,21.007118254314655,19.41264259625371,25.606080204033493,23.071350183706226,22.376894446808087,20.92086179796748,19.277785326935703,24.917047152372653,23.18935276527231,22.608041060768368,21.018838829110283,19.164916119982212,24.939671665641317,23.41148381831382,22.61453841130153,21.038597581731686,19.189430333259626,25.437083388993585,23.68701113922321,22.83153809116133,21.129512596915795,19.043794624381007,25.279698906219274,23.70284186257802,23.17054664838176,21.202116553767524,19.017425152404744,25.061667176142443,23.754887688574442,23.59619255836219,21.396908912728808,19.10256099948785,25.112527367949323,23.723464257486462,23.374345732736174,21.387354498926832,19.222342247779164,25.434327278326528,23.728683885388,23.551837435139703,21.436000039930143,19.177556544985865,25.2942171568826,23.60086738640868,23.314254054507934,21.380679297998153,19.352770222404814,25.739913476599337,23.80692754488009,23.106052701898946,21.372963389322273,19.440336945775815,25.56142449865619,23.913039727074626,22.75783668328328,21.222314900674675,19.402688787787902,26.003025328122835,23.874067946504816,22.725742624084656,21.121173449396213,19.26131875866117,26.07601093152889,23.938347384319965,22.742356667212604,21.149623567534025,19.119432031013098,26.028422032955227,24.02816796506017,22.9873735028361,21.088276102594023,19.06846326636322,25.962260586895006,23.964143417031288,22.912610581316464,21.124542164324833,19.111989545720064,26.31642510735033,23.885291868131116,22.78424782164536,21.099957714830012,19.12228792539263,25.738981151567412,23.81585179233571,22.764443054761212,21.17142661588446,19.158104102890178,25.636932652251936,23.762030385422364,22.725291999225753,21.115048211707006,19.349441590382206,26.003867290946793,23.717876981184425,22.6062495968266,21.354335151908742,19.43198452603197,25.758614848083063,23.377185432569338,22.7472377587466,21.382980672281363,19.403671869687734,25.768280709536867,23.47279778421817,22.813690716351772,21.466192538758882,19.41589629266104,26.039860004255672,23.649366303640356,22.927875373918802,21.432994500888327,19.41319925612689,25.736607987168714,23.300218711034532,22.819982026659254,21.415098986074906,19.31472342408622,25.21940025040651,22.927406693383364,22.84404348088669,21.163921298824008,19.277940589168814
23.994350159746503,21.802533020494366,23.26608055174286,21.385203518628405,20.391585250571367,24.469309683065422,24.35520488864607,23.564886357826328,21.979557445756978,20.22896007572754,26.42263951275559,23.21672281613298,23.502938229666537,21.08938126072986,20.889260562566555,24.706434614453787,23.03425088475662,22.733327269380702,21.683196345841175,20.50657172250055,25.010748880637188,22.914476771138062,23.21101164387152,21.583430431073275,20.546631697124308,25.039604198305955,23.15239973334225,23.309252521123234,21.634314267098798,20.657148282394814,25.06368380449309,22.85480701225647,23.24625566335515,21.645929560425373,20.688489036989353,25.162025578597817,23.249543568586354,23.272107830628386,21.760446492823103,20.596976663013248,25.521700856771627,23.415818022875833,23.271352933362966,21.82425143012472,20.534122098107424,25.812174690829316,23.601466419522513,23.132944632808474,21.746604890935863,20.560439583504042,26.322742760959944,23.73686064959689,22.735879257066063,21.756703038183982,20.471432947101174,26.376639827299226,23.696825790919693,22.37002387646029,21.690949317599088,20.439028640521638,26.472031219354754,23.464749169253952,21.93384320990261,21.651960231543942,20.436419558483728,26.111881852905025,23.37725489815308,21.894491847737665,21.474176942346453,20.4607421956915,26.23819317979173,23.49862163649664,21.86007445799673,21.481612293411775,20.348016564724162,26.136823736941004,23.231398561336555,21.938111385154745,21.358502023894054,20.23450712795817,26.169101662969656,23.315468379933627,22.09778386477773,21.204734883371493,20.28081223106686,25.635195072013044,23.18604716621257,22.1828882845761,21.07342511084287,20.212390798023854,25.973875011868824,23.146200631668563,22.201694227189453,21.06432478339648,20.125265137563122,25.456252943879242,23.066401687340054,22.589940472144455,21.114080130553454,20.102364469857566,25.2533862456933,23.275227843847624,22.715716675798696,21.20497470984987,20.117931451280214,25.667374835265186,23.382199725100087,22.90703313586256,21.361910973510533,20.100370379976788,25.798570254253583,23.494780981543823,23.231718101913906,21.50097253351263,20.130645989575246,25.61754480639936,23.595609303022748,23.59786197703792,21.754291848142934,20.176357288889893,25.77271682512845,23.653302466151555,23.480625212468823,21.852258239038658,20.25297873284167,25.91580492656947,23.720465699134387,23.49434373575099,21.817035698288045,20.237504176264373,25.553121447889396,23.741867840546007,23.364175546138785,21.739963374338,20.191067890803343,25.758944997522303,23.911361034117895,23.24099055753552,21.712803497949587,20.178411375564426,25.76603457934068,23.78096835300668,22.964967467307826,21.576009101196718,20.24905174460146,25.842765473127407,23.61923087435546,22.717053883127342,21.430061356510905,20.156790697406695,25.923965209850746,23.70081078502256,22.884385076252993,21.490546296039135,20.215697361381945,25.86443019123022,23.790333268148622,23.028955371121597,21.447491451583193,20.193245337634558,25.801805774915316,23.611329958741713,22.903349752657252,21.50724924649743,20.20623211795933,25.921490956401648,23.753457624832215,22.732368489489325,21.504701203355847,20.20144197729498,25.665348332198114,23.74674376368295,22.80547833259554,21.516882181743767,20.198132128879255,25.53862611451732,23.700199706467327,22.68955120512398,21.41721990523238,20.17325856407154,26.016362143087104,23.485119927922277,22.655979430939006,21.510900499124098,20.19921795116469,25.709665335759944,23.25138443693277,22.78993863855452,21.50108065378575,20.153436958660617,25.770260628467515,23.318028374354327,22.929435101628837,21.544406262599807,20.02314346688102,25.915953290101708,23.451996543343277,23.109193763217526,21.44757911164402,20.065591565672353,25.638644478821004,23.301305260040355,22.838909096970617,21.433975635112866,20.17235433600124,25.28414015657889,23.37626424419572,22.79771306909138,21.250785695909833,20.131134693908606
24.461607568457072,21.174432659564264,23.005407873340484,21.555420970622823,20.528603582053247,25.807605027126844,24.188383888695416,23.041903841531763,21.236257567013663,21.290787029216265,25.071666513369046,22.622338003413304,22.45333925749364,21.284830266332687,21.13022677120854,25.234821698499868,23.108921775377244,22.272889717829674,20.890715415958567,21.17292732633358,24.930551925675477,22.52635050607442,22.665035419974682,21.299599852334573,20.969755378309824,24.649917863811993,22.903633767870623,22.603791632700613,21.300244267915456,21.04540837299072,24.439820377359172,22.570970706010804,22.58828778692608,21.30886098306054,20.932450933550538,24.978743676210335,22.730892401142633,22.739680182557414,21.366000669038915,20.92171659029616,24.826701650529998,22.7092901543216,22.948540935762104,21.538182422660896,20.786417868151318,24.928638253189185,22.945834998666175,22.852714383798137,21.451074219452835,20.801939741199533,25.506506320969606,23.088181326200356,22.655887099610737,21.469460451445485,20.770168518580274,25.479042309880803,22.961801101755334,22.370695921769922,21.475658169575745,20.74589751942063,25.166940809311807,23.08341528371268,22.051116207524657,21.426672109065827,20.593983757243414,25.038793526977795,22.939772436458703,21.769181780302684,21.387964280512335,20.5104794803811,25.24904257706457,22.913026856805466,21.839353404717606,21.427271974836707,20.25891536583378,25.079354282357777,22.717566145266083,21.961437486379985,21.311403595708505,20.064601799870893,24.89229589088099,23.001528178451057,22.125489463495207,21.1441342759975,19.850986530335444,24.52670301034077,22.871290382737804,22.199653421146895,21.282072193677447,19.58875576981087,25.02020719973872,23.063410038802697,22.23890545188299,21.078427973376858,19.349790054605727,24.72574533841881,23.08083750245713,22.45012064492241,21.098733509327,19.30169743750206,24.841786759426885,23.252198913900155,22.434765481636116,21.03339096342214,19.168250016542167,25.279338199312527,23.387914649439267,22.499928647615512,21.099796051501112,18.98426411626164,25.273724218779893,23.36186090233715,22.814351010714557,20.941040819557422,18.962840508867224,24.97033704928155,23.227833005399148,23.31816982450245,21.241827567276236,18.91930992263304,25.119321099082818,23.206228034139194,23.157952735153597,21.244599636199577,18.69360966097687,25.182789835429297,23.038097298554778,23.17204972878155,21.293030418090005,18.581623606220806,24.951319971953687,22.686065432291322,23.05991873170109,21.250614327808652,18.624879380582065,25.245688551181434,22.80831108519165,22.882369457523275,21.221763911034895,18.688188613058447,25.228296755887833,22.886452970408264,22.58779274166572,21.022011131733997,18.71181285577455,25.37402209100979,22.86634179164717,22.49148593636768,20.817704494937182,18.759765024785345,25.41193744707365,23.037018804570028,22.666998945908922,20.964351276679412,18.755243734583892,25.5556086642997,23.424256169592972,22.79332908680019,20.825267395847213,18.706078853452038,25.52839504683126,23.411993365980905,22.743801179366223,20.82270488960708,18.753995435927283,25.75101327489345,23.436747116908506,22.5981807556763,20.698027095856144,18.818206694281212,25.821161913703385,23.646596429020178,22.654414953655053,20.902313742543075,18.919966173634528,25.853601371404114,23.742923137589788,22.62871223576936,20.89505651617365,19.145350769999794,25.999617266214308,23.637717083582473,22.69818113725885,21.24093412043781,19.23188462703262,26.0260767787586,23.453260219492726,22.89181767706082,21.27922910805122,19.11651847047927,25.771615569360314,23.307440554950286,22.876931043122084,21.30140564493316,19.11735468054196,25.756528524466,23.107783218842506,22.836959170625178,21.074314914218082,19.16438434090292,25.458342519923704,22.745466412599303,22.765633434315667,20.923728937353776,19.05419250354106,25.100870985295657,22.49002003757733,22.649151104552836,20.79693579205682,19.038213131389483
23.836532034001237,22.0134799780106,22.89731243154891,20.987430123117836,20.75404402987624,24.719827151881972,23.678765037405913,22.761318690286856,21.99241537151534,20.39789959625439,25.30419039415112,22.750319806427118,22.72674308089137,21.440156019797104,20.52064919750745,25.44506607563701,22.67837447682791,22.086949881717718,21.26104584850736,20.686512820325497,24.583672081161097,22.472892675602235,22.63118986163667,21.382221610355124,20.639344338660774,24.574071784249412,22.59688004525129,22.631414593276816,21.521565471724163,20.608732785248613,24.496367286573033,22.294862054169336,22.705914175845194,21.421780237387715,20.684469527635883,24.912983884365456,22.47708996896581,22.73707637747365,21.313562525162915,20.68796888187652,24.771947551512927,22.476395051408087,22.955027747737397,21.333598324014787,20.625717427194367,24.992541580531643,22.746421950385233,22.84581764930189,21.388075156202966,20.541852545540053,25.295297370773035,22.885517993603276,22.530013209214935,21.30221446855456,20.462941546178858,25.2226960410561,22.74882663674699,22.334988497245803,21.21749006203543,20.324917375273085,24.974308423101785,22.805043321374978,22.031307522172874,21.23418797941036,20.082102951376395,24.891145437803306,22.750592718952976,21.707105441374544,21.27660773267622,19.891875053369194,25.239175246583283,22.714047136504007,21.71231577456898,21.14169444279287,19.673414763666063,25.15417792322762,22.59674105490379,21.904998417538803,21.16239503479819,19.389587042976988,25.327398542635073,22.85545756422981,21.919228999659232,21.090187174178617,19.133356881046897,25.077237391935704,22.69236774917768,22.007873713764905,21.167678693763683,19.09604045653358,25.511000972407356,22.677398954187705,22.15233952457234,20.883747316957646,18.93829346671347,25.043414963732555,22.719893286830185,22.44199718946367,20.915924325310584,18.88135971008914,24.99823637661066,22.845159993640102,22.428952547473408,20.77203880483741,18.931087388738682,25.204787688750507,23.060961578016226,22.529414041030176,20.83247346344054,18.850475100896034,25.1052060310312,23.08258042021719,22.8893361607304,20.748936327331045,18.707920111307224,24.659974353524746,23.099201243380264,23.282954190891793,21.089302528575978,18.752349130625277,24.732969833595014,23.07876171748694,23.07087084389746,21.14100286548541,18.67190763011023,24.998520451667112,23.054973824275383,23.097558854008973,21.247087199330373,18.608046027890957,24.79452571517417,22.91626209842335,22.97912834177039,21.15859998597146,18.707426237023505,25.13475395695827,23.032478462778258,22.731534986803275,21.18529250138808,18.79332898967079,25.180858086225378,23.170395598257347,22.457988313905805,20.995130254459024,18.749545422727028,25.36560253438159,22.980197372296672,22.44638141486118,20.828755041953183,18.68394991564245,25.292183361088792,23.01403873936163,22.555995550280706,20.857625586479895,18.568848066330162,25.4248619954125,23.140977709620298,22.733535540008518,20.746041135308126,18.495936053462152,25.339942012593845,23.128580327737122,22.754055316638336,20.733730270968064,18.51125035338372,25.613400077506906,23.042530301980833,22.613439381366895,20.653338237032873,18.52432797627359,25.583415061928488,23.290692755228683,22.585014348890905,20.78098101920228,18.592943148733678,25.691357467884053,23.331946364213447,22.58315071748501,20.781334181432623,18.772473209080452,25.817227490450506,23.309171750482626,22.494368938380656,21.04731253015042,18.863006573447528,25.665347829318335,23.109089569898906,22.661533429349618,21.071605527610572,18.8250988738188,25.405048105182814,23.104437977132314,22.71215831129581,21.121619613050918,18.78742315516488,25.477046220709298,23.135568515461223,22.77368955799132,21.043013175497656,18.789165644745207,25.053512893644594,22.92627834325651,22.69298447751971,20.941421717361045,18.72715151889222,24.720019764016634,22.6396936328189,22.707152529921956,20.84425246399241,18.594103327155683
23.859741298456516,22.036967649752025,22.903274982926533,20.966603105388018,20.75540899628479,24.693693664544885,23.673070306436017,22.747857810656892,21.97096432393169,20.40336363446192,25.3115327526923,22.769093917273242,22.717214580386976,21.455159974270977,20.503078276407738,25.43187518351201,22.651016349799395,22.09432578744764,21.25811117292686,20.661446660865217,24.581827131261473,22.481779182389424,22.632420929993014,21.374587104822563,20.635495477087925,24.569425993995726,22.60279650285811,22.632379111537006,21.521422946151592,20.603899688023933,24.48781127932355,22.303702895483106,22.706011554303142,21.417839158383686,20.67800234948179,24.90246777555339,22.48649450907602,22.73676701621865,21.3048383340769,20.68177001665063,24.764559438862484,22.485142715318506,22.951690565631015,21.327937274483148,20.61881078727654,24.990341274952037,22.747724763727792,22.83687687696079,21.380084658296887,20.536447446545132,25.286056666204797,22.87758964496087,22.52332051175271,21.287510480249196,20.452004097376353,25.225524476729653,22.730289933446482,22.32595194491399,21.209723142162602,20.30370007453185,24.97833666592058,22.7799102725117,22.029762567590915,21.221741044506842,20.066433869498134,24.893784725237957,22.73229582551516,21.705162201606683,21.26516129439033,19.87477009985085,25.23558260474709,22.694806736741747,21.703870004280855,21.130170187099207,19.64000699370058,25.155830732059076,22.586938126594838,21.89099170544859,21.154693613305263,19.36803705935607,25.33590616740102,22.85386796049991,21.903315843656866,21.09114020954274,19.134328996823566,25.083112459817325,22.689968419604064,21.984460843420578,21.176749191188556,19.09056399126483,25.519830235900496,22.673557726663375,22.13789017819287,20.890695276452103,18.931328763492825,25.063084265369433,22.71991198904927,22.439606432225794,20.920474701534307,18.885100614223983,25.02022874624159,22.85078361242882,22.43001725022385,20.782511539917955,18.94722618148912,25.213339179873564,23.065138961133478,22.533186392416926,20.836844030521036,18.855098157388454,25.12096633638446,23.09134022538406,22.895141341538924,20.75417775234964,18.72546568978688,24.67673181361971,23.108569668621442,23.284443641199342,21.09010217546542,18.766150236338838,24.737077875938276,23.087947916400122,23.072026436137378,21.145573445754625,18.675400202757782,25.00035213649763,23.04658438118238,23.085773529377878,21.242396155415292,18.59135579107601,24.79446865768692,22.90701547868094,22.974405141201878,21.15568835306406,18.685136899590116,25.12860881103487,23.02206322213653,22.731109692650662,21.17891505321546,18.77457418683257,25.167090814665922,23.164587415543384,22.454910431117476,20.990354235449544,18.730594848891364,25.349553958353944,22.969062834467742,22.447370104206172,20.825494738955122,18.667857962793683,25.272000707967248,23.01448487429534,22.56748482751066,20.862482343559,18.56638286645629,25.413757130932815,23.140443244415035,22.74061084834913,20.742842085295486,18.512708520051383,25.32902279645738,23.12246612478947,22.764763939546274,20.72816939261154,18.499403898302376,25.60818782467975,23.03322990901066,22.618556152247585,20.648901529023732,18.524934968606157,25.5827592429808,23.28442764941778,22.58309705153327,20.777503909573646,18.616702509064048,25.69364045594399,23.32633805991764,22.57620138025468,20.766285759384004,18.785964073924255,25.817206841416642,23.309310922956115,22.488060166334655,21.042845199889463,18.861317049881144,25.670051036391857,23.113541143936242,22.649310972297183,21.07264320063907,18.83936300068131,25.412150690983953,23.113147352447744,22.700358127834676,21.120020713875125,18.799258519384477,25.480640025964455,23.135988800593843,22.762919246737855,21.046728903668765,18.782160712355775,25.05008981197831,22.926668460627365,22.69141770080675,20.948963618047355,18.729155422417495,24.724902786000555,22.63486749300838,22.706852653780548,20.847737331571366,18.617516312973937
24.26093693380753,22.729392610919373,23.14773578969526,20.742240177973276,19.30318744060535,24.63083572886668,23.36360998814362,22.751656372418555,21.59938746232067,19.015760730986365,25.858137275115247,23.54004576024657,23.060932745009072,20.818026786922122,18.955641594285165,24.347323443407422,23.47610760199027,22.319362966046445,20.77265611522749,19.46075273678985,24.966829630568434,23.07178817193188,22.854803368351153,21.035852156580383,19.20980903186669,25.107753555765168,23.057159507298657,22.97924400769336,21.146619665929755,19.173687471135242,25.10989190287548,22.938093622940492,23.091295270602224,21.057958825104638,19.284760182510997,25.166437533554593,22.74534400103068,23.08941093091851,21.086270140085617,19.308731996932586,25.38080897355512,22.7442988475496,23.20995736610835,21.07109349673409,19.215862100700754,25.535538922573053,22.846863581772205,23.08242149500627,21.018635827010065,19.252466527339543,25.460699234994415,22.87591243562087,22.70896067370909,20.99404139936184,19.252844481145054,25.504390527641906,22.94410044715162,22.44748903128424,20.91002323345697,19.12672072528332,25.577431205455706,23.25872997131439,22.19537890834051,20.85778944352812,19.06755231149495,25.554730681231163,23.298592095083706,22.09999636876613,20.993447010137057,19.121912390971254,25.54963698463782,23.324464942347255,22.221022789563992,20.999120860847874,18.964481805182146,25.597999229420996,23.404478271313515,22.302902790040697,21.035399586754473,18.96163081786856,25.30824177836117,23.286491436465344,22.350159343766926,20.937986938815918,18.95755332347202,24.945087351908988,23.129874772225545,22.368592469690356,20.954741039783425,18.92162051508804,25.44530243761988,22.850941081140284,22.37493133528974,20.79515327678434,18.80560395221212,25.133317419851856,22.85538881070001,22.513359329234294,20.78210194647887,18.851066452678303,24.816983915850166,22.865621505742062,22.44142083794432,20.667533303023127,18.86696676675553,25.252004351274934,23.080765260572104,22.615556546135178,20.90618514171272,18.776708531012122,25.56227511237388,23.155729415085176,22.984595815047733,20.86347023828848,18.820470249104748,24.917212287042826,23.238105322586776,23.35575853385165,21.104100238362356,18.875630275412536,25.05049666759471,23.331759176362826,23.18515979325324,21.133379012245445,18.845113795701998,25.500933635245854,23.1633833701657,23.37166117009805,21.211863016278414,18.77999916149524,25.351823131070557,23.24883382976288,23.182608917907107,21.104420609442894,18.874982835161884,25.3124097416012,23.25340439318903,22.929059084161388,21.24811422648679,18.872019679668863,25.353371865491397,23.506431706561504,22.61698930316725,21.072294510853016,18.908277965728114,25.23579320821615,23.24126670309385,22.536292810080155,21.100483867833635,18.77879941655047,25.501888502322682,23.5125230011838,22.475519966046253,21.12731285246753,18.761740376800013,25.702494592068632,23.542261210576065,22.70900637451831,20.948959241100205,18.68731048125501,25.650426809636436,23.531329335085463,22.66746360436258,20.867540085705706,18.653369131731914,25.90044881738845,23.357632764152488,22.496804158874404,20.907235512031203,18.55768390532452,25.78084418175368,23.536147419516144,22.59425867242886,20.82158610599746,18.69472213363883,25.502805424373566,23.510528327304588,22.669011949069564,20.71862053306247,18.77940684444406,25.588546996792964,23.451877113761377,22.496562205828383,20.950792253500317,18.892436954564033,25.317244174328263,23.259143941836953,22.63071884727866,21.086877081531192,18.931667809334236,25.20783680289128,23.237202556709743,22.920370217039608,21.108870282013612,18.863703151928213,25.441784502994626,23.370085703688247,23.017624058076166,21.15768724313059,18.866653104295075,25.29717984829394,23.235059485990078,22.86862229048521,21.182329897029142,18.816883440209764,25.05510857087577,23.04446681038995,22.972348463805048,21.113941999858834,18.671360814302293
24.8640956894142,22.442861155071782,23.022181954769216,21.095534529803018,19.134954051069627,24.688297095469977,23.426033177576496,23.39568059039217,21.55071293769619,19.459400383529694,26.3820096648237,22.85563094336087,23.031643306479033,21.025753736530255,19.147548920222217,25.401089266885325,23.185425904486582,22.408871111296566,21.1537647103961,19.300289585301655,25.05356137392192,22.901720630040046,22.94891625813733,21.198387505663028,19.275883048343875,24.864869876652214,23.10259361374647,23.129746034746933,21.210521088789832,19.247180010451366,24.923496746755905,22.845333587944264,23.111958875742424,21.111745731717424,19.233479179676213,24.904508992150966,22.89896269110569,23.196880917368006,21.05936409607159,19.2481105231775,25.01565409749324,23.089220294245678,23.223145198624632,21.074758325240268,19.07724004281416,25.393107183985194,23.011040057321118,23.011136935217657,21.027037877205384,19.087464478444076,25.63476062996717,22.950925363790866,22.552296456236707,21.013909028641546,19.062631322604933,26.010601828210344,23.22021040483808,22.36326877295422,20.967938596375266,18.924852429360822,26.055747000990316,23.28852709936067,21.859213868562538,20.981514276881512,18.918892341152006,25.916651142513683,23.179199089568126,21.778450432681772,20.980366141500983,19.03069794157034,26.033197106781948,23.291808221710863,21.88381825251879,21.014810065518336,18.965489987124226,25.989299529999414,23.335714225742823,22.040050476135452,21.019598336948764,18.95858220543052,25.585457994962514,23.38352178236523,22.05077434976561,20.966484833774324,19.032954536885672,25.38412176661128,23.399272066350186,22.398116114209223,20.909260439652712,18.94615200576409,25.5270651623456,23.25872287811923,22.489734231263164,20.768671880335837,18.879732302364832,25.25925737206477,23.34591466150553,22.742501680806395,20.815683799114478,18.83955712552622,25.26405136302039,23.460615292269626,22.58711407683621,20.80776908627482,18.871233137838793,25.498467388763423,23.395543904300208,22.784027992729886,21.016029771134274,18.847358259612328,25.401227947709877,23.395673020350056,23.00382491883351,21.11986410888166,18.838072803812384,25.355127144575427,23.47703919306603,23.31518635340389,21.410183683638955,18.916284640963816,25.471247621051322,23.522177361517222,23.235089812622498,21.509283147770716,18.962836251253353,25.755847748114586,23.396060069596587,23.54794565610269,21.557451364209427,18.856973896422623,25.6927946831106,23.443274035222174,23.372732914481514,21.496642838468787,18.875538733783657,25.850692762240943,23.609447629976323,23.167442124756725,21.49022235762714,18.963352735507232,25.81417741793847,23.747409807785576,22.869982816444114,21.38613221267378,18.980096480172577,25.986692116261374,23.535105960286,22.766431496155313,21.228273818007864,18.861899523561164,25.878429324961576,23.66298500566296,22.76384142967739,21.265477341868515,18.97896793232626,25.884241182087703,23.84687683436832,22.866711667937103,21.071294242572883,18.968634818174316,25.9970165554015,23.714724081329308,22.763467648092224,21.061543536720816,18.910142876846113,26.145773593049125,23.652505018033487,22.69994452495648,21.0208749701551,18.91183966596619,25.76792670538889,23.760072148063827,22.7683704853728,21.000282233457714,18.99503967411664,25.907902343525443,23.717051755927827,22.690462842183965,20.865477566027767,18.98861503729455,26.000247473510605,23.521847020906115,22.588816860188384,21.045910797310363,18.99718136068318,25.751260124548537,23.46107676542818,22.740422274867218,21.247188324802842,19.02513446367838,25.513144563088595,23.351015853461735,22.83677984317526,21.328928789548055,19.00211328944902,25.83611424980088,23.543827818578954,22.938924007621374,21.36979280127037,19.05613248975252,25.27604366340252,23.60846982110918,22.838140294018736,21.39180360582403,19.046042420149593,25.155072355093008,23.555315356760676,22.98965142337395,21.196947539031846,19.019138812461104
24.84798567167553,22.595436122562795,23.315827152073908,21.298147394723884,20.223004246895435,25.651857048149175,23.247544377584287,23.217480388648855,21.67609955364891,19.870393270070863,25.872964829572318,22.795268734186916,22.721522936232848,20.47902004181482,20.40203641217845,25.36768530014568,22.651963829149437,22.28237132027215,21.419387251837005,20.211788796337665,25.135491418758562,22.787060576660263,22.934505011567772,21.281890156415407,20.168742596011697,25.035956738203083,23.0201217205138,22.988886237054466,21.293341389107308,20.18538215557036,24.97931677497046,22.75864171505794,23.00961281010328,21.267616079012882,20.17662350004563,24.792385454380906,22.982179635546807,23.129797024970294,21.411882228124256,20.148433116941703,24.884135539401697,23.03530217566969,23.181143869591637,21.40762690903508,19.98310612606351,25.195107914763728,23.184788594398807,22.94365661998225,21.34828760627648,19.98593637466715,25.400778835502898,23.06306921103733,22.63853121889324,21.295166779679615,19.915722072936852,25.28360013387331,23.031590981888286,22.272862208977664,21.227163735315592,19.892758250891756,25.625231387556017,23.01000412909767,21.862458336356845,21.166535221112774,19.82406327850557,25.57904065080446,22.94138542716314,21.65397663880094,21.099969404836365,19.83825576458849,25.95708421026074,22.832629562838545,21.74812957289874,21.129930013211762,19.726914109261855,26.079945382154357,22.835066187211794,21.799029731748607,21.13311816882172,19.694205983981302,26.105724620852477,22.8756887224465,21.886599049209817,21.01268056908834,19.734375943727418,25.77809098566963,22.699325173247956,22.08826917003507,20.99132148000469,19.637719835574025,25.91141566987718,22.732826538511496,22.30932650926112,20.927726443336315,19.612787732486417,25.384929980758663,22.80571239378451,22.604978217562895,20.959093560512446,19.640091458297444,25.02115505498938,22.716093233216395,22.55989671392077,20.91603318164177,19.62564077288006,25.242130216451226,22.90288382065195,22.764511032873756,21.0909608118693,19.634151833815167,25.280009326593934,23.119415300787757,23.02828986488133,21.156424238979888,19.715100986471878,25.149507568110614,23.264361827145535,23.272886427639776,21.411332863720233,19.76678379713638,25.111377115402686,23.352279338912506,23.106577923867235,21.45888067188904,19.818841777019298,25.240527271679262,23.48072467828114,23.192771366165548,21.466050485486267,19.766830789919176,25.069625105606246,23.579602537139788,23.033471148797485,21.379919376800252,19.69629057500241,25.2502615726057,23.567688680374523,22.861891411282652,21.363431206541296,19.733160912935546,25.353209121688113,23.584668682281077,22.638973446736983,21.194425977971967,19.787387240358367,25.60916622537444,23.15239155719167,22.511355134967243,21.026639513358408,19.7646788074115,25.946914189852595,23.167584186357693,22.65571509809093,21.14305139906202,19.871440850856814,25.994454599775985,23.335550829367442,22.73575415681853,21.09052266938617,19.84856011582537,25.938872924175392,23.17584924157863,22.55641843432165,21.132932093324932,19.83591431129579,26.006816504680437,23.118880141902423,22.45004065533931,21.155095390133102,19.864897457947297,25.751981653958133,23.42926055476221,22.53961226248007,21.226749735159853,19.83679502241143,25.65456825846303,23.524799301194037,22.423279320602653,21.117959918545857,19.76024659096185,25.73474538540288,23.373296697410048,22.428696443452754,21.176393510232437,19.856018808764127,25.69708597201378,23.220340902436675,22.60558331824369,21.292138620245478,19.724384384508692,25.466619724222,23.27801536453856,22.67274291077847,21.320563428597303,19.606132684185688,25.666239570719693,23.291448095104222,22.81813444146466,21.280632157043392,19.646005121374657,25.2017607541354,23.23376070914904,22.73134092833019,21.278477625210396,19.692773351191274,25.2415282228781,23.158547351668545,22.81759506963154,21.074799706243056,19.61217068040235
24.08741073054706,22.14110306687047,22.825038615263814,21.177473729215667,20.316390085106704,24.46103816983872,23.66970838874212,23.19519546723717,22.125440819487284,20.273966148060858,24.729219858901313,22.75092065259845,23.02825146009164,20.779032842474912,21.069307363656826,24.167499266937835,22.25527383734227,22.562814361158644,21.354173643577518,20.407418010505456,24.3488320651261,22.517513504798696,22.82145852740344,21.40258834444684,20.514785550545067,24.267143214479123,22.59009335718691,22.969087691092334,21.467957557583283,20.57245838493974,24.260458461474762,22.36343839900531,22.8969005546683,21.36928725819766,20.595279018184975,24.574018231057217,22.624430927578995,22.941419896076248,21.48511716501171,20.56368672083348,25.058008975340574,22.66885225326903,22.927477190456905,21.511268226367974,20.489410313583583,25.504890877589236,22.818038708740566,22.819033059181628,21.42321588804265,20.543288753000517,25.991036651746935,22.91746572074278,22.472514992074032,21.496980027889613,20.54831927948708,26.02851798315819,22.822468540281783,22.130973408201164,21.298187887088424,20.539294283785047,26.07449088937014,22.663474350774788,21.74411779209541,21.343383426400457,20.37443369574972,25.810719199975217,22.711654676313838,21.53314667304414,21.247653022801536,20.41515972739975,25.73221815693767,22.795387294431464,21.489977081288224,21.236539681784965,20.248430383799896,25.5586493045798,22.603291874867985,21.44988239063462,21.080685364434913,20.07319428805649,25.387119451514824,22.678958087612436,21.566009864433077,21.11440659407507,20.0862496249954,24.84724213389081,22.606068749795387,21.63011374837695,20.988022842066208,20.080569028435523,24.90146437330223,22.47240020232876,21.75799824016051,20.950257178752484,20.02337669908351,24.64091483015688,22.486127267974275,22.137677874791173,20.94585515377653,20.02328229839338,24.571556425871723,22.448144292140867,22.240933008622243,20.87709790513647,20.049662173370905,24.9147083069646,22.516453072087597,22.526389571318767,21.03793693735508,20.00715527773075,25.294046780795505,22.666804888571185,22.82688015249081,21.05048660405502,20.096649584926663,25.188886909532975,22.865774814245164,23.1595990995576,21.265101563283693,20.104456691741166,25.283318079610915,22.842511703497994,23.03475928906385,21.387316770276016,20.188489720169528,25.03507845470599,22.991042388634888,23.098354720541852,21.4195474135236,20.149129058255618,24.8203343041748,22.954352748166368,22.80703300667024,21.309576212182275,20.0302226177124,24.786937370344223,22.93485104129313,22.758833458376728,21.294504666511564,20.04241532973389,24.92713976540051,22.890319045022675,22.594488626263647,21.162552514247277,20.08919549356376,24.961354963306704,22.5582175456342,22.43839080798987,21.05638052918453,20.017543900685492,25.242258687850267,22.747020181625903,22.62496954466402,21.205369057378647,20.13156254455371,25.379591550642466,22.932466571465753,22.822574109639376,21.152385058941142,20.25177870808063,25.28200691037339,22.866550651767323,22.558445387825696,21.22952352141626,20.17606441048619,25.150784246403134,22.967552083589094,22.37995550658754,21.21895391528797,20.17296909869898,24.882548279475685,23.21335941774442,22.40028595109992,21.23975259605931,20.227527901908992,24.83008890606211,23.15855827652324,22.217757802807036,21.033668632646645,20.217879199292803,24.973578964947656,22.998280591820535,22.164638920627052,21.129317384352774,20.247628666547275,24.933306450354365,22.874798659668222,22.387066513773256,21.174057442319164,20.199559642308973,25.03905670096753,22.907508255110276,22.571244674665177,21.10945349650242,20.096840178546564,25.106280215832754,22.937788531162603,22.786765035220164,21.02789496830723,20.071420175902386,25.027782362812033,22.74082441623661,22.631665678062703,21.214771690092682,20.06874349748968,24.90662622870659,22.823408394199586,22.694598911575373,21.034499278608735,20.025475138192554
24.095862511679677,22.19228546645514,22.816030769157937,21.1897343729672,20.33434937723797,24.419152664510904,23.67827965709894,23.191242123644216,22.14603463448305,20.286207111263348,24.738059223755027,22.733498743631454,23.03581843012949,20.781920739102663,21.06412419599957,24.16212840301713,22.27761493792592,22.58176447431928,21.36024740515238,20.37873398714234,24.344750963344172,22.533806565899,22.82615058301699,21.41647350880344,20.508314161808727,24.270180039403993,22.592583675565557,22.977760960077525,21.48107098375491,20.560935421176737,24.27359768734851,22.36776053764714,22.90878418947737,21.374240246545625,20.578836392749356,24.585799539775792,22.634633585671967,22.956986810338464,21.494405511402952,20.549932252768098,25.074256476078816,22.6813607186313,22.940985207687145,21.521345077913693,20.469664994507088,25.520230901310878,22.829744275754745,22.830644880342128,21.422711906137955,20.524731673820682,25.99431089817898,22.93445787313372,22.477467954054465,21.4955450829925,20.53213508109788,26.026724519745507,22.839975011028038,22.13275043038026,21.300189601005897,20.530953333380783,26.07524952839205,22.686993904951997,21.735984352413073,21.3406702306573,20.37284825194616,25.809690109339236,22.723558802784172,21.528215843493577,21.242244283848272,20.427863425579908,25.721942032983954,22.80918289622727,21.48707439836723,21.241984350675384,20.267716054382685,25.55518699800216,22.623774565894507,21.43875161803572,21.084850516745625,20.08042723485299,25.387080624464875,22.699051080169536,21.56255470815901,21.11332565472133,20.077814293805044,24.844505473995863,22.620329615115242,21.633936895991706,20.986514252117836,20.05114985202235,24.893502561883373,22.490478571145843,21.755847563277275,20.940367283286797,19.982932019559836,24.63994542697589,22.506857835526027,22.13263555656831,20.935732121579562,19.97819577350854,24.575409914270985,22.459951574850727,22.2465348774627,20.86795707419408,20.01004322893612,24.910700567913363,22.525552690476005,22.528495541834822,21.03164857901542,19.97200508472404,25.285625356840203,22.67640653355822,22.829876594976394,21.0474782867381,20.074817826226948,25.183056326151934,22.877153969862924,23.166672045289854,21.273522080895724,20.085237305371113,25.275471251301695,22.849724269831363,23.043003297966745,21.3817527663346,20.166766739037556,25.018246857155713,22.993494065076174,23.098659914957107,21.414604302291117,20.131280322212593,24.8082018022862,22.959041909210697,22.80009038214292,21.311402297831137,20.01184477456534,24.77561495893766,22.941501845968208,22.74792135725844,21.297392014708773,20.02777142319777,24.917689165847356,22.902126996338207,22.582899148740847,21.15757604602783,20.074759557341576,24.956286474805278,22.565464106495586,22.427003940009563,21.05502362590248,20.009437677722563,25.23819943457561,22.75576175986027,22.62324082650003,21.197276761369345,20.12194132014852,25.381833668639054,22.935435067693483,22.83177707541739,21.141690622197764,20.246672288923868,25.289499970916218,22.866856814610763,22.562807199909095,21.218336741746693,20.16723024919488,25.15812619627785,22.96286165391034,22.382318112465747,21.216852060565827,20.159578500868914,24.889445001216835,23.21446306797738,22.402523534288925,21.24305051557691,20.211393616306367,24.842635302472345,23.159579122682636,22.220592805968145,21.039452918057975,20.21054829002896,24.983223677679558,22.994438339433394,22.161507550870752,21.132870040429612,20.243879521902254,24.949752950946067,22.86494776824403,22.38961163513655,21.16836191333804,20.19920493903043,25.056049349446305,22.90269500318866,22.57569205870343,21.103004812323547,20.099435574975736,25.12456007485418,22.925329327537884,22.78815219723243,21.024229381595383,20.068158658740593,25.044960530022735,22.731929061068495,22.62911530520392,21.20955155682155,20.063978317064603,24.921502114281555,22.822410966903853,22.69289973828969,21.025631009939083,20.01549738795222
24.108934577711683,22.120369437372133,22.835841311846174,21.14445092524845,20.290066979855837,24.44716109012375,23.687070217826587,23.210994473823124,22.137156723117258,20.254854101724007,24.742867910453477,22.740658237004,23.038730099236336,20.75390166366802,21.03462104710193,24.152829141099847,22.274140801952267,22.588374900946704,21.350160493838455,20.393365964329995,24.353116737380944,22.520419943873584,22.841221040393883,21.394401307480454,20.48765477166124,24.270199167562282,22.58428531299581,22.985741350707038,21.471857566476967,20.54138598276161,24.266717514222826,22.36045560628459,22.912970167778905,21.364681547842235,20.563955437249877,24.580762930476826,22.6286198477408,22.960422817734027,21.486201824948317,20.53910915034722,25.070249399290145,22.67056336933529,22.939966596653058,21.513613574882847,20.455941584675703,25.515736508765592,22.819313634903274,22.821636375688456,21.415180324556587,20.508467979867028,25.99847914217802,22.931712532531158,22.480092187067385,21.479725872003392,20.521481529730217,26.031412746771423,22.825001052991272,22.130620479782085,21.28049508189121,20.52310057151863,26.07855650920049,22.664632757788546,21.749006833951274,21.322836287668878,20.361588411912052,25.81105789681758,22.70966495256757,21.539668314911097,21.22442727414686,20.41945025414361,25.728597969399015,22.79458909393106,21.500254943728873,21.225961887634515,20.260687643776045,25.559471692927964,22.60674924591602,21.448890919874394,21.071997067980103,20.075740820202324,25.3900155329192,22.68844671899278,21.56893445717329,21.110508605691166,20.076935519607986,24.855299442913207,22.61879134256212,21.625226904917717,20.99137743551182,20.067855743802344,24.907158677256497,22.478667962286444,21.751287675554885,20.946533449127383,19.993350285889687,24.64816784348117,22.490229869059213,22.129761267767666,20.936026666259842,20.002588718028235,24.584397103210144,22.44472651924611,22.238324375794214,20.86411567060798,20.04149481225829,24.921770564243435,22.5162824640123,22.522295277295925,21.03046386658277,20.000765127429567,25.288790964341047,22.661014473321476,22.823845106032916,21.037232335813123,20.088334641107743,25.18686110059742,22.8707792571738,23.161825279869625,21.26381176014514,20.106455185427855,25.278236957830295,22.840410727741013,23.0416833929446,21.382739491706786,20.17671221465264,25.0153289104284,22.990822355533986,23.101395955859708,21.41725625396115,20.13727465715905,24.80815441735477,22.943724382446966,22.811777934345663,21.303327207619656,20.021761239252793,24.775769144291793,22.928260255269063,22.758253281557018,21.294618839869997,20.024941160629933,24.91814096946387,22.881774597472965,22.5922441151974,21.156203299735882,20.06513192073553,24.96076261203256,22.558803320510044,22.43083843421573,21.05170464175547,19.99717700039264,25.24854608314204,22.74803231710681,22.623055532418782,21.199677977409856,20.10326802292775,25.389203981611473,22.93672373960475,22.82172001571934,21.14961143008972,20.212015531582473,25.29540605226807,22.861266322317068,22.558069020844215,21.228055410318202,20.148731398998706,25.16121025785503,22.961086975878594,22.380848880421848,21.226145605863405,20.14897818816064,24.890537622197535,23.20468672774329,22.405177557529726,21.250603847394494,20.20502168389948,24.837543246162678,23.153560125650237,22.22549740235518,21.049499235857105,20.207210051738514,24.97859046511856,22.993941281999618,22.178752597649186,21.146597049508593,20.245672238885266,24.941598022422454,22.884215542651525,22.396622693290986,21.18168681034612,20.198659629786903,25.05068609870888,22.91655984819642,22.580916987878336,21.11493276751025,20.09371405234041,25.1197562225527,22.944065538977938,22.797232500178698,21.039251152864125,20.061182443522082,25.04592495186568,22.748372973825294,22.63369440333154,21.2218038646509,20.044949188278913,24.918212272939396,22.835114448136018,22.691803133079514,21.042927059701686,20.011107949356706
24.467977237390816,21.231296320434474,23.010559633770963,21.579985111137923,20.53007685263097,25.809780580324993,24.197902986368305,23.070667986688132,21.243041580342183,21.28845472514317,25.06308203149028,22.598941331732295,22.457582882296762,21.29149416414922,21.11607439640651,25.24137325069587,23.160823054737225,22.235355260052224,20.882323119850874,21.170769405931107,24.936775774361795,22.53719098805481,22.65769996576723,21.303305033736724,20.967979316732656,24.645532325149585,22.90091881031701,22.591573988956178,21.29199299013994,21.03515811489487,24.435717927395014,22.568160748123475,22.57537170034012,21.304291235068167,20.919812732119954,24.97327258804526,22.734780785209146,22.716552526885938,21.361231357713734,20.910436560756246,24.813213232165754,22.707103557871154,22.936116951558652,21.53650202177623,20.767500377870494,24.910826275207206,22.960851311700527,22.8460452734298,21.45262586136144,20.789220307006538,25.499723639235732,23.103986967025595,22.661749379401062,21.47615521513598,20.76668064736416,25.47807438132833,22.974673363196985,22.378822846868125,21.474821973366716,20.74516692112065,25.16350889909364,23.089405309182595,22.06223118517351,21.424958778220308,20.59602052062329,25.045465814308784,22.94325136224065,21.77427595917906,21.383484369712644,20.509286315850495,25.253230733556112,22.908086678569294,21.84532535849943,21.42031058984971,20.244832433178168,25.08093657696885,22.70941133989277,21.962413099529336,21.29900132188167,20.05038455538164,24.88742340884416,22.996173650721413,22.1175258146968,21.129706210713966,19.839727710421496,24.533174161782615,22.866548236978545,22.204271484690842,21.26881017016294,19.572602300534435,25.023747188101176,23.053971435974706,22.244851764612385,21.06030274665384,19.345044131194065,24.722623571617575,23.073574908264412,22.459725539850552,21.07922165019992,19.302820648158313,24.840020552111337,23.240429076508214,22.441015701689103,21.02825258862081,19.183567958800463,25.274668463002747,23.37587828181624,22.513720644013937,21.092502306640164,19.008184267525174,25.264308633224864,23.3562596731213,22.821390952761686,20.93637890141104,18.998154174537767,24.96172709192999,23.220444888109466,23.328828525063976,21.243113960697524,18.954189086995747,25.114596811030648,23.1958397882393,23.165841618944444,21.253089073989326,18.72338102518886,25.17848149177586,23.034065671619093,23.181554242209703,21.301063618883312,18.603757264567875,24.955046308517083,22.686686503071506,23.06538165126431,21.265546143152537,18.61805730297055,25.243911166646928,22.805674744704902,22.88852351084131,21.231616483656385,18.67900952605574,25.220119320225464,22.884903201171127,22.591966996358405,21.028526032688006,18.704661073057867,25.37275995332805,22.866105063836166,22.506263402687974,20.82179554845223,18.749670667085958,25.405472955817274,23.038252990239528,22.67593163229934,20.96378749038037,18.73730919162021,25.54208813997744,23.421064894839013,22.79766683347068,20.825028466579205,18.711158491477118,25.51788220911994,23.410355940339663,22.746399216025267,20.825752149841723,18.753187320840006,25.74027890214355,23.43619288571839,22.594416879132062,20.702785994745785,18.824660280425938,25.807036696926776,23.640391470922793,22.638301694476322,20.904037716682435,18.920595079388654,25.842385721103625,23.741585336436593,22.614325026132487,20.89556692292737,19.143575040788498,25.985607830769673,23.634998661750195,22.68556104166763,21.24004803250592,19.235094311757177,26.011897636761717,23.451520178256484,22.882271796791656,21.278274521360366,19.125920473277155,25.75969815404189,23.30008850827382,22.87648182831865,21.30226791351219,19.119557883545262,25.743463856838822,23.10747827532834,22.830605373429613,21.072808224957832,19.191475254968996,25.446857662878426,22.7404103500277,22.75583862297267,20.925197199579653,19.08998539195402,25.092648761855777,22.48428207015137,22.642007803999924,20.802463740998867,19.061563522195144
23.778576690066973,21.403387107132776,23.246484648611663,21.759411344544397,20.694481272469,24.892760762752303,23.608015373227826,23.25139553967701,21.776364239038873,20.928528350330197,24.371711294273055,21.939682535095418,22.362463860797266,21.55724006861497,20.898944151630957,24.673304221181475,22.662106809619615,22.24230095510067,21.538655873436458,20.619863881912575,24.264349829727642,22.154020789749012,22.788510997195534,21.58267511731423,20.814407288019794,24.100359949359273,22.397973889358596,22.66534876714328,21.623723214116954,20.866237013206234,23.989919395976493,22.114377468401866,22.59784040695902,21.51277893995974,20.863186819475217,24.514051697892434,22.35534375572313,22.67795379736252,21.466133115684624,20.86877459896775,24.385921739158036,22.38249740040817,22.91994435560417,21.58586372154441,20.90046972895096,24.457133791852353,22.5658658002692,22.76581588945694,21.61458820331567,20.80842818555202,24.833547024182945,22.708087536041795,22.483039347531026,21.460731349205407,20.750599077826955,24.8547694818506,22.588229455808232,22.243982911885542,21.45505244191242,20.610867397057536,24.499641885940882,22.605495857416578,21.931232758655586,21.479643061504678,20.430864757075433,24.456261227131534,22.49797224163999,21.532064437662697,21.43742711636406,20.215475305462203,24.67459359404252,22.468221688530242,21.566057884423845,21.370694231198588,20.099436512329095,24.577779797180323,22.252244160653543,21.810598062414854,21.479964998716543,19.850593969802183,24.4619039586353,22.519928509985693,21.956987943506,21.45470056542953,19.50861985892376,24.28402735329177,22.467855779878292,22.14254549203302,21.658833259723664,19.347977137278665,24.66898214612805,22.55669253180371,22.211947450448765,21.324240138663793,19.094837176602752,24.311051439691457,22.544112616375358,22.42000586857275,21.47997257788301,18.915975898284692,24.387801045170324,22.74922184921162,22.367772360732793,21.301969380938832,18.826597481044722,24.70104403986962,22.864330190354806,22.34774698849082,21.281052115454663,18.861046929655256,24.603882446354362,22.79149178712866,22.625333648278875,20.97521463849379,18.691320017953018,24.288991893688944,22.719005541888976,23.128167067896197,21.41090036868542,18.77174384129805,24.513299137229495,22.724123384896988,23.00489559814359,21.36149750516874,18.674595383633257,24.575003083908133,22.580987174845866,23.084730900680967,21.434307547475253,18.578186425730895,24.291186916820465,22.33489580244699,23.002004078381226,21.2984246231562,18.591299133621515,24.518838425902004,22.428025944442364,22.80587796646999,21.286260680429283,18.693983151126986,24.610500453495114,22.492702696958595,22.555680294761252,20.993089851166552,18.68723075166684,24.788723096389838,22.41339192864352,22.447543479743317,20.766131297344934,18.64369086596164,24.88444004239694,22.53400589284783,22.523472614935134,20.95090157757769,18.606439112137018,25.092576266667145,22.830308450574524,22.69494578547621,21.026064165217615,18.544468333934738,25.050179264903342,22.88666966966425,22.69345289678755,20.998209074986097,18.491248721207814,25.1812953107037,22.88212478150058,22.55395651349157,20.95766058957829,18.47860909316151,25.168398243063447,23.154045914612247,22.58117666423808,21.063466725188146,18.55268106953758,25.192215128624472,23.281288288470453,22.60630746583664,21.06304406559151,18.688622905432737,25.274960143265496,23.207656576673678,22.623382244876993,21.261596333967333,18.73899805836366,25.33021083533537,23.04405750605307,22.76007727038033,21.452362699898124,18.703235462185795,25.016557667246335,22.874246191887895,22.80403573294803,21.35509941171093,18.62061158702093,25.057543625130045,22.849271202226596,22.858260571950478,21.28216800846049,18.610988741387537,24.701037250608607,22.51785989920009,22.812966804094252,21.05624221645011,18.508621565319196,24.42745753536493,22.20089987948151,22.6975310872226,20.995915825673265,18.446375483798608
23.993840405726623,22.123157865665547,23.41548653096909,21.49349649903974,19.984556318549565,23.706218738152213,22.786720622085873,23.170562536909266,21.898283594937816,19.71628329781952,24.075203495547104,22.263011298807285,22.30533544002596,21.432637742355976,19.907049924265447,23.91546582098536,21.579826415540058,21.518570568248244,21.343316254134347,20.024399726243892,23.795720773866133,22.026820346569433,22.704794518510905,21.484346970362964,20.02999094386988,23.73654862876661,22.070421598345483,22.56270304228459,21.51296230643544,20.02894663238005,23.78837672044965,21.92419385562843,22.572046555146883,21.398885694060226,20.078779953831866,24.02114654355814,22.010463113359236,22.644984772062166,21.20561865769556,20.119072432862442,23.958985060043357,22.31134132249374,22.980332480284535,21.303930177246457,20.00457813511884,24.12955065885045,22.421879643987108,22.814845116406662,21.242448181322082,19.88123134452757,24.18182343746216,22.497045204016274,22.478234634560867,21.088720237047202,19.844150274707065,24.236030550909923,22.486253123756256,22.173500048237692,21.108644189266403,19.805500468360883,24.247112976528445,22.43015530582513,21.887254661687358,21.062985063393825,19.69551467942894,24.228891490216522,22.410499047011438,21.603686342634372,21.234642325470862,19.691789246080607,24.47371279390258,22.50702945147862,21.437626066954408,21.25746807763108,19.5677491184973,24.485108132554853,22.29415553614101,21.691573513388178,21.539950388820085,19.45605606463164,24.42435170845897,22.32547463854336,21.840298606478285,21.470635354219304,19.2516253468842,24.139238233822415,22.46624797306794,22.001996349512417,21.885953961415115,19.10099104456229,24.577166829252295,22.238906912323365,22.018525090353602,21.401122172216933,18.89286105106404,24.166623740878027,22.118304570186005,22.381548717174123,21.515586706698517,18.702361952171902,24.17966562912714,22.416913961928287,22.41339109299116,21.35359428478603,18.59500414722099,24.428786628138944,22.560665087081098,22.35827368958715,21.430779538911587,18.549684435679744,24.334878184874114,22.401302416814413,22.661271943787714,21.11783453810931,18.41322453286364,23.95206720107463,22.60511999146615,23.050204289660947,21.552177945501022,18.477194702197558,23.99779487094633,22.643436393409168,22.88210593677078,21.57565418049752,18.44539710360612,24.050610342553984,22.59271419815412,22.895561213065292,21.55322603768662,18.412368719771884,23.69600705230951,22.52726428892177,22.883826764262277,21.303980395827207,18.386227988055715,24.11544729658713,22.675316228145384,22.61030439775083,21.35579699324294,18.459448088305265,24.271989899543623,22.655637503676125,22.40218383987858,21.08161812878598,18.411034459708617,24.426299868137356,22.363977618703096,22.274353190375525,20.854929183926835,18.34043517749536,24.52716533814989,22.315164389540634,22.29301424125925,21.057878261301365,18.25434392825199,24.966374242138208,22.4885935123512,22.53086894077047,21.22787509101198,18.17899974537901,24.82390403959146,22.42337757206959,22.594098392932928,21.13685226357569,18.070149327978385,24.97682090699698,22.268243972458787,22.443251435615373,21.195134716228694,18.030488490929645,24.885606592237277,22.66917940742275,22.50836531110396,21.178256494956646,18.042699224431068,24.997296498129245,22.779098896026323,22.56203365511985,21.1162456253413,18.123042030297288,24.897933333281358,22.811750437274792,22.416569005297866,21.247944278624185,18.183295732620515,24.65297968187277,22.789471056975163,22.517762205006143,21.521737028383285,18.308786509723642,24.362665055083532,22.791258943239928,22.695199487231225,21.425617873462265,18.282001450120003,24.483699124293235,22.752238060489248,22.80074157596045,21.53828461824926,18.324803475840156,24.19737237698599,22.66597882905433,22.789263799392103,21.30513461423471,18.274467666513186,24.086367285417065,22.220576880632144,22.773609974269473,21.263847404458946,18.163584572164083
23.969976111351855,21.291046609474247,22.354770429601057,20.153561986200994,18.48860285916964,24.5337420511677,22.607781268825327,22.321738176448374,20.891206102974607,18.625636093704195,25.052821169513642,22.45816310393653,21.72341828228205,20.40303955661701,18.83219867871474,23.629454242344913,21.636236819008097,21.456824837480323,20.42494879877269,18.60411530474501,24.47740631935821,22.020182447039666,22.085928698240714,20.509569523860467,18.682848808765243,24.467834756701166,22.218381216026945,22.068761529232653,20.54143748612445,18.663455275519944,24.283931873856154,22.01209675566314,22.231419951483225,20.5212960320171,18.65961118609198,24.326711357641983,21.93080690645549,22.318286620102494,20.427784169833107,18.63998427347946,24.451816164676355,22.14974624813545,22.51123785197739,20.39512024488515,18.649396604466002,24.21092057371897,22.04927304815306,22.495570348681348,20.245415339755095,18.6345773936225,24.081187671154773,22.076659645266954,22.300954135875855,20.32747580259812,18.661163312641897,24.339431120598924,22.149826523371992,21.947732511451658,20.22037279758704,18.637215997979315,24.32819975207707,22.210317629825134,21.760755173794216,20.18897268421258,18.572676458144507,24.241753411603316,22.180095876896257,21.495964257121372,20.363369844351883,18.571041236045012,24.682237519292958,22.314454148236994,21.414405661338254,20.446962413315656,18.502232610328186,24.90662115824166,22.24792700487776,21.5657316608672,20.539612530422914,18.456539962320722,24.695488955005583,22.272988712501082,21.69243132553556,20.52798661386011,18.46425410994658,24.45243883389482,22.30813443330016,21.842021041403786,20.722219620186472,18.49239941725849,24.67171012417727,22.069616251849705,21.94770310738702,20.460118461364765,18.34946164332702,24.380424228376608,22.090023881324562,22.10313436697415,20.503880220503248,18.263290712398422,24.292635207663025,22.326471488880237,22.053653878085175,20.372268395703532,18.25845182058087,24.470925970956,22.463320095420805,22.12094168223287,20.532178415065363,18.174370186544003,24.27220367465717,22.46482552532434,22.332008096499674,20.461471634038766,18.035160751725407,24.103893259170672,22.7091878202074,22.63205829957904,20.71430599314589,18.106603959103996,23.830707629025394,22.62962607659549,22.406401205498874,20.778912037185663,18.124987441490084,23.8204359313984,22.501987930442972,22.38193057428165,20.785640372406675,18.079326516332298,23.879411455784624,22.55908571593094,22.254912161838188,20.656228605720862,18.08155484175912,24.091518594074024,22.739602580460286,22.014763904452153,20.657135293439143,18.182936374010687,24.240882318770517,22.7531484435411,21.885603131367482,20.5152861142192,18.150119255695827,24.51366739915635,22.616684763215744,21.896107936760394,20.363726684635083,18.012789151678852,24.66747569934241,22.63787872576039,21.891590206210665,20.45495465186424,18.072194129412402,24.64849802369175,22.755935394720417,22.12535982371034,20.387723655325157,18.077343990534693,24.74881129098759,22.60638415883814,22.1212945132365,20.356452158897238,18.007174430229377,24.821344215561435,22.58424064137058,21.980745836276288,20.38374119405237,18.016308662991555,24.617202220366643,22.851714230415304,22.09559931207196,20.42267464344682,18.177115337744603,24.745694067602788,22.929327041027655,22.230307401901037,20.341275580293726,18.159051641529107,24.87877082212659,22.84904817555533,22.082493742366417,20.516653139240933,18.209046720356834,24.73266557611022,22.751910220348964,22.29404174606819,20.65618363413605,18.270502837565864,24.55179769085869,22.705424882012647,22.400898744612356,20.6636540808031,18.22367871878173,24.768276363893158,22.846103096591424,22.226658093651672,20.72177341669468,18.185107119112665,24.40822023802835,22.677972240779898,22.145554939760952,20.675629503001723,18.188367801731435,24.203531938749087,22.579888202604838,22.118712470612834,20.56096055075248,18.11623706125428
23.240425593618564,21.279319526103492,22.471942258472517,19.83841125785223,17.9091493512521,23.04753157581042,22.091384996521917,22.147346825386666,20.86019149348895,18.13180489971265,24.13668180441023,22.540743799015257,21.84717103451781,19.9381451329676,18.304766445579887,23.293423007006563,22.023180952601127,21.48957420585081,20.235431785309082,18.09515166555775,23.471195556649548,22.090431001355547,22.03842261928034,20.28088283056731,18.04429746121913,23.56535944006813,22.354145717071095,22.136476028259583,20.431634986051503,17.93568254265828,23.736047250145422,22.24443795453825,22.256987561493126,20.327599880080818,17.880058470090614,23.737101472275143,22.136505479784397,22.429848587108662,20.317865919003488,17.783826338105122,23.983543833159636,22.326564496704826,22.427500536936805,20.307672705054266,17.74997480605186,23.97280226184028,22.057492228388593,22.229558008477362,20.14708932734837,17.77648908862798,23.994580672182988,21.9606448052036,21.867656592685996,20.057211852086333,17.94274238184658,23.91031748772479,21.99869695828851,21.43167575842255,19.871971596610603,17.95395325677255,24.131866197320836,21.975391815261393,21.03486451755222,19.833881814684634,17.93429691990237,24.06298088275728,22.017989925100267,21.078297536640942,19.833578384564667,17.96221050650557,24.3831080607089,22.290413491952407,21.16461241105616,19.900634208510542,17.99143025606545,24.45408411005835,22.305298715059827,21.26650745832911,19.921862026275953,17.914161131038504,24.466417119956237,22.41190652760675,21.42341435677039,19.958426709487547,17.933782614685125,24.088473531139655,22.439762725237046,21.622087192093097,20.098582123706887,17.988882549152354,24.20561861712246,22.112756130956246,21.560069825178545,19.948801597952272,17.86368543267971,24.133402009014386,22.033046013194006,21.747152679074667,20.089141661590173,17.812016351276654,24.154566383466083,22.14020360671429,21.626754393096085,20.127490931155904,17.84231537047758,24.325168124882154,22.071641899076848,21.79088835773592,20.36567071446381,17.787308276125035,24.304351033437854,22.115904890297926,22.06933134093436,20.29830450163896,17.69197883842017,24.082568390733485,22.350882518707156,22.366374737841088,20.584196531811717,17.796275762138386,23.799936109482974,22.472492859892206,22.318069162765937,20.598190097269608,17.859499689408533,23.81647750819959,22.366136470136098,22.553731689900115,20.606913171842525,17.813332732043982,23.66668271165943,22.632473005965288,22.36163930291852,20.48833574175284,17.818773646199798,23.8925077645436,22.817730233286067,22.138092662770838,20.531965678138874,17.89843603825345,24.132269106985508,22.883853290385975,21.921949839089145,20.46490815810951,17.820656062607576,24.252778892953632,22.587674706222586,21.808737458689368,20.26011599814282,17.662863512435273,24.160942552109496,22.691847260704844,21.763159015437754,20.316546081860004,17.741110129930554,24.33830107353007,22.688006173127825,21.955643563942225,20.18885261974444,17.718813572850323,24.294011522153944,22.53819558116688,21.802073435882978,20.1718876506831,17.721149778569888,24.204127629059524,22.366986277221947,21.772609922744046,20.17412352634083,17.74724128123082,24.086881419906753,22.653594399927442,21.86426301092349,20.222744057704546,17.784997536628957,24.296261360143596,22.691976072303238,21.826040150509478,20.134278029601763,17.7825678910428,24.349998210331712,22.555257082882058,21.76978747507136,20.267741157495625,17.848619208434183,24.24881531143462,22.500365204578976,21.99456671714134,20.45442210046551,17.87654652355186,24.09135149641308,22.508393135134696,22.012123475841907,20.416001934340436,17.872504078975037,24.20399302448458,22.498654509124787,22.05913949452684,20.462364464305175,17.90168520008226,23.844020905257786,22.488360531110366,22.019841233572834,20.433720342070522,17.818823114700738,23.704840991932944,22.455660826000397,22.095580671674025,20.22166312365992,17.75108422426242
23.933879670812935,21.908420368140273,22.87633514249671,20.73130010224094,19.4462237072767,24.67809566473375,22.274601919216703,22.380533504072197,21.344064457011594,19.30551691215035,24.256820377014964,23.54277784390743,22.85105771809559,20.621826889279333,19.611384667104105,22.529166957846527,22.209005037262525,22.3604849531373,20.66499374512952,19.21669536898292,23.98188445644788,22.462975320523586,22.584065396211933,20.905816614372654,19.352107159441587,24.031657205385137,22.643570995780667,22.65787546680995,20.9915932971943,19.28672735522549,23.933268456073442,22.665984384101357,22.726775474423995,20.847306752773022,19.218594279635486,23.85595051411544,22.592125973483945,22.719722592508322,20.85013230539034,19.18304573228346,24.25322838516279,22.770963556462423,22.403403433845533,20.885643432219346,19.195773135681957,24.312099375595796,22.560416163911594,22.260412747026947,20.71760348185787,19.23562480990173,24.482846497150987,22.431492749540006,22.039961097669863,20.578292975323457,19.285637033167045,24.5737715578794,22.37642055806696,21.71615128383529,20.396511483165835,19.31525836126354,24.80689644177744,22.298606478319922,21.48132953248761,20.408869586234367,19.20542083788944,24.81727444012775,22.260568181968537,21.66618380746646,20.431525928712624,19.209499695467173,24.995449831084372,22.627056218585775,21.668359245635287,20.501686100829655,19.14430952696332,24.87153450269854,22.718486739971752,21.592888137409055,20.518260811427314,19.067967897861926,24.88066530225308,22.871444898690477,21.68240431769837,20.54660648273056,19.054711101596585,24.7605913275146,22.740721592821394,21.747502699718616,20.54221239944367,19.08092612557372,24.87840051012481,22.6658191643028,21.72131112339038,20.371827433529205,18.93248234569624,24.606676388979857,22.52309505178132,22.02273017853681,20.396131786956047,18.922558762740504,24.49816247264342,22.568198618057856,21.8924695141995,20.348920898027202,18.9303389058433,24.482708169549216,22.379567597561156,22.00604183937642,20.540824328644533,18.952005094556498,24.30300678678424,22.372148958279304,22.161220591374725,20.543479467832388,18.97283208612754,24.146677214534783,22.36302429338317,22.3419666817784,20.79678554847417,19.08766907281858,24.125745031178987,22.634339912441156,22.209689575164923,20.88838807353202,19.145595218805607,24.277846591800195,22.651262275256375,22.514219950255004,20.99654699741358,19.1521873285207,24.312663836133886,22.90484293250046,22.422373953402165,20.865072600265012,19.056495876243872,24.661408747226638,23.033849723864044,22.33493629171399,20.829093209957993,19.054173024256777,24.842129043042384,23.042302474058925,22.317292962519854,20.73844266896151,19.057166219195267,24.781885193474523,22.680720912093275,22.143837985516956,20.621088766006444,19.03327135692818,24.734748519397733,22.601917025696018,22.12278086272737,20.59180000039485,19.07517457556039,24.727888865299715,22.56790732056629,22.12832686259255,20.633444096898437,19.161392618221623,24.657560801651147,22.518716212287462,21.904823668227657,20.67052876302688,19.21254608011094,24.54726848669995,22.687862447873165,21.665554751741535,20.684154237346036,19.200843789440164,24.657245844059794,22.625507881213018,21.79017377693627,20.666996140781396,19.157284273476858,24.63480602050483,22.760278599152347,21.661050669164304,20.717417328029327,19.105624829939398,24.626827703569568,22.833331823693786,21.779531042111998,20.73820216211119,19.09397024873266,24.60910460462707,22.83538663111967,21.903818477458532,20.854401302240987,18.97281527376377,24.436381702971364,22.674370733517588,22.117807314536275,20.719221506007454,18.918324999076226,24.245612004270274,22.66260540623416,22.19112029517154,20.6986242214666,18.90612525569755,24.114857567090997,22.494993129861932,22.08431999328598,20.589564584728468,18.95966359504709,24.069984401984435,22.321071840646027,21.913767828512345,20.45116113670068,18.898951470725777
24.078787733340143,22.152071596908808,22.802433596732346,21.177412811852367,20.33400520492015,24.454389850492394,23.663176781954892,23.203410564912,22.133097544299005,20.25197913054756,24.743602460279426,22.742040532803355,23.03406300964113,20.7945302527047,21.066318517601516,24.156898899520673,22.261277276648915,22.59733159274399,21.34299523740485,20.397424275001516,24.350130608130563,22.51504290412851,22.83261867829905,21.40947286749877,20.507254677248888,24.27580286797845,22.584053321554798,22.983008088975758,21.475209645342794,20.559976738049862,24.27041066517797,22.368670501141796,22.908315754390088,21.377150062794563,20.58093598638461,24.580060181652723,22.631594966484293,22.959940148058205,21.484838517243706,20.555920429678096,25.06761604708671,22.678940808661828,22.937657547146706,21.515603183947785,20.471261644408568,25.510521777536127,22.830405682055677,22.82204617345646,21.418592355528013,20.52460389758273,25.98883662230498,22.932184515769265,22.476316309636154,21.492407736829485,20.527460238201854,26.019141132368286,22.818485474906844,22.127394997400465,21.29234487241066,20.525987451618853,26.06855825078383,22.657841946393283,21.732355075155883,21.34052723769129,20.360163141828348,25.805892369031625,22.706107028763665,21.51469059260351,21.24425800174049,20.41470515198493,25.722913395754897,22.791395752942993,21.47994965267543,21.243889562422652,20.2497047347311,25.549422793659495,22.600974464567482,21.424860287691637,21.09406348319601,20.064442053463974,25.384056509181463,22.689846262466155,21.553252403786338,21.124658061799373,20.072040892430078,24.848265575810217,22.62259237668835,21.61300218872528,21.00714739779953,20.065883477197154,24.896636219079255,22.489287524040112,21.749712402898496,20.968424319266372,20.003967462059805,24.63802203105853,22.50332943447852,22.123681778773705,20.965887501317308,20.01160761644588,24.576786460862213,22.457111135094895,22.246806470675672,20.886724097106153,20.044430091253144,24.91466023014779,22.52381924605865,22.5293671701128,21.046896642718,20.009037134349914,25.28653131595584,22.675391053179368,22.840851989921227,21.05314214376284,20.093711923908007,25.182576633630127,22.86977605739788,23.173105035637125,21.274106890534085,20.100591384467908,25.27516116547961,22.844626426222938,23.04801362323028,21.38505138977394,20.175830134242844,25.02126063053621,22.9971811102747,23.096964381199506,21.420082431683966,20.13635175743527,24.817109712195265,22.95456843576527,22.808842216923473,21.316554982937376,20.017410259417225,24.784375351379424,22.929165665221092,22.750653926128425,21.304939877079203,20.027482165297812,24.92534635779952,22.893273354400044,22.588722738326005,21.165194549936878,20.075732112756235,24.958623472550727,22.548352830472872,22.439134710983648,21.056831680041643,20.007640173454778,25.235674890145695,22.736483828413178,22.631246277885158,21.202899390238557,20.125243690407927,25.370929030740903,22.92741399564523,22.823496295444638,21.14950763437658,20.234816252247704,25.280954224424764,22.859950585985324,22.561300548439363,21.225431997648656,20.16310637670636,25.149266707180306,22.947923914890836,22.3886135730367,21.21708699322711,20.158688804908202,24.892003726831916,23.209346468419778,22.407536669373638,21.247556377286884,20.21114406731821,24.846381052027613,23.16019627864022,22.23625377407195,21.045942719301586,20.2051279598328,24.98646643218206,22.995978155009105,22.185838688223523,21.140153858546732,20.24091468178455,24.940287994006667,22.8761895733451,22.413191412987082,21.183886337293124,20.200976178280392,25.046305618144515,22.91998370265827,22.589075147963182,21.115755188864817,20.09343836352242,25.10490356114899,22.951211610263833,22.796767025652144,21.038321419882074,20.065923936647785,25.025662108947284,22.747584230318793,22.633712922951165,21.220447467100403,20.05835636657626,24.90382707982977,22.838774004593763,22.702623411538745,21.0339142695332,20.021071132507316
24.754371505977662,22.530906737629362,23.084248269449613,22.027143835176346,21.647741786500863,23.267645656805616,23.391060879344106,23.21540742788757,22.313786023996393,21.62293745405358,24.368064866636693,23.13240251740724,23.071134445963303,21.680179781146535,22.07711103378601,24.833584654945234,22.59440979843407,22.96782617365153,22.140700444180773,21.83045208587283,24.576128547775667,22.91806060257496,23.021379523271758,22.147398261737074,21.817777511217525,24.467755080430695,22.893852590420614,23.104985363868646,22.169667976044337,21.853471964090723,24.703224787234113,22.758329409026203,23.107979443482463,22.08874722787083,21.851004739069047,25.07081469389915,22.860230571772668,23.123408748389483,22.23488667679738,21.81719857171153,25.330948913277695,22.809194190275857,23.119402614109696,22.201453797895248,21.72088837627041,25.324124325481343,22.64025972194227,22.961261544787988,21.98890030918937,21.666108965547004,25.557690222805327,22.820300455932657,22.74096850188102,22.04820616625504,21.683435463724116,25.53515301489489,22.741224968431375,22.37165889603481,21.95171609992927,21.6595443759314,25.477866397138822,22.676462040416222,22.0407262553492,21.920133370922127,21.59520288968227,25.198307417187465,22.702701883460417,21.66705859161376,21.909744697338187,21.60785428472301,25.241239211557403,22.929399299892026,21.638967535912872,22.005922623565645,21.543503817950317,25.201905246874336,22.7196049080642,21.476714786615155,21.94183908311884,21.278670298925313,25.119620155455287,22.727282400080586,21.548823222006952,22.010239243347158,21.255024209679828,24.811379991664463,22.580515517583226,21.67783179695965,21.84529902973889,21.21938323670602,24.944090593742327,22.493290255183616,21.90388091941427,21.691838495345493,21.164865748662617,24.628367653209388,22.477501607199944,22.302904055050064,21.601852840032514,21.235822094947586,24.65248840419232,22.35181917546779,22.350032010275736,21.47620010416436,21.419475978277212,24.832276018395262,22.276077712004057,22.61491980002654,21.517003503152416,21.416895255072394,24.951279561560394,22.338990561301166,22.753243781339883,21.586873322207516,21.472333702659025,24.849986851381534,22.51529714439706,22.99713651796881,21.833341311157035,21.54097441366492,24.988157058391902,22.433130170785287,22.858746562651785,21.9480996782916,21.50407568107159,24.684702722337352,22.657942199420376,23.000594422318628,21.942734004651314,21.432526467936462,24.612407976046153,22.723815758095043,22.796690651085832,21.895986971576107,21.36253682799056,24.61087405809618,22.779288339149282,22.824790754726827,21.846099853763242,21.44301330329451,24.599113799966126,22.817571758649553,22.7669941826557,21.680423583020627,21.437821905196966,24.549743096614403,22.531431063619277,22.66925072987862,21.66921103313288,21.43692164145752,24.866424004014238,22.644120621898203,22.830895433221563,21.82331460197657,21.47370337562552,24.95573364909319,22.832971807755513,22.96370878209205,21.778427030542012,21.584266937948094,24.9632922305595,22.723121072244275,22.842652124151723,21.796855673963996,21.406683935943278,24.974208411852608,22.74804309975295,22.553915285277718,21.80152235326967,21.46631960865725,24.887863984187675,22.93732978277186,22.45506448596272,21.785201731827854,21.502362490396656,24.7397539693603,22.94220841819502,22.26687351469274,21.65695386730726,21.53147858089225,24.866691675096725,22.825337962876493,22.23426816412164,21.689761571821855,21.586593715534953,24.863177219772567,22.936199017842156,22.326216385656316,21.814055881784192,21.52723970378029,24.891491275033296,22.90317421171271,22.628946614564022,21.741289177973293,21.41855576971772,24.81019291374888,23.005846255837362,22.893485223249886,21.678368284254553,21.400020525774522,24.680773975949524,22.846115502971436,22.70415316676418,21.77113258762846,21.433176935563157,24.523229275531556,22.952469337210097,22.79278304067769,21.667761972608464,21.304201391363836
24.11124380310628,22.15525745551845,22.81115152872278,21.148783268771705,20.304969266170787,24.455690382333422,23.69010360016651,23.199494837825732,22.114083768863438,20.23657655039438,24.7485092938068,22.77196562711785,23.022986875653878,20.78441540948596,21.01914490288517,24.148142662457865,22.276775330171713,22.58650765286572,21.330042270892545,20.354264717499195,24.357394855373457,22.526191148188957,22.825863043358687,21.38972822494351,20.47152595850788,24.27672910783084,22.6047793365642,22.976074576959483,21.460676904199993,20.519803067952907,24.273839841146795,22.382872360637734,22.900920718151486,21.357913374522262,20.538591152492312,24.58936701219243,22.63764368118361,22.951021735643813,21.46812082244585,20.510543793866503,25.081720581627618,22.68313696801041,22.935082465809852,21.496744024659066,20.435039857818296,25.52434862155638,22.84198034344697,22.82866007096065,21.405860105458633,20.49550286966714,26.006474350640183,22.932098012665477,22.48523560856739,21.48013059898931,20.508304616599975,26.039279011304195,22.823232333477296,22.142872789377027,21.27749915772996,20.521421958609743,26.083354628335748,22.66894329123403,21.74975722661555,21.324678787348212,20.364870385391306,25.814479276102002,22.706155508407033,21.52957288672719,21.229021664279273,20.413846599127915,25.727989333400625,22.780775471550328,21.48435153009517,21.224852087626807,20.250040968606896,25.559068341387267,22.58058067428279,21.42898631824619,21.064163310032637,20.070511096737953,25.38574841885562,22.671431262747404,21.546192534532928,21.104107566853582,20.064850146815,24.841178120023226,22.596345556897198,21.610123246178517,20.984190260298583,20.05888140952594,24.89790676587868,22.4603098656064,21.738959721330012,20.942803427776216,20.00359531314158,24.641111549326155,22.477503638861315,22.115029567094577,20.93354107668166,20.010803773925286,24.572521845812982,22.43908169137137,22.226195642434654,20.86461433851497,20.045758392345654,24.91271276889575,22.497449353831563,22.518034368072897,21.029414958268156,19.999273231695835,25.29181102667112,22.650117534392233,22.820885391549947,21.03922126452659,20.088542074218726,25.18578824439183,22.848292022661553,23.164850094897904,21.26437791286434,20.09526422090687,25.28362185468427,22.821857237052473,23.041192914094236,21.383089416062244,20.16565984104719,25.025476444901336,22.984562179033517,23.100495085826076,21.417070191923287,20.123938079003512,24.811609797512997,22.94340993523557,22.80696390683294,21.310723260024922,20.003240909881704,24.772913295644255,22.929407393502444,22.75689771967417,21.296630065367104,20.014237078762747,24.91382542667335,22.900918340457956,22.58636752834544,21.153695989344644,20.053827144674546,24.95228846565525,22.562233436113935,22.43003936536727,21.05639719878379,19.997723322175087,25.239416228400152,22.75157303128253,22.618312094935735,21.20447831031327,20.106294316854623,25.382320672892853,22.941367754768162,22.81407446647387,21.14404684112652,20.231098553338285,25.299697414662017,22.865588650239562,22.55706108186135,21.223090493128584,20.15834822564786,25.167103415252207,22.956648806732773,22.376456874482322,21.224991075388424,20.1528645183141,24.89301580626996,23.21916013026226,22.397931162156265,21.2444178535282,20.202146569502766,24.838488074772677,23.164426327024668,22.2278697520696,21.045209404056116,20.206423874186953,24.986498950281206,22.981596631185873,22.177883341381225,21.150272280852597,20.2419526137943,24.944796043371703,22.86314997381527,22.39439945480644,21.187316543280883,20.193006995811565,25.054158856017484,22.901990146684184,22.578150335990966,21.118433586350527,20.086376853423147,25.12257602672359,22.932321440217265,22.7877935810947,21.03856189620497,20.05207256524879,25.050770093180656,22.72672071673811,22.62547461641623,21.223059708644428,20.03043836752896,24.920697456538946,22.833095717787508,22.68235855404594,21.043500157860144,19.989885098647154
24.467358523483448,21.06816408226423,23.196342683971054,21.725861983136557,20.64208996362676,25.737758832337757,23.90712151858563,23.11563192064774,21.64264307892889,20.697506075456747,24.582557558220124,22.864331844525722,22.460259632347075,21.529312224941123,21.184657817126702,25.029216140070055,23.21630804906543,22.30023005752007,21.42867956955164,20.85814410753006,24.733721152869144,22.518356897616368,22.70230369257625,21.564341139592177,20.858130788685433,24.566180444512543,22.97719848095004,22.569053263563948,21.561154082043835,20.911623646837946,24.311696315335087,22.659802688063145,22.551634584988733,21.577468749621126,20.924223382216418,24.784937030701776,22.657814839072234,22.614638070219343,21.538598979953242,20.88859795760798,24.635273777968084,22.60105296387149,22.810185468206207,21.613771484172315,20.837307751108533,24.53295073469087,22.761130713209518,22.66214126643947,21.601773787005694,20.874863992272907,24.810488745099647,22.836866226905855,22.547434206282624,21.568836281390123,20.88619267060111,24.811250204799467,22.792411311586264,22.29348531986748,21.584779942281635,20.7985409913731,24.381634476458277,22.880104030825997,22.126643152953392,21.616050332782073,20.62042828495776,24.361131213970584,22.801385395482917,21.84500573512558,21.586435972565006,20.507480882014697,24.541043551619758,22.884844023043506,21.959053508922842,21.599629940351143,20.24243632800519,24.4314010635453,22.71344021101704,21.99610135014138,21.53225556338301,20.025229575036768,24.207841949936096,22.964655129946788,22.100290669657173,21.324178663225485,19.955859604471193,24.123532593313648,22.90992138563353,22.130481001352628,21.507962549893506,19.78895539390121,24.48749743763459,23.113879219546575,22.18736110585555,21.402114289724757,19.766387261594478,24.081627269839924,23.165096908121008,22.40019107578615,21.461255789832798,19.798366089527168,24.306113399645408,23.24253840411392,22.373117487043395,21.457353171931388,19.843197881898124,24.67672243328989,23.308938479410642,22.423164909960594,21.491276714686872,19.824245187099283,24.64988706271381,23.343008473605273,22.689254337094365,21.382792424151017,19.90783995751722,24.412136316216884,23.2155902558083,23.19161625585152,21.6584613255657,19.87272986052707,24.964938922868424,23.11815002614648,23.08628744097211,21.56346518690344,19.837976183161178,24.91005841046167,22.991347777730176,23.124959209767006,21.65774432802676,19.804900834822693,24.610122701226643,22.736863017781708,22.965185740911892,21.69430171299873,19.74673337005999,24.816625099063266,22.781791182106023,22.79403506128319,21.67281464771569,19.762363782776497,24.81527004894834,22.70000409820211,22.464509558056275,21.489962199091803,19.79306048687773,24.909588865622982,22.660472642729342,22.311915891525434,21.443765248551244,19.74094398848336,24.98170248913591,22.822900202361087,22.476179266336523,21.566602482944983,19.72881259885493,25.269682535200367,23.150530916340152,22.686638506967565,21.583667496131152,19.760128540559606,25.16528199518406,23.184378378363142,22.692523995426303,21.53999796033538,19.80832137218181,25.255249593527072,23.317377870618508,22.540747573969078,21.480430337118953,19.77709615024271,25.41951901566955,23.40588485318824,22.68154613804513,21.62383893616164,19.940253569746396,25.430922119968674,23.543141205032917,22.682315638760514,21.563905622199098,20.01512580682444,25.426439017566263,23.435644730892825,22.759166679244906,21.725844266062374,20.041811754177065,25.531743462311272,23.25687942821247,22.933870490627832,21.761355362557204,20.036325781553863,25.346032528607715,22.954214458653276,22.965368947321878,21.739085581750025,20.086904064371222,25.19128352279599,22.928651907022548,22.894360826364714,21.54875952503199,19.966684089576308,24.983179505195597,22.606729833558962,22.80347004921363,21.46320801480915,19.9066083928167,24.761474365725622,22.328662316548613,22.6821643646108,21.34535030261106,19.862082566171335
23.687451600010967,21.53859455555725,23.687256050513568,21.61540194108644,19.40190413174163,24.853619492943537,23.30200098239565,23.398282708190465,21.50723208963458,19.83130343513076,24.174914046922634,22.072051736163516,22.240395162837434,21.52214032380401,19.58765165034044,24.0463301077273,22.68453511633525,22.261073550817002,21.537273967024454,19.616990787927634,24.063614700866445,22.218247719524985,22.89430397743774,21.48979701347282,19.653374942749934,23.995209143027424,22.435859222728777,22.706538904289985,21.479446440640253,19.75010960521401,23.887041746313734,22.178079745002048,22.585745634628452,21.291573841740725,19.74060477778462,24.20011316570642,22.40015641689761,22.66109901769638,21.197095795492572,19.79530832953815,24.180765712689954,22.364478932643145,22.877117507211572,21.30454233296411,19.85389404204633,24.059669951582457,22.490103985993553,22.781508167531836,21.25956687065471,19.780736115818435,24.292513035916443,22.590365333708245,22.507794289441062,21.096949569432503,19.76302239939087,24.296633209966007,22.480337984332316,22.22517984667703,21.207301128498216,19.612620939691517,24.130174457533162,22.426620590456718,21.90317604612788,21.22786316867634,19.462942179556283,24.280436174094017,22.35022731193198,21.513520727248068,21.226458350045355,19.275191917608986,24.51601397885428,22.26912145305856,21.451024835416717,21.21648393223368,19.205664655305156,24.438430853031118,22.1014600438425,21.643801157776664,21.40561074122824,18.936723478283493,24.354650994682277,22.471033348214767,21.864157835053028,21.416291204169035,18.81341635207678,24.218965100140295,22.44840144436745,22.167916246037663,21.714204708065516,18.797018176819893,24.473473044946864,22.59711629894311,22.265120558734033,21.3621163165739,18.713208749379476,24.265190273285974,22.65803317763615,22.50182745466402,21.622540145143965,18.652601031924213,24.346663771460207,22.804469490089197,22.441542730725395,21.48748102019073,18.700995713214645,24.5643927881163,22.800401506907782,22.371596768428233,21.42518504768057,18.706301635764657,24.508922218724546,22.756975583594567,22.52368351662464,21.099098078509193,18.550657744899432,24.06988760056297,22.647021456608677,23.03153593963766,21.573190946374858,18.613540510000806,24.326320846215307,22.593163863179637,22.978837540135423,21.498895556037255,18.465517514197007,24.339223458614555,22.41507254666839,23.103727766776654,21.565783183810314,18.487742790591863,23.818694881140893,22.186547830290454,23.00288502174361,21.390268230564516,18.52498185716484,23.854071224319338,22.26364637766183,22.859320381741846,21.357139852134964,18.61003149005249,24.01585432042013,22.265069056594168,22.604735974378894,21.059217277176273,18.63176399684111,24.12980757936848,22.2606730054144,22.372264717570104,20.793554760173983,18.715172624044563,24.21757283400121,22.356278710228185,22.42683250846738,21.01724511950801,18.657218279857524,24.68907888239837,22.61557408173518,22.688281261565464,21.200061333379892,18.608237455054198,24.67760698042919,22.630810047787012,22.735585588990457,21.207688565405636,18.599107382064126,24.724067012189842,22.676116394283177,22.579379701232362,21.175719900412837,18.559810505101918,24.802443197833675,22.838938004885808,22.62528564881891,21.288907412501686,18.568964892306006,24.875957838358293,23.072095998396357,22.629543906026715,21.276090435200036,18.642011803903287,24.868239642765012,22.99322138791315,22.599075637275853,21.422775166055448,18.67627524970634,25.081243478876136,22.844568601464594,22.639562135414717,21.621917313481923,18.694827249196823,24.79275963484245,22.6448723150315,22.705208607756113,21.49408720000247,18.64857213688621,24.89706438579463,22.651280355262752,22.844483413503696,21.44784965712322,18.692095776362123,24.55902861216443,22.396177429097225,22.826238329954794,21.182975685041537,18.60168621972836,24.3908156364103,22.10338609081047,22.716138195129307,21.134544588780894,18.628171158374503
23.73270078659794,22.199320587674045,24.478686657456194,22.2379803666632,20.139363995915275,24.264346001875467,23.624772153220224,23.8130887945541,22.188748430708692,20.217095340696414,23.847282276237507,21.64288060044726,22.509827787962134,21.912139682527496,20.49419823713967,23.416304804723563,22.30641488011144,22.821014142350133,22.05091905110973,19.929044262578564,23.889692866879717,22.297626391381225,23.498857398390847,22.016365918848248,20.197863266398752,23.901711550743745,22.246699233618102,23.261682876753362,21.987372142295946,20.177180680480856,23.937162687258486,21.776188385737857,22.937995943741065,21.782454363977692,20.164552488755866,24.111837316392087,21.90837879128718,23.08347762132636,21.578180503901923,20.067079027048635,24.197034287946916,21.854271476921838,23.122659921871026,21.624179697180647,20.064347454844658,24.077116931348254,21.78387921850199,22.905061778140997,21.521671540164476,20.066054593104337,24.061370103501474,21.98753757793011,22.433986479874832,21.260695374213775,20.0425249281491,23.962550105471994,22.014975086343178,22.351297432439225,21.317074944178376,19.989866121446628,23.98120546489435,21.908648664869112,21.936757594604558,21.284770625907008,19.873266502359336,23.970628149585956,21.867662311197893,21.58047999130104,21.377714121291127,19.59061621543224,24.038625892064054,21.910133625695202,21.454327566638902,21.34813394560385,19.263555436913236,24.03694417560887,21.655302916902674,21.77589930273545,21.651770990127734,18.93998848124499,23.954051402506373,21.83603255631171,21.962755039070426,21.63412404490659,18.532854492063944,23.691391310691355,21.98992679765974,22.321059108670443,22.1179844951018,18.336578782392998,23.76851271459074,21.988584310018318,22.50306781037841,21.721974072249306,18.222536730375317,23.93927745541499,22.130191356450023,22.82461503457291,22.0356283301008,18.21852359164652,23.913363264877752,22.373526639690375,22.837441015873978,21.95897853930708,18.210948716062667,24.077703070930948,22.48117076489093,22.760409324587208,21.970988433457897,18.251697050124488,24.13009049377117,22.268322912577354,22.855467459300083,21.474765690551585,18.1634258982996,23.884865017247932,22.4161078530999,23.21211840469008,21.95437873589025,18.274288535241247,23.65823994240249,22.416132670434113,23.10601912762279,21.885193773328016,18.205731235299265,23.75100715674996,22.178898554624624,23.266160059004548,21.853941916383736,18.210622706758134,23.673105976686763,22.065459568831223,23.115511470397006,21.565491317920316,18.21354110352586,23.70263295179985,22.193808911431955,23.006847343102613,21.61168218484957,18.292638234462153,23.828399555119525,22.164357188783818,22.887085912727564,21.290586972853582,18.27914931696706,24.00934131383847,21.960627511972465,22.60159039441981,21.0625315065907,18.16278675833083,24.02901047306333,22.100940634959954,22.601972268833112,21.326502278135983,18.13876870381677,24.259497303083563,22.306610090954184,22.972894949913865,21.678310943632095,18.07610842093781,24.303023883778344,22.302130258672815,23.009389269536108,21.57215857701695,18.00126411001157,24.519860376504006,22.177410462236743,22.759492923437513,21.657077806769234,17.967620723174548,24.47914931403729,22.38220223966477,22.882799439389046,21.560356158199234,18.07403991983959,24.440897253790226,22.459549980052923,22.79538343013161,21.523509078894243,18.14157513205712,24.35767579980902,22.358468881848783,22.62601835729955,21.586930405978336,18.24487765423567,24.192258229673165,22.39897161618068,22.5633523469218,21.93580826733346,18.325523061728525,23.87257425156418,22.41466334665682,22.76403996795425,21.686975213748166,18.267475380778613,23.890411286003307,22.559977653967067,23.023673795485593,21.856524251625768,18.221347092493158,23.72536475805324,22.502235875538197,23.11879600790769,21.512126150678142,18.130971543536614,23.699435343900504,22.178650140707045,22.998922906075773,21.416784393550138,18.014483611622772
23.16009675528293,22.43119853158547,23.592642816039643,20.88409510670949,18.568290494310858,23.175597230120346,21.87034340253867,22.595219069629547,21.121419005523986,19.02210575894745,23.539499751419957,22.13751984915937,21.784334393969353,20.730008732250138,18.876855385139333,23.321372637003766,22.637117381302616,21.81149516832093,20.648466685732217,18.408652144320364,23.514738993945617,21.969346077967934,22.472270981064128,20.74218867657284,18.73430628731238,23.324010043327707,22.04561324556702,22.250391898372136,20.749598793145363,18.68659856441194,23.42405626986725,22.150032962644353,22.074921703822138,20.619169696513577,18.609182008832263,23.45272495915668,22.251268173576403,22.101643598147454,20.477619975144442,18.545670256721262,23.596871868009668,22.074923117730613,22.242998724000604,20.568852595701507,18.598957072985996,23.48453215448868,22.220215615209703,22.083564935564592,20.54853842589673,18.566556647463255,23.82673913065617,22.09689955890631,21.840575347378632,20.438265701832165,18.66747804517974,23.772968034716445,22.224597466918404,21.797506816666285,20.416362422888035,18.68429268588281,23.90186316771939,22.083147427263103,21.66546562284147,20.486062274203285,18.651664313019293,23.91818647195411,22.141042977109702,21.29743108989981,20.524194210523376,18.595126693181424,23.864309894180565,22.301901664814316,21.292552549962164,20.53980100407731,18.52396329718724,23.78779571780139,22.089584294511035,21.336567387373965,20.678390510724462,18.42897625209665,23.856140215157602,21.925798116615773,21.422854960730124,20.763323953338563,18.34514459524636,23.665717638500077,22.136424550742063,21.650433132309296,21.024611304924356,18.36289207756939,23.833920997245386,22.1010434828896,21.8019352007256,20.815606806266384,18.22913944526408,23.879812414989097,22.185093754674163,22.03111908411038,21.00558436290384,18.29730885742316,24.00178652446009,22.39837830747621,22.123705957120627,20.91923103919607,18.306095270572996,24.014458929216847,22.360070311012457,22.143135742653346,20.917722453603254,18.26869596754157,24.10236133510611,22.143424279412955,22.173257794261577,20.593524848325433,18.17054259343744,23.987335860540146,22.21670103774114,22.444142996136232,20.93229459103573,18.228581744976438,23.85963880261979,21.91546174824658,22.310841923222544,20.837575386687256,18.07074635982118,23.83799928507088,22.017629067318982,22.291388516961643,20.793005334976456,18.01600079633805,23.735456438669694,22.071848836722143,22.16855702632309,20.713503712729455,17.983388669294115,23.909175821912434,22.19908803765727,21.940155053052585,20.73671004898475,17.99852589900734,23.854333175364722,22.367872081252735,21.82560806544003,20.5198411802403,18.10415001114964,24.286257140520984,22.53900379129728,21.684206711778188,20.470564933064722,18.083375117660268,24.321582932187418,22.41645817020774,21.81215085068232,20.68326939555382,18.160928250147904,24.3412912682359,22.54207996316263,22.088406704162324,20.81492016616637,18.17807947537327,24.27739706167786,22.477078515499954,22.335536664562408,20.73454969854685,18.163556663350516,24.426642910493698,22.295348405482343,22.09946632252528,20.73913273402528,18.12570753046192,24.12285451232902,22.35293798151241,22.273826566706823,20.681051643966327,18.193239350145866,24.181213660929057,22.33748692624021,22.15244793092834,20.702276710737813,18.138714165748702,24.312054266561947,22.227994026549894,21.978247116110374,20.71310747861779,18.18615752052209,24.291415422917318,22.341347613329553,21.83933324884283,20.88173685797576,18.151257206232298,23.89498304353362,22.311061143809376,22.107442481226887,20.804425519959885,18.138343416364332,23.836658761805797,22.496268611427205,22.070010904540514,20.89942530343277,18.163497109622377,23.694120163222312,22.49260304258702,22.15298124757171,20.72257219240472,18.110863602829404,23.41969546012692,22.425847524595323,22.143014046430398,20.547366690296226,18.15137859529442
16.519193495722494,13.737647562739712,14.247894918795442,13.70363552378855,13.154935487565455,15.7688027568418,14.247050375391755,13.14954027378536,13.598611226039667,12.774642933417539,16.11986101681442,13.777966138136497,13.749970517398896,13.380977037178248,12.84148203565728,15.856086930526596,14.26256999172684,14.06197118791784,13.519459865686008,12.873849745203376,16.00576857821691,14.088449598282967,13.74529393376039,13.584223201345557,12.865325952538566,15.813946683317491,14.329321887531814,13.786233374193092,13.512211664810206,12.788858223844427,15.542988987232263,14.287022960924904,13.719314599468799,13.536065472824628,12.795867292598052,15.597881252622674,14.42843980163138,13.72702263204726,13.467677989843867,12.735124850701942,15.719420142696768,14.395198550025942,13.623870635584861,13.42440358346228,12.727065607573774,15.572510855560148,14.445751355807095,13.635915598851952,13.279748841576435,12.739851351719746,15.432070606169464,14.41242821660686,13.479334257364709,13.160612572998517,12.744595874291997,15.70415779878752,14.209265532655502,13.755358481398039,13.063770334180305,12.689248590687237,15.29146600262618,14.240957026591559,13.861399191705681,13.033299172173491,12.772017659851086,15.20194343919069,14.270902168748032,14.061829204625615,13.030133750917173,12.757721349019016,15.392324709000974,14.188386599863938,14.01175631845911,13.063051688502913,12.789066069711982,15.508130387585002,14.093710673928456,14.035077683412254,13.184916870856696,12.840205357533966,15.423622545837404,14.380511376321085,13.976678554908272,13.254430519551878,12.848831841567208,15.863303590841872,14.29769394629946,13.90666301070522,13.380005663195258,12.920087018794437,15.832095601532862,14.475415019507953,13.786581000615048,13.423497906489356,12.946614898506505,15.714703647171097,14.45142279033314,13.947211036731,13.472071698026287,12.988899617635218,15.542273865657629,14.73607095636822,13.573777090112717,13.408671306315536,12.941547379568755,15.609723948109458,14.777518304180324,13.607182030228902,13.315262206109693,13.074501977036267,15.48180958904793,14.913503060828802,13.551704992993248,13.2194132157918,12.956421856572948,15.508490800668065,14.678818355550394,13.458316566676586,13.152356913251817,12.912404387240787,15.507664557948194,14.680557532540565,13.338565948896028,13.157091858203165,12.824799525248,15.432446435493976,14.539226886708656,13.6306446575059,13.204841625163553,12.84811735110332,15.378510651427058,14.592342583181482,13.419908315851908,13.254866262356746,12.740350376181363,15.128457849999041,14.467071657675348,13.412744362878934,13.31780139558496,12.784915168100806,15.197710372615623,14.682766199448514,13.460443394282743,13.287721921366849,12.881838120154177,15.198684981997264,14.78349170264857,13.553871484364375,13.265028312588223,12.921552487200739,15.640143607572004,14.764215671770653,13.524450375536214,13.294582201276569,12.860781384856349,15.758274067770447,14.636565962702358,13.738997768541916,13.253684820918798,12.806856377085193,15.969307016907631,14.658070380101748,13.755049331811986,13.188533069939954,12.785729908133842,15.918541904052494,14.559491864878556,13.758123080443912,13.268232183461546,12.747467140828885,15.93779010155328,14.686707477566966,13.727723220657486,13.303494237347527,12.805594291780844,15.908291899554012,14.617665642131442,13.750217836124847,13.265521699260228,12.813755722044268,15.901129223036497,14.58862792998508,13.697347808608143,13.320719951648405,12.907812298298941,15.795410764272464,14.585635268162104,13.56192636739743,13.360048687450629,12.912517191859596,15.714684159081733,14.550324670301555,13.640493329387294,13.330215777644431,12.914039395606943,15.743129394994572,14.39616811670038,13.625880481155653,13.311925705184848,12.806650640459889,15.549295905114239,14.411301136952378,13.651645379284554,13.305677037484909,12.824964753693418,15.379669790726023,14.503216326494842,13.498942759967955,13.285631222995042,12.725142332073796
23.188446003068545,22.408039216077253,22.682932466968616,19.6482038595933,18.822162887587353,24.264669819513596,19.915014509472858,21.986791018151262,21.4724004394497,18.728620198194307,23.340182161131686,21.750290403556374,21.783714806252487,20.558844247188908,18.638719715319077,24.116897927581157,22.073923012558144,22.49555915059125,20.425662497282257,19.163823666441694,23.78465805702911,21.537624423950792,22.053187462799183,20.503642128293134,18.8289798386081,23.827621746637945,21.43888116720858,21.936566277177405,20.77749465506372,18.831884480753455,24.008274102200055,21.91229514123033,21.897509747291323,20.550522204149853,18.86565821492752,24.0461229015218,21.926582845179013,21.942756669229937,20.521152363145656,18.910949515852185,23.844508133287423,21.830010207675272,21.7976061565815,20.672528539093598,18.803565944733045,23.704470916305887,21.683238857872325,21.75878818565716,20.59029963165985,18.823276318949976,23.718254001629013,21.60388340931092,21.579944280849634,20.467339368893967,18.809454247336525,23.1911170768958,21.464516450201394,21.395211378218157,20.383117241223072,18.81887585913162,23.411587017091804,21.53841911166004,21.154805540970433,20.436346678562558,18.79711687440171,23.53859825034619,21.818820659208537,21.048797334249574,20.181296496573818,18.810990940315673,23.772508522786968,22.138306948100606,21.057092489699038,20.24711618788971,18.756630154970573,23.769868236044736,22.30906476119955,21.09164403132896,20.178853083781082,18.746359519981485,24.112941107618422,22.380822279939576,21.031747841123767,20.142612435023572,18.6475378968264,23.881015992781293,22.377787807999674,21.183508784580653,20.140222670429374,18.69701363930692,24.058607335733896,22.023278824186526,21.27244429463061,20.20885681461979,18.638482653173643,23.91503244770282,21.939415352101665,21.672705893468745,20.247858201653685,18.679746401332174,23.90659418317168,21.746164300401297,21.70195822385013,20.113205732074924,18.637478696289953,23.610030085729626,21.677179912001627,21.911250653190827,20.173436065297558,18.728846813021697,23.65667847093546,21.56905938577421,21.965519431925895,20.049359834640136,18.661816640025894,23.376979772062175,21.755372432243426,22.05704796583381,20.18947325063676,18.76452149933413,23.487520786261065,22.077761382119142,21.887255261659043,20.263422421060273,18.733149534561477,23.439872773380053,22.1441383511,21.96247105858627,20.384280442375434,18.78747305882537,23.55415547469366,22.189981867482587,21.731550236244672,20.323399287257654,18.764155672051345,23.507419766944956,22.276876346767274,21.904174991686762,20.347730596208937,18.839256733723097,23.699569013561156,22.239974275934284,21.897703571850986,20.170433956010022,18.831235358923838,23.55451432799349,21.786319222071523,21.7649877452445,20.06520160800205,18.90510846002571,23.726588334031028,21.950341094595267,21.79975296104212,20.312239228301653,18.88355151870312,23.85133088249087,21.995939656697125,22.115758267880558,20.362445089506696,18.92839867008995,23.794115138328586,21.92958687287942,21.847669581627574,20.384992213226955,18.795834574597187,23.737610214293888,22.05578004231291,21.63253895224181,20.385199479580745,18.813964340936273,23.797191337936475,22.138982822282202,21.701112692541795,20.349028892904364,18.693913216568,23.796854329373822,22.06395812319947,21.69223738406787,20.308680288769274,18.703359625954477,23.830255888433996,21.943401435639622,21.617460421482843,20.443032982945414,18.55496866443682,24.036129915224898,21.91266586078088,21.65550232323243,20.58859393999507,18.620406488260016,23.910454211134237,21.86371802504566,21.903795950415496,20.572584319540375,18.499727650411536,23.753925256620427,21.90332272396416,21.96547885505487,20.640310406940436,18.527910345381947,23.731270695717356,21.784258015534977,21.89417704908042,20.460751098852672,18.529518383588794,23.551798222802432,22.094874011698618,21.837085176825518,20.1776763822053,18.640017222113347
22.645044511800435,22.079268519030432,22.155751653653045,20.33027946971189,20.00370521502284,23.823455864119605,21.62668142794104,22.515744089882475,21.490122329939286,20.537053808099976,22.94157312846975,22.389299827363086,22.221650081115065,20.2752440103215,20.071474168749806,23.56785706329078,21.971764688343903,22.562750876741113,20.93085267882311,20.260176102405243,23.377933586137168,21.72528564578223,22.286271885771768,20.890814164716364,20.200233063513487,23.57178211322674,21.707646312521927,22.41767251274762,21.057874472330052,20.29163354075221,23.470576980020343,21.85745313598783,22.516518787138075,20.90727043461754,20.19975143523306,23.721488070014694,21.866431137611507,22.58554908421827,21.030640342069624,20.232708226209148,23.76159912813325,21.715394038744794,22.53406690679567,21.121171987463057,20.146558082473298,23.887543036924292,21.86790011699703,22.422320006893987,20.95009870370189,20.23172020295284,23.971825921172847,21.915074449558016,22.137580109534916,20.914567112617142,20.129862480035726,24.14376525439397,21.822783650132173,21.83749119039475,20.95122972917401,20.13443919441415,24.34829848241228,21.687123088292648,21.44029088258293,21.026534327122306,20.112681413459224,24.6834718259068,21.88832540859331,21.385706935755945,20.95730762718559,20.184526454460702,24.578953671147076,22.173163574896172,21.248802657480088,21.019239415812244,20.10144249631842,24.559781616844973,21.989520152045245,21.20652376014476,20.92834945440991,20.137015725156076,24.48412319361468,21.99736083263447,21.06984705516411,20.90787050698447,20.17244742229255,24.222831985387028,22.0453461606076,21.361970612176798,20.93762922632737,20.192695424835048,24.03851039248677,21.93550601012583,21.306886143232436,20.857689929300566,20.16689504396287,24.017395670446376,21.792727007541032,21.811463251742097,20.854194389200224,20.200076687304552,23.891551756946633,21.80148142620329,21.896591738114317,20.779219536125876,20.129215002353014,23.74912462401786,21.7919822282531,22.245084680585684,20.811571215961454,20.077650962319815,23.79801400398726,21.932043166821735,22.267169864818477,20.63848620906024,20.0848980941252,23.701593602687645,21.96720758118926,22.342368181936543,20.736003281074176,20.142862125432266,23.66520597397829,22.040170419779276,22.150351351863012,20.869219683031673,20.081573015165834,23.427288032055326,22.249653139063486,22.167236063925316,21.014620391994857,20.131541912475104,23.45141630859224,22.155854398249062,21.835852615876345,20.97659544492987,20.184704009648847,23.45164411797094,21.991207558501976,22.025015806263436,21.045369416702545,20.190585976814674,23.41107515305871,22.065894671351565,22.089566903418632,20.93870390920355,20.137022485118713,23.34388221351677,21.917917129036542,22.13058183667227,20.77699740829192,20.198439159982236,23.695749948742737,21.927652998419966,22.346784508015222,20.893943151724855,20.22566889269024,23.925585893511887,21.994624589920242,22.696453692856103,20.83406150075512,20.263375376555466,23.978633194738872,21.957376372120812,22.404843521705942,20.69923053437379,20.15009094081328,23.780304123185747,21.939488048395837,22.170554724609907,20.725173682567195,20.23091336857318,23.82444965149899,22.004227040076774,22.064393986920752,20.796013791696854,20.174670677890806,23.820000134270984,21.882940747520443,21.89310123366746,20.741379490821384,20.134505864814038,23.7234323364681,21.89664835773134,21.783297291975025,20.834943449165227,19.916368551802968,23.50782647970019,21.905223496646407,21.826899573194307,21.14150712429152,20.047907794439325,23.70544667359797,21.995411788979446,22.14241934027197,21.091495525837455,19.930216506934656,23.79892376914011,22.065785923438824,22.208688119493193,21.039951932860937,19.960182892052075,23.696900760436627,21.980389043860722,22.06241443146191,20.951521167103486,20.037358426325735,23.560177332007708,22.067179698763667,22.11681563821413,20.855882397495634,20.187429220401803
23.31515114859446,22.280861820494863,22.462870085997242,20.249028584382298,19.143510195915272,24.03508440609099,22.96612377634586,23.04023829646526,21.561493812832868,19.982174562265556,24.22775262764428,22.434386766892413,22.93711414740067,20.471383600428954,19.761491280632125,24.193970917682794,23.058759147156298,22.599170963799786,21.014006296772322,19.4610716382002,24.001643236915225,22.452022170388307,22.767581172594298,20.938400103365918,19.556092233414482,24.144814911465268,22.438064906341555,22.89898228948364,21.169226815855474,19.64141906157383,24.001500745182163,22.4074879241836,22.922237015005766,21.022043242597896,19.56079062308688,24.233765580870177,22.579076174587495,22.897050417806117,21.154110392774417,19.496195493875412,24.52776107773848,22.44476565861699,22.941290621913083,21.215426043123013,19.43660047768709,24.688461923423308,22.54342192696738,22.753148155419733,21.165403712815305,19.461562470066788,24.97197147087902,22.679894613670605,22.54899215808647,21.200074290184624,19.348670220580566,25.31552941212589,22.599377807030187,22.141585446174297,21.18996162696167,19.26659085271127,25.33887091806599,22.512528687173223,21.853218662108517,21.235250207525503,19.27774568008389,25.07968197836378,22.44650816676317,21.63399156624423,21.191188251465185,19.361039568549376,25.18720342096156,22.840733992334453,21.5380133371767,21.1853023946903,19.27514612988834,24.96659330978313,22.872659813445402,21.531670393189767,21.028931809052914,19.32357870540425,24.866034171344502,22.86215928753823,21.553227588062814,20.990136447492045,19.370207695238324,24.624268679168317,22.76399752782419,21.668693219154832,20.995516968859597,19.35336453644485,24.791636008211434,22.703412293708073,21.74798498671961,20.895234557322425,19.28790650671812,24.64039514246042,22.5345277635147,22.200098820084218,20.890622520042054,19.376184873179795,24.73935042524412,22.201467708129595,22.09819615918918,20.797477136074612,19.32449903713688,24.70274943097496,22.22345855640279,22.410401976674443,20.93716286422545,19.31073253206459,24.846387342518113,22.38276091242573,22.533646659714645,20.833554403281195,19.30472925132255,24.696539509620376,22.606988315535848,22.834338671583094,21.007455455220693,19.381005251292464,24.709910991169146,22.535344995313626,22.665746921189196,21.09549908185441,19.256413609989252,24.53566705001964,22.791469520627622,22.779422419790933,21.2290420848836,19.348634549282423,24.516828777961493,22.72298292906853,22.539086181165395,21.073191800086356,19.328374972962756,24.64842724337577,22.74709577564634,22.633669421778126,21.07408955152936,19.37497501284781,24.818099280893016,22.689791741527078,22.465500181879605,20.932401899574632,19.28516187131621,24.825485909815306,22.554313615072253,22.31505813853689,20.80961592069796,19.4016740430531,24.91661516674556,22.687417306654005,22.50804169936914,20.89457859332753,19.341108733360194,24.988504080906146,22.99628183590079,22.832649202648007,20.89319221511452,19.367815554060265,24.70209677394489,22.933992191407857,22.60344083395566,20.874392567308796,19.347933965336818,24.501027011112974,22.9096260925676,22.364661020763588,20.91794921037525,19.389101118201438,24.355267882236728,22.96897298632272,22.393870067097186,20.935777826219553,19.339446018079634,24.23962391495959,22.860381807468418,22.215298043479766,20.93550155865982,19.353892696036194,24.143710382327328,22.676173211232356,22.046319027183085,21.035529885712066,19.292789085118887,24.192476454267627,22.710273463347825,22.218267902717383,21.16486401902972,19.333639003977865,24.357845877192922,22.66839597562048,22.53296457364764,21.028508550085398,19.25467989566716,24.467705461279046,22.67861283006701,22.698392208775267,20.95658586729517,19.274305041147905,24.548295930331275,22.520969823072964,22.51309714908431,20.903653745441616,19.365628742708786,24.546450509107906,22.61652985633426,22.549803212612,20.717892187494378,19.355213383981685
23.305826081266538,22.244437582899128,22.424891425273714,20.275842668658004,19.119365610149462,24.037869165904564,22.98725262827395,23.033285233669318,21.56353530070648,19.970094624812575,24.272089616294252,22.43642396894579,22.936494172713957,20.50798566886133,19.717196858815083,24.18822324937036,23.093993624829434,22.563548052473433,21.01623275450414,19.51346919847935,24.008742978966062,22.45136429607856,22.750121731125624,20.945456306700986,19.557819832866734,24.155921009525482,22.4379883971526,22.891040509919442,21.174289953126415,19.649106622126297,24.01141095707537,22.406998757516718,22.9142838606454,21.02646022349211,19.562759170904208,24.23855743127475,22.576849101732485,22.892394229403344,21.151989998842826,19.501908997315923,24.53544458612011,22.43780661846162,22.937280570554112,21.216313851968387,19.425186827835173,24.697600406595825,22.539159639366538,22.752805286828586,21.171975981422605,19.439533071203265,24.980442619805537,22.686466173681428,22.549359114579055,21.199999206982056,19.32491339138548,25.329369485605124,22.60062312183321,22.150526704423147,21.18884879034234,19.250682737066022,25.353330830068938,22.516667989755227,21.85280157048739,21.22998969291516,19.258321457704426,25.09631537687122,22.45591834509299,21.632172772870426,21.172885041288772,19.34677740023864,25.201809690555496,22.84736439165523,21.525561208725172,21.168961099169707,19.26464845663256,24.98002967181294,22.876707598158625,21.504958810519476,21.015534670355574,19.299978411148054,24.8770911018442,22.864739218215725,21.517440379929013,20.989317909313264,19.33966546015689,24.630540285960187,22.764023260971673,21.630303413357634,20.984645825851228,19.324543306814668,24.78914090178922,22.693895625867963,21.714252694269415,20.880551588409492,19.25299456895914,24.63600813987892,22.530322408174214,22.17242313210131,20.874108088417305,19.343009439610846,24.737708204706177,22.192456535832548,22.07885766235306,20.782729222093437,19.30333885546446,24.699708427838132,22.21851153745509,22.390890441918224,20.907333636423758,19.301368021439334,24.84384468006232,22.376667785837718,22.533776833618703,20.816713824241795,19.30059767826155,24.703205797652195,22.608572543616656,22.835675170265752,21.00670464243872,19.369453261202942,24.719034877806404,22.54135335409955,22.66867541222268,21.09280014905567,19.236500808043083,24.540510004350676,22.80330395283391,22.79502580193286,21.22325407250768,19.319225233963667,24.524557802045646,22.728359253084385,22.561996548180097,21.072697666845535,19.28918188719456,24.651648745923616,22.75664078437749,22.64132361310093,21.08068948798961,19.33656910952849,24.821037437213555,22.694887715526786,22.479851696478182,20.941216622126554,19.265658577823757,24.829338872807764,22.541301965590662,22.331925061219682,20.816468641624528,19.38327702944291,24.921083432327592,22.671156295117832,22.511129713922053,20.89961190659806,19.338023002689123,24.99074334345142,22.977853404676072,22.827719984340927,20.89712502449885,19.36324959718585,24.70886615305377,22.911958187857557,22.598358739727853,20.872459568397606,19.351511744167198,24.50464442601462,22.894956770824283,22.35262646662598,20.911932379904925,19.382348735495647,24.3602332420918,22.969140411030352,22.383909813806223,20.93726357371883,19.333414024897227,24.239968595513098,22.868113804696744,22.213228786378636,20.940447379233795,19.345476952459432,24.14352007322766,22.68832573569368,22.03896910443714,21.04506864516427,19.27922706388075,24.192767590020477,22.72741084705243,22.211248311912478,21.174889072743234,19.30611077252145,24.356399759985464,22.682764135744833,22.534588217565336,21.03933515805641,19.22496012319091,24.464482203482966,22.68543666722993,22.698219477796084,20.960906004360965,19.235112093315205,24.549849728568415,22.520893981602562,22.508136789616877,20.912134856594896,19.319242117953486,24.546513819788423,22.620544804838026,22.549666617732708,20.719580323536128,19.327380540057206
24.437872777195626,21.078371325102122,23.09183530523075,21.65835510106761,20.44093920864229,25.53313982175665,23.48434334981128,22.948913108628663,21.623238144651765,20.324867221315525,23.864873997236923,23.15411078954308,22.592189125150924,21.554344703704878,20.903412616188007,25.010886408672217,23.683900816690077,22.641294851951024,21.53635412277054,20.467190175019855,24.601778816019937,22.637760447745833,22.79082975014374,21.60475851299683,20.538008963050565,24.345946198314884,23.084641340144174,22.62270003711011,21.579759630496646,20.584280891815993,24.081384781340414,22.784463452858283,22.580659408771687,21.556036414254656,20.621755157563292,24.629276044155276,22.647637858774697,22.565606722718805,21.48539726545666,20.551559408041808,24.547231192150186,22.405597921953955,22.6596721410587,21.560915243867527,20.535307401393762,24.468318230141808,22.563020900561472,22.478577929088594,21.505396747185678,20.567742893237156,24.724926480137036,22.527608021857258,22.436758580274603,21.515101719664802,20.56676058823619,24.838675485658932,22.583148409046057,22.24032377547005,21.559980405275933,20.494490692529133,24.338687142577847,22.619831590289174,22.168360737465708,21.59653422087225,20.34401105247754,24.191228553156577,22.50711536352292,21.901153382970087,21.53643039177154,20.226340436132453,24.339878137802316,22.50148338306832,22.003392395765143,21.564916895081872,20.00255194450575,24.10856716532185,22.337143157092463,22.01074515162677,21.49204748282879,19.804459483631614,23.83173163324129,22.551226731675502,22.06166201346313,21.299017473302712,19.751864156801368,23.884726091700504,22.56772179836011,22.039889949245126,21.477923575714517,19.6654666493624,24.170305257543074,22.922807075417317,22.1351090707769,21.381933160948112,19.681456819252887,23.95206272167655,22.948283230015708,22.35698062745858,21.419952613606597,19.743235804615175,24.300527061115616,23.14892275888677,22.35827943752892,21.432266802772084,19.827093388369608,24.59447728881789,23.16564227431409,22.370913215061044,21.433669622832078,19.85752845594849,24.449235628401063,23.253348865279754,22.57559372378266,21.358554273094025,19.889346967807096,24.311493805581268,23.09681494279223,23.04491569541442,21.61507528816221,19.862767522745656,24.56371422261234,23.02640155157402,22.967456978764037,21.516285372736245,19.82134581844166,24.608445280943986,22.872999687429644,22.968627778333648,21.587229289540694,19.81848398807631,24.385623218757324,22.5624095903354,22.807323093818002,21.69548336778216,19.685928799653787,24.448701604626212,22.552043648861886,22.720918124437084,21.6163227800644,19.745429320188805,24.33921124098124,22.412861063952146,22.414867133205966,21.439291858988824,19.7734848222263,24.406236486311535,22.43341866718719,22.219205076734355,21.406907326657727,19.75152608228985,24.428359857765336,22.60798010225307,22.416351620597954,21.522329285802858,19.677870047131933,24.619092723572617,23.042033810156095,22.64713556132071,21.491142853296957,19.744551684773107,24.758387800432978,23.026116054652235,22.681272089318366,21.466813066216687,19.81021235152881,24.74593712931022,23.186178131362873,22.515685307710143,21.412591958145544,19.797101986893075,24.851264264000758,23.301226269291817,22.594479597190364,21.54602151320928,19.89501708859846,24.787044815448212,23.47402512614311,22.621667279575576,21.502929267389668,19.961277255568827,24.75048973023299,23.33059500895271,22.73020587994332,21.66700642315401,19.969138766595115,24.77002036865258,23.338456625844735,22.800476745640317,21.77290453935082,19.927716271045313,24.864825305179618,23.127706322063126,22.853099093348977,21.750643610575622,19.948912149926834,24.85983089279291,23.084977747240227,22.89694638656686,21.542489505240294,19.880974607422267,24.772169554718193,22.7657117360561,22.771538887353277,21.441059081655908,19.85720199060796,24.640731562250092,22.522158735531026,22.674950187447884,21.300101854980888,19.823632736031296
23.354431410418353,20.607562449914393,23.583587616814768,21.191571636666186,18.584784701058428,25.184057488163813,23.141780968373226,23.057034087702174,21.175039380670775,18.90556648220083,24.025606470538413,22.222510564909932,22.207799130031013,21.123503256576974,19.100435500520035,24.74540962726297,22.914564573251987,22.54332978225643,21.09799620452371,18.628352652229342,24.186789263122122,22.092438513996854,22.79959042271225,21.092239479017273,18.776048456326784,24.170998980389065,22.495069599666717,22.57468779706594,21.05967293250182,18.835740667458705,24.090804686778476,22.23958578019157,22.47169331661841,20.95002133886416,18.78889860254353,24.415936072849085,22.229122521438406,22.483305064357985,20.837126086817815,18.743210655601267,24.26673239021518,22.14842174059287,22.54516158658293,20.88001037702437,18.840841761047113,24.246295669300174,22.30717278764028,22.412271114738964,20.843460801420015,18.898397707484044,24.405895483356595,22.410946585820852,22.213158216160434,20.796795668819847,18.856622873146883,24.399464265234123,22.33895266006339,21.964036572998953,20.840631440167822,18.84367993224066,24.201569740519894,22.360370119400994,21.743276116743473,20.865010725638953,18.726880990666295,24.106478652125475,22.137703494805113,21.484095869153087,20.90059321325955,18.587150318087478,24.22207970140764,21.88159757133056,21.510632562744537,20.926244742214315,18.46236326569601,24.113439430018776,21.65343724913607,21.61247807780957,20.9882616718575,18.401849927194455,23.924174660865837,21.972436790312663,21.789343920378155,20.943443089927033,18.350068962044777,23.97478603057383,22.0565077124031,21.971235412044496,21.263808871165985,18.33424878008701,24.211193536530153,22.402214937924814,21.999431367080184,21.052137729975332,18.279327311243716,24.247331799307652,22.5573919180759,22.22305064011103,21.23341730622418,18.319523058102043,24.21573284518132,22.71176611573771,22.175744097058153,21.153939939563873,18.333518398039015,24.376683743294613,22.70538999134488,22.143563894372768,21.13170864635183,18.280459391076853,24.38099642401652,22.65174704765502,22.34024333729927,20.878889544662375,18.213870887378913,24.337105747613112,22.565835595366742,22.88286928606309,21.286127175131696,18.302035147460533,24.39223589568515,22.554451386480054,22.82214655264705,21.215216255889622,18.240820267341558,24.7391354211806,22.31066727567808,22.908230434603247,21.319514695427706,18.217522569565162,24.881527470364638,22.038691538773712,22.754419226363623,21.212277703205153,18.235704515991046,24.71538638907279,22.160811731008675,22.71774128165345,21.149386655854276,18.271875927856893,24.72932726639051,22.013556131160406,22.426585900709803,20.853309383495304,18.278100054818346,24.899310631497432,22.12787037675191,22.254579905282178,20.6824626578399,18.275445038649,24.82288609451748,22.328387927548533,22.416173857236203,20.839238040664583,18.26118030960547,24.757425892144777,22.61900348917309,22.66661409407389,20.976499919628427,18.173807412738064,24.754164258045797,22.534521343400574,22.621231049382665,21.005466221322003,18.22193764193684,24.696962987795548,22.682821857620947,22.485763370276647,20.935254753424598,18.13190472674747,24.71305590209803,22.713446271899805,22.429982684984083,21.090600384618735,18.16613736007717,24.654082087921587,23.015955998390083,22.35845536474482,21.101400779877736,18.218431678708097,24.462468331988923,23.020212281423444,22.348206233707938,21.246929028871612,18.35025547562692,24.50406730439756,22.966881888630628,22.372565658663056,21.393693993492185,18.386559450033587,24.4628959851481,22.68479313971884,22.395144059591285,21.309545762851336,18.41333229343808,24.491057057650146,22.736480237160247,22.577912070276646,21.14305101421595,18.345057086646833,24.44561589909187,22.3875612933757,22.612122869641624,20.97683878086749,18.279714065484217,24.324438117670425,22.10666131274137,22.5938986282168,20.86706109824835,18.229615705634473
23.59446649043974,21.279973776146576,24.084471885139887,21.534689924880446,19.855122859984103,24.383344394519387,23.37313195101231,23.3489069230512,21.78356322355542,19.95325623833588,23.028193105970807,21.160021756585774,22.043277300797364,21.23292598034159,20.094204288201492,22.57840261575724,22.01301570701318,22.338678733393664,21.57241210650642,19.775442853790473,23.286635264258923,21.8291124531492,22.96422468937604,21.418279795185082,19.93912129979263,23.283289720553125,21.941361913231482,22.740170583389453,21.420545351330606,19.95967555793245,23.059444425094917,21.635537709060166,22.437249665320813,21.242299688220406,19.90239770568973,23.52060492722553,21.906684011709036,22.58585437327799,21.12934374534835,19.8013931833781,23.70755842648176,21.901431175631593,22.56438026565233,21.104212872716523,19.768076503882185,23.857294296300733,21.991092482853606,22.376352702726194,21.10871176076176,19.760141477820515,23.616052744831432,22.180276056628202,21.993468210067295,20.89084710881309,19.707039193198224,23.598792664724737,22.020516145809292,21.875561590443052,20.916061533668703,19.69368658606025,23.35611001646854,21.97129233134384,21.618218673780554,20.88953946084481,19.631541574429225,23.156820092198874,21.79764606910197,21.395365003770742,20.954553714106932,19.30050883656113,23.164209062958484,21.671333741032534,21.26201947535503,20.885544906575674,18.88570239728116,23.36109230850866,21.471520798912568,21.414527578328112,21.087812476384187,18.52023477879886,23.32502854574213,21.711684283894613,21.587076077514393,21.100390839159463,18.17328183949481,23.21626564338522,21.672778567787315,21.783215160041344,21.476421058749672,17.993380914412324,23.434928012924157,21.812831815633764,21.942694999257558,21.27577279042891,17.925354471328003,23.089699580108068,21.836826462865048,22.28296496490345,21.584546887519576,17.981307998524144,23.18704797181768,21.93028975911229,22.266284801824302,21.452345660350552,17.97676134014348,23.41229250915521,22.0524874138412,22.231233330707006,21.39803189479351,17.96166060275918,23.376321789931854,22.08402213746711,22.330370568101678,20.95271655629167,17.796911439874563,23.13698188468293,22.294697958544177,22.720847015717368,21.327942968192332,17.90620864461024,23.559459616733758,22.467995642334838,22.62220800339093,21.229428986223546,17.832056756600377,23.553559222184596,22.36538705561305,22.810554023830253,21.315895015525303,17.836990222752853,23.311200518454516,22.14445531390541,22.64956176752676,21.070728992476624,17.883548124946106,23.24794695434777,22.109583858125227,22.628131249240944,21.08413562199062,17.963564706081293,23.414002310858944,21.883666827546556,22.426980373647467,20.822179597739886,17.9837735238607,23.49216270042084,21.726438804863335,22.320648857328642,20.60471399943892,18.005941999449796,23.434495685056795,21.82476182311197,22.412702633935652,20.84830359357911,18.057914763714194,23.639734015796535,22.12067820586167,22.706116693300437,21.070579104377295,17.973713663020536,23.76425126127641,22.10690703666888,22.76836004287113,21.12076207724145,17.985294304910894,23.92299769544972,22.238388476725827,22.55627658848251,21.098249589267937,17.937945306291635,23.97513493278219,22.391453696953068,22.525727493031205,21.083689797954428,17.937353465964932,23.99502338630625,22.5326714789231,22.39251831416741,21.044582588368943,17.89648451664889,23.810507239358078,22.317238324444055,22.294801493235177,21.16052899144836,17.94317982394114,24.038701681525783,22.301831282612824,22.13954774435903,21.35041020665093,17.941250167224165,23.794030625262724,21.8499461421299,22.272117863184665,21.124408988260683,17.849801503051026,23.808352149733174,21.879580652378404,22.53394690532037,21.156270283196417,17.76661942109537,23.71905792655432,21.743445342512736,22.62960674531094,20.87502410048296,17.733274892945794,23.729005536098263,21.501075385840466,22.519322673984636,20.743040571399366,17.73743559228081
22.5552263278771,21.98428330937853,23.297826762108816,20.590807652127907,18.375287736781917,23.825335222051386,22.775944158374084,22.378555640458718,20.383955888339138,18.286945671007818,23.097593025829134,21.172476304141906,21.250703145049176,19.559406085749202,18.257290652940284,21.66410906922048,21.740281563125997,21.746348991469336,20.378268907190122,18.27806980711138,22.907366887915423,21.912136617223016,22.29556390752183,20.172052987381658,18.307694384171153,22.97227683807506,22.026142435934652,22.088859383120415,20.20445410921456,18.27459990591474,22.96508098657972,21.733764335366427,21.808991313565407,20.07895044238645,18.305292422800328,23.103273488148453,21.79134951674137,21.869647133687604,20.1141378730407,18.318421025598628,23.648389622666617,21.858338623643057,21.81918546334286,20.19359880207585,18.39361145012736,23.73318935181217,21.74823528859917,21.62885912127639,20.07480780921245,18.427912152213647,23.94643385738989,21.53947861827431,21.344860768100602,19.825585222147538,18.382946032368768,23.817988411421506,21.70491792004467,21.28007470724533,19.864110917568897,18.361062571582984,23.458084535438523,21.7322792098784,21.27054766147761,19.828190872656624,18.368074646556828,23.381937292591903,21.815948406650914,20.999923362339256,19.83363771955745,18.167372599574662,23.45624656245626,21.80393376823937,20.72876241910775,19.95620577090678,17.985512282818384,23.54727294105934,21.908001188786418,20.73413021322849,20.165176705456055,17.964085489594336,23.428208219427837,21.991743185138276,20.91710769120035,20.211073044375716,17.81938153305067,23.68971312087138,22.078658861157045,20.93403072284508,20.528754601282294,17.78850791060603,23.487369831738096,22.018142307798577,21.253002998154194,20.462789116554347,17.838586631387905,23.214633054572506,22.07206680700362,21.69539075463361,20.698872480856593,17.89892743045948,22.893422639712906,21.711916095625277,21.70504797411711,20.681017143807708,17.79504503807287,22.882375780437265,21.599268990768543,21.696917934396033,20.652165102937257,17.92005250202895,22.919531953630116,21.38000093877525,21.756201763280448,20.34798927937261,17.78246282527465,22.991736071067848,21.31246560151024,21.878740698795397,20.5750962747458,17.74333600962628,22.907288824888308,21.34671300435516,21.679056147527373,20.498555017446048,17.76138931884585,22.905281626272753,21.55295069464514,21.794377714817635,20.458847932221797,17.862612589759348,22.844862828537472,21.370958108548635,21.553653048129192,20.331198291525105,17.774633044513386,22.7823401943349,21.210875439147163,21.465493344999324,20.452264842518094,17.806381808301474,22.873108301676915,21.15876345973941,21.325252486984542,20.24969590573529,17.89142765638771,22.978897627527846,21.0517483765891,21.40100454081327,20.086016242870137,17.84483837068392,22.994244506902014,21.20291410953802,21.609333490549528,20.25609574137797,17.815423045598017,23.360304829302493,21.417099765511672,21.968977690089815,20.38828695236652,17.77181416822046,23.727487219735416,21.67670851114037,22.161194722544035,20.37947985984697,17.732995617315233,23.75194556964416,21.70209574651729,22.119746795010855,20.311164188534608,17.673681935835752,23.555222383781615,22.024570224908597,22.006283932790144,20.275416640606455,17.616820206217472,23.769541511223117,21.976113961158227,21.766671695164028,20.250591410472502,17.636747495096635,23.663179146447227,21.775126263770268,21.516337967726866,20.28631612064281,17.651611413676754,23.315585753543814,21.683204566074608,21.256343613352538,20.33962404362772,17.688347377676585,23.088470084749606,21.648449080430545,21.386583543286957,20.317273664829848,17.647121216725726,23.262072945855902,21.51790962485856,21.515915198805324,20.362201183422613,17.707112053040603,23.218398226150168,21.366032239892345,21.654665913614302,20.185442924497345,17.690037289204305,23.18646761579232,21.376172125683777,21.633577855491232,20.106132413487025,17.697925511095782
16.202510164279794,13.296734194942749,14.075553730445517,13.4904088356383,12.788640616972566,15.732342676399194,13.614284201888307,13.506526977105764,13.817700879607983,12.955835168501263,16.025245852910135,13.87454527917551,13.165683769318777,13.029103606672203,12.787413184464116,16.05193940352459,14.255956302570336,13.965433560101992,13.5475644877888,13.010293482112555,15.960702065915081,13.830932784409615,13.625154373148224,13.419447768466776,12.803913640940328,15.858775093187285,14.127713685298534,13.61047418704095,13.384502820152608,12.798835509482766,15.726817367671822,14.20807150493026,13.588097441512279,13.271624697514124,12.809217963188354,15.666924220611241,14.270609543756752,13.690435909453646,13.315497213450588,12.735195586749061,15.56853862689149,14.287081866459548,13.629421794610234,13.280403429028354,12.696857990681284,15.415858807308087,14.313420536945486,13.686154069116247,13.20982079061723,12.823044581868709,15.323949148852517,14.321943675841414,13.718689225715229,13.154059079554646,12.840065862928403,15.533531644640316,14.181918320673876,13.771923740983564,13.198870309749239,12.756941924792145,15.356341641728587,14.35334922961294,13.935519086124511,13.13328139231111,12.772686540192717,15.477035995043241,14.377289961335034,14.032596752129944,13.12881404918827,12.803522480154403,15.555403709215057,14.50188069756419,14.129825382947502,13.21274398987077,12.767337310035382,15.558338184308687,14.420193043691219,14.095928848082403,13.27487159820662,12.733602486064916,15.443878687321686,14.667527836029539,14.211975598141677,13.257309463708108,12.740574929439532,15.800168498962197,14.487572683685304,14.094225708275042,13.37392033748743,12.880245901940782,15.685498157824801,14.507860752179038,14.14547868408259,13.37209730513715,12.858928003094633,15.675755322334401,14.342880377075975,14.062696145057194,13.437189886611838,12.835069187936696,15.562826255868648,14.602710004030039,13.801572689695508,13.51842415806048,12.840315633124229,15.377831681865896,14.489991980484604,13.647398846995873,13.467317091175506,12.92309711602193,15.270276462805361,14.648962648956967,13.617073342394056,13.413726520005241,12.890440001764295,15.346078316412246,14.505060453348017,13.340414206178929,13.392918316556713,12.869536626352886,15.089879674067419,14.503016668374528,13.309474593115112,13.348837563888873,12.916610633706625,15.138143962089838,14.337941575645155,13.470262788800374,13.287703668771499,12.962812365971143,15.171406896434618,14.314574510611061,13.46546862262747,13.237921113064914,12.893995195131875,15.018731122516064,14.118826626440171,13.528618103556425,13.22109592873738,12.927206508987855,15.097074145633382,14.24133410835067,13.757199250191878,13.251515346584009,12.911125203349041,15.264920254119676,14.436270313718145,13.86216430816477,13.206870375692256,12.916805281315764,15.597998159245737,14.428052931319126,13.852654080672698,13.172282343869403,12.823612700770306,15.657361034603886,14.591777070943925,13.857120841378457,13.23923635127986,12.83144604739411,15.763817514686417,14.5937482331056,13.859278342483444,13.235160520472638,12.723019375047885,15.485038621844065,14.668878778424187,13.801474824488812,13.220118900858049,12.831814412828285,15.436426467592991,14.784752152718847,13.655972902142164,13.231687173995459,12.771392438535443,15.3369607365774,14.71720451995851,13.453995350511388,13.226345383093644,12.823456239668175,15.528170519128853,14.809022914765261,13.485776675942532,13.191826086393414,12.858977797881655,15.43203223895452,14.845715052250435,13.317443636819155,13.209776096995961,12.887634229150247,15.436690907503822,14.64914566871046,13.369397859971423,13.20065647753314,12.882988353069123,15.349119685843814,14.372826915817033,13.442170851851753,13.14451851621725,12.850161116848085,14.98291929013196,14.371878449125711,13.744126305383787,13.201934302366421,12.868933543403779,14.778630803338737,14.191557862378739,13.4780880579517,13.186730167326989,12.824072323083945
23.10825478421042,21.81593652639319,21.86117792310433,19.575067460292864,17.77499521326268,23.63539770581795,22.121497087478176,21.020682189443914,19.777277779562286,17.81092495416111,22.76730912587604,21.962627289169,21.06613026477777,19.46449941784906,18.06416479148945,22.349622375764028,21.178893092869963,21.608709954557238,20.090512282408405,17.979798602344278,22.943309107668465,21.556693813877235,21.46621101379128,19.863491780569966,17.89433088987144,22.800861052953028,21.558990532043588,21.430094522006407,19.94753117197723,17.85703577677385,22.652009120484518,21.40375815480174,21.614275656775384,19.973887781866022,17.894016889675175,22.97056402909103,21.35163656033787,21.67714036478407,19.961992684318524,17.811821315841925,23.119534774351315,21.498670951126638,21.520490891260483,19.88676531966444,17.754869350431257,23.12737072632433,21.60156281184223,21.332132831838624,19.71560247280716,17.70412943294816,23.213206932530788,21.5883816058789,21.223469376761308,19.761210760952224,17.602195574525915,23.31744597324556,21.45698164773463,20.78459146310422,19.54802516384752,17.56181163853699,23.224295668189274,21.196337897945078,20.501959675203047,19.5781066708918,17.49355005843989,23.14687342609188,21.064385067137685,20.408464821060203,19.545759726153285,17.45129261705504,23.507471041302676,21.239147902285133,20.285322537531165,19.69916159111036,17.43759177481074,23.44641779659964,21.182328203038814,20.29148128520928,19.481004153112202,17.522899266976992,23.516426046851457,21.371964041954666,20.263692082158535,19.54497684885133,17.484798887023327,23.431234956181605,21.5828523500198,20.30376833468278,19.56831767393849,17.51693328019395,23.633825969044814,21.456917338407955,20.494082309690583,19.602372000448558,17.537599774677226,23.31393320671097,21.379930886000228,20.94095721533538,19.464737965303165,17.55934563335826,23.461163024592793,21.23532195714964,20.88869269282084,19.42460645774912,17.4930504072108,23.32431899166061,21.09375113855165,21.227869201465115,19.53237260055214,17.583990940230795,23.4075252498616,21.18888396655849,21.529514870267924,19.552386873761073,17.51995926812301,23.44031532395197,21.36977143079231,21.83104611302703,19.70251563140149,17.55981699716917,23.522586098399163,21.344956648653906,21.463042723182422,19.77535016139719,17.55980048622062,23.444673380006115,21.67956697278352,21.559634107064902,19.921919143485162,17.67567535753194,23.361762904969208,21.783588396926163,21.38669544555888,19.891415599611882,17.553386409291242,23.381715149429017,21.6418157363862,21.471080208805166,19.89040574623509,17.589478060497846,23.232214493197027,21.63311781767768,21.146744646084016,19.651029120714572,17.561812255026105,22.910425330583735,21.525647641509696,21.22660618623784,19.567590415688834,17.535813815701395,23.169750163855415,21.589025835768833,21.337880432259844,19.697943902163964,17.50316718282331,23.158814827476807,21.495494622365925,21.603933385442158,19.64390341925826,17.498060670823442,23.14294616893381,21.507203949483635,21.43327596144772,19.624427134625638,17.55128153129444,22.884531870206526,21.543953899357053,21.32553399969965,19.736709066990695,17.531567532737277,23.09229196515753,21.519654899285435,21.396802181941013,19.788589975831442,17.538379237221744,22.822472669202256,21.262216463008293,21.296580879365013,19.76460681420705,17.45347908696277,23.124005202470464,21.39051392792998,21.238860765518563,19.947944921782458,17.380074096875184,23.004302086813908,21.347651655894243,21.237820569769593,19.948404119282163,17.38311988072089,23.440549346216578,21.369114328326013,21.474125503337433,19.83629060388775,17.34522389572084,23.393314499333954,21.64521031364736,21.5078329995721,19.727187575660153,17.345458100180416,23.598621178629756,21.48195468440815,21.363722560541632,19.795878075578514,17.407568645179577,23.27646169724639,21.396705988743328,21.459001238918756,19.577439791667278,17.540346808341212
22.94030375268244,22.038404232558587,22.156241788792514,20.016674553249153,19.24884876411727,23.838786821462023,21.91758332850594,22.384237171763747,21.216059018853233,19.87113817629428,23.25292683578432,22.369576461792438,22.172108526306776,20.133367706847693,19.598618032895104,23.67877290201227,22.32752436239679,22.373111981320104,20.578159841917028,19.40805154158072,23.51331616623581,21.93636764761589,22.23414587230623,20.617022756491785,19.51331398067495,23.60241302577989,21.96500379783928,22.310745408606472,20.79840741711269,19.580314898743573,23.547692701849975,22.044907999651105,22.36539346921646,20.626762547286486,19.47219138257792,23.83401619268072,22.08808657333269,22.441227407269842,20.72037789916404,19.44419975991371,23.948775114291706,21.909690202108717,22.41519639924414,20.795970446228218,19.387385920220794,24.10246046668571,21.922019475423266,22.24847891454961,20.646019808000297,19.443103995244897,24.175805104041913,21.955769610403888,21.964659665031004,20.638440024636335,19.33352933101226,24.39499916050267,21.87027641372479,21.65283915760869,20.676699412773214,19.308491425322995,24.490150667712307,21.691888397464965,21.284106988808652,20.707473065605164,19.285036145869572,24.64290613423564,21.787591445558142,21.1816194611532,20.680439355695064,19.375801123331037,24.584425848975673,22.13907978060852,21.075720682725652,20.74819341331555,19.28260328785762,24.498310369200553,21.933043976272664,21.095602283281597,20.612243305630155,19.339857507201135,24.30769323657803,22.00578703822101,20.969122632026437,20.579058769264066,19.40453593867878,24.02408029736795,21.97807149212324,21.14444140606042,20.662536476274823,19.450181947293537,23.996352135357593,21.906248289297622,21.14309714312928,20.596770258417088,19.389665347500195,23.857003651447066,21.79411874424527,21.62596625363549,20.54117795233408,19.438339274458627,23.871091748813512,21.788436623001704,21.72888177917977,20.472107642792203,19.373379405940092,23.764004313467165,21.70994682875663,22.113653600337578,20.544993390380796,19.27521436918363,23.879729606807416,21.98200679613006,22.228742932314752,20.415811106509473,19.27490808018926,23.72350192585241,22.006840377457035,22.415968982329698,20.534413796562333,19.334544734728297,23.72227532569312,22.01192020604895,22.222378530874124,20.7077345688743,19.2715981506865,23.668435511972707,22.22549969496969,22.172968388381694,20.865343196745208,19.333751682375535,23.68973249316089,22.08887026429118,21.884117967322744,20.808318516040856,19.43191189977565,23.58666612214926,21.875703155084427,22.058786277023195,20.832287491214807,19.414403558645155,23.562141942433257,21.985735352800866,21.964140696475127,20.67028289202069,19.35029015055464,23.543410175443967,21.792158447327118,21.98587118404026,20.500835242401983,19.407060728052475,23.740759059786036,21.876350335577435,22.22458778629872,20.58819323365619,19.43452123711283,24.020266413758257,21.90039871863911,22.538089022197703,20.536649646141445,19.46004649724252,24.09785021918234,21.918633706777378,22.276314326689697,20.447746903739716,19.410562817446277,23.796891733873707,21.88880421576568,22.147393902530457,20.488581993806445,19.465411925183766,23.78051694001234,22.02210830401878,22.058720310941318,20.55850544731627,19.427894646120155,23.72251022479768,21.90238661857784,21.8928783812248,20.522421983058535,19.3177218370596,23.483333450283812,21.98404666774669,21.78092661000457,20.64911488154987,19.133923893070623,23.278575464488377,22.05873389390049,21.83037922904682,20.83113416168474,19.223188624211208,23.65714337873781,22.175497207413862,22.069172978683675,20.77089178414024,19.146274520814785,23.80809377725269,22.292110805583,22.180309044291143,20.70026599946827,19.172922284967825,23.76050837688472,22.18268029001254,21.991972769319993,20.670108353944112,19.318037979276063,23.737362770377054,22.2095471569207,22.09781750372127,20.517548401441708,19.425145326814423
22.95425825311502,22.033675266493123,22.170731881090394,20.01524749453198,19.21722572038733,23.832266863843238,21.9254032579527,22.354638238901778,21.22621521620199,19.847211849257626,23.232023881755136,22.370266200614807,22.16480587949753,20.14125223068095,19.572007472781287,23.686764720027547,22.282052933833203,22.395775396649512,20.60875194243584,19.388405074338785,23.512850985655593,21.923935656619257,22.232467235225137,20.627381182593613,19.490870835420193,23.59446492891886,21.94089165039856,22.312445533526848,20.80335315197835,19.558977381946285,23.55246874978359,22.021212294847892,22.37004667806798,20.64233231272041,19.463191348942985,23.846090954785552,22.064751602508522,22.452602706397165,20.730502952521697,19.444077549333137,23.962403175704377,21.903599273051537,22.426412664196693,20.798310968352656,19.37675475342866,24.120570563465986,21.930456576300212,22.25754460274386,20.644068121968875,19.441534363890895,24.201494184740532,21.961597758282732,21.975322960178758,20.65141789147224,19.33664045608311,24.409578049270742,21.876116724505103,21.67554318289021,20.679838084018463,19.299746960902244,24.500137161585002,21.705189595524413,21.30733935948716,20.714343383782857,19.27198907789921,24.649817807666498,21.793552013669057,21.19358075829509,20.688127972919688,19.377874525972807,24.586757533099206,22.14350947238963,21.094178751481945,20.75644354284063,19.27704675051069,24.501515965701994,21.950863582147342,21.116404830180326,20.604495422497187,19.342582917043433,24.310778831971984,22.01542975154904,20.980749679698523,20.572970653411883,19.39830034766291,24.020654119224112,21.97629575784068,21.143318589929994,20.653443208079857,19.45024582293436,23.990802934935537,21.8958767436159,21.141051036207745,20.58740337864257,19.36865930320584,23.85061343283279,21.779365440169006,21.62182845166592,20.536383815100635,19.418347005777974,23.8656373651464,21.778563854274086,21.708541964529253,20.46471748146914,19.349447298056127,23.767463928314534,21.708650616173518,22.092621973200384,20.526897571259507,19.258788991795495,23.895213766679756,21.98605050798087,22.21785815579761,20.39186774141506,19.255395386089532,23.740724749369015,22.03352240221852,22.41353224745041,20.505002502820393,19.322169979398637,23.74019537206678,22.039116442197837,22.220347325130966,20.666381128381367,19.253352699862877,23.67801553788471,22.253583308373113,22.178073391494593,20.831451095107262,19.30726408471007,23.68585022823624,22.110734439516857,21.89292289814214,20.776066850147163,19.417335113115588,23.581562042655,21.892905812568408,22.06608429894602,20.81221162505315,19.389933748666056,23.56018902707483,21.98384622690699,21.975215216656835,20.655773992193367,19.347812067106855,23.548041877006302,21.796639631324325,21.990042444727397,20.488254053231906,19.411510320927167,23.753032698717327,21.875088044960474,22.227841034951457,20.5804156720748,19.431189382246373,24.033388311518696,21.90528172594001,22.534019018993654,20.53092589032688,19.44651118536633,24.104431016722682,21.938872250324742,22.270601912506837,20.44094585139831,19.38876374229189,23.802791588576486,21.91612893860952,22.14982357883205,20.48065698342274,19.42681716992929,23.783564813961412,22.045004950167954,22.06728316894013,20.560459997031007,19.37778312341245,23.72226450110516,21.924113111921113,21.901586676132943,20.518120985275225,19.270172435615017,23.483457184865564,22.00830395137023,21.79641084964319,20.64144663230872,19.0783571503362,23.27845536461254,22.07912881515842,21.857061302720943,20.823394930425955,19.18156058595353,23.657610220003978,22.190257245877074,22.084841597256155,20.762330963443173,19.099318788281074,23.806126466315185,22.297081793365486,22.190293403656305,20.682083768740405,19.13735491670523,23.759904463421286,22.182434397831233,21.990096180639828,20.661391011155736,19.288769849215036,23.731977957803686,22.205047260458105,22.10009111441825,20.512931906350452,19.398039010751994
22.96605783961079,22.049987940147115,22.208215228089337,20.018299389167797,19.158656867928155,23.86458958207237,22.007249098132863,22.400669217010474,21.224255724918883,19.81847649133565,23.26249442499417,22.375459507597203,22.18433548166272,20.166348719563892,19.538859641678687,23.679063812983784,22.31428809170834,22.35734627324885,20.541646434177764,19.343769693427703,23.52254919522723,21.94471878011083,22.24474218627274,20.612358826607238,19.457107557557332,23.607800223743027,21.96212855077316,22.308919097760466,20.795796419367804,19.5316452040821,23.55217215980214,22.034479199989878,22.363184680669132,20.62701112770556,19.425854477367007,23.838462690904237,22.07730617295666,22.43748129300725,20.713851379663918,19.398738279653024,23.958778562545845,21.90700096535902,22.41738350759215,20.792227259559095,19.34993781301727,24.118219501891804,21.93085599231652,22.256874359640072,20.644406165785245,19.39804217863724,24.196257169055322,21.968719026611872,21.981372614231613,20.642696933933077,19.283234544692608,24.41219625937311,21.878088897795642,21.675247258433238,20.682113887042263,19.253430442809716,24.50318155613659,21.701761280266407,21.309915751130774,20.704691902610744,19.229729363633517,24.653298096911776,21.790522233373245,21.201931476334977,20.684964933531287,19.31124642444121,24.596653974657094,22.149835349136495,21.08677108705274,20.75526066991234,19.24276576419135,24.500925817651527,21.945442494286404,21.105372027616834,20.602738277967582,19.317258680557455,24.308183994620336,22.008971057042316,20.972203888444504,20.556861064332622,19.381978473616577,24.019517474249103,21.979604382057467,21.133951118584438,20.6464500205483,19.438805590393933,23.99608673683,21.91173215201068,21.132148040317997,20.57388738579804,19.37606616113399,23.85241865131651,21.801600337073523,21.62030771652485,20.516830416153102,19.385171050636426,23.876792922003965,21.79690488218471,21.710723768226927,20.451335536408834,19.31626184719118,23.767795825509033,21.72350457383393,22.087747114083697,20.52813667322834,19.21068760061564,23.89656696746635,21.997822675266082,22.219990260399392,20.390944995471976,19.202705903721352,23.72649674603852,22.030320056691203,22.420308929378564,20.51051992332487,19.263135218931787,23.737986246638005,22.035050307001946,22.226710274984338,20.672804887440634,19.21384016835225,23.674282587512266,22.254913725466515,22.189628950732324,20.838995395593997,19.257675209739563,23.686566164473636,22.121640434523663,21.901481570178618,20.778149262111135,19.375078243457292,23.582012388356198,21.91067430168272,22.064742332351333,20.818456495448032,19.349223387458387,23.565272518553442,22.009369103404104,21.96437847522365,20.65912685775448,19.288069494688603,23.54048098530582,21.815098127034293,21.981190523529584,20.487002704626736,19.36087520315021,23.742615535979134,21.903038260592062,22.216873812900054,20.56867195526329,19.394737076243466,24.02976365854467,21.941057952722144,22.536689676029276,20.52075476793185,19.405916041591105,24.109915489451257,21.94756800366953,22.27405611671339,20.42707032521607,19.36510327100579,23.81281706895312,21.915108454236428,22.144295398764005,20.46974850516357,19.425096805323918,23.787828049936195,22.043809204525083,22.05791108584515,20.55155705025824,19.367700205990786,23.734291180942854,21.91678574586942,21.903374385590297,20.512103873042214,19.258244107432613,23.494799378961176,21.97504025444084,21.78060829323325,20.63780298952954,19.073715259834735,23.290827591859756,22.06916029035029,21.842775843244244,20.810072492610836,19.169756528414332,23.66792854913364,22.18818482948148,22.079251832825044,20.737461953605816,19.082149211314864,23.82342901258307,22.29603425535978,22.19327816795747,20.654068016771554,19.118108552684618,23.777242284821853,22.1867943978346,21.986717607871363,20.633037441503014,19.264382797028595,23.75578298942382,22.227724556825777,22.099446236429735,20.48677688779673,19.37836625007807
24.21331473721662,21.420387631442516,23.272249216873888,21.307463826043627,18.900102551552237,24.786908098370304,23.43997165051801,22.48194519315443,20.903743327429144,19.040149231328346,23.78972446502666,23.039627968612134,22.423633759354484,21.17521752141122,19.404325326452057,24.43900047761657,23.249013114956078,22.539758088565385,20.648950110666878,19.050926530216838,24.409111624529498,22.664304412666404,22.645413160833844,21.057499032639182,19.0239132665456,24.289305119429354,23.035526977471022,22.448700163212497,21.08565589053577,19.125817642056624,24.020681170306432,22.864571997005392,22.526839376335932,21.091766092845216,19.11160800068922,24.394814435399457,22.719318774078307,22.485336539268122,20.985286061441148,19.106166610719946,24.360581127246608,22.67756406377864,22.566728391617907,21.155293071408074,19.133507201730907,24.08153114924587,22.705843895107517,22.38295244894625,21.082166878306985,19.275210205004424,24.206535336324656,22.68658540747797,22.318473427687998,21.01082723023324,19.266113287569276,24.42304377396982,22.633493875198354,22.025322404511044,21.07865637673021,19.262304405148193,24.15251425152653,22.57851864967099,21.891840432063674,21.116644590694662,19.152040483641535,23.94234980189538,22.40973438971224,21.665880862330578,21.0441690651454,19.029020408409153,24.25808374014025,22.410747698645416,21.746554013320342,21.062801477537853,18.82716651675138,24.212299120817562,22.224987345120525,21.72314758246477,20.996347061113863,18.62213129746383,23.952562497608703,22.430147347198236,21.871816014172996,20.819309188956588,18.507480009033333,23.98601944940981,22.623969454285238,21.990909405587587,20.99486871798516,18.44095764781402,24.283124569695914,22.818937518792477,22.048028310188926,20.910515552934193,18.42514586475946,23.943821647042245,22.84060192053723,22.33730828838179,20.944031617989772,18.48269431086202,24.15826332672875,22.9543020501918,22.378098203729472,20.886560186411163,18.507877818781903,24.500288937148117,22.99938857646227,22.36375398042792,20.85880896211346,18.58179367264558,24.417875906749863,23.08223974661448,22.541570402466032,20.780574078669044,18.49424097796408,24.297973526719666,22.952705537158117,23.056950032774008,21.053836751327996,18.494776567582466,24.58648032180391,22.927143369011123,22.944559907091367,21.01679780147974,18.42921268193833,24.49038617981795,22.88005014040069,22.919702453085016,21.166932391138097,18.495337137545732,24.324590735980063,22.635610539625286,22.80535124716394,21.266087560557615,18.392630411153203,24.38574578648963,22.641576063439786,22.76484557712697,21.177799769329013,18.48576596877031,24.304598499421694,22.691293492987807,22.445459116371417,20.91159200188195,18.54624368198891,24.33284755104834,22.711882602938,22.257256470414816,20.808776173007917,18.58653278288607,24.355386935285146,22.810923073141016,22.469154384736047,20.908818677235065,18.54629579921413,24.40639734316661,23.016684829820313,22.68994121853028,20.86213771364197,18.539238182906207,24.34833916946967,22.91067355615109,22.702421022102563,20.88474304271606,18.577882041264036,24.412662964926916,23.050423392382164,22.55466179476082,20.871453187480604,18.502395305449106,24.564726960963956,23.106086183212874,22.65168083193747,21.073549522343434,18.528069870368356,24.572111835748167,23.26437163022779,22.74501836003484,20.989086528944277,18.612390978303893,24.451156230544246,23.13776872769708,22.800057285470054,21.173348584880205,18.67734194950894,24.562776979685868,23.15457699866468,22.80485443308432,21.316779257721628,18.715106718517852,24.654025353126084,22.965771488427556,22.84313415150108,21.336072606859794,18.69894711559433,24.582286437951115,22.905994500985017,22.85754816436408,21.076791222694094,18.680066634248323,24.686930455227724,22.617394814046055,22.71604568381749,21.03762948904974,18.579912879252458,24.954860362907226,22.52733751758148,22.613151231129685,20.874515100137177,18.566041626602118
23.26133651972048,20.538583655092946,23.172895562288232,21.132618038976887,17.87028520434666,24.112839425133494,22.92829270393781,22.343438302953235,20.682771879718942,18.204493256596752,22.98823989905373,21.70893504418686,21.76159259575909,20.611798017728454,18.47550291888308,22.859281567840164,22.892749226419102,22.119237662899817,20.61871382084327,17.951233491365212,23.366691443593755,21.901464613071827,22.372942586966783,20.70491586544528,18.17410026974672,23.16104446912393,22.24751567348895,22.126028757912742,20.67969085528764,18.24020661865994,23.13301799803646,21.93138469155536,22.150513641846374,20.57022923802802,18.25310840721516,23.432218792041606,21.96126504822594,22.15244688016919,20.451281045400687,18.18021064452824,23.60296140865632,21.951057565722916,22.155582206137307,20.46375201068988,18.259716900874913,23.549918647939734,22.00820226762942,21.949097405703178,20.467848082489226,18.295282368060505,23.67238731919533,22.11400270623202,21.818840509889018,20.33299410837565,18.3643752908912,23.645288928547593,22.04652502779551,21.503597969737022,20.474446191958165,18.36696334360156,23.541894403038157,22.173331321649407,21.33398123015553,20.555659322384493,18.427219595547207,23.31247962338429,21.950345890345186,21.163536046428028,20.60382058574092,18.34927856164416,23.591634602595477,21.842851081986378,21.064912711401906,20.610559051745533,18.295799736230457,23.553613754970744,21.632767104500232,21.196505073211835,20.675142678145953,18.16599736199693,23.79382846609968,21.99917241134502,21.409299397212692,20.572733220997534,18.12406786387031,23.77346816338137,22.007155707405605,21.568687673119882,20.811015883087656,18.01052779531704,24.0580214501647,22.168535574284867,21.641929383602836,20.76023954705277,18.018311709695666,23.63280877185331,22.215728839496755,22.066627840637018,20.90330204445993,18.064360914622153,23.869182425934433,22.356428414337998,21.987498053523208,20.82254462383592,18.10177081336358,23.61256708574118,22.339105756546502,21.98395435738249,20.70800053449212,18.158675167641213,23.74607165807327,22.366649309620293,22.193123412972078,20.53149531306205,18.091038412335045,23.660204950868025,22.405262097934457,22.688926943934327,20.825334121929927,18.147535748604195,23.9076387005613,22.51581230456219,22.58018055725679,20.793430160676756,18.03770050363004,24.087316270992325,22.457108848467236,22.602823412481705,20.925879160420482,18.093101612527025,23.952173470592975,22.20279358061105,22.448073700220597,20.920178892103532,17.98158417804767,23.755739746652136,22.156603856005326,22.44279506628552,20.86051452446141,18.086559485278976,23.658374123892997,22.035157061093805,22.115400232251577,20.57015321952522,18.130901588396263,23.66164749407179,22.021749509669032,21.935888843809202,20.351886595516724,18.062552114880152,23.44650777819776,22.090647633117506,22.150734082469242,20.52608416971874,18.017315609182493,23.48708459840102,22.33998904821029,22.34217904130861,20.602924680293654,18.006654418017014,23.44495798309224,22.172978592938186,22.3233491453688,20.625668512648136,18.0180519999739,23.47000694433419,22.260991622517786,22.243534688433414,20.526281078330502,17.916040511880766,23.648449559694257,22.248530218261436,22.26250589343949,20.74266775899174,18.04297409135275,23.767411702669772,22.429079455087066,22.194230494934846,20.71270745612213,18.105661831943216,23.824865862201033,22.348911935016595,22.21718666847736,20.83920404746416,18.175533861311784,23.96533186328015,22.474613211119877,22.16727440720881,20.983895745191166,18.234173690993362,24.022175692351748,22.178352391586337,22.128715649923713,20.943168949446978,18.204892088441397,23.843166417619642,22.16682202651243,22.354496193523847,20.71208662307674,18.130665680205063,23.834271187462154,21.909092391563174,22.363152674527928,20.568211079424383,18.063079035630615,23.832502169741126,21.686964135502507,22.302231655640366,20.42283179824635,17.998287479989663
23.306603625918964,20.577121292595972,23.14489113128376,21.13041115557442,17.9582889974563,24.11610788002346,22.894098522573866,22.315634565880128,20.682685509310264,18.188241447924355,23.019001669688713,21.732526852942605,21.79401961643941,20.636156413807186,18.408087122162605,22.83441832415324,22.913576055084334,22.107817809277712,20.61835785532169,17.993903346636305,23.375088497908262,21.9098868286611,22.36097945468522,20.70270295514817,18.1992984130673,23.151620669137674,22.250275555516225,22.1222485381845,20.678425585061746,18.254540061181096,23.123475267187576,21.944228100867594,22.14921692038764,20.563939613189774,18.27677213253228,23.41707835066017,21.966270887939707,22.151591510498037,20.45302920787521,18.219918576724154,23.594821238989216,21.94664828771632,22.15406598604625,20.464898366354124,18.295680974829406,23.554700995376827,21.996975108191798,21.950317734044965,20.476261479300952,18.321338199806537,23.68833488955446,22.107178852109282,21.81534563908997,20.338379893268318,18.377252353162074,23.662837459922464,22.026097235248553,21.4918602392609,20.478194092668918,18.357630665558464,23.5657587770761,22.15964003419132,21.30457598350494,20.553905522109073,18.415180307962874,23.335717804488468,21.941514543956757,21.13603203101512,20.602170825814135,18.357662731722336,23.60613454377066,21.860728965215912,21.050537400706595,20.605359040970477,18.295525130426114,23.558189886301026,21.64960997831617,21.18255658150556,20.670920953756376,18.173309215742883,23.81226920272947,22.019549851377654,21.40271320672327,20.578188202847567,18.136734467017742,23.78275255781345,22.025446253013794,21.574323037273537,20.815186392463723,18.018469170107306,24.07095267648624,22.191537971955086,21.649974909978702,20.762233256259513,17.991480209271042,23.642580508722695,22.215461293126083,22.06313384808819,20.907982647422116,18.03890361554864,23.876217260005166,22.33973041288447,21.98657755173806,20.828588278605835,18.06360701350237,23.606283034396576,22.336182834575887,21.9842293911856,20.721175284422987,18.113949752943974,23.739402443778232,22.35640263373464,22.187641153279465,20.539683147538593,18.033446663881357,23.65062067847196,22.386384955450232,22.678111937431336,20.83938607929347,18.13412438523787,23.89658835498479,22.502303848925244,22.5729424011459,20.811316124823893,18.022601118998843,24.080536489627967,22.452368999967213,22.596535135536335,20.94313761942098,18.069398929733442,23.93900852780856,22.193444195077014,22.447974305086873,20.92309891651504,17.954857141038037,23.740305187634146,22.1508557069887,22.440203878467525,20.853846171596693,18.08782948588596,23.64563580740928,22.035535738460805,22.117505307896785,20.556580225718587,18.10106636537886,23.65884749639472,22.017760422089744,21.94387632647894,20.32726120150607,18.015380723748457,23.4539544275383,22.092418197197848,22.160156671280145,20.502072347621464,18.003846273283738,23.496664701858645,22.339840902638308,22.356553385498778,20.58371964151491,18.010454335661937,23.45172359679445,22.17478780299343,22.345136531541208,20.606805956158276,18.002444682261707,23.474694736578428,22.253942916438124,22.25745826301344,20.511203230785885,17.899678415486385,23.644727008175003,22.25407032061623,22.264645912637803,20.73189278189911,18.045016501811293,23.77113589784033,22.4351267921237,22.197589081441077,20.696996636348235,18.09703470111721,23.82554526327961,22.362933169697094,22.21501581230783,20.818191766830154,18.156447917993376,23.976767186072074,22.482909677621613,22.161668182334967,20.97629062753033,18.234028662161244,24.037382254908263,22.206807015281996,22.121004972447157,20.940185192887434,18.224000144341417,23.848898775628435,22.184747811061463,22.346175725663425,20.71318042917945,18.15061482246761,23.820346541023262,21.921303033624838,22.34625269816319,20.57707562772253,18.08051159707036,23.826443177064004,21.693950802398156,22.277229942911173,20.438128115573413,18.02427407566883
22.413664314145294,21.407947806460196,22.99588727683617,20.77921501701272,17.816974551585492,23.79982701399283,21.88967304427736,21.364976608265646,20.314287837119462,18.114488568347976,23.586702975135132,21.979940188040075,21.212258750346013,19.926623224327617,18.302269323490297,22.621944824259824,21.706823293689933,21.389687260142928,20.110223182620608,18.07332754869299,23.286836335051056,21.585325107119353,21.806541419259418,20.218973000000723,18.053696998948855,23.324129006629914,21.75693218175359,21.62195247519511,20.210294965010938,18.137895444795788,23.150034171171264,21.813762405614973,21.715472545398736,20.195611182860628,18.055569294531804,23.219674549790245,21.884751231774537,21.821717904287645,20.168069301296725,17.97796867001738,23.347600059072903,21.978119232611583,21.929906530800046,20.187408679526577,18.00740063132119,23.212215785286308,22.126233163088365,21.74433878565821,20.211226626571097,18.008410178659705,23.597028921145533,22.324158252963244,21.406211865888157,19.956654058241362,17.934867236041235,23.600416939041473,22.16213680157038,21.279095934853835,19.905712475599014,17.961692202627383,23.451920642624806,22.1087537904665,21.119574852097635,19.884686021891593,18.03569453310443,23.421314418229503,22.14682331015589,20.820431953764295,19.871208795430743,17.92212728768788,23.620956186375345,22.33113522688949,20.840761149935144,19.928455735537018,17.96886765530001,23.408486983168682,22.03166980957546,21.15574194139514,20.090842265439633,17.91984685614356,23.561039456872958,22.273877757710373,21.205904677384286,20.125697095218687,17.915148451004022,23.602336624486313,22.36552721222761,21.205139944159022,20.351218659318494,17.785690686829305,23.575889389109985,22.255325709562374,21.336398237740507,20.399104308082894,17.855073761341053,23.34674437539958,22.03600025068577,21.54648158501878,20.43937582327353,17.839459146308723,23.28482474160763,22.075790957895276,21.367603285240143,20.34492401122768,17.873586790008925,23.27649089512978,22.098385223364808,21.336172619847655,20.26213486657506,17.926468304406917,23.38362302027761,22.085007918654043,21.467995443843584,20.098398395074774,18.04072083573196,23.270288329140268,22.092577077955433,21.812519526368412,20.278371275073603,18.02437905072414,23.471065016401333,22.211449890003898,21.63627361797991,20.324062234320067,18.021810124162066,23.400089138932138,22.14586162528081,21.807354607716334,20.44854537093116,18.059656238520965,23.41152938384847,21.914206086887614,21.57945650233492,20.49597914246991,17.97763688649684,23.281595081385625,21.622253781540383,21.686872167897114,20.469668777284003,18.013537603740726,23.55734798136705,21.56105881760804,21.537094313800797,20.315137514994923,18.02982241127873,23.508043024561466,21.496635895447024,21.53228058002842,20.12776713192032,17.999518169927388,23.671236565644698,21.59806573133924,21.68639298980633,20.312622761263974,17.97732932323426,23.534103615007123,21.572633487206684,21.962027727431515,20.253754559637077,18.024980388479058,23.57751541714157,21.873275107023012,21.947132578792342,20.379870441262447,17.909740166561637,23.343226812903318,22.11607318827103,21.818374011265163,20.24161489632033,17.92788339216955,23.295062160979214,22.19240114724243,21.872077068376683,20.250707696838923,17.8899884438304,23.39688577756003,22.243519809839142,21.64767335707112,20.125984096580112,17.889756862382576,23.598914904413483,22.242018783780914,21.608152376439644,20.131936145102244,17.796140876631558,23.71231522470798,22.17181310269002,21.549568894950653,20.106947408372324,17.819978423987067,24.04697983818065,21.886644770809667,21.51605810106643,20.038514092930193,17.812597650074405,24.072813424679524,21.74555117700439,21.62176164888486,20.010514072620794,17.812955745843322,24.089731765768363,21.590229884503483,21.68968822485659,19.88280425739561,17.80769521363353,24.058276838637727,21.7158269959962,21.628326450542023,19.8388045996685,17.852152692778947
16.14120637924698,13.559186613537559,14.57317434670937,13.684588140967143,12.811157347952898,15.845419365557825,14.299799583429852,13.29098664594675,13.758869589066997,12.732778708212594,16.267680508002783,14.289859312778193,13.45240129504987,13.31861046503297,12.845526668374292,17.17015254258808,13.862169889888632,13.933483351311198,13.230200963929578,12.596425609222818,16.341996260931925,13.892176698436899,13.706143617892034,13.608222880382609,12.671515748059567,16.354019165947793,14.171027178864838,13.652079122008217,13.46273265941952,12.688040973809697,16.317401063857595,14.02216307442674,13.792752129872275,13.386722269853474,12.715662594516278,16.49133222862292,13.9559329075313,13.832610956061718,13.428440743574034,12.707186874986752,16.361757301906263,13.998640606159992,13.836854724899037,13.411831939922909,12.790799625737122,16.069520602300656,14.178359028954564,13.905566385332458,13.166520775774803,12.86763040660723,15.988642628813611,14.14926052188768,13.972709619141682,13.162199809163322,12.81655023713102,15.957679015610154,14.148998975433823,13.96039551837821,13.165610633737206,12.830601377765069,15.588129071715212,14.30813350643469,14.12249398940433,13.103634742537391,12.893041307642203,15.518793211412904,14.336466409100234,14.111182210943403,13.06305265570695,12.824323869987172,15.848393978218306,14.547039725281127,14.153397979656262,13.100083920285485,12.866529600778824,15.96140198498945,14.403265719899395,14.129038460190955,13.137250956469057,12.954994365689577,15.979695473023465,14.609620080840335,14.084691350921137,13.141069984361824,12.963032150809331,16.282612828801085,14.486619179538383,13.85382669773293,13.185409324949138,12.830863566493582,16.398519014825915,14.523925202958818,14.076461865487218,13.277499446988369,12.905235767534725,16.398980349937624,14.347797807397436,14.138884473575484,13.348633718813556,12.912858931489168,16.06823012675022,14.645102645712788,13.830275234979823,13.370136991593217,12.85410761044371,16.01803660070621,14.571946358440021,13.939754569834776,13.338327200845347,12.83461209648983,15.929822418871364,14.798407696036339,14.104000305882911,13.25417275061445,12.921174538651481,15.804476002036683,14.852488637852327,13.830028658303121,13.271277223546022,12.887954625493197,15.580085648967337,14.846423490769075,13.75141201961928,13.256217609931653,12.843591065277948,15.7543453702296,14.672413543159498,13.924147872421822,13.27064543958457,12.84612323616877,15.72354034866217,14.736286359971876,13.637897566167407,13.242470998542341,12.744717017543907,15.563745041383479,14.527419836803592,13.613333987417358,13.342843288628558,12.766115271880034,15.61085261268325,14.567356567854372,13.665456708223942,13.335002052171237,12.76803364830804,15.705203137754339,14.647509427495558,13.681798601692304,13.360831432293413,12.807591696884538,16.04097750695886,14.753657506229178,13.798589002219078,13.376739882468538,12.837290036700335,16.125005321105732,14.820276484771847,14.003339698644918,13.47380714825076,12.95839779538475,16.170909531045947,14.88787254466799,14.085066430060845,13.39599256441063,12.90158989813636,16.05077105092883,14.916477716542186,14.234745632147101,13.398701243367602,12.900285410690604,15.913343027532742,14.979823102045923,14.02913665814213,13.222868347976544,12.82839436824647,15.551948973560036,14.795992817895007,14.002819221796722,13.253485846418311,12.848338164857836,15.760393406929328,14.8902780362864,13.939261629273275,13.099725713198612,12.840689378214416,15.660965094052054,15.031748546467458,13.763594640005673,13.099728574983862,12.829367402259777,15.778779943957641,14.813904817149322,13.73541831178673,13.009000991876343,12.918414523343523,15.937841946420113,14.755238951437622,13.929474886761122,13.10437824346918,12.96761492771644,15.948771547112027,14.813781954523915,13.910601402461069,13.08868317346579,12.881248329258948,15.703465470015354,14.63759728980492,13.837620736815172,13.181967254294586,12.88234879070318
23.141706099215305,21.891401179278375,22.12976250545084,19.711221026631986,17.731423752725885,23.710137018051338,22.266295779138154,21.13525905873244,19.810272479014458,17.786622874991565,22.974213308891105,22.144162588745193,21.092823260819287,19.56763087351117,18.200026545536357,22.5301304616208,21.334264770128524,21.716908124726185,20.18428969343387,17.90609448940747,23.06121618438574,21.678764890333163,21.58319053814871,19.962952947563373,17.896894126466798,22.896470374942965,21.692020013021402,21.50104025994969,20.036504421818233,17.88219398188218,22.743278121768594,21.476993508918277,21.66311169968894,20.08040332665788,17.94250320106206,23.03804663957549,21.41008546965424,21.727380936663433,20.051928428280906,17.8600738494657,23.17788089367511,21.55629023732608,21.58233696821953,19.970758124577316,17.82310507436814,23.15364815113778,21.66278677489006,21.395232927873273,19.801153120654263,17.774016154870697,23.266269383330446,21.662532139106315,21.29731870627168,19.852218128895846,17.69632218744066,23.358720268005893,21.560540668452944,20.89045379967192,19.639732611085332,17.666280443807118,23.247099849831024,21.30041249513102,20.63833251248752,19.687553744985564,17.570518915271766,23.14860032658465,21.143130173799687,20.544394674450423,19.664811833200748,17.53438947858011,23.55511050853827,21.313391610712547,20.43380098179385,19.80159086873714,17.5442763892021,23.474053676350263,21.20824936877664,20.448996966291055,19.568097579561147,17.611154170396205,23.568781990508704,21.41469882114878,20.414424761125588,19.627386738612802,17.53231304229465,23.500903554318757,21.607233179674957,20.44380008790313,19.64814693818584,17.58513511172752,23.71109390412878,21.512597860802746,20.628972306138458,19.684510268866326,17.601563742414367,23.381505934483602,21.449332491200174,21.077822445699816,19.55415435905861,17.5855076988828,23.56604106596688,21.323321144688304,21.029660228055644,19.523770837137196,17.515544144882014,23.409087783419807,21.184602329456634,21.35518368697879,19.63322983981933,17.622571281149924,23.48879976147466,21.312326813710943,21.64026480446413,19.661012378099393,17.562308207980227,23.551956873595373,21.469726157433342,21.96457659620694,19.794739193551344,17.621073638980313,23.63211385949375,21.460498401986946,21.572266476424044,19.85901520793724,17.644561975183425,23.557337408278478,21.79097656933913,21.66609109965939,19.99455467484555,17.745550311651762,23.459093077045218,21.916442908311815,21.510390236688515,19.94326209635468,17.63521360265742,23.505664809990083,21.761053848515697,21.58768516249647,19.930282211744345,17.666618267891014,23.332717387124212,21.760735897562714,21.2375284291403,19.720025308232447,17.601148026322242,23.045648536599806,21.63391107519066,21.315094452213696,19.634140846958978,17.55560974357913,23.28797472721923,21.72597609632492,21.426900215276568,19.788611712263,17.50346560549245,23.29299938454364,21.640713969533778,21.68529821474479,19.76263847396338,17.50297578732622,23.23987351598835,21.65959886041324,21.527734526616467,19.740819396353935,17.559478377968595,22.938782644796024,21.708728830155987,21.442104947711282,19.850511731428647,17.55738448439904,23.12532869878412,21.67918026915087,21.53861324407449,19.924845311350524,17.614808925706708,22.846467315617964,21.415116684430362,21.442911339037146,19.90901142148966,17.56843107047289,23.17236303534575,21.551413019802506,21.39080439218923,20.091880654796693,17.461660371981957,23.057483476404236,21.505308339934423,21.436849982358055,20.094864852136986,17.44871230077286,23.539103836754045,21.49299418065906,21.634466683009368,19.97827840593951,17.41056147100867,23.514336523126303,21.7700869525332,21.67514051905335,19.846617188114983,17.37357983707763,23.735624884460925,21.59753806103535,21.53421761519281,19.894126086345572,17.423564026874367,23.429671643349558,21.462766146504197,21.629367610235235,19.687351856906773,17.584266144549538
23.13163115233642,21.899299594603114,22.15917339093721,19.756662622753723,17.784956221074058,23.74292459471879,22.279762089577357,21.087788378820566,19.765858251182625,17.88537126148855,22.99867195774827,22.13321448577196,21.08340374559554,19.601377358071606,18.15019677298779,22.535967288428953,21.268406845036065,21.750712086921006,20.238780262721622,18.051798528770348,23.066070863909506,21.666702062411076,21.590907257386892,19.97873262468619,17.95080586373118,22.91009195367601,21.663206886564204,21.51483956443862,20.03739213724047,17.921312119040795,22.753228589287,21.44202929826661,21.685095940148138,20.093157555595663,17.95642075619707,23.040744631063312,21.3841304651825,21.750070305769288,20.054878291309567,17.887575588798363,23.18197197939857,21.540124867397243,21.596973013954333,19.960940389183218,17.84219233933827,23.163528474966984,21.6372217907603,21.39952843527747,19.791383693570076,17.788700541132574,23.269348645652265,21.647236468599043,21.292242338341435,19.83977352960639,17.73035688925633,23.356819013706378,21.54102484586169,20.880608203962208,19.6260573438656,17.708615246572553,23.24043199804363,21.264589872946924,20.63178206737112,19.676244967843807,17.632976126773524,23.13762179517526,21.114489797155603,20.53871027368232,19.66983701280018,17.58979769260256,23.54897235604644,21.31010865694338,20.44185496936756,19.811690282570815,17.597555061062533,23.472578884936812,21.20994596387832,20.452485057857295,19.593933307755595,17.637306767617307,23.572859749221323,21.42654515641137,20.428164586342838,19.644227986718818,17.56048407461943,23.513864613974327,21.62323603497494,20.450919518615404,19.66559529244946,17.57634867162011,23.725683778662763,21.517914785954407,20.63393529014442,19.68533028006331,17.55836407598105,23.389301550739127,21.44212615208622,21.071322776938455,19.55594601699459,17.554246129082827,23.57910582724913,21.314817986041422,21.016140162412714,19.520233108488572,17.49655463696072,23.429887557660443,21.192811199945904,21.342686478494166,19.630045171131272,17.606713265549523,23.50738533992326,21.3291889520103,21.62743159568106,19.661637370802957,17.5315213455924,23.574662246762923,21.494971842150516,21.95731328720947,19.808432126001588,17.610103493580976,23.653081767488707,21.480632844038116,21.566745375039726,19.876263529620097,17.614680796908356,23.566078747819898,21.81417975526378,21.674379643366198,20.012665027195144,17.724348247267887,23.465228442745563,21.922695259364588,21.50820763077585,19.972052468703943,17.600624018618507,23.5109352566141,21.765254102524505,21.592733354261412,19.959151639646183,17.650583494349867,23.329380024603882,21.764958564616332,21.248415684465932,19.727222397857286,17.593913432035954,23.044416737471302,21.63677053982122,21.32951830540922,19.64194599113741,17.591113321814916,23.292309686291198,21.73586960928889,21.436523584124664,19.79238614948187,17.54142870957794,23.287221819662534,21.642514920691582,21.69343502330649,19.761262699364714,17.53745172484242,23.24073542417498,21.65448156949337,21.540292274806532,19.731461672632623,17.603369807783647,22.94776414822226,21.702797423955406,21.442112080586206,19.855734715022315,17.59585953735928,23.137965670672486,21.686826219696318,21.531587223968277,19.92616068305993,17.58590861073533,22.851207175515878,21.4202877749151,21.43952280953382,19.90601331496149,17.521280716381607,23.180458049443097,21.561531197744507,21.405232910051645,20.09186077844566,17.439984838632505,23.05762561813352,21.526507450529454,21.444574781624063,20.10134357580293,17.426777302796182,23.540366884619747,21.518929740976045,21.645823690043848,19.975470497253827,17.37635081634657,23.517954857150155,21.79277977722665,21.676576983168086,19.83927670139537,17.37200979070145,23.743354185544007,21.605068528856037,21.513690038002665,19.897411104363194,17.44090139150886,23.441163186794675,21.46803225132684,21.606470168689505,19.676484274131255,17.575955509641286
23.115956519558885,21.91875792588412,22.0921666864662,19.725365346312067,17.807952463516077,23.726577273208914,22.240699095155087,21.151220355451308,19.812101619800746,17.802279915267853,22.980440544633165,22.151415711573044,21.079815094380656,19.526111665715398,18.176401319845453,22.539117796748805,21.263104567988158,21.673525713062787,20.219888071695657,17.897675773600177,23.049778824330804,21.67347166805499,21.578808975978923,19.968967235919212,17.883770191234795,22.89307367173696,21.68399822726161,21.50140626408497,20.03210400590806,17.85367634847906,22.745731208606454,21.481604522749784,21.659333158186257,20.069059756747823,17.902744627999745,23.033928376724624,21.42800650679585,21.725069897404218,20.05120358337512,17.808649494950494,23.174509363055837,21.59301403208573,21.590534695895926,19.96942380822145,17.773080154906047,23.156121012334,21.68916592451784,21.390414888634474,19.79661896948666,17.7547816129318,23.274167490080874,21.688136961768613,21.29527706756294,19.84831380871197,17.678315785209016,23.36540113967667,21.57224893551649,20.91907180723946,19.658620041483914,17.65913415051397,23.25642039236337,21.30269130893617,20.6655842330013,19.702934338861134,17.593878203548012,23.156180007238124,21.14127145290843,20.570655495668753,19.68611582217894,17.570332677295813,23.569439610606402,21.309353595723135,20.460440344805672,19.819562045367036,17.583039006675005,23.48061627890571,21.204489247678275,20.481078812724554,19.60206551289062,17.652711636995186,23.572540557800973,21.399217428156824,20.420126228148092,19.651383716584895,17.567127657517297,23.5036979513821,21.588496744374332,20.432355266120837,19.673008986137447,17.60059843892372,23.695779474944807,21.46492394221367,20.612180365855643,19.690039700846434,17.586719855996375,23.364632044446694,21.39400021521409,21.064889606694592,19.564495072079797,17.57654237476941,23.56122315875025,21.270245046679136,21.016431178921106,19.52584709848936,17.517806964681657,23.39384709858681,21.157027787378706,21.33662969359397,19.622610751012342,17.634843104090095,23.471518279485526,21.26757037830574,21.628420495154206,19.635774166902763,17.561378392616074,23.559936143139474,21.454224728925055,21.96118612804784,19.788014436687618,17.642154846631144,23.635777487514126,21.46380203872887,21.559831511775847,19.868085045438256,17.654718210965292,23.542591008676634,21.787371496709703,21.665770540132662,20.01157237691043,17.751938384275554,23.459307900533364,21.904191958803732,21.4992774438169,19.967983387194923,17.62868708512506,23.506727566269966,21.770835703331244,21.579993481277583,19.967284048176623,17.67998833199655,23.32505314840044,21.775251479467034,21.229015674555313,19.73675777469804,17.612914487564257,23.033250472416363,21.642276789143985,21.31381468143045,19.634327794504458,17.576034594998337,23.28403731593673,21.728922037555947,21.40348355824873,19.779794721072363,17.518515027374583,23.2708563598487,21.64784484522178,21.68341862878966,19.749806598539955,17.545582195657026,23.226538989596683,21.656737377702438,21.534146588684234,19.714335748714372,17.593499159547,22.942383713861464,21.699663129878402,21.441025716127665,19.832559555396802,17.581923774955182,23.126271414098788,21.672579775779337,21.528120157667743,19.89797557475296,17.607757932786605,22.842593547968846,21.4219211001337,21.43465177578522,19.874468832912196,17.549580042230854,23.173575941306453,21.555249068550154,21.385441076352777,20.062234833136507,17.438097720925253,23.056900822584407,21.519115453565814,21.43276362515983,20.07990881137706,17.4297265697464,23.52306752668203,21.516807810532267,21.642448202441308,19.959392335481162,17.384512365715633,23.513069780282542,21.800354945456725,21.69012042170629,19.83801390179446,17.37488622734177,23.72109158352652,21.623570798004316,21.54793487124717,19.89173350632571,17.434846573743716,23.422566774553637,21.483724977178714,21.63462821569269,19.678530101544958,17.571487587296826
23.083366855561753,21.93451764334027,22.10873001959883,19.73512557884202,17.69262612663009,23.71205314997767,22.274034791160254,21.108778140675444,19.755009386951233,17.87776783426199,23.01441108752634,22.185119621072662,21.09125590399802,19.575191234510584,18.178581834257265,22.532523340180806,21.30159451567042,21.725667550258557,20.246975829794714,18.02807845436115,23.054987051918236,21.691426380195814,21.575852655909237,19.974236496229995,17.913642058448687,22.90430385303884,21.685679481475837,21.50043469533231,20.039494301293466,17.906939340296738,22.751536649178767,21.47920320812057,21.666987554001643,20.098265171100127,17.949328042523213,23.03438605821659,21.416328762127158,21.738128863781974,20.078436405523554,17.859834426319807,23.17418306244353,21.565842541652383,21.588758921148944,19.98718582450045,17.80788309470915,23.154871515450072,21.67282788358306,21.396048775995403,19.81639333034986,17.766071255317442,23.268609206468177,21.680476374999955,21.292482579532283,19.873918008514032,17.695316414341647,23.366909654107882,21.560673885809848,20.883840269618887,19.669099718092234,17.664971525860942,23.25410032802544,21.281000260302328,20.62479022070765,19.705161635616182,17.587319905449533,23.157528342242575,21.13101067611681,20.52636547280588,19.697113487525975,17.553542016259268,23.571647145936588,21.31836207437314,20.427162680487733,19.830469105845378,17.57198972253388,23.49391532376868,21.2197173242524,20.444379578301703,19.60822293069043,17.635929680792884,23.58800787222881,21.436404648214875,20.42163509875666,19.655794869608453,17.57586421812161,23.521147970726332,21.629053933088397,20.4521820448513,19.680653412144824,17.629634562843613,23.72617701950867,21.538588140026597,20.64348540093842,19.699621216398967,17.626523115463876,23.385079046781932,21.456194394073627,21.089683219876314,19.57982247232767,17.626606561632354,23.56116816751477,21.33170907665382,21.038275570548798,19.53832516176122,17.5801888949971,23.40371974898178,21.205331392445093,21.360842332769803,19.632530773449183,17.680433947421097,23.488618741439588,21.331974943553774,21.652368471330945,19.659034324093884,17.595067981376783,23.55614116480315,21.48946994713483,21.981839147468875,19.803290908092855,17.65143252787825,23.63173000384261,21.47670961182672,21.587088599039884,19.860599155171087,17.660010392392316,23.546670315716867,21.81260956159033,21.691274405857392,19.99733797135294,17.744649119128592,23.451924328265214,21.927722170336818,21.519275861578464,19.959297659939466,17.607954067907116,23.49054289833095,21.788555843569412,21.59601043998755,19.947020285161305,17.64656880827298,23.317636459157526,21.77370610811705,21.250985989941,19.72189860875367,17.61447167244946,23.0465262521017,21.647666317075597,21.335310166215212,19.62929952167122,17.585242953199675,23.30526158921617,21.72825063782779,21.444901572829384,19.785875080110976,17.52648828897332,23.299418425424246,21.625243362487254,21.708946813485596,19.7586710641708,17.530626182082422,23.260620250586797,21.63827638960973,21.55153424196621,19.730846668162123,17.607258408820606,22.96487402755114,21.69262638824703,21.44721650181422,19.84328829229775,17.580056735128647,23.13657653074706,21.670944355220474,21.536642059543098,19.929553042562645,17.591444819926217,22.85525618640858,21.413286758094326,21.448359692982077,19.90198297607814,17.5392835824869,23.18343036391344,21.56269780903739,21.41200273617327,20.095463143329184,17.468496542563237,23.051762237934533,21.51486937884067,21.452239750878185,20.100866419666914,17.44026944200683,23.53106442168534,21.51950047094718,21.666888181752135,19.984317082189182,17.42298989694566,23.521546587907025,21.793331520718976,21.694352372420745,19.83368221397248,17.42209919325626,23.74423819422376,21.610233019754254,21.533948118396125,19.8967003686893,17.475744974312175,23.437318149403506,21.486498644163596,21.616082814184395,19.683196140586567,17.613406453697383
23.903893367488717,20.804463144556347,23.09276413673867,20.94493100757591,18.25881082402639,24.30134727554077,22.902628594061014,22.175671575259646,20.405294668415117,18.222449999482663,22.920104733794705,23.106416281035987,21.99624535535998,20.57476125473623,18.606928432492936,23.95215157347495,22.450481654059956,22.285210852198276,20.25749782450996,18.422322279268556,23.70882892400352,22.17732112853969,22.30404079564971,20.612754790382247,18.341910418549112,23.568674313858168,22.58368307590512,22.09788685678529,20.608914707595297,18.452511232615134,23.364482614262442,22.37742200013833,22.190189790227464,20.606591589374567,18.449427461694345,23.709536601416453,22.181245244745973,22.116409528608017,20.52626857307277,18.452828617194804,23.66076217442272,22.22450928181545,22.078140523037224,20.627849150829377,18.426949993732904,23.452794777724062,22.259906055072435,21.8875003721674,20.583940299478122,18.483129539190543,23.452846050856493,22.219312065985033,21.815376334081087,20.503273473916305,18.453421084583216,23.665600130918563,22.103876290550154,21.446807529812755,20.541195195389726,18.457167657621504,23.586151839786684,22.159410945263875,21.332013414927175,20.5697946614642,18.429057244695464,23.436107729741604,22.04793860850563,21.215558671034998,20.556994876615597,18.39052748593234,24.0878763645237,22.156942501856165,21.328599315287057,20.57842632149959,18.401502378935174,24.06412746251751,21.934585943331893,21.35697228174149,20.48503752632671,18.341803121006937,23.900647826819124,22.20854692910661,21.557041024243716,20.42220485072382,18.247698062225517,23.81888297185107,22.21795659814278,21.71723944753033,20.59389674377446,18.16324185863992,24.080135378898326,22.368544995108408,21.787248988169292,20.477101094578174,18.1810870119645,23.413230095880767,22.41921953687237,22.13886315604763,20.481602370951105,18.14102055563191,23.73807642992504,22.668453943922493,22.169008336468707,20.51589283482389,18.121657085463852,23.73135214995846,22.66291415425014,22.172563147597277,20.42684371700047,18.279823517290055,23.839123664252973,22.760635762954827,22.367533025155467,20.333575820754017,18.205281093951516,23.81593971691588,22.634047044293844,22.896853427118824,20.688958727053258,18.270908349036272,24.131290941953022,22.569471706790523,22.674558850343963,20.656401513118983,18.18649027893799,24.01520549706124,22.436655331364154,22.58602304466,20.818301425528837,18.195527851331402,23.97435854183745,22.25061634857102,22.478071924782547,20.935252765217374,18.041612934361233,24.03312881496626,22.16054932973471,22.46896190348478,20.89900300333095,18.18183474488855,23.91066450786609,22.15749526535059,22.089966318480087,20.608376169524877,18.177959860469514,24.05242410735994,21.997437686128144,21.91297541262032,20.49921377611036,18.264898489192564,24.094464201148178,22.19710727844969,22.15725022024155,20.621029563450367,18.23697114596238,24.263530231445134,22.435487643631223,22.3154585068086,20.567082462396275,18.267524942193972,24.194762236818807,22.403285081099604,22.263261080170537,20.58893274635504,18.22261353700359,24.195698509786826,22.512738863811112,22.18745102406058,20.554428450467263,18.15259399816003,24.24700379858172,22.70535750871485,22.35703503244137,20.837261841488054,18.15736964681557,24.18964243603724,22.85390083042974,22.40430378317661,20.729720844283023,18.247708099340123,24.127386214802446,22.791285698652008,22.510918777860848,20.87318666278906,18.288011204054904,24.076156897478555,22.86167688619691,22.479348238346688,20.964448401543013,18.312392236281866,24.238282886142304,22.67968636088975,22.45749485669997,20.994346249496132,18.308307029959032,24.117796903370454,22.605123418585926,22.560803082172633,20.723195239470034,18.311951593724064,24.19902416433204,22.197301573331004,22.419903639466533,20.66337835156189,18.191208426700886,24.29028944197271,22.022365999810656,22.373812684374208,20.542890375129048,18.14061363461408
23.881748914121065,20.744955621836798,23.086262220509507,20.933629312340035,18.332429167227353,24.305297862826336,22.886899334180118,22.166699284193925,20.363966367586965,18.185485063499762,22.953695010134307,23.118368053428778,22.004261873480612,20.544293629010852,18.616477420452604,23.967296836932462,22.386292890006395,22.292554874754043,20.287591492943942,18.504040207156514,23.716208403498932,22.150067242124766,22.29627782019424,20.59278284669478,18.375557844564536,23.576089763921352,22.56125605455359,22.09077164898291,20.5907042030209,18.469390184573086,23.369525413535364,22.35123138975522,22.185594439325804,20.604004548090384,18.45548986638035,23.703032469120533,22.151062890444457,22.112914954469417,20.532981874410886,18.451772113094837,23.655922294315324,22.2087688703595,22.07263791781303,20.62363864040048,18.408448834730187,23.454516991955,22.252112201434745,21.87938908963475,20.583129625923284,18.442933348050087,23.464682192495854,22.219464117870935,21.808026465531913,20.495889598604514,18.419733527905247,23.6758724356916,22.10903988444543,21.43523215844844,20.525610943170562,18.450328058926015,23.60395535528239,22.175843182216976,21.309970166455056,20.555089609968633,18.413186089999535,23.44763946894952,22.065878480292373,21.203144011435864,20.544246134580124,18.378877547073113,24.092199362027472,22.17407537287497,21.321868958008235,20.565584769887323,18.396796679814663,24.06964662981906,21.95502440157731,21.34709983321455,20.47219431229604,18.316146398100894,23.91196717462864,22.22974736005289,21.548294146085233,20.418803544612054,18.2155778542107,23.829048905307392,22.2277585796357,21.714063583599376,20.587969469167025,18.124747100019437,24.089159534495924,22.369431369213906,21.778599368078595,20.469020005980923,18.1426801028392,23.437836512752167,22.408338006941058,22.12963602032834,20.47944803430689,18.110419303266635,23.75286544532522,22.65114716396936,22.167497981494332,20.517029813346152,18.10664980170761,23.73462564817897,22.643550414003414,22.175852910379433,20.416829716543948,18.255108226681656,23.840829657521873,22.738895362175057,22.37250566189326,20.32538336799853,18.18917952191884,23.826852278550913,22.61812584602105,22.890999847171706,20.679888940219854,18.248686059678477,24.123620872311577,22.55921209606012,22.66947692535016,20.649244658703516,18.16601162194962,24.010478710014393,22.432339109652528,22.58061423544308,20.815553396211346,18.15679027990341,23.98175950037202,22.234358829161472,22.473050426849362,20.92870813155502,18.01311411889676,24.042294998762447,22.14413072707154,22.47026303609858,20.875792960493488,18.14999578791507,23.91181452765762,22.131772266199516,22.101967007930465,20.584311544450834,18.13734557664448,24.057177775163524,21.9628569237456,21.935694548298713,20.47619320913663,18.216768431020533,24.1022573905425,22.157901751110586,22.175233534076135,20.59419276748765,18.19668575587439,24.271966086713668,22.411085368518883,22.33144674235412,20.55123598592941,18.234548833648184,24.20781994758365,22.381158993587817,22.273543450346928,20.58625288373714,18.17838042222683,24.21374736592059,22.489666379190567,22.197885586855673,20.56396091759843,18.121716635285242,24.256452349936687,22.69092526971439,22.358707648765346,20.841481064860005,18.13817384249566,24.192662041482485,22.839506728388706,22.40432648460488,20.73191135700481,18.239713933548366,24.12143081485577,22.77791053220246,22.50962402454578,20.87076812417365,18.26438341174657,24.062968946206663,22.850759747732194,22.480471644846318,20.96453197048613,18.31410123676891,24.223725129660476,22.684390118692775,22.45423372577771,20.994129856810986,18.307867452772385,24.11471449925994,22.616782049089284,22.550755492198476,20.729265385698312,18.306669858253514,24.195192551902085,22.209175905574163,22.41146725493713,20.666808698516544,18.18858228193789,24.30020134123179,22.049745694845804,22.365052830404192,20.5487303460784,18.13255727931015
23.446199677133762,20.292869773364828,22.85518176117159,20.581015416814513,18.178677115252235,23.629537692874514,22.3202220046815,21.741802823408115,19.98303443935018,18.12694149119551,23.343461066654353,23.20204809755525,21.20545114492342,20.201267995764322,18.221070450716166,23.236187248414968,22.215042382881762,22.13712223994586,20.330382408053094,18.39735031628057,23.458407701589614,21.82244095878705,21.948257161333913,20.299167475989638,18.245928753593127,23.376012170042582,22.303079940064727,21.718724441532224,20.333861517704477,18.345450557225853,23.346611830086925,22.006133336806208,21.775228264971254,20.394165800793637,18.366365798222148,23.546393856745777,21.887895937796,21.89735654483446,20.466031621126863,18.382847715779512,23.704249686917585,21.951390924348836,21.857637288357445,20.508034154946113,18.401310911683595,23.623268234321404,22.13725878549232,21.55502779967094,20.514403094356116,18.448867091429,23.901661640693792,22.16795900225761,21.566219324594773,20.397276240525542,18.462870447529802,23.872741932334293,22.176705166121778,21.335004754054406,20.439371891146447,18.470155011864104,23.817155497024675,22.062788456559062,21.182223561685444,20.28485645333911,18.461318588883945,23.688133664658462,21.955182290870827,21.055374568096468,20.24057092205243,18.365073019287685,24.200715944490792,22.05922914285246,21.23165570089235,20.3083899364214,18.3339161920461,24.05467738586538,21.850103304905595,21.252207846399045,20.276452929502202,18.18311702371606,23.93275343777363,22.151932678318353,21.410439959540394,20.208165623569275,18.07328301016306,23.829093699404005,22.12312465154732,21.49308018678925,20.44606218038536,18.064813590909573,23.803878751497937,22.081545439590602,21.62451878965708,20.413527215394446,18.060756005512104,23.127104018596672,21.95221807327965,22.00355222870386,20.38855185233118,18.04220826776327,23.15404424210096,21.992360771632047,21.99990901343891,20.373240119468424,18.05099327738067,23.090438227087596,22.046337497817667,21.83280742591164,20.216495345112264,18.16642054280717,23.302350181248066,22.19582104540071,22.051454703808016,20.109164301326167,18.076585481793213,23.419543245409397,22.32130123726838,22.45126509344074,20.40168654227505,18.20554283789157,23.64584074574085,22.334558480493364,22.14728109501276,20.417447037512687,18.18019997764886,23.616990680664102,22.363258827718315,22.107418660928168,20.570160981274153,18.23570436060391,23.83972142829402,22.033847232683634,22.117313720511834,20.698285290251032,18.118417442834346,23.747959227485513,21.88626010727265,22.12868117424356,20.644760994917437,18.253981369037255,23.551491506993475,21.863780753251156,21.781847050846764,20.35511314127387,18.240975869856342,23.628860133108745,21.8183487061632,21.766879000461152,20.142648352621677,18.20790085212776,23.639599659292035,21.94309759500326,21.966952777782257,20.30685572793239,18.216601286618946,23.652001940779677,22.111021766268088,22.130045032884887,20.28404840724631,18.259867011811927,23.5666216184301,22.16395615200237,22.05041821788849,20.373025363049155,18.176381103316125,23.59270677182322,22.256242614633297,22.07691042513438,20.36081737130229,18.143503188559553,23.6936421729662,22.215497564003396,22.15698087505993,20.625506769562968,18.205517691067673,23.705783654110107,22.2233524488302,22.1692223088096,20.48506757650525,18.190045957586896,23.897005312010783,22.321603261426965,22.311690180560397,20.553982225621866,18.21531393815672,23.93813795997258,22.3377305182159,22.310078626202152,20.618883109479164,18.231858247229056,24.190200070524675,22.135350648075867,22.195871785844556,20.631905249032616,18.191786160351178,24.087478264848478,22.220757402721013,22.33908825926911,20.38721935466606,18.170078852276998,24.239972448794543,21.94212622017482,22.280222625310834,20.40358168731813,18.07451876879658,24.223964478206266,21.70097967285393,22.1930347262627,20.404694589497257,18.006150231274038
16.75513819978091,14.26614354619365,15.30015313858679,14.32091529023885,12.934113966544261,16.910276407358197,14.768617425661175,13.849473382542804,13.823953710504304,12.773854200835519,16.239313185689596,14.788047646138377,14.123581162496231,13.441123205587049,13.17121425046477,17.375277790129083,14.35219958664038,14.212885087758963,13.640470806686796,12.822722316066258,16.921944295886703,14.473723320357175,14.26300351496739,13.905439547554366,12.945410039609417,17.014472005511365,14.70669263114301,14.224007199472942,13.712047752498714,12.985609885609364,16.926759027585156,14.678904365287085,14.256349878287333,13.735945880011704,13.050221068577574,17.129631042396312,14.582570842978711,14.450550252685897,13.751501800582039,12.968573073651683,16.92599613326403,14.727115634865385,14.5062813564349,13.645528340374216,12.95885687860557,16.53928551795646,14.839425078873813,14.617530523323257,13.424018001989065,12.886279450164817,16.291758870212185,14.790609436898261,14.556312212136998,13.536317696785023,12.87877228955717,16.20640907295911,14.809284679640985,14.61633987860418,13.408620713435363,12.884807503211519,15.912319767195777,14.920827928574209,14.362613651488923,13.31503933086815,12.94560000401503,15.959451939566677,14.994597618284672,14.339826928915343,13.354693358019182,12.957022840731232,16.484797531901954,15.193188573266164,14.228282955557038,13.439743271500365,12.997932621840514,16.4927294561247,15.093770468100335,14.322809876492116,13.356454105024465,12.991337566628214,16.42126481440437,15.112099590682314,14.277025783502804,13.444878440249079,12.859919884599435,16.670630264384265,15.129475559226886,14.230371311228993,13.587596115476595,12.883667079489687,16.76998777488696,15.180592612797312,14.37247170520213,13.596432412259768,12.922298655344708,16.62155839715836,15.057856682503333,14.659101238831042,13.654788300296875,12.964635866678368,16.49499149469548,15.294342240501503,14.264478639910777,13.672825608172761,12.92079365006983,16.5022624650626,15.345076190039345,14.374603014478428,13.69538233384024,13.042444949832305,16.515163093268036,15.477193235560396,14.614519204490048,13.63248426583402,12.98666268165645,16.264292443496252,15.374917425852683,14.612101286383126,13.704739016522518,12.912261115089134,15.861353333589742,15.338715049436635,14.376730563746566,13.642249543423802,12.93365499739468,15.957442240562765,15.142471688093432,14.599427809961458,13.596838128914692,13.006802049724286,15.871628735521616,15.257157019857123,14.418933249527555,13.541045408610199,12.977530567499688,15.78854815138888,15.142707525457245,14.280523582754393,13.561587224604526,12.947983067119214,16.106641904405922,15.256917960066406,14.14330753526011,13.474681112774878,12.93650266980913,16.395543913000942,15.401112813864998,14.22468668352629,13.451570016517095,12.952385768707979,16.820562415257317,15.564006060523871,14.321301242121109,13.57890341854987,13.002677668005365,17.103547080552968,15.417945451933212,14.441458860523577,13.509502802540073,12.990074852078923,17.080230865485856,15.36843049856723,14.726487919928292,13.510458959506497,12.967509433271982,16.879108918937728,15.386565175677358,14.759828795764463,13.579494554627837,13.057171397492999,16.699572438244918,15.405910910867416,14.682784531538289,13.5956375137801,12.92795004531121,16.378441218316055,15.283560785212604,14.685508182029931,13.515597790040696,12.891121691887355,16.5404218669541,15.541221212599137,14.700349676720952,13.53607122570591,12.922533030206765,16.534450463804784,15.729012858537084,14.586761229961661,13.611475564657818,13.01907149252157,16.69020170007139,15.403666031199464,14.564192845671457,13.589470974417555,13.02345088042281,16.88496457659445,15.391647785418666,14.601921427201907,13.621247143710955,13.010849242093503,16.840849841949016,15.453409238956135,14.53450251467865,13.569554056590722,12.93520223545264,16.627853967940673,15.1912341085052,14.51278022504743,13.620058187594196,13.01262056435703
23.095166630646133,21.913777561877254,22.10567484159745,19.765959247856046,17.78640159498276,23.747087475907737,22.269871923377718,21.08739997258716,19.76711105048416,17.791864586069458,22.990784726357663,22.10418927951934,21.140930751665778,19.560816538750466,18.211869477395314,22.515154832959755,21.341811921431955,21.772651928843388,20.220009041204978,17.98730365101502,23.060972249853876,21.663678665290153,21.594633749884842,19.97489866449735,17.949119542872243,22.906521336395127,21.657695704730795,21.530064248938448,20.0219981389883,17.925741393077136,22.756044970031517,21.453925671608477,21.703691875115236,20.069515950352393,17.987674349281644,23.04947829487185,21.40388156475355,21.752735309086262,20.048334898387818,17.91453557494919,23.18930851839676,21.54575008474274,21.605030906610345,19.954077387997962,17.87182543192361,23.16453307069147,21.66732831390633,21.41544706440088,19.774719721643446,17.80974154251469,23.27458550146165,21.677194409234215,21.307604381849767,19.827652719806217,17.730542451247267,23.372836239134276,21.556815422536445,20.890206282360978,19.61767265792792,17.697114256113604,23.262566142455967,21.28887523829642,20.646160383284737,19.65864020852019,17.601646620508912,23.176677991588157,21.139791044728707,20.53000737029606,19.648932613797555,17.53978177190627,23.5843949557029,21.32138315664065,20.421771003206523,19.79223903721468,17.53821208912234,23.50092107222593,21.211302671227493,20.429316303044835,19.587553975863138,17.59720985141026,23.58022536757689,21.437941010419998,20.414839900643713,19.653639173647584,17.51876141852092,23.511493280542027,21.623866681892782,20.43733677533435,19.671156876994765,17.560364934994144,23.70855114617916,21.516366693369804,20.63843444526822,19.692455109373206,17.579429654590808,23.366934293375245,21.443441573040413,21.082291887355485,19.551280677749425,17.57511947178333,23.55674381182542,21.32508305004158,21.03831424317369,19.50392924729862,17.51958306492296,23.398814286972218,21.185640610300275,21.355958094848322,19.598510754470773,17.623286486567416,23.484644088220936,21.320447270434734,21.64580415712792,19.623952084369147,17.542737423229635,23.553172688728402,21.48314728523568,21.97048093894003,19.770820978757804,17.602777358848137,23.648747661049182,21.469335889018314,21.57424032004169,19.851158646124965,17.61226063933733,23.568762535230384,21.806264956585586,21.669321433655305,19.98758125790881,17.726613445079483,23.479805791277904,21.92625577308033,21.50986621127178,19.959095225103063,17.613295604892265,23.519728136914722,21.77489695200982,21.591282015459658,19.959321365143463,17.65305192855956,23.342416382294978,21.77668287803058,21.245386546968927,19.73777512401107,17.614618830816138,23.0526235876221,21.644663148197374,21.335975731844968,19.6453402750499,17.58912031248281,23.30150828908627,21.728543294892717,21.445560002212055,19.794805588017237,17.510902944082,23.29220206463689,21.63352478709158,21.694205290425337,19.748130105559593,17.525988856865858,23.24279086989371,21.64958728849888,21.53967558541448,19.70649095999009,17.589075238949185,22.952217821009263,21.695925199880012,21.44362648682202,19.821128053796706,17.558583459956147,23.13249405078843,21.671078948762155,21.53100250143991,19.901520707655543,17.59005193295311,22.85612590529202,21.420142135663713,21.44136219929908,19.891153130133933,17.544742289077956,23.186695567885007,21.558119572858864,21.404029430238822,20.087958300584013,17.43781740847559,23.065093891914877,21.512437744837502,21.44292406587234,20.104909439062855,17.422056421349094,23.539289451305486,21.50678945401656,21.643530065382755,19.986281114044374,17.39161349180679,23.51951829905276,21.780109270679766,21.682904128884694,19.854255301519817,17.367488763435524,23.732214984955437,21.590300176763474,21.527936213740407,19.902123106299992,17.422016717258106,23.42632257976289,21.464622612400078,21.615313558820695,19.697396417342695,17.565188361423942
23.064972959408607,21.90910510356814,22.12661212679183,19.710562800737875,17.689343757275733,23.7048207658522,22.209925524787078,21.140391945814926,19.750772784894018,17.839211051846824,22.977036576751726,22.127500549545566,21.0860356321448,19.53841653505433,18.197731154159847,22.5640680805318,21.336971118710267,21.75676123407036,20.206831625987977,17.97797960583447,23.054833843148014,21.67662076134826,21.594562940815557,19.943148673233196,17.930871048629502,22.91327048304943,21.67790728502333,21.526018941306933,20.020832894503606,17.91784153843302,22.76270307700896,21.48758077408396,21.68831425611617,20.07947870184118,17.979294065544025,23.05563046899136,21.434560105547142,21.751453605068672,20.059395527491244,17.889187347231893,23.19728066973456,21.583326318129934,21.59817902267141,19.973695191314025,17.844037220781388,23.170179459686516,21.67370546692328,21.407344098433736,19.805592934497206,17.778031375174418,23.27969588461503,21.675395375614208,21.293181241341408,19.848087114598396,17.69765569072021,23.3757858910922,21.56209994553472,20.873691941596512,19.64058998117727,17.636693366149153,23.265610425754968,21.287185273153348,20.608124222959834,19.681434192897626,17.541910952018856,23.164962404137285,21.13703156520476,20.51913456104751,19.66727697748309,17.50381982963713,23.574742490868193,21.321229621203408,20.408114770348583,19.816201818981753,17.503873274179778,23.486181651390318,21.2318596502771,20.42149709430688,19.59276993493945,17.58490665848914,23.58062491864613,21.441124043981414,20.38814963986809,19.646515348566357,17.540743036505624,23.517858735811313,21.643024143269567,20.43476176071254,19.668154366165282,17.591830387863116,23.71260166059681,21.52356668062275,20.61925931144513,19.69143747609544,17.593077008472683,23.38106597219141,21.458338582067434,21.069692919360598,19.554742458873456,17.609530619027204,23.5782455290392,21.320458035449914,21.022018357864525,19.521238124662155,17.539143312926097,23.41884229107595,21.184430571442057,21.36795454948232,19.624279607115685,17.646278920331717,23.498966161470655,21.308700283488356,21.652233916365113,19.652629017924934,17.565225270622925,23.57615403737469,21.476430115059724,21.974909429572048,19.8024891466759,17.639691213869487,23.661346640641312,21.459361367922952,21.577548097206005,19.873476679829682,17.64645603404403,23.572694131246227,21.793313640150604,21.674305732047365,20.00602991629497,17.744621805243064,23.47824473173,21.91251396008994,21.508536594047012,19.96485613615514,17.6074889566891,23.524350131827326,21.762016560679278,21.58788657881434,19.95846912434713,17.683728553249637,23.344577801105626,21.75877169756583,21.240519426971794,19.734368339681957,17.635355191901006,23.066002800174648,21.640093405811747,21.322762982249362,19.63851405733626,17.60361026849904,23.309192630446653,21.729801810571935,21.43501135333272,19.789519567344644,17.528617023285893,23.312416303240283,21.645572664090235,21.692347433172603,19.755914468997897,17.53776205899331,23.261812489511392,21.65624548751265,21.539613803988708,19.722306967983922,17.58489249082333,22.987005362862362,21.711280789848924,21.45187996534752,19.840673529744276,17.547623466887305,23.15857026107438,21.690364139060513,21.54018322140956,19.919788245950897,17.557774680072814,22.881241691635793,21.436705606076647,21.453097450833504,19.897862382573287,17.53570516570258,23.205332826278493,21.5764650643036,21.403555914573428,20.092009686901196,17.44968748412199,23.07500151482867,21.52933641099201,21.44455453016267,20.105072244173858,17.440753550947996,23.53099692539648,21.535974063946732,21.644388371306754,19.9785739739987,17.40011255496808,23.5060926597614,21.806515649858206,21.68948949827427,19.83877805823673,17.397399829029204,23.726425425485708,21.622378992462075,21.53494555120672,19.891667052971982,17.461619679171623,23.42663096513881,21.48637091057055,21.623175238617964,19.670330322098025,17.602187960927136
23.083909624435808,21.934527907916213,22.144513188211747,19.780512161839596,17.69668459207724,23.709976266322286,22.271341558108436,21.13925894162799,19.7258556021029,17.826123791343772,23.003139243469793,22.167603918309798,21.108899586042366,19.608291397222153,18.188433669400304,22.546192418582827,21.28753214681274,21.718863298919175,20.207193811300183,18.039354943035626,23.061483933590836,21.66870104670425,21.596558151443855,19.968600173582328,17.915433153932838,22.909396109461053,21.66780079955597,21.51064921352838,20.019272782018877,17.906176254788804,22.75105964988534,21.46147439559121,21.671780778133503,20.08020919257886,17.968723868473795,23.037343851432706,21.402751355977095,21.736344449839056,20.048265463902933,17.874395785877663,23.16764971028302,21.56050658588689,21.58646784499993,19.964419846209413,17.798668680539723,23.13550051889058,21.67466898540843,21.395832250940348,19.799334688444226,17.758943380805682,23.257342810628252,21.690254142068834,21.295287319446327,19.846779446114237,17.691390034978433,23.36456314644209,21.584067216162964,20.886829616690626,19.650757427930433,17.64532539560474,23.2582121151686,21.302921833680095,20.63408379976619,19.69019417637474,17.563341388387755,23.169641329450435,21.143816484799306,20.526083590325204,19.666520123912033,17.53026492333499,23.57689731437307,21.332780658932663,20.420933135178593,19.80990102767092,17.52741310982659,23.47614909053684,21.220495183893046,20.430835293892983,19.594672810693744,17.599255735717406,23.56480021751921,21.41866846437044,20.403121775052952,19.637015122343048,17.548314842886175,23.493613438390707,21.625660087889912,20.415462801179604,19.659111084111746,17.615283027062226,23.69850358635818,21.535691488380696,20.617474838021003,19.691722169602148,17.633761539209218,23.36129667802672,21.459986645054887,21.06033858895126,19.560863169547765,17.651942755328164,23.562222418012517,21.32989668322379,21.027833684845177,19.53237156133478,17.55506064928279,23.4077129255366,21.201212553675447,21.354282581834056,19.63494305971766,17.637266825970862,23.493258983778805,21.31875843790016,21.641543520136786,19.659358504685947,17.540219467816716,23.562814183759286,21.47022751327836,21.969408793610818,19.803678731769633,17.613222463809898,23.65151807407065,21.46611897719044,21.586414392633383,19.87190189532101,17.60469316000131,23.570182894736337,21.796269239416688,21.68205691423585,20.001841622630863,17.742201467418333,23.473474779280615,21.919413438875942,21.524809929791832,19.968408207388254,17.62267218665917,23.52033951232948,21.769232217974462,21.610356739197538,19.968417522443744,17.663374144705188,23.34144280044807,21.761970734343027,21.266656720328765,19.750266589063948,17.584992310950376,23.064919357431563,21.62500262981468,21.33998872022506,19.6480616762707,17.55579261958752,23.308572588146948,21.718530016287197,21.447115857633513,19.80066120759899,17.4928878550782,23.31541964021106,21.6124213827275,21.70171343384481,19.75444160968296,17.518804041867927,23.264499386555215,21.62990717866888,21.552182833529578,19.72399016725445,17.578082148306162,22.97774763004531,21.684983740621846,21.459264992177467,19.841271128961758,17.581594381436297,23.154841202309132,21.675451336874083,21.547541101560824,19.92026300871421,17.61488371269476,22.87411882630544,21.407354412642185,21.461402043341778,19.89646597969768,17.58867733765525,23.200396423478537,21.55908815141138,21.41945428052725,20.096480706913994,17.480390221512657,23.079197462189963,21.51107233284262,21.46817083183764,20.107530164476508,17.482664113176583,23.552986798104406,21.51621278144479,21.665432246199476,19.969482378693918,17.436923764046945,23.53979482791922,21.77891464843841,21.70534697742217,19.83823744250527,17.433309239764355,23.76412785988123,21.614430113912974,21.557589160794066,19.895482579202955,17.453024447824028,23.454614601135198,21.485531475558897,21.639601273538613,19.673811663463773,17.592253643466336
24.911698128280563,21.512480984252278,23.14510985079806,20.803631941902168,18.493156843429233,24.975723460038125,23.186590805122396,22.171479441483015,20.05223286319828,18.42666403337855,23.889846595726613,23.35974319554819,22.002058006224164,20.33822450260288,18.511473965264955,24.790821487561058,22.363582733965853,22.48605914658615,20.25582788147276,18.42868516822667,24.49200212041996,22.41505457943871,22.336884950657375,20.503497223792458,18.38706334864727,24.11706635882273,22.75106745018362,22.144759456311075,20.505888910220428,18.430825959469786,23.765481696429283,22.58700584168256,22.205012007961137,20.58717670139138,18.401993472154643,23.986587507142595,22.424488816501558,22.245228422460553,20.5742981529011,18.415875160834542,23.877508300882706,22.50363447553699,22.14495494329791,20.668516528206265,18.359042861373787,23.83229445248601,22.58784276746362,21.971001294760228,20.58691971427293,18.468391649672903,23.93511967721442,22.45367713024998,21.925339299082964,20.504309308709455,18.486169130423924,24.298116449549145,22.149981165690622,21.533743638516984,20.497437782357103,18.481330001196955,24.266995957790023,22.029195874112915,21.38072277975924,20.519177879819946,18.43986528566637,24.03273734225074,21.882869660699964,21.311351384821805,20.511666799886008,18.437971702464182,24.410637435905734,21.971917683237116,21.44320932093662,20.5441659681008,18.36244255062333,24.43464506345392,21.77398366247937,21.501563498813887,20.46607786032552,18.36038755208996,24.25480845433172,22.136041197029602,21.759566164878674,20.454129394631256,18.26051330898943,24.182002037594494,22.270754047453472,21.811166561527926,20.54578697426826,18.200120079162026,24.413893639073137,22.41763952794196,21.951678656243892,20.470193508602794,18.22050705184096,24.029462499895544,22.50853710460433,22.325395749337435,20.406937097530857,18.2114555833133,24.203382087613985,22.766109514703963,22.306760862387268,20.44952607706588,18.072830569755595,24.21751834836066,22.730431695958153,22.282612804893354,20.331797331824824,18.213639759511498,24.182644339174416,22.783551432402696,22.538996354959174,20.309601064090238,18.135047370496498,24.256909510879343,22.59835235812079,22.95383044466285,20.58513370312373,18.1577419305036,24.213311875998254,22.52336640940819,22.639015283703113,20.521056930704972,18.16188881774185,24.209078930225086,22.497767015726243,22.56443421420934,20.63895014815794,18.15390265799097,24.221867180027193,22.39087703038398,22.485619345271843,20.780167444933507,18.021048582843864,24.339882344498,22.280039724111447,22.450391047450143,20.710193270213836,18.148642576197883,24.073844701273686,22.42467442092724,22.08011240756604,20.426101554453773,18.17147674143473,24.20822826269436,22.15142168146425,21.958611281230315,20.373594225310985,18.127644992074444,24.321320818259533,22.251334349710085,22.16713123412196,20.490418504198125,18.106977681059092,24.283620498124318,22.3596124442319,22.321559824981655,20.41852551930996,18.13940820340847,24.27638297344789,22.513122367340106,22.19819166586462,20.420927525674433,18.115203376741057,24.354649030943484,22.590845656570178,22.142239711598812,20.460043861833213,18.05916655004944,24.60988577715633,22.836433433949644,22.358443732452834,20.739549196019635,18.138584613795206,24.446496377381443,22.917353510000915,22.3838161854181,20.64123156465466,18.299554240905344,24.438499838235185,23.00795655133973,22.510170380992086,20.807740630839675,18.34784876583422,24.33078735371678,22.98105180009012,22.599096931819737,20.90474486236497,18.345968210304303,24.499316103474676,22.82875945488747,22.619580918012304,20.914369326132295,18.303745801347564,24.166984978518503,22.831354979637677,22.647418952891112,20.645840124797495,18.258174675436436,24.19165246136465,22.5729494887994,22.528807030224783,20.62062179373392,18.097204901304714,24.163302970035566,22.36983014620087,22.484147569176585,20.479346678659724,18.03863975584506
24.928673069568315,21.51870554257323,23.143050466323643,20.78440647705952,18.466286187872665,24.945571292741676,23.179924360892848,22.174542344159946,20.077050072005747,18.448567585720287,23.92585114057886,23.36392017973921,22.049310541476167,20.325770729164102,18.515425054825155,24.79203382220221,22.392954520226724,22.483756208810572,20.252364653411465,18.376835540323263,24.50159905270549,22.415768060792935,22.337302005281654,20.494259903556138,18.387137146550945,24.124808834588638,22.752641282820967,22.139343674447744,20.492858133106402,18.43700272451997,23.772207252174272,22.58730210952713,22.20094456869573,20.566508592395756,18.403604211402428,23.98846677042282,22.414615297070377,22.235003103198284,20.555812953194785,18.40750556800622,23.87915777128304,22.483603846156644,22.145617633238952,20.652940120267765,18.37027062240862,23.82501589291915,22.563967705934658,21.973553704630085,20.578814528951916,18.468385662148698,23.919595424450044,22.43197612094617,21.942823861873375,20.50495097520882,18.479961936509888,24.29073882290468,22.111273948666238,21.544782206033638,20.5009105792393,18.475765565971866,24.250841039771124,21.999766081551215,21.373325304426924,20.521970825560032,18.422941779828285,24.016410618676563,21.857758157968036,21.29031348462895,20.509944299401813,18.403372478355767,24.399772820575713,21.956944358658895,21.422436496122412,20.54104147660376,18.339836619914813,24.432593456639,21.744158672753223,21.473076334639007,20.458236414981823,18.334089702202572,24.249762204336584,22.12127388970118,21.73400385673426,20.45667457713938,18.25252530430243,24.18668566875406,22.249414447711512,21.791556201640596,20.544026324827126,18.223832619652306,24.411159101453954,22.39792094118436,21.93410153208513,20.471270664390953,18.237301332585776,24.029566204819822,22.4869833031663,22.316702787777626,20.408324803675534,18.214056674370916,24.19979390740339,22.74868583435163,22.30393126444826,20.45317517792167,18.085940507620453,24.214223154801857,22.71658081839062,22.273242026492646,20.325948230456895,18.189851987094407,24.177093731636045,22.76766280947725,22.541920172944625,20.308162805613183,18.08870039426686,24.26142823610031,22.58520098943388,22.957687018077642,20.579099186544063,18.137660652321554,24.21207118448807,22.509925611978204,22.634826693991418,20.522153917539114,18.151985846904473,24.206711039571378,22.490707448353525,22.553224041427747,20.64637393362479,18.146728713224537,24.216846579370646,22.382345700596005,22.4723982276953,20.778171110777542,18.00865093160676,24.333646990885253,22.28062633800736,22.43479923677651,20.700427258852436,18.16161709013382,24.067088540141363,22.42941284510877,22.07115369409099,20.41786241950623,18.182241264234943,24.200144292308345,22.157988903879833,21.95228422160572,20.361197927284064,18.10974846865622,24.321046569923976,22.26103270887584,22.160960523667182,20.46812125143125,18.08568617658088,24.28254824353737,22.372241257478517,22.324683660312143,20.408563587540172,18.137032901654702,24.27134310806083,22.532825329796896,22.20016064959766,20.414072106832357,18.106228677805078,24.344889411153265,22.602738104248665,22.132284962227793,20.457164144230195,18.030559312024803,24.60099254417248,22.84210524589478,22.3455476030082,20.733597262151427,18.145947814256495,24.426532687651687,22.924707525560155,22.370853328584573,20.645961899882042,18.305681419881065,24.427749473379265,23.021350582668116,22.497225498412934,20.809641887845125,18.337219719676494,24.321465751432207,22.984724770061984,22.58607287652317,20.91935742644798,18.32301645543341,24.49258574090679,22.828491664724194,22.609465903141107,20.93321954015168,18.288912663253765,24.16672284529205,22.840734156590646,22.641472455935563,20.662897829790268,18.231736654563655,24.197384863799975,22.577235241005866,22.528486263207338,20.63446446952597,18.06088499570873,24.17048461924619,22.364332824703485,22.481784289468443,20.495602044793433,18.027373062061187
25.32789289872403,23.380722170409555,23.491422153585805,21.504267722431962,18.781688472135926,24.430871927098483,23.09257510508275,22.839890807983217,20.967265218536046,18.51993855026355,26.6285593117454,24.219391518592253,22.4282718642158,20.584972506827533,19.00972980607067,25.567586416192288,22.74714311502752,22.831672999859993,20.89857518125933,18.90284541293073,25.518989952229322,23.17976724802026,22.840562519599537,21.024906075280537,18.96944366663571,25.575576666149658,23.27094319624348,22.71313163803946,20.98263024901093,18.993563853343936,25.779653587867337,23.186253476369256,22.6802428071572,21.043812624829947,19.088819037313062,25.28840255631008,22.898172219958514,22.78890886634806,21.086391019743964,19.079619995500572,24.9351244678077,22.84645470374398,22.597782387370152,21.052554878779624,19.146093168724782,24.61761264636486,23.0605358145064,22.592913710530574,20.94872463840211,19.081324394933755,24.499594076352043,22.95209926039558,22.467233627286966,20.865035232270653,19.132950994815207,24.71059601598363,22.986158263112564,22.14068124434489,20.701598210651277,19.128907945270633,24.857562921328384,22.933356437668447,21.894749458343785,20.816505277864255,19.104336657439795,25.03568944603642,23.01748598771578,22.064243096795767,20.85294483885955,19.03491295482675,25.319159756802218,22.804909107058428,22.125927994102472,20.95976126453875,18.98410052046693,25.198013938395142,22.80516875254164,22.173378938565047,20.92225323867454,19.04695986604114,24.80504093158232,22.987914236233884,22.560011681330586,21.091339779234964,18.99643438082481,24.785564456313146,23.14930237835585,22.692176227688357,21.110569543930403,18.948623274820854,24.654642099825594,23.12359719629412,22.72196783011142,21.159195529010802,18.971113862360596,24.544936711594193,23.244604610932953,22.88033826184118,21.160522342671335,18.93686618633894,24.72075372466364,23.255755688353325,22.8675533568091,21.21601192564877,18.812714996859548,24.99725558765342,23.123887752089345,22.655438542549355,21.022898172409768,18.937655982684213,25.049567119275785,23.074623416641504,22.715902725443687,20.962847481062557,18.998543706789015,25.21361935380715,22.99487987768248,22.972883010024887,21.050961369558202,19.086919535999716,25.240826114196352,23.017581061623147,22.829317215353136,21.06170586212355,19.086408545277145,25.173978553113475,22.925866590279913,22.86530045380173,21.01254341765801,19.076046330664376,25.18038138977047,22.89112584353891,22.89743132648375,21.02778078920158,18.982109713601854,25.444279760188284,22.861004674177565,22.92342330796845,21.052292489502122,18.883115484372098,25.421594541317674,23.118033956741233,22.597211143764007,20.853005033289232,18.78652579973277,25.342485835691953,23.16064040162534,22.411687261227176,20.685455972776435,18.707887073310197,25.404672471899353,23.42925476155118,22.484929500861693,20.913744574330178,18.674576556789397,25.165062143155147,23.468935568713672,22.61468414185206,20.94266246970884,18.615969331149785,24.981786186791663,23.445983687308388,22.496774201178155,20.929955318751578,18.690479813253386,25.066823721089442,23.4744229375902,22.54284606842551,21.015112713144973,18.66664386159059,25.201551013197438,23.409292019206962,22.70523427734256,21.187273572819482,18.765022794696236,25.311937091996263,23.166573012474366,22.742433464064806,21.019442884248082,18.903837517461046,25.35518091334044,23.134869025161173,22.794475371438466,21.16085803323305,18.84826376708766,25.364683799437923,23.260338836006525,22.950456513702143,21.096686921555616,18.879996826288636,25.343699661753003,23.22494767714149,22.909289455492935,21.108641912559914,18.92051106611988,25.37977311769671,23.272486948641166,22.83773864090738,20.979344506973867,18.938471187540465,25.322408649481538,23.209143377258346,22.698707338820093,20.967576725079155,18.81409379156768,25.305831884811166,23.107611246111638,22.62776289362568,20.850903262820275,18.847374409544887
23.122564409233142,21.904381283228513,22.12803417935506,19.76276248939576,17.77024092929129,23.72083402757317,22.280630349433043,21.113897850522783,19.788919969879142,17.79990123588422,23.017739704778037,22.163187438979783,21.0903829625176,19.594550722135853,18.141659496358645,22.541040633961824,21.265457439731648,21.808585593119897,20.200844351609728,17.95059944342212,23.070829790313866,21.68162445481191,21.60267548746282,19.97542867254915,17.904465649240613,22.912849679136777,21.68455945690605,21.525031510153262,20.04213267496398,17.89090869459877,22.765071602129915,21.47598155418178,21.6879703631209,20.093437825307614,17.95363409630312,23.0435235709643,21.409807677032024,21.749829435797345,20.061250994543208,17.876806260131147,23.184969804835475,21.57062623462583,21.593125129123038,19.97217797625268,17.838176013886518,23.147185100089473,21.665056106732443,21.39638050551259,19.80184658014992,17.785393351097706,23.261039792253968,21.668052184449287,21.293919388863863,19.84619046035486,17.705721524796378,23.351193260103297,21.55125516733742,20.881076875353518,19.642806465140694,17.657853540819964,23.248934696218424,21.27014451871913,20.64026544035029,19.68900255919926,17.56516880976288,23.147379243957275,21.104070591428258,20.53052616983475,19.679466223681228,17.523294753216188,23.567785346158892,21.285111291719637,20.423207760106727,19.822735078431194,17.549471984832415,23.487443834423033,21.186689857222046,20.437831195409895,19.60300557746649,17.62034061051884,23.57759644748463,21.40114079097497,20.4199697464225,19.644000625308614,17.564555014377177,23.5051555232751,21.608210999872075,20.436778974823714,19.657263741753773,17.621082880708467,23.712821198174897,21.517811102904083,20.636160163647094,19.680111857905146,17.630440536615716,23.375428087174164,21.445579781361523,21.09050458883479,19.549503723331938,17.623694991903996,23.55727677050286,21.318812526479803,21.04468563546403,19.513007566416228,17.558440490061635,23.400964025683685,21.19580561176058,21.371936591922175,19.62397460104637,17.66244056339978,23.489501542216324,21.33044124944532,21.65914878855825,19.66051371144076,17.593475682848883,23.557279235047638,21.49467241444115,21.980173683856304,19.81060916814034,17.64162640428073,23.64093663927968,21.495307391377278,21.582161932749404,19.87817713557581,17.644434382017355,23.564519121523272,21.828630179242953,21.67879274675567,20.01231228224986,17.737030821801902,23.480680459752364,21.921755033901295,21.506738522656285,19.96971067957852,17.61379911504042,23.532773378110896,21.769039961965554,21.584367564405916,19.95962296485009,17.64456176438382,23.35644177636841,21.76362635442388,21.238500062960433,19.73714597392823,17.59532160976184,23.089473995584022,21.624041688198446,21.326626651578362,19.640460049900877,17.575428652498363,23.33424432062007,21.713008011207346,21.431352860239944,19.78712772635411,17.519620820328825,23.327508105554863,21.629308275921197,21.687737470234055,19.753496823425568,17.51596208259739,23.266895162421456,21.637531365036246,21.540548809608108,19.716964085017523,17.5773154828643,22.97397142852722,21.69265889036208,21.445736557838433,19.8272544547463,17.57229853952652,23.136225917050528,21.67148312269609,21.5253029830714,19.906984816888574,17.58561206542172,22.850057197589017,21.419260633125436,21.44606407068359,19.889673429044716,17.528908460384898,23.168846986994293,21.567126727886055,21.40669872547971,20.07950656402559,17.451424837676935,23.0500928571363,21.53334085014825,21.451068374081736,20.093335413106036,17.4556035626683,23.52779211135322,21.519098131466457,21.658441886073156,19.970515738427505,17.416894569171003,23.517940487027673,21.803182566997656,21.707929316966933,19.830929293562512,17.396850785650905,23.742903300098686,21.61741023471533,21.53845799474922,19.883582962425503,17.439034644179543,23.449600799056515,21.48105503688541,21.629685848301683,19.661625515752245,17.56447649662926
23.105985468389214,21.935312358552345,22.135194274431317,19.695789068309622,17.66677561048363,23.747832901647964,22.276420734900796,21.100903787599727,19.73282318718331,17.790962817052044,23.014059616747133,22.201345750792676,21.133691921565926,19.58494366735006,18.200625026350828,22.56531440790076,21.289040527358598,21.74835555067919,20.22850628607585,17.936804886059154,23.078886453523722,21.694388635246963,21.596368120199013,19.956807844343125,17.908367606968827,22.923944880243805,21.691407175475824,21.525921157528465,20.022568934112794,17.891595843266327,22.779003058399798,21.48409367504479,21.69345886983739,20.0842144866982,17.951900314042454,23.06311627408636,21.41424467215719,21.744444985955845,20.057418068208687,17.852379549657474,23.2029512769323,21.56967176549675,21.59743144929867,19.961985190633044,17.80718260028942,23.171587212278602,21.67695417874495,21.405383996470313,19.780707830433563,17.7477737614718,23.28441297918843,21.68824155248139,21.294545424583383,19.83705516095485,17.697775183226554,23.366324311234518,21.573101274363182,20.888288425254583,19.624230204629733,17.659002851999418,23.26024240076152,21.305066987093063,20.64842504703858,19.661098463596716,17.585803871508993,23.170108510169825,21.150804431654002,20.537161690405178,19.670461698129486,17.560896306880664,23.585075105512097,21.330577090690703,20.42968435130637,19.819159769994762,17.570794624945265,23.499914687354543,21.219636567971833,20.439842840846172,19.61421529274792,17.624811206772506,23.586887674750393,21.43515665546106,20.40654210983288,19.67711924870322,17.56802788112108,23.517661609975136,21.63099913963746,20.4259802132919,19.696744564374875,17.620447552969836,23.71009891135523,21.540901366903675,20.62854886743762,19.700454668477406,17.621341709134416,23.364060761594867,21.465529404634086,21.07955520056803,19.57438582303623,17.609030933288643,23.559105309908634,21.348654176191182,21.03321085175309,19.53130929075181,17.543463031164283,23.411422359606686,21.220091805915843,21.362140079536083,19.62159114140258,17.652262460993292,23.49563284617678,21.342636431725374,21.64901463365362,19.65348744029851,17.568233875662475,23.564954825646776,21.492301220548956,21.977045792603636,19.80277507758982,17.61317013350192,23.650547059806833,21.48192026802537,21.57870977014164,19.863213707204117,17.618408484380417,23.579112783312684,21.80801433415791,21.679453800060166,19.997102117969284,17.71445648308018,23.483610387171577,21.92384976676522,21.524109622754676,19.960893181244415,17.594218793383067,23.540990086456755,21.77771203797361,21.60272059875885,19.951390200828786,17.644089440394783,23.367214409456043,21.781997409280443,21.251654652088753,19.72292493215839,17.61911772048696,23.102101230961456,21.653709561795633,21.327592457632605,19.63632338733344,17.603212236374254,23.33723161342862,21.737119999600832,21.437359479514086,19.78188454839808,17.54147598207917,23.343689791453055,21.636003532364615,21.6918107986563,19.754914699707207,17.530157012171863,23.27541657486342,21.6411324254531,21.53575317417396,19.725459949140856,17.59196252501243,22.970443200211,21.68501555937995,21.445828165268757,19.84457600299863,17.556660802177007,23.14836519248917,21.670737963680146,21.541423093341713,19.922364588142518,17.56244649314923,22.866476180602934,21.42375751871419,21.443632359390733,19.899831175073828,17.526958423553328,23.18258244931273,21.57902141013283,21.40579786009998,20.087545296573964,17.431270660776025,23.069093735380797,21.550279325486173,21.45557057260386,20.09746671091633,17.423929150996287,23.55554220255187,21.548644096989428,21.65693215437072,19.97680982612304,17.39348394126379,23.533589198204886,21.814013312214605,21.701383884961764,19.830163012050356,17.391813562303604,23.750037609780655,21.633820616857392,21.55479287635519,19.883779972262452,17.436427173213538,23.448872196826017,21.505530977393022,21.63531849545453,19.66080490162496,17.58520293268309
