0,1,2,3,4,5,6,7,8,9,10,11,12,13,14,15,16,17,18,19,20,21,22,23,24,25,26,27,28,29,30,31,32,33,34,35,36,37,38,39,40,41,42,43,44,45,46,47,48,49,50,51,52,53,54,55,56,57,58,59,60,61,62,63,64,65,66,67,68,69,70,71,72,73,74,75,76,77,78,79,80,81,82,83,84,85,86,87,88,89,90,91,92,93,94,95,96,97,98,99,100,101,102,103,104,105,106,107,108,109,110,111,112,113,114,115,116,117,118,119,120,121,122,123,124,125,126,127,128,129,130,131,132,133,134,135,136,137,138,139,140,141,142,143,144,145,146,147,148,149,150,151,152,153,154,155,156,157,158,159,160,161,162,163,164,165,166,167,168,169,170,171,172,173,174,175,176,177,178,179,180,181,182,183,184,185,186,187,188,189,190,191,192,193,194,195,196,197,198,199,200,201,202,203,204,205,206,207,208,209
27.810045046350506,24.01582903088863,22.51999053558272,21.850806274614666,20.95122677363995,27.750119109753566,24.143242243406885,23.113123693008564,22.50036894229585,21.562989407463416,27.651309313997167,23.920687132053903,24.704344430957573,23.667413725983103,23.179222227368886,25.50545126372104,22.428573796021183,22.28024917136983,21.926268891459724,21.074642918760368,27.18441300802372,23.56210384814614,22.96986639232067,22.261097162130795,21.602992240052078,26.526677567545306,23.178007222865414,23.20657278499137,22.175620071492965,21.64728801163906,26.214805538567116,23.087497691840266,23.057252688445942,21.991974651383988,21.585195228189185,26.366266817157317,23.51463090422658,23.06121195362291,21.716229080026302,21.192613528961648,27.05830677113662,24.12820951338068,23.50003051150662,21.882827613329006,21.33666038372764,27.501614539543237,24.613870511886958,23.814365766893314,22.017149496270815,21.34558458851103,28.221006701398903,25.16626233134609,23.755463688423173,22.209198923375315,21.420014159202477,28.73827845575662,25.44847236984991,24.08345262561379,22.26736303379428,21.46566519054447,28.410395715294477,25.139155135445225,23.864493079011527,22.23993103014062,21.43554220852208,27.994142618202233,24.750168875303647,23.69034899827203,22.115599802197462,21.280043509912083,27.037958220119737,24.157241708867353,23.224350291463626,22.010809044500853,21.213299884103115,26.628851573624058,24.039574814264995,23.077069444456306,21.76568492162317,21.02379227589044,27.101379722000313,24.550752388402834,23.22701651580268,21.900375358166382,21.042075392372922,27.527686479125755,24.41754147315303,22.971228375068513,21.667407362319878,20.996155052449552,27.52580646044467,24.70714393554251,22.728311184130682,21.51972239641783,20.92897946041872,27.81161278186745,24.722065853709047,23.04523990804507,21.530228075841706,20.864450643268345,28.281097069189876,24.311762218064477,22.920902619621586,21.56703018061615,20.87887234825954,27.3864013322968,23.628515496584914,22.422951975916796,21.52402159308421,20.723275302094187,27.271717348711576,24.07964349520579,22.865417122798206,21.688543792951144,20.792885373225964,27.261206252309382,23.612550006619053,22.814382142979685,21.751723790633832,20.809205623621285,27.158518461524558,23.432601259425002,22.816857244851303,21.641450631724553,20.77949611973047,26.499496503431516,23.43018427232849,23.02536223295838,21.71103910116026,20.95334585515456,26.75964226811883,23.75399146251342,23.194173795683074,21.646808003487138,21.015242488725047,27.082361667536077,23.244111621758385,22.838646388351286,21.691858726032848,21.029484918757895,26.701555440335007,23.285958983090488,22.94129130291367,21.64462906454842,21.1321208525574,26.81612044055446,23.457853234498295,22.64284222951982,21.7583357991185,21.312902367361847,27.41806757780161,23.846433921777923,22.5854004197763,21.87220514888522,21.243033964821706,27.022352729478694,23.11768620163548,22.31387545479242,21.80284299139705,21.242828027165338,27.625878330411165,23.42107812848707,22.380633882454344,21.724723139581997,21.314236455127478,28.02767070084722,23.69702463105326,22.41931218978288,21.82026432640771,21.36800689440073,28.045337446123376,23.962125374050363,22.589807643676956,21.91567679730817,21.309782190885738,28.049846650092313,24.104257062710154,22.709629832610993,21.88557903055043,21.293340154396482,28.362447871390465,24.454712843287755,22.860270479493636,21.819238736993192,21.274353362639438,26.952634055042825,24.01139075352574,22.622617546292915,21.689277907032295,21.029098463441603,27.987821515132815,24.058618540262618,22.63715091949255,21.733972794002533,20.96449685467484,27.656108213615425,23.63224703203667,22.620614539754705,21.5140242201486,20.809417458015346,27.057002041163702,23.064787609119275,22.306313697267473,21.28560736742314,20.836211609188172,27.15594513919053,22.957890791253455,22.312084708401407,21.308604504324613,20.87512108788862
26.9106350519144,24.28778030422992,22.08982185170076,21.46158776756022,20.93989818133266,28.05048150411116,24.55349269179276,23.202011341893797,22.256364604673333,21.15106396703088,27.69221535846406,24.020056846208117,24.11150037402852,22.391834125316098,21.859647732210334,26.818335300454393,22.667059712394476,21.924268855868252,21.78112722076978,20.95203861146546,27.283185757833913,23.71213943997149,22.80280270919098,21.867985337748053,21.2818908474621,26.995236155050026,23.312481159187623,23.092880483856355,21.88406345466705,21.355761508346383,26.813154128312668,23.239455884483455,22.960406911042714,21.70882771532515,21.332286879284204,26.85517569950448,23.510727848921682,22.97539586008858,21.685870417352824,21.192247248744604,27.28403392479469,24.07088911250855,23.49972387752549,21.833985888796995,21.303866408311954,27.55186015436386,24.518488412833385,23.757612196020055,22.003350385470902,21.154997528046028,27.779963058907583,24.93326641881035,23.677097500941272,22.09218536248912,21.296273658352504,28.094560929226567,25.106664034783098,23.939351633702294,22.1725195963298,21.387027481360672,27.920881012771037,24.90787955850977,23.787903223025666,22.216869352202046,21.41413621520593,27.510448098062493,24.55566342618807,23.623413435711065,22.09710582352168,21.452867457925233,26.763558719388122,24.10898896435668,23.165355502229378,21.99782331290696,21.554281552901525,26.560479739778934,23.96298816215244,23.02176199110344,21.76528377941229,21.28266477807868,27.01908040188846,24.447270989282643,23.206065220933937,21.826246980820734,21.07431773872106,27.373933134481426,24.342664343033768,22.977420716443294,21.596539063637092,21.01295169030515,27.313245194610083,24.541570470408974,22.6615772799086,21.474759542730883,20.8973261889195,27.611919041636163,24.364114713021088,22.901495124563287,21.42086370023054,20.828116587038338,28.001850955540114,24.198613295531747,22.76462443864037,21.464202608293142,20.922774309279557,27.161635298049855,23.58552816501153,22.310472042666053,21.56801439681741,21.090848127312192,26.94235676576908,23.958942353092773,22.702813470375382,21.721627137282592,21.128669066617505,26.82756725184779,23.629176687726915,22.671092984845888,21.83359690234415,21.108778839984815,26.577949922224036,23.54753747297139,22.72603569845388,21.780600176469314,21.11210604702445,26.082790992921968,23.497736500856558,22.967273789674604,21.97299108994225,21.165239554883335,26.299470582316836,23.799021631575155,23.132081822855515,21.91036020869801,21.181089931161694,26.982213385831358,23.28584003660847,22.79243846070986,21.916516407853504,21.251966605071182,26.79269282286912,23.098937892087626,22.92028468069216,21.850862218655525,21.33781883941922,26.997739685840543,23.381046843375767,22.608247580874124,21.973208608757695,21.361900069950345,27.604328072699865,23.7769752631043,22.58321254079588,22.048263599484905,21.383285455094583,27.289028777688184,23.25704597066845,22.281036386467047,21.97877252326321,21.468755714947783,27.622369185833605,23.62683605063142,22.369871911147087,21.93339797270816,21.515310317236988,27.81370731692989,24.045561149079607,22.461109794430293,22.01025173369144,21.54805478349134,27.80702692588843,24.139370774408718,22.570708876741264,22.06723683848845,21.67055906172275,27.44935608763933,23.963289635893048,22.581904003179705,22.063665481743733,21.65898891400385,27.52543912370543,24.006674491975723,22.68525016217276,22.0449092919616,21.61614295922168,26.10530344227231,23.581080887517807,22.46320700594789,21.942815580082392,21.44280370131228,27.392060025924884,23.38845767569563,22.41224824074634,22.018502044954424,21.428172914248822,27.141691231396344,23.063436677757277,22.387943918240392,21.81600910325339,21.302466040619827,26.88110228889919,22.893224568092613,22.108510376511468,21.669074613678994,21.358365871174023,27.005179177873725,22.87820844926862,22.134027627806766,21.579830626090164,21.38986405234672
25.928928010928566,24.11998382944324,21.99101659096489,21.212406482617297,20.261094597235758,27.77956913841504,24.247640924537365,23.092962217504788,21.724960238711006,19.979044280302013,27.378703282436476,24.102111044673304,23.454662044949295,21.885055591180045,20.793706179364555,25.75287054733337,22.78005445928036,22.054674178319914,21.890091653094554,20.31072276100219,26.64686066540454,23.591175989422073,22.620951849273652,21.59848419396218,20.280124291110063,26.551433192671198,23.319766287743874,22.951648765648862,21.59828949590954,20.330966013098895,26.4803519315491,23.32352627634557,22.81329413250478,21.487444433543004,20.37246147146858,26.39689033968827,23.347773810181252,22.762013754577403,21.464487723213814,20.35095462362338,26.896603316019746,23.739747815332024,23.173249897908356,21.563004434328843,20.49236209560781,27.11473470074329,24.236978505085787,23.42804311747983,21.698640466358516,20.556956772486956,27.167950431297623,24.5341431171205,23.283678758853167,21.796723725481577,20.647315932406382,27.237658814889507,24.58037649565879,23.415059695159652,21.865329929884844,20.68570381563695,27.237880613064732,24.510177562809147,23.360371449005786,21.98778001606703,20.71525854002939,26.920813736483204,24.2379552488684,23.233886643341386,21.793643674082453,20.586865478339455,26.287131366336876,23.76989307831277,22.79725582568915,21.663930090931284,20.64928139921874,26.256072788116978,23.534502641875616,22.695464208811785,21.49892730288596,20.568791567561853,26.828831988437734,24.09164596536678,22.948896163407902,21.537399370258445,20.560151581491333,27.06629513756589,23.992011639338266,22.76089254206551,21.240871397119292,20.418153608388625,26.870120396214173,24.05618935298205,22.36295280441555,21.198296914398504,20.404193688683904,27.151388405160105,23.81047029522907,22.567797369668902,21.242002193902795,20.29629596932556,27.555658686362808,23.957517714699932,22.431320974680073,21.241536706569498,20.307547352397346,26.70549500716597,23.30467333470559,22.02256256875464,21.397699375014056,20.38110876342135,26.378360935136413,23.55473984675288,22.351499396833898,21.641063898576807,20.47544952355087,26.300427469243072,23.412886504317548,22.447716286497737,21.72710328794947,20.483435246911583,26.07551021356668,23.43610253612118,22.543762890287116,21.649537101095046,20.545418733563007,25.723085752311967,23.20672991745767,22.8141426020132,21.850313434007493,20.557405396840657,25.821844786766338,23.403423281750943,22.927649372352608,21.723749502718455,20.549305327269185,26.49488490842642,23.08166494899725,22.591773724692366,21.632131324694733,20.620917026081496,26.44063087527902,22.85887605749369,22.748344043031494,21.544929113610795,20.693358554128867,26.55541491838495,23.142991972524577,22.407353112500694,21.63877920298603,20.690460756014684,26.933629379775645,23.43723147804688,22.275262411164782,21.731060870818812,20.73030819252022,27.001603970690233,23.21326376921872,22.125422707551532,21.632255183803995,20.70794704432796,27.462516764967866,23.462183332896693,22.26069584371961,21.589629415904234,20.72476898289071,27.576371510800204,23.866528751441514,22.297410564430205,21.64688253793693,20.76995340072301,27.725950270473664,23.841577371020662,22.38027434581561,21.639694404161325,20.710812571873106,27.253144816127833,23.65829680421349,22.34117597917774,21.523548111631136,20.632985929234984,27.068977839522468,23.45456671200236,22.445012111862063,21.621497000966578,20.64346421939414,25.694903755277778,23.20043514781919,22.27167323864747,21.518963046448224,20.556409285393308,26.808107872685895,23.214078376274347,22.333446640270207,21.659072255389884,20.615355000023875,26.678462465620612,22.933431020416606,22.416130535091554,21.50742679918557,20.676324418334637,26.56062958569845,22.88402477461248,22.244923081505895,21.440142954224395,20.673842888418882,26.70630066364301,22.845221848631837,22.132202059750377,21.199395285826274,20.71833477247294
25.922700239870117,23.258540370380675,21.534828609269795,21.540945499326988,19.61759215002939,26.418658886263522,22.551538613662707,22.045182670991743,21.78099043858117,19.605895760271846,25.19254939556296,22.94492986289109,22.82150632445873,21.603245066960632,20.93456085642078,27.607637254363524,23.478138687445263,21.87063603917227,21.403895251643632,19.5346491206793,26.053013921564524,22.941834412503606,22.061087683947335,21.38850375130711,19.907018316068026,25.718457319825017,22.737312724568476,22.446976646834038,21.253479514459272,19.874231621769862,25.38469919403533,22.76913389457167,22.47966434383436,21.040344284101433,19.79019633198668,25.632332802711424,22.911743591814744,22.563627479440346,21.007987927852575,19.50622158089794,25.451278104426372,22.87475271009375,22.76662902923381,21.06706098878062,19.573726257295206,25.972521490190342,23.259747111019976,23.044180970701813,21.22737548851598,19.417040973069028,26.38266407922912,23.512459005777846,22.807366344547525,21.379913501909403,19.401744912725228,26.657890478064314,23.658837738864968,22.910035769418823,21.4655751495874,19.485267216664646,26.354017343367616,23.556235608877152,22.84116345443838,21.53149812724886,19.518582982601828,26.18077823398115,23.43683244850768,22.930221548727502,21.429613405951066,19.53413746842866,25.419222928040902,22.93739175464281,22.570628056955407,21.331006116710064,19.634850973404063,25.22996048368181,22.878627258444475,22.53050654998079,21.11728691517726,19.52915241765939,25.750542242274975,23.204930747826072,22.58334235929187,21.16253470128193,19.55250997582332,26.244493053030588,23.100461348558184,22.268160345444517,20.955701622294082,19.44253932601568,26.073476789350526,23.150875032187187,21.79193268880676,20.837711697466347,19.304928180983516,26.28929206387702,23.143903167780387,21.918262917991633,20.93873945351183,19.182034136224154,26.62827512140877,23.053284547508724,21.729477132621817,20.87166957567499,19.292193379203344,25.977972507917304,22.56076909246118,21.371671908245702,21.008281772338318,19.26062539309443,25.75720739067338,22.924889845635658,21.762421883652145,21.18803145258776,19.456731149507398,25.633416118173365,22.631017320326116,21.977455490130403,21.301114123460994,19.51035273278862,25.44307638576631,22.51835285721779,22.125472983888343,21.117841418931498,19.496140970018416,24.900198545981397,22.347646717483407,22.463096388133337,21.434358603616978,19.905395095851073,24.785708804388854,22.655168096713815,22.517653311368196,21.21243402151125,19.92225144545732,25.73294506031545,22.352672313272265,22.243372949488528,21.236923147232424,19.834008622127712,25.83754025626651,22.459129702388616,22.295244363775417,21.177463466187614,19.85889565854321,25.89455488826879,22.61038408456942,21.945721223734303,21.269634421356667,20.029651654109376,26.194309338369344,22.77757091751417,21.767041167150495,21.22607845962856,19.682062582655085,26.259519597779466,22.351754554000358,21.649568019168587,21.17599157306454,19.61780821532302,26.151202868223358,22.3778748365243,21.79582025080125,20.980703954251123,19.63677019764343,26.224473663295136,22.569722881541463,21.77680096877224,20.96042586015671,19.62223974446743,26.39139643844809,22.788840001066003,21.879746427817697,20.95934991893659,19.435818510910487,26.561679719790767,22.917197193524498,21.97812504436048,20.856087821495855,19.317468409150163,26.8173483164005,23.00004796705896,22.196727354308116,20.91839298465814,19.245948021095685,25.710282936056082,22.930673400987622,21.980940227945286,20.76709039537333,19.058629195803828,26.802980648968248,22.815310936998777,22.107752339692027,21.000360319993188,19.13700832400549,26.540215011112252,22.59898978131643,22.16549772160429,20.913546453580242,19.243900129417163,26.102436876711902,22.23960992289862,21.821243206225226,20.761868351071826,19.240936984998893,26.040204036093154,22.079182440709396,21.805533004476793,20.591025156665317,19.312438601577913
25.736625541607992,24.032396771082507,21.658550343922208,21.014488099413366,18.946473989514267,26.60913619130252,23.192661199666595,22.521995382722025,21.376836342863708,19.016969472657514,25.923148851067797,23.57671518327321,23.269089003011256,22.072937501782604,19.272677678209085,28.51928215819397,23.057996757618707,22.863422998893267,22.213840326931823,19.357563851253758,26.329416266271505,23.047104488360013,22.459836360433314,21.542638247735347,19.247693654982566,26.109077845210713,22.80871388701153,22.828937365091996,21.548959895327474,19.338329405766018,26.062523917114454,22.801758447192118,22.730580879260987,21.4670742187691,19.2504757816326,26.064706154489947,22.698024735084086,22.579872065869907,21.354557080092047,19.309848370457683,25.765430561478404,22.694436911449255,22.723523401239557,21.28413103181351,19.391167706277137,25.89135413078724,23.29743980791557,22.976368478520556,21.360279727838787,19.294911476250043,25.97243285808788,23.466991838326713,22.72630628065068,21.433999828543065,19.271076610518985,25.84943879143618,23.497220847126293,22.82942536067189,21.485507228117356,19.43983715250109,25.868854711823353,23.318297240973298,22.864127140772666,21.712117884319905,19.412172491031427,25.625025815469222,23.271973759647516,22.770683563004656,21.64358787733672,19.337849117028107,25.284191435746116,22.78366285301192,22.44356620423195,21.674255634776706,19.313556270750844,25.355119785166472,22.402454485222975,22.45487457281856,21.588420771482628,19.246962167664975,25.95265766212369,22.80081022037907,22.5297380866878,21.540403403632094,19.22674477279288,26.199592173842927,22.906757534751005,22.273077566090443,21.136010462293605,19.13970945275539,25.990877490808337,22.720041920953225,21.897930759854898,20.9751009481314,19.057185053361266,26.32130259109717,22.614737410987864,22.03884885996152,21.00497759743336,19.04381792847326,26.68677122262119,22.97979101973349,21.873861087655,20.881775662258022,19.17933265808166,26.07230227221836,22.546217102308937,21.595028336245765,21.145962136538635,19.220702239053615,25.640283642199496,22.727421930485416,21.918036564633876,21.340971653755005,19.370267780351522,25.625702256259114,22.849300635540743,22.129227846039843,21.497228009243315,19.473494975800275,25.515382251015915,22.994438909850565,22.297117034744677,21.292924189444275,19.43841330559954,24.934362383246036,22.56881585275211,22.56318370336094,21.435879334984644,19.52885361853838,24.846206626514924,22.755439349695344,22.604212834602485,21.262762593151045,19.490394264476166,25.99500123389351,22.732389537081875,22.416266719842874,21.213945113461484,19.494388459037967,26.578246141190924,22.713454397462638,22.514946970955275,21.070461596125114,19.574614723837843,26.54170121664266,22.844422209458667,22.204979336594725,21.14408623104548,19.642935296139633,26.843737493549288,23.170032016227154,22.05644634104694,21.33098594936224,19.547664440618046,27.145264804400558,22.98788775251898,22.105220759558478,21.211869302189665,19.592493054988477,27.02836819084041,22.905352216426802,22.125724036208847,21.226477329880737,19.58737587215124,26.43220370190363,23.12340284473742,22.0399508148951,21.238636022876282,19.496181254391914,26.62509280635477,23.138108452871872,22.10740288521043,21.2917062142825,19.428908477530182,26.3891599196313,23.123631582526315,22.04029891952722,21.07764362301143,19.321699533054662,26.235851915059737,22.963196090115485,22.147169471495097,21.269579089205724,19.147598571010942,25.161774689845586,22.887601021089605,22.039695959129954,21.05941835246367,19.00880233389088,26.421384063312026,22.75437227330159,22.14062078039234,21.342109555246896,19.078498996937682,26.682475745842765,22.540036908683167,22.239685320187863,21.20123385693607,19.142397050283027,26.69087457598428,22.542157584769836,22.18955024072979,21.304550943484063,19.12347676107674,26.699871482369293,22.55609506914562,22.01421608590372,21.04539821044109,19.321013606396246
26.679909998450263,23.18365540859139,21.557146723052558,21.221106026358957,20.104330636216687,28.04016270750372,23.35164311829585,21.94687734709812,21.621642836306656,19.46178490278292,25.229414183010974,22.305624840656343,23.978246969641933,22.275141317795033,20.53266935175693,27.307742912940064,22.498302172674805,22.360413456391917,21.280700753057946,19.651076199978043,26.3425472645501,22.841790143969686,22.226981852851,21.432336619513784,20.03384489937102,26.240047556441265,22.829942967615402,22.718166695298585,21.335008806400005,19.89805578512547,26.04346974836826,22.905627813595032,22.82497676845623,21.180845673862486,19.834436280244756,26.369802904454883,23.288928016675175,22.780940279395868,21.023245702705978,19.62001654363032,26.228149042441355,23.528208462205537,22.7778175254669,21.119551624412757,19.716367290697644,27.186595977535468,24.026498189470214,23.119334761199887,21.148449068465986,19.463625152765637,27.601517741982548,24.293868074833053,23.001525138667397,21.389635616454797,19.46421923608828,27.239815551363307,24.246993979621017,22.937252445884575,21.433907660441538,19.707357672024113,27.187889193898872,24.20620072819005,22.843101275769715,21.368407281782247,19.76546747074199,26.92210955999646,23.991680733636535,22.901092258285182,21.299841569207125,19.82568547955635,26.020186989692935,23.50262475213223,22.55450008965166,21.283785240269374,19.95576528145805,25.837954538442297,23.464733438905668,22.383270927344473,21.0487008587842,20.039911298926338,26.489042764232344,23.76921633033093,22.557462736217857,21.142694907784136,20.211411515197888,26.422578450181618,23.515357315080973,22.210621338075843,21.075391048869612,20.20954150679521,26.283500119336384,23.55877498710712,21.93190092597185,20.86434421673996,19.917168674781124,26.234242785992155,23.607264815184816,22.150377394879904,20.912545959064726,19.83798095982052,26.17035779610426,23.317548306560905,21.937635013715084,20.957424379856555,19.84778283897358,25.870383105283832,22.84141240176264,21.771280027463767,21.109913235909442,19.531826358186112,25.945071317353317,23.132654293418984,22.044208485357164,21.179330833268885,19.760852987972125,26.148388869409608,22.976950016319126,22.221703066499636,21.37299293293251,20.0118486683376,26.310188744998534,22.812576784000232,22.24051548401473,21.301757080368205,20.03329643701159,26.24669577766331,23.340885833014703,22.55608710029293,21.969078030799118,21.03742643602074,25.961534800464015,23.505177634400745,22.27960966239212,21.67858494125641,21.12240245296,26.881062183615644,23.42856456691292,22.267426990414812,21.794461632365472,21.045758414065165,26.82895367409551,23.417140172553708,22.213285008269715,21.666086680615162,21.129451700473613,26.92864394695775,23.374994970284256,21.969361560373144,21.68092790279322,21.37086912807803,26.95271445779509,23.017507463958026,21.782930058701925,21.13465141888788,20.550702790167456,27.411106154476464,23.15567872079408,22.09552544057728,21.178033848079515,20.569977465815054,26.574967958264857,22.96968237335351,22.11576914025319,21.00665731153857,20.629729745298295,26.885693610186102,23.288357336750153,22.202122002415415,21.059249755885126,20.522899313338016,26.861438551713285,23.660718809500672,22.54997887134304,21.096860423200916,20.35619951886738,27.146661980102284,23.872714586343115,22.7263153215961,21.102218416903415,20.253927581318965,26.84129378908333,23.654472109693018,22.88394959624155,21.205594779328184,20.080643676515106,26.48098652414752,23.508895672674804,22.677458946198314,21.09477426375978,19.90818417271212,27.03187376755327,23.619467588028492,22.6898316613796,21.326886904497947,20.0709563342256,26.874452581660773,23.285378493101042,22.54493771371674,21.322999464407644,20.13688008529119,26.302978549018384,22.85610253878927,22.29280531956193,21.083729769392956,19.986527852832303,26.202855922369007,22.9612956795026,21.9378663315757,20.88437335103945,20.093000580377186
25.852492717938055,22.448557528465756,20.86746156729818,21.4323962199434,19.814974174955875,26.49933717810335,22.288539254320185,21.45757454483274,21.408371002764387,19.29202438008569,24.722566925951128,22.858611252404508,22.89396167312381,21.80489427904736,21.216772841356942,25.408436753039407,22.429905197264745,21.81095112601795,21.141963859972503,19.246585593546833,25.185887649677333,22.478140403057054,21.619886284041467,21.24148339300123,20.021524666493338,25.001434685031214,22.393890710773913,22.1134146130239,21.038787758811015,19.87578231739371,24.8756623649077,22.509081680133864,22.30852280305167,20.855654969960774,19.800219198171,25.194424636848474,22.534286042333676,22.316482760961232,20.759765283507623,19.35606720584527,25.203064133127413,22.612843581492104,22.334782377625576,20.80782881425934,19.41374729483298,26.12206237894112,23.03614552663447,22.650139107935523,20.892631347831674,19.007734577099583,26.513981590714156,23.27451048177638,22.43370931104451,21.094147645111843,18.907898692437822,26.263961646873895,23.205748357116182,22.329404138302767,21.202727285680233,19.140900046196002,26.06240451227662,23.24577091510183,22.27795937117055,21.266145243085568,19.32745888723078,25.942677186157788,23.12793725120273,22.38310634797512,21.232429081974914,19.5604532205968,25.093116465085288,22.53901744390759,22.113979186347315,21.2364189693315,19.90205799053018,24.87401038826758,22.543884102908976,22.04441686495933,21.077922839271086,20.088230511729062,25.447433601024112,22.8434121795891,22.18875767006843,21.199610996920136,20.503974456417957,25.707289527214293,22.576987122082706,21.885330127049134,21.014740547535457,20.4813646402601,25.668589837645424,22.60416505138675,21.54372972642695,20.84316868828967,20.22449552055659,25.68953359898117,22.724228891336207,21.656917735842434,20.913347421652553,20.078520112375784,25.91623890339513,22.549054831646753,21.44964415276211,20.84014904329275,20.15997771444625,25.630562811139736,22.10011058071664,21.116069064272306,20.89413498036651,19.64844010224539,25.38291565967556,22.545589647793058,21.418481956025072,21.125197707455033,19.906742377270152,25.327316916254574,22.445921566118752,21.59702918540232,21.25289109876838,20.123719508518448,25.38761429542376,22.274375787705793,21.664829386680886,21.10687357771544,20.20182225288427,24.93286364029488,22.547434111153397,22.05113970352656,21.885637878600996,21.064608011567238,24.52751641715459,22.862593870829464,21.94989928057111,21.65637900775931,21.096510279262645,25.231224926091606,22.619737529733587,21.79445780451707,21.605339864675283,20.963231638935454,25.254240176514443,22.585033369424217,21.822223939324637,21.602245283612973,21.039920899311234,25.25250138001206,22.664936205837435,21.623526745054058,21.707529859187737,21.236146769879124,25.423621117587857,22.42090093756485,21.390476418868964,21.1380406826953,20.40593244405586,25.897760785106424,22.29626043082849,21.5684893329995,21.161830870592542,20.385085424481453,25.77678100281838,22.238585972464488,21.701989807472188,21.020945496925854,20.381931736619936,26.019477034497747,22.42469340754944,21.719029023066803,20.94305750577165,20.217098052850147,26.164592993157648,22.71369168535012,21.852841653649882,20.860460137428227,19.93922567299399,26.493801808930964,22.883695562067306,21.96091103554006,20.806978122676732,19.92616980217264,26.380847619215547,22.71808771263456,22.072417798804754,20.825172230086277,19.819647805351273,25.536686170488274,22.706956277441954,21.864413709794466,20.72152010860635,19.63947589246361,26.40100194630714,22.826405861053342,21.960366168320228,21.002602731959612,19.88467349915269,26.072941098234956,22.48011201881352,21.964853283288743,21.050548619272334,20.063311644490582,25.644899243191624,22.12813387553263,21.76854174850613,20.861985470332122,19.857135320310626,25.65587254604216,22.225192485885646,21.691427093652432,20.7175789843648,19.801019310482367
25.852688202766466,22.466441845745376,20.942205411517506,21.390248394463946,19.812251509530277,26.4736914844715,22.28414905818443,21.414835287761875,21.402277874885726,19.247888127327528,24.711718163944838,22.837960025550164,22.92339743228556,21.814415958759877,21.182510482822167,25.283361895066,22.41415444534208,21.82740413750697,21.119033368158142,19.212397853466168,25.16531875313907,22.475090875432564,21.628108379581217,21.235332907056147,19.982282967382993,24.974887223118003,22.390606730874232,22.10134462861024,21.03870990755939,19.852421363892557,24.843225891332665,22.510437494814656,22.297816402206458,20.8551293705902,19.76701509969927,25.153816050153257,22.53231311038055,22.291767210205496,20.75848542142269,19.327380503511513,25.18426251587091,22.608807195573082,22.295259377023683,20.8008851902708,19.391764189078327,26.084768140246933,23.021610263069217,22.617986118581687,20.878009477578107,19.00518903474131,26.475867901997383,23.24629488627634,22.40160832311698,21.08554912814417,18.890729350107932,26.23375787749408,23.17574722586819,22.305190119793185,21.199570879729187,19.134513057237125,26.03698163631096,23.218570191607522,22.26342441187475,21.25567342923912,19.31166713178539,25.917772439203816,23.10194667615547,22.382529477383194,21.231136790311886,19.544627735504104,25.083436443397826,22.533903757877283,22.10757807468606,21.235363219093728,19.885418370363862,24.863780223480198,22.551397588261896,22.023854294852267,21.06924603058501,20.048727573817143,25.43516786440971,22.843841528496235,22.167074498855808,21.176320767841474,20.46487372064597,25.70033138149583,22.58153004039028,21.852457383714597,20.998762006021764,20.450102539050384,25.656985737130686,22.60926241678007,21.512016508423994,20.820818263694697,20.18081673743749,25.671774046365393,22.70515198265262,21.625934899206946,20.893520365991208,20.017328423174273,25.902258737887273,22.511466523833448,21.430703198866542,20.8261260056496,20.112026548424563,25.61816344478507,22.06395922911984,21.10023765800012,20.884793658946425,19.59989508316,25.361427519183813,22.497099397854736,21.41071289150127,21.11487059743549,19.85512815718994,25.308193810155107,22.39266777313426,21.576746355469517,21.249727192010617,20.076539074852903,25.3630083755871,22.231207867330554,21.648411049483272,21.110049284487744,20.160489117402637,24.91424675775979,22.515598627272016,22.04231977431105,21.882021758597553,21.026600300170593,24.504440575100354,22.829958212152967,21.947852834658672,21.659427780021485,21.060377614717677,25.214589404963895,22.597291300593128,21.79587327424411,21.604989426523314,20.926715369092012,25.227298695068068,22.576182130267508,21.838656121672038,21.607808787518476,21.004515409534623,25.23379399410606,22.6609708934915,21.638056535729344,21.702280820947795,21.20689857352952,25.39619973541526,22.428888883274766,21.397655770093387,21.13874853838606,20.376176069524895,25.869960271579423,22.31241137366144,21.56014241381731,21.156063653491092,20.356143440200633,25.75329161113702,22.26794044344344,21.68582756028951,21.013508170173942,20.358672985341624,25.999393206635204,22.43647375913361,21.704890107482967,20.929506526972517,20.192776431141397,26.13834895265909,22.705649779834282,21.84490701833914,20.847265685954575,19.923187075691477,26.46687155849066,22.86922230698853,21.955527542835586,20.795288585459666,19.911430641476965,26.356185989430628,22.683344026999823,22.071556342591485,20.81416582899368,19.80498634577275,25.505789252823664,22.65706249682392,21.8670226452789,20.710192460661766,19.623733886511985,26.38224973734342,22.78125377403206,21.9494504041595,20.98978144141229,19.87382174063331,26.048142353682767,22.460188508784235,21.9444370223965,21.03798964994189,20.031587543394817,25.625235551685837,22.1073779563654,21.74313092962546,20.843222789154176,19.816454769273832,25.640546722681158,22.21712707714682,21.663956704242644,20.703407872984688,19.759294517037993
24.86811899640825,22.797352644264528,21.034246987139017,21.52086540243058,18.521698911294344,25.46795246807306,22.042298975309073,21.34289648760042,21.226538720890552,18.329278773706438,23.9330359376036,22.569169955503632,22.780542863898045,21.192563002611625,19.396652451347524,23.84431595023314,22.73914093731483,21.83530432188946,21.1753049015941,18.755140208921656,24.25684703400997,22.465175980281334,21.67960290356566,21.035102864179755,18.767993250908084,23.9417385039499,22.417699973428956,22.090213727500117,20.846531078935506,18.761855127092794,23.63533200843843,22.413778773322168,22.201037517440675,20.682546808930233,18.714020989503048,23.842129439051053,22.344163558305684,22.104849430287352,20.651656113298706,18.465124969115447,24.095748984746244,22.290482360018466,22.19819957567099,20.70114633411508,18.46171204451586,24.729049830423154,22.559823592458457,22.501543001118936,20.940950135368155,18.334540214618876,25.120659297129702,22.60658705749058,22.18603921007439,21.066316261989293,18.224491621788967,25.28961319132552,22.68788020118935,22.258112375725503,21.11716512313189,18.253718205161753,25.058774395725916,22.726359807860938,22.25544392816685,21.25030281643753,18.34598022634998,25.06604384043906,22.690548487984117,22.339579786098533,21.155995975691503,18.413455631774127,24.529165675088137,22.252135219514777,22.05258973827508,21.122597309812654,18.558179602302364,24.351530522425996,22.18154099752494,22.11329569964339,20.97477536192972,18.524903353112293,24.747510726849573,22.34603091369267,22.075540553948773,20.932345749137898,18.74445316483717,25.30929820002938,22.244389560961462,21.80439214736304,20.712426276796897,18.655832796349177,25.110312603114437,22.14618946212583,21.360761325417048,20.592044867857535,18.473122657381808,25.276687763846866,22.16003772868925,21.415048612345224,20.66196328937088,18.353270248907403,25.432489664481267,22.136900036109203,21.197590060300854,20.527584270338316,18.516623004709462,25.05924670441257,21.888197841269463,20.89817789460217,20.84093925296554,18.406231963619526,24.69958748264056,22.18641079170727,21.23401391223589,21.040412313141577,18.651124255485318,24.510480945977168,22.061154905233412,21.447954109159795,21.181182544165083,18.70380515735309,24.339522993827558,21.92576980592628,21.632993649384495,20.995252907155592,18.710901736273303,24.00753340080798,21.91332244466447,21.99212470175959,21.361395000696973,19.30962223754683,23.699229827842228,22.130565495386637,22.021837457283116,21.118880939925955,19.247509711733464,24.219638149615236,21.892969167398327,21.77653510867062,21.17924552667108,19.11542601260237,24.274671187686938,21.974986315867948,21.829854751328476,21.08438335618959,19.249224388968837,24.14300573343415,22.24530250462936,21.49326683658941,21.07847811222151,19.356574667660706,24.374542194303842,22.21055310977237,21.27746807387444,20.96523522400227,18.799321448466294,24.631487311581683,22.031310819070416,21.230268016513886,20.871835116002565,18.72046821663392,24.86853529175925,21.99365492552526,21.409119858092488,20.634518306937345,18.710949307561403,25.01742903101643,22.161223032112666,21.380171041112753,20.57146578536839,18.61028964574187,25.421760508449395,22.265661043188615,21.467198334235647,20.648232976594507,18.41124006397027,25.62711564621493,22.312440629528883,21.49576939797914,20.623146921987477,18.309996953255045,25.833414596858752,22.114235869120584,21.705079666121073,20.80807568941666,18.273878809560784,24.867036516327737,22.243516921777037,21.502651721102122,20.642199845214176,18.11644634771272,25.61524043096772,22.246756663519182,21.673547131203918,20.963114836911043,18.203389956052224,25.310038879640008,22.02528613497436,21.720417688629603,20.871740358041745,18.33585741272399,24.980586047267625,21.82656618599639,21.536282684630674,20.73970906847337,18.292600729542702,24.94143935324561,21.845875817028446,21.52996826663222,20.46972429747884,18.36086942488596
23.739808296503064,22.79063346164488,21.28439738984405,21.04381575437479,18.650705603098924,25.34011057716065,22.10158254272516,21.26791320156919,20.9790378697582,18.158161256298335,23.40986943793731,22.85466853711716,22.989472145665776,21.127579127790877,18.046283166881082,25.709975029399885,22.665419671976373,22.414792186679176,21.482246501571645,18.863749009826776,24.26213932310143,22.49582405688134,21.998017154054814,20.976720073215517,18.466524560050313,24.1607700633852,22.46184552824277,22.37424455141103,20.930217928801785,18.467651507090938,23.992150951716365,22.566787156641006,22.505434096804002,20.838108222812167,18.39869121451297,24.226103482692984,22.44937262196669,22.331563736045982,20.827460493392856,18.45336184976261,24.103082302082004,22.387474537590162,22.336038402755797,20.836714440249825,18.448299256862974,24.445089290953774,22.60188970959664,22.47966504234423,21.011663408113733,18.398106526595363,24.6148351157517,22.674248910185874,22.158483824425332,21.04667046440084,18.296304174411915,24.721848821882343,22.66088736109041,22.204487120365958,21.066455759849465,18.314468931482704,24.67182173322409,22.656512115434147,22.201025617770906,21.193267530501533,18.37355062392181,24.6058111352751,22.757640536238437,22.302984270348738,21.07568785233878,18.33337720169999,24.41504617648278,22.541025528429888,22.08471242865191,21.090886740996286,18.409429201151895,24.455608485729446,22.38170179673879,22.18301589751265,21.035288174033575,18.384499815238325,24.724631397770004,22.397989194717002,22.13356792189941,20.968095523238528,18.459887602550214,25.129222714444744,22.359204548695686,21.967858126226933,20.750090650845582,18.395653904541945,25.016584043832317,22.036540080404798,21.592165506197855,20.720702873545264,18.31113101006013,25.211552262196864,21.86581382473942,21.634353528214348,20.778363160540003,18.199935335828567,25.467356689670936,21.84907099817873,21.44290261142263,20.613513191205104,18.254223251721054,25.118598215620324,21.81669248033829,21.347473306510086,20.94829738413484,18.3583558527204,24.70144773881583,22.021080478610397,21.64333077326301,21.11400198049564,18.534250471615703,24.63782110647952,22.034479895319404,21.80431542127526,21.158219553575833,18.539610308017206,24.46287715003222,21.98865360585649,22.03860872826679,20.993713644863238,18.537031354984986,24.21793991586066,21.932127085165416,22.30720527461022,21.146970298213397,18.699392701649554,23.962228641161936,22.036739260227744,22.252037547308294,20.942158655270028,18.61184456379449,24.850092435729863,21.92644240232442,22.024547253278502,20.929414842530374,18.534925860851125,25.001950356948818,21.971153688356146,22.117654132599334,20.821468049374353,18.70861054979572,24.78930121317035,22.25181404900837,21.725570724354803,20.76793782291731,18.726451646758626,24.965959243628294,22.323003836313834,21.524569541313618,20.875104112103354,18.596853993146873,25.28158123628409,22.2155549562581,21.382882118843288,20.76850507149532,18.531355531933396,25.191661095657828,22.24608415536911,21.481261504290828,20.62128420016989,18.45743178175085,24.885325116289046,22.385206755367882,21.353491237316142,20.57750599021599,18.321485266638533,25.224186517712127,22.29200673836989,21.44589925925364,20.672827175893477,18.22746139137194,25.106154028124973,22.355832104190693,21.47768894205807,20.625374895268767,18.173267217963833,25.20686220749871,22.10226306275378,21.831316714769617,20.803312322979682,18.1265453362793,24.37294989237309,22.121795740390546,21.672827232374022,20.640011384527813,18.08003562904431,25.388768605156837,22.295564259303205,21.795481867719282,20.893244895347216,18.07980658624328,25.474112449900268,22.313141270043577,21.881053251465787,20.780497080249795,18.281325271971802,25.330364131176502,22.22289836133355,21.712475283199115,20.76784959425968,18.27647059467963,25.336998471002076,22.248358035237295,21.592353806018473,20.487588020707925,18.420794694633674
24.213806423371043,23.277596782897458,21.22810061210429,20.855252057468007,18.084476848779918,25.844602617093013,22.13242582500331,21.512222214424252,20.81010731319459,18.143157933231688,24.473773325691226,22.834255830088335,22.894250477316078,21.961151865161504,18.199432393617144,24.035952651563026,22.31028434444191,21.994993770456983,21.959298183123206,18.4975326107237,24.381412705378292,22.52215930937066,21.883090339298118,21.19903532801875,18.276215913456625,24.38482785743181,22.415527193804873,22.251014402667927,21.144662599635133,18.333291074650777,24.14958077583831,22.46345243390605,22.320706132746256,21.092519277229115,18.251134441255864,24.219146620090207,22.386776445074847,22.18563754009906,20.962424780157605,18.264249786137604,24.53045964535636,22.385774469057505,22.336648782583648,20.868575912578162,18.368698230789963,24.78399801746536,22.611648090347025,22.559503585714246,20.997971275040214,18.319555888438828,24.836272957903052,22.625499965869047,22.28383908563464,21.077571864402138,18.30923050570575,24.852272596855595,22.703155512202887,22.34128060597071,21.12952230918701,18.424020925822866,24.94975268522588,22.533649703361107,22.365688493675535,21.2896938507972,18.468881793991233,24.88160019629156,22.56416544402976,22.389246515348034,21.243880326256697,18.3897175809299,24.650740533592508,22.315374616955353,22.09807806520336,21.334192130369132,18.413831215171655,24.625689682979214,22.03104361410028,22.179305115823837,21.33489292866842,18.372570238245526,25.01171727762,22.16816475292056,22.100804335372953,21.260154809993466,18.39347529783584,25.214721584469004,22.28360824351019,21.831181387446076,20.92322958963632,18.294026588098127,24.960016971690926,22.00451437521682,21.443779881323227,20.81006535559057,18.20461508524752,25.27441042306048,21.75510534137684,21.514837816733028,20.871202385342137,18.14484868080943,25.434451786540087,22.00963432999115,21.366919681387223,20.66483214026846,18.23605022497868,25.031085475901882,21.843580883894084,21.252993751057,21.03501534434494,18.281306494195157,24.577791723342237,21.98200048234848,21.60637703061391,21.25526871952099,18.497235348378474,24.50273237446824,22.062632930777504,21.78460707677562,21.367695598813597,18.525856062611965,24.320108187279015,22.212655423386785,22.021073900977857,21.108554231970594,18.502444498933627,23.951087284887972,21.910365882133593,22.253525914518075,21.26985756819703,18.62811865582769,23.72772563797286,21.979388479214766,22.30629565830356,21.083121745483346,18.587994563593533,24.154769298185897,21.884120706718363,22.003773941184303,20.95339972827483,18.481907621502508,24.27741663830374,21.88947942250757,22.07624757572238,20.7424591494935,18.550819604858923,23.973300359194486,22.04209794164183,21.66151130809542,20.75907458654268,18.61757435161273,24.321985518732212,22.259248225014368,21.44677054108921,20.889486337376685,18.454052768596018,24.723264712198365,22.14692144238957,21.354963169602957,20.667551287564226,18.411894890902783,25.1974968944534,22.12315809986141,21.471045938964874,20.649815688302105,18.399231102174156,25.06477895134832,22.33364555203508,21.38051625180006,20.6948465709716,18.389899519886505,25.492657385173676,22.308376889349006,21.49067106106313,20.768591659131772,18.236227526530904,25.255889908352437,22.36618584090305,21.514839708275783,20.640788594675026,18.192227106622177,25.288495552214435,22.127273113105105,21.810497284698496,20.939560428987527,18.079866563150244,24.36577190925656,22.108532843875544,21.706069380007342,20.798484945360844,18.04638560896064,25.271691188237945,22.065205032073266,21.78843409166432,21.01716873082604,18.038723511332798,25.0986421486732,21.923822356894174,21.822272254466878,20.841671325254485,18.187929298797567,25.070625602860517,21.886560535256002,21.652505004922926,20.909741252577057,18.08929469242561,25.0775923679687,21.926980929231988,21.45621962262157,20.546641135730006,18.20405640412779
24.92533507053408,23.367817908455784,21.448910177705567,20.852597840834818,18.55381608959068,26.403889971190747,22.98439234868661,22.049482416849912,21.219879425723256,18.81185177024112,25.34342712195,23.739907644524745,23.016420729013014,22.898952342691516,19.775622193665676,26.119435175012175,22.50576825326602,21.857170222519482,22.547558567623128,19.11323828136267,25.352697458696355,22.933623877399377,22.108036683931296,21.79075840775705,19.326049143963566,25.235087924560197,22.890741395877093,22.460874791200503,21.818884974638003,19.488012751121683,25.165792218433303,22.87190026906785,22.43873293987364,21.746782099593297,19.36166195000507,25.288210372994808,22.687203942790113,22.319659224967975,21.49461843937026,19.27093991712523,25.35511502182943,22.792192587656157,22.57272445810822,21.340218158635345,19.396193703673767,25.83388656498903,23.28655831085966,22.762774440940397,21.320031809778264,19.101575567386856,26.211221470340302,23.3634324535131,22.55802398316293,21.363299779970042,19.01752025472259,25.903480618890967,23.32518928115694,22.623453466179875,21.38652015148643,19.153808380721035,25.934305442380424,23.101492065490323,22.667571850586363,21.608903462839987,19.147233105443412,25.74304871175509,23.042345882621223,22.632424140017665,21.560109377353946,19.058040160328947,25.250907361915306,22.602035833593575,22.379344805651535,21.65622466036971,19.050628520861896,25.126947310298448,22.18914878833855,22.3858120981048,21.706990284873175,19.057871435813176,25.80565926941258,22.54084319270165,22.27291172290425,21.74220229326268,19.451396926595258,25.848466068513176,22.6910284454997,22.000610430796748,21.30161267534841,19.417145652276382,25.55960285762192,22.42790201633361,21.620599406483787,21.136821341178347,19.39704308428379,25.818683009575352,22.313642154218446,21.657717051663262,21.145507915405457,19.428571938779843,26.08997396308074,22.69559680245817,21.61992550407766,20.90817615877846,19.4874177127919,25.58994622604314,22.38959065461931,21.624844445608062,21.20978704847338,19.13338268469909,25.2190657220391,22.442333242546123,21.92692176579811,21.4407173326159,19.24168691773247,25.342716630485057,22.710932357778155,22.122053266837963,21.621731618604464,19.288449253009823,25.19346833184261,22.807079756767727,22.29064463909838,21.362494118113,19.27795356756249,24.793276799462745,22.415348691009036,22.423120243053024,21.65793192077342,19.76775018025382,24.403129984707004,22.432989185357275,22.526581009776045,21.48649388716793,19.729241218370806,24.922613683495896,22.586581118122545,22.390504473069853,21.41547144343639,19.706279916909672,25.101053181395894,22.44747209208024,22.506092230309527,21.18770197894268,19.686634712539295,24.967632526436326,22.475921816045012,22.181630232851838,21.347836558208066,19.788619275871245,25.168140901107947,22.702447042638152,22.075729424322425,21.39906374815866,19.554912359395914,25.773202315906367,22.843526443210926,21.994314799596037,21.193179337893206,19.707992583944403,26.09672672191264,22.684508152299596,21.907625007497423,21.219513337580903,19.69749414905745,25.969297711124238,22.908084071717262,21.773389874352873,21.29446875400774,19.750590322494787,26.287414542659622,22.831604965156323,21.944013035275493,21.31391504697025,19.570396217413844,26.152659154048212,22.845968711220557,21.863546006530118,21.145387048324686,19.275862176038448,25.991325719264097,22.48331024032806,22.01799661045596,21.412036577944214,19.083247292012558,25.03540101852889,22.41956608639402,22.01814055282908,21.253652588118413,19.025132390716333,25.630254771594355,22.43361869878025,22.225459097798847,21.517636777947068,19.088676615195034,25.37298959771679,22.371874728883267,22.191299177376198,21.374670375999482,19.26657531322612,25.16230085006861,22.428699783100132,22.097423508949724,21.46433421207784,19.193932517295497,25.213110756334743,22.459752455864823,21.880750843307208,21.118202079404348,19.261195224056756
24.944182182012092,23.39037841011349,21.473046535522233,20.869186526307754,18.549560400957247,26.40011860186503,22.94636251328537,22.048588004477228,21.21027930180182,18.83936237630024,25.35800778787791,23.72902843193074,23.0503994833596,22.903529053070127,19.785178160208776,26.09913231633683,22.498614905300023,21.863927581199707,22.53496627041025,19.10476238739504,25.354647036185447,22.93175821942318,22.124357043403098,21.796493834116855,19.324743393221915,25.240534382454804,22.877914448783272,22.468727161886736,21.818289470256254,19.49029385009118,25.171859685039443,22.86930249161751,22.44611622629116,21.7454157666171,19.34488522786295,25.294212476246994,22.683190609958256,22.31461345968768,21.492304061012987,19.258806987739263,25.365354331753302,22.791569831152657,22.565517903920675,21.33599871009138,19.387776467732184,25.845318381010806,23.277897223490402,22.755103496156117,21.31710949446137,19.08961012505982,26.216117939174715,23.36350270071911,22.54964685842619,21.357853841862813,19.00290479037153,25.901224571334343,23.32169944622088,22.619896638715375,21.384402513276996,19.151343801556003,25.930162942170405,23.09450782875041,22.666056976575142,21.60573158329597,19.13813725280281,25.73826043318646,23.033846480043444,22.6266680693086,21.562692586281816,19.041172427016168,25.247363580618053,22.58964039538484,22.3621284772755,21.658618182925313,19.024467483477924,25.121221723420767,22.167397849129205,22.371582834520087,21.705586984729692,19.032701093907967,25.80756727904842,22.522526662357567,22.26300341066024,21.74259789367112,19.427636946415426,25.848799327676016,22.673873442039632,21.987574244972528,21.29946407086528,19.38553842424132,25.563566064355538,22.41152631163582,21.616268435828786,21.126506304190837,19.37648107274637,25.8164822190263,22.304662025655784,21.666430248313805,21.122783688842855,19.426195329294003,26.085908120163715,22.693761202856386,21.63009330996709,20.90230013266183,19.48334600454646,25.581557800448497,22.38327847045715,21.63148038048944,21.20191009248629,19.140145162881538,25.212321814408444,22.4395165832546,21.943314831202734,21.435633955933163,19.258248821603445,25.328169036660306,22.70171699880031,22.134149045105666,21.621090722406947,19.29457194628185,25.17809126911089,22.797180744939716,22.299759173681654,21.358714617175746,19.28899248927661,24.77134245915279,22.403185984384624,22.436343237084845,21.647711656921437,19.7821063328312,24.37422441215212,22.42339471731335,22.540324124855168,21.476992426638642,19.740542285594,24.886940296827184,22.581956271017166,22.4032875427175,21.411405750391825,19.732150749554684,25.067337102388326,22.444628601571495,22.522964426224693,21.187263367327155,19.709201298098414,24.934457290105108,22.477171605812813,22.19777594086364,21.358618602295813,19.792946574768116,25.143958482424516,22.697662884996976,22.09539594565269,21.412128502123437,19.553854202002547,25.759637926844153,22.838795210235602,22.025648458676276,21.202139343622154,19.702460007019955,26.089686869551503,22.678041852282185,21.942297729081453,21.220252740264307,19.67796601505851,25.97174980114471,22.907817465608503,21.807951122587657,21.298805842868067,19.74224847484432,26.29446363279814,22.83406556783249,21.98712010371524,21.311755462620432,19.57596546815278,26.16175263563693,22.86063247635567,21.897190334720925,21.133383261462665,19.278909658742723,26.00342383315594,22.497879880016676,22.032259313111016,21.402295049988663,19.077987673488675,25.044283335622602,22.43204744419824,22.032438725964017,21.24091740721041,19.01481541378592,25.633130974472266,22.43882519434,22.232454152616718,21.499560781257934,19.07171904061629,25.373353270009545,22.38054971648676,22.18137693019208,21.350407266427986,19.240630077620192,25.165263950496605,22.434912560346156,22.091814401740788,21.448768948467112,19.170044151878777,25.217356692715843,22.475625459581956,21.8846990374172,21.09898131616082,19.242561267832617
26.080208224879396,23.792480747601942,22.138442188467316,21.095084253184098,20.21187316336777,27.13821578090768,24.607381710039558,23.153819144109832,21.730507123214842,20.2861193975416,26.18455124417157,24.921343168687947,24.120977758796805,22.480621090349704,21.950182541281706,29.421024585308775,23.08552587785541,23.095255031988344,22.069900998424586,20.187564936270356,26.76599815896334,23.803971883819464,23.01007319785852,21.843882900360075,20.929737722924013,26.76390679979562,23.60083422786505,23.27753457754929,21.894273997820694,21.005993535960066,26.96482975510048,23.59848928251072,23.177850676118418,21.74755818981483,20.841604464156426,27.392825344546388,23.591402671186337,22.959877114961476,21.547021169452034,20.55894107094005,27.09432515030874,23.867622919502438,23.070353667230375,21.510065746582903,20.668655727293213,27.93576828911017,24.632187107843254,23.341897909256254,21.49073706241162,20.344038902646723,28.443473357735304,25.114615038605088,23.249092331573753,21.408464482895052,20.2447076446545,27.954739786162794,24.801231153176044,23.13777131058384,21.47644753928656,20.364754690771598,27.772628541101756,24.611115678031478,23.079489088531474,21.56190568151172,20.376722936517627,27.443272540436617,24.394857120267122,22.979731159018588,21.45989989805255,20.435083888676854,26.51245982714541,23.749139402197073,22.705021462217143,21.38894020775971,20.456879895652566,26.336138729324478,23.462843314311296,22.589232496735924,21.41369504216666,20.63516845517947,26.97533578436865,23.9484892752777,22.601864130223948,21.483258270736613,21.131502758009017,26.609539701476386,23.722250301707923,22.406486978175632,21.314614223052725,21.097277050703426,26.327576657900835,23.426225615027306,22.107311845005306,21.18299473773503,20.97375853433116,26.537301939534224,23.277745735196305,22.076200144876918,21.19149844442902,21.030761101056235,26.61055221680933,23.56048421603617,22.137294856035073,21.170203186034904,20.965380362724762,25.930185282543402,23.04519496588093,22.18871784485286,21.4085972007602,20.5134077901897,26.113359219499994,23.05964692184255,22.475536717237354,21.59786530895265,20.687548930835923,26.408236209124027,23.459712776053955,22.569384827910035,21.779491411356293,20.923023386675595,26.43816682656102,23.5438836692121,22.60554670437353,21.690559363104352,20.952707233393607,26.029081598350693,23.14090858572949,22.740802585074146,22.104125145310295,21.60764102480467,25.924043304888443,23.161197429239166,22.728660280588496,21.826511179134712,21.670496510294562,26.30444233168965,23.514474725443726,22.645994542647916,21.81589702354838,21.689347723423232,26.479275866303094,23.34304180405579,22.763786210137916,21.68408872353491,21.50654321430768,26.198247142990578,23.465656499025993,22.60252506281252,21.90731047995546,21.659029188857986,26.615292140274896,23.546009916310037,22.52174665544708,21.79794640551359,21.37504421711297,27.094639124590117,23.867074085174565,22.569145255616366,21.87201953172675,21.540910443134266,26.921878306064524,23.568124629716927,22.541270890041524,21.836415793388333,21.546527192128593,26.899057339861308,23.739398824626,22.58857138338156,21.973905552195674,21.625668290520014,27.46778321947931,23.66853311120667,22.7440293312505,21.896078554028225,21.352575990551923,27.507644117671674,23.757183308795895,22.598960175521448,21.763220809746905,21.0119582896326,27.21181627845837,23.344427203463,22.619232777323653,21.74018595554184,20.824260182737675,26.59789182087951,23.316870432953436,22.505677127108722,21.63330867939686,20.71390553901641,27.107276705122796,23.518858887431154,22.62566930466337,21.749153867451703,20.844624738808108,26.673620634927136,23.370272587584207,22.684408610719768,21.599369841726237,20.968091241351637,26.03071927656142,23.279061111969156,22.665027680889814,21.42099764635055,20.86135675695463,26.11558722363977,23.353995799567954,22.483022224777905,21.147653529702374,20.804906878398498
26.72670819723045,23.149506779781817,21.55019967768793,21.21303882786792,20.05962459897143,28.024536958433927,23.301820899409016,21.973293390010785,21.60526028948246,19.52880490846719,25.274260225817784,22.318974856198476,23.995690582362492,22.29017720039066,20.494494521422332,27.20207107842755,22.512534155589858,22.38586463502436,21.255557880074313,19.582888800958013,26.323914806088204,22.83159411820423,22.22270429494629,21.421008333470567,20.000869150444053,26.207002291514243,22.824965336260554,22.718837597015863,21.31840756494104,19.87034374241265,26.016812338720058,22.902866364907567,22.810917846589597,21.16703754499034,19.773563912711552,26.31766718929523,23.27088982938165,22.758321715401785,20.996117342624984,19.561958036355144,26.18684335890395,23.499672552267135,22.73701720312281,21.09696117564562,19.676401551363714,27.145318315858628,23.985130324538954,23.08025024176684,21.1235740388912,19.432722848373782,27.554598957828055,24.240390876795722,22.957376284563725,21.37552777954236,19.436902685290484,27.18834485793056,24.19460453018914,22.90175611345773,21.413884653469914,19.677817439553166,27.145518676632086,24.15541649119059,22.80799606832663,21.356331393200954,19.726527310996268,26.883579797576395,23.95103043317016,22.861145949497278,21.284156086945963,19.753921489222126,25.986219126176184,23.47581238330028,22.511526728382197,21.268844924595278,19.869941496025767,25.811609547748752,23.44494914547008,22.32721450675071,21.023050931940883,19.932930733602785,26.446938668709926,23.737227681754508,22.502504356155793,21.12167203938068,20.111465040574256,26.3749585074319,23.48917037311842,22.15832438623118,21.06062914884955,20.10659210369319,26.23876303466012,23.523075835070326,21.906635085414695,20.84176825807686,19.837352611514714,26.19153034190821,23.567511988727784,22.130401073249924,20.905894087090935,19.757593502268442,26.106509363629733,23.27927389861344,21.93661836763294,20.953301975351216,19.774788383791496,25.825814644819197,22.823956521371784,21.770879088298976,21.10461137668438,19.465598881521448,25.894474577497867,23.11238863716321,22.034946485759324,21.16735355640538,19.69062018407445,26.090234825259284,22.970726592254163,22.19897957126772,21.370725122268034,19.942637508525884,26.249679271695392,22.80079917467389,22.22530065047728,21.292214608274467,19.968803083639557,26.224794429527833,23.340697901513714,22.55174733853693,21.977396567815976,20.984845992622493,25.93217526437338,23.49660550973116,22.276224454596367,21.6921677557746,21.06343082900667,26.835450124024767,23.39386379132649,22.269565715059258,21.805397440440256,20.983889163348103,26.789435954572856,23.370835271438224,22.210163808156228,21.66872136457581,21.047180003202556,26.901280573908423,23.335467609021237,21.982308985990272,21.65669754260518,21.27857961672506,26.904096822288544,22.961414758891188,21.7769309361475,21.094776250499088,20.439397322972287,27.365174668986906,23.101321347198397,22.08191656432476,21.12595756458326,20.44340119153979,26.52721955963873,22.939882732577615,22.11254160235723,20.9583863537146,20.50661346239348,26.83305691592749,23.253481865967103,22.198926067118336,21.011038142390575,20.409963671757293,26.788117444300735,23.616963963209393,22.531622648491332,21.070812626286042,20.251707681608007,27.065877201001292,23.830340708545926,22.701207979282135,21.065812292188006,20.151099475423305,26.745333266182264,23.608663582642805,22.874544165966437,21.17906953824665,20.001524830305655,26.393991822846658,23.47196922097732,22.659255412072156,21.060621087066593,19.82673916096316,26.920911759806653,23.580964024840405,22.682941625531164,21.291518580128457,19.98590037162341,26.773193827478032,23.259212831500868,22.534931262656,21.285543224367988,20.04155719900542,26.214812232280103,22.849805455054362,22.307459448012096,21.0597230664899,19.901335188355418,26.138903498686023,22.96871471709121,21.949079251338585,20.856018807596435,20.020348278600615
25.907688729186006,22.23323702476619,20.7088355920457,21.00337648002574,19.79680843777398,26.97562082375691,22.103833546382784,21.230004831235878,21.170401618114283,19.425085375907052,24.97661631767448,22.685340503790876,23.517237665024673,21.804761447727024,21.929354949329824,24.12944993219719,22.152209441080647,21.86196216934071,20.824750899604407,19.467861188183225,25.101625734385365,22.315612896044577,21.646759045081943,21.09529544441917,20.177388041860574,25.014445341371342,22.30896149637461,22.157835274069186,20.9479086360255,20.123860820044303,24.811117940127204,22.474843525267925,22.26133434056094,20.819289108381252,19.9775503291224,24.901913686814886,22.526663677026296,22.14363346642961,20.63450849304577,19.35311288041191,25.16585299764382,22.65972385540868,22.117922669758997,20.71510542512373,19.381880800776194,26.054444868746053,23.04121560597246,22.272351316977005,20.651462288936,19.011427759077176,26.35438799383512,23.2257833384686,22.11910012118943,20.89006712643407,18.92946777030204,25.965388245917467,23.148623344427712,22.10446983086046,20.915908364293156,19.13695352506109,25.964118392857234,23.18222153829435,22.036100794916898,20.953516937845947,19.270464617737026,25.807300060054644,23.01863741590487,21.8861133435001,20.911426930248535,19.430962630798096,25.030643850421335,22.54969610420592,21.741448247796903,20.919645207175968,19.640875158261377,24.887911632640602,22.556114035899306,21.578566598743976,20.721242220676324,19.697907937974062,25.56177470023814,22.812250931515425,21.664028243220642,20.837996930179298,20.14573136054748,25.644839233264253,22.593709034221853,21.428463129925422,20.75590428662942,20.223310887651415,25.46674820179423,22.633393817840286,21.36991699898649,20.571317141192157,19.948772635956203,25.382974856163745,22.70763246013187,21.474498225476108,20.666790169299894,19.953109983210204,25.282543811622652,22.538797822549153,21.256420644230154,20.619920585224076,20.041883183133347,25.032098890999748,22.16611093275602,21.164129673743496,20.70243066629625,19.59727398570027,24.871704410283932,22.443588582564892,21.27505256018304,20.823323169199185,19.808322358787166,24.99390468111902,22.26330744668458,21.42107293543597,21.020666169173886,20.126850708047566,25.162817487735577,22.06127117433036,21.427382303647533,20.904711169797476,20.155785752366913,25.358638650948212,22.570597326825514,22.038489724151987,21.72988256813601,21.186392777161007,24.997206848642673,22.76907433305596,21.690635027739074,21.499248009925264,21.155894100935335,25.627118105798797,22.5401648641103,21.702705940370116,21.5552846714185,21.141242198247504,25.520909769123886,22.485439916473595,21.511653168759572,21.41358015609377,21.088577456262588,25.597760419050303,22.532954247455528,21.452438246880405,21.437755108174105,21.329911665747186,25.35425170826698,22.154560891223458,21.054324893984493,20.76970067138201,20.394960238159204,25.838078019735793,22.215076026299734,21.375628396526302,20.846608346158423,20.46422764251249,25.48890605333169,22.213350119287316,21.48334099127613,20.759941030742425,20.499589229083593,25.871617831933463,22.498505072760615,21.66780850938073,20.788508783403454,20.33527247471816,25.82641072160875,22.822718683258152,21.891661156264043,20.808860801564506,20.11613685389258,26.149113990345768,22.892830097849618,21.97924478190451,20.784068205249657,20.04919190304641,25.84847155184529,22.69509459563352,22.198513208422373,20.82517489899667,19.923486543766625,25.321544220765183,22.594051443151372,22.000298662656196,20.736216050765584,19.72583034466752,25.72678722792559,22.70475149342194,22.147967981802847,21.012815176995183,20.05631799768939,25.71291338680291,22.41564874987659,22.114605197908606,21.045234538822974,20.09407577220413,25.291306607421998,22.107578152706367,21.966163853265634,20.88773176741813,19.914405512325963,25.39537012309973,22.270666319429875,21.720131718988537,20.709648563648962,19.85527288456788
23.60952253663991,21.62644198757392,20.19373310283366,20.619419473975025,18.45790552266687,25.40834272876436,20.773262346274453,20.630757717879565,20.75921443868176,18.257865222979195,23.729651270316946,22.44194381462311,22.39241736262647,20.495760836354584,18.672562980810817,29.273832731282678,22.01410558432322,21.739287398915533,21.08405268467797,18.448222186653012,25.079411038118636,21.815299236043025,21.264285869191735,20.59717681683491,18.571258444341016,25.254656564841845,21.66944355710788,21.62699549256654,20.502641845211354,18.572335666669805,24.95566288319213,21.86790391269331,21.78294637566679,20.454074042086425,18.55438974349183,25.021675053176693,21.735521558356268,21.68281348633301,20.431959519369332,18.425065766094853,24.063200975771394,21.647973436081088,21.698085609518223,20.31781474923387,18.388411345473678,24.540123867081824,21.75712343873707,21.67386158571036,20.405629943684705,18.170946069163033,24.723614116144034,21.979133526714882,21.4985564164435,20.515938817304992,18.069466290508927,24.632762108801188,21.89702016512495,21.51228946292847,20.472314572542537,18.093795227365167,24.588226136775035,21.849911076782533,21.621130284945586,20.621497740532128,18.211958311629754,24.531347573331907,21.84744916950381,21.439685652885295,20.4541760674905,18.29876029602317,24.03828098568038,21.336042356742077,21.451857555281197,20.395521139317374,18.44233726037597,23.78464038054826,21.279121847564646,21.41726073627286,20.26318785989465,18.407878721457916,24.298250552191824,21.45142145185482,21.399462263561844,20.232732957926075,18.78132307954481,24.58278869534412,21.46917001144249,21.17169072392626,20.003366789066696,18.753240387342768,24.436283240016156,21.58708904474307,21.07142345889412,20.019814646223132,18.611891589730334,24.51966833359896,21.75655060715717,21.01411405144815,20.097501383861847,18.46990003548979,25.469240451516956,21.821494256855438,20.984854252117266,20.074846189706317,18.580124504436764,25.184749351738375,21.69720553876596,21.044038075733663,20.30878239629606,18.310904570799664,24.811126062620314,21.916446796496245,20.914551263993395,20.472995676531802,18.433427764002012,24.86668807051714,21.57732180430842,21.16210473030881,20.660088377480538,18.507478982509337,24.76481247412493,21.48946480052063,21.258335716401966,20.587763159404407,18.58255276447474,23.979114261754347,21.87249323525855,21.620929858286054,21.20563764678859,19.77752090102083,23.76514229894248,21.976685070361693,21.36678883192223,21.01888036439123,19.745051440882218,24.652576277555873,22.016834108914182,21.561227112997667,21.133179773197824,19.841852012499974,24.48239846127997,22.229899055440697,21.41174371972374,21.068149422214837,20.035027068807644,24.683720623850043,22.365674180615667,21.33573241688655,21.120770132592202,20.134202991853197,24.509776923156004,22.00891439200556,21.03564229502528,20.604391490976795,19.0300416564688,24.658077104582315,22.009789426432924,21.045574907514244,20.566336111484638,18.897305630247356,24.389387682281257,21.8232782667555,21.132212453819267,20.36685269222181,18.709839848070505,24.693820547109265,21.800553498431434,21.16197944085598,20.258022396878523,18.50423109090555,24.594928144522974,21.894748293420943,21.198966908083754,20.18368718607794,18.296526510364515,24.833389649001013,21.75557391953158,21.269457000478717,20.184058917711372,18.1900940594416,24.803378832108308,21.602480453933158,21.461852145126528,20.2346617984354,18.193438990685344,24.2953272312216,21.55320882414826,21.224460827541307,20.1636159536477,18.128919486600076,25.02099133019917,21.794656075345706,21.34766414404136,20.43600117095108,18.387084177001974,25.164277094796525,21.792319192185737,21.449182007206574,20.554692353688818,18.660236019752197,25.089086051520397,21.642980473436108,21.35165461661504,20.59297953454709,18.665911856406503,25.30487558895559,21.829499706278472,21.306734925958835,20.52645881290707,18.732250034181526
23.29192103920768,21.236706992457474,20.058556777146244,20.35091552838529,17.439263997406854,24.273998271334072,20.49396271811306,20.395073279384594,20.16695422162817,17.279361346801835,23.099010484120832,22.060340291479296,22.23417323652684,20.06720538560306,17.74320804969915,24.831750912997254,21.41469175204901,20.74008574585822,20.355490074687683,17.97144500897216,23.519398284513635,21.343574307098407,20.77576530182187,20.06282562493528,17.62916804165271,23.5190313689745,21.38205737573511,21.192534245231816,19.9612134488783,17.585268400487703,23.146641119294934,21.455055034661903,21.302236765978932,19.899648027740533,17.575437126183196,23.190218528358116,21.287355690150658,21.089694864971058,19.917112415852504,17.477088702443,22.963000443474147,21.296744045584266,21.118755345548195,19.940243399326285,17.390557021513153,23.52341221107104,21.426520381613717,21.240960081334894,20.118173077182455,17.357639692333716,23.664149854953784,21.46366843531819,20.901127656816314,20.189351786380772,17.232250043961592,23.806745940236187,21.487992685399746,20.917726294245217,20.186733320571022,17.238434939496653,23.852023835375874,21.561847588205417,20.931377761321606,20.298934839514356,17.309003020798805,23.844187237701686,21.442175286317045,20.783441795867596,20.132498990027166,17.38631162053836,23.707429014604052,21.197857212415546,20.686520189061717,20.089758203004788,17.436729445578223,23.664281469237302,21.106757258008905,20.7228616862184,20.003931835145597,17.458060693404285,24.077144805329105,21.189292329921987,20.631344287033226,19.917485002170036,17.69868292445094,24.385083077464667,21.078142111278197,20.438497088395614,19.693305654625927,17.638297532071306,24.347979893334067,21.09435699062343,20.228475500042002,19.670111659887887,17.44480925914457,24.197176817325936,21.045115359566992,20.221772967744915,19.7634802329178,17.31630428449734,24.39789120361763,21.09393384936413,20.073508231104228,19.616818654910123,17.512380263470824,24.182320295004217,21.02478835077627,20.05695780865731,19.940164877655764,17.369746741828767,23.780996448420545,21.237778076803643,20.162744920408986,20.13196759492283,17.588920299082204,23.56317274270357,21.16972490230971,20.34569163884479,20.25804395290998,17.642223915748254,23.365764387618572,20.973039043334786,20.46294809177196,20.125989909440978,17.729354617982697,23.07624189324381,21.08108106171709,20.720060595754827,20.524273865739,18.533357687916553,22.832098736138853,21.217829022203603,20.620598471815597,20.346022322883776,18.481988083791666,23.886268695870523,21.036026215089045,20.528507825398464,20.38218434961347,18.427598262935955,23.97751602725158,21.068829949493498,20.56446117496698,20.277007440578753,18.665623779743946,23.744711984850063,21.383251576237708,20.428905406196726,20.224185064190344,18.72675304995,23.789773949663072,21.18471967423431,20.305768792716222,20.042909567480415,17.901983960943035,23.867787527710703,21.13355198555086,20.32867886155409,19.913537878747906,17.82249083725569,23.434725392262408,21.09166957677544,20.58214643188343,19.74804017800675,17.65877985817246,23.58085157247755,21.164737925287984,20.663459783887298,19.700724597237507,17.475551754662643,24.07705556901884,21.13154781227829,20.672771449656675,19.75026759442132,17.190842778274657,24.19984854217551,21.166386852186594,20.641282319771648,19.761066884331996,17.122480130948578,24.383172779850987,20.936916180636192,20.858700345839715,19.917080706006,17.125287715646138,23.83270883431089,21.109394915638724,20.572125002201233,19.790688258905355,17.054453243408876,24.551691401392894,21.11938255284027,20.76368926069274,20.076187059167076,17.18627877389119,24.28298037666786,21.13284681345666,20.90542310964065,20.07965852042566,17.470611413468273,24.13133218500185,21.1075280033096,20.876860652027794,19.974544067198,17.383093184015642,24.21532149160033,21.173691628380396,20.731526277104855,19.816334873898303,17.423215846381606
22.631644552697516,21.416855747405897,20.462425699511737,20.04943282411852,17.807888290168272,24.596316477593103,21.071519655752414,20.24677569477464,20.16181789653915,17.73332508824628,22.750091763832426,21.458389498127886,22.409436872836373,20.383352916547565,17.20819316989001,25.170754181753953,22.698825008581306,21.288083210479904,20.65283076098057,18.31264934217153,23.646428748024697,21.718342077129982,21.181592467828857,20.15540674116473,17.807749853650364,23.7349931742932,21.765210294934,21.53485541976871,20.07156169688456,17.80662374352517,23.474546553952685,21.81977009361723,21.732742490364114,20.055037899927008,17.70918730215049,23.561489571829092,21.773730712711227,21.50147187970473,20.05132676493713,17.863338523409507,23.32759281629155,21.551987640596746,21.562554049454967,20.09153787857844,17.79947517738596,23.577511411600007,21.547181851344465,21.62525002188114,20.24773349764097,17.750482448343515,23.62034326471527,21.58146328896509,21.38289619247998,20.29888253685865,17.691192968907565,23.69848568968161,21.568120578447168,21.497553038463668,20.27814812166656,17.81908772372652,23.904764474726743,21.749486977726285,21.554684547278036,20.311745995910037,17.7694894371535,23.898422863007525,21.786551841499822,21.60716031040505,20.173155937620415,17.76503472297074,23.730446186803725,21.548853528663482,21.36933073665396,20.1360213422707,17.769596521298286,23.863287079689414,21.49318279202389,21.39614367723654,20.191613416894175,17.714552689293246,24.082048265399518,21.62032350554015,21.248745596755615,20.08036687617731,17.698286312603663,24.408005894698196,21.458332617158437,21.00467837299027,20.008977966349853,17.66406686685213,24.253623062009016,21.237937305369535,20.655999803253742,19.932153670656554,17.56709889184163,24.236620439509863,21.18082902333501,20.714549808440815,20.057061772216272,17.52448889664735,24.359606652097987,21.100902367336253,20.43840759224676,19.843826613254464,17.69490097106211,23.98194410799033,20.928084976919333,20.408626523812988,20.141310160294328,17.722175336046398,23.416352366501627,21.087726431664514,20.690693312503836,20.16866148262293,17.845710820588202,23.398759078147442,21.189538490077858,20.775413843174057,20.25934426605475,17.968015384066515,23.317430568842056,21.29526770970026,21.03690872702398,20.081328642259724,17.942484132241535,22.82473006726388,21.205086974467157,21.44880479285009,20.302832489480434,18.105624955066865,22.86203752568374,21.32649917374605,21.401917754961126,20.239550760216712,18.082961131869276,23.62729612843449,21.415695218714472,21.314113810398585,20.256907147905988,18.13719415610019,23.770493528802927,21.520362410225523,21.554514588896318,20.144589667249072,18.131551148159947,23.643106919228234,21.554524449835267,21.217342132891986,20.15467883579536,18.213180199103487,23.886473479656225,21.678305206994196,21.059252924068318,20.21793328389871,18.089471435778712,23.967424017748733,21.70334028165352,20.986971025689975,20.005160287989828,18.042270950704886,23.889914687906543,21.39020313125375,21.03223494721224,19.87313093939709,17.77965008076699,23.753667077150087,21.334294779306173,20.849394575121078,19.89965328796581,17.70074450430276,23.98550239400351,21.28519827552335,20.876918816554838,19.8874619088695,17.406384256407527,24.066096657021358,21.35596988431488,20.781330246044824,19.809422875230744,17.297106312596803,24.246750802338173,20.96108806250181,21.03527818964547,19.967615990754688,17.15048027699414,23.540002852054563,21.0470017263913,20.76191035235456,19.87315376323828,17.22525489045101,24.319053552713083,21.164188191988377,20.882826177881363,20.0750275427163,17.33606536267179,24.3509994333005,21.270161652813478,21.03879216716151,20.09934628343227,17.721230209252763,24.335173599775892,21.169867811540765,20.973716400539914,20.04960475197877,17.70898834908763,24.287947105432217,21.477572781220328,20.90426462165275,19.83237418179916,17.816922450181114
22.61421268773902,21.77941134846845,20.203936428875764,19.899767623520912,17.196863396410862,24.729078038114736,20.71767786471337,20.401364018929748,19.926719117203373,17.35527771866365,22.911405326416528,21.90814714923778,22.23409862688025,20.907531430267124,17.269136822626958,23.104490316125577,21.73778180113302,20.876029081898032,20.79733604845335,17.743794204753655,23.071816848673258,21.53530871166684,20.950811020071537,20.2720703186893,17.45139538877843,23.0579300755824,21.528660257010166,21.356183069190205,20.22975045843433,17.490880091486893,22.773013757790544,21.601557301150724,21.481264610458968,20.21743531522327,17.379420898610935,22.988471292643794,21.504249140913323,21.34470752509788,20.114781691055533,17.401539198211204,23.152283110593906,21.39810937294225,21.56033340237698,20.091372786932435,17.45390928072597,23.424385924352293,21.512610301376043,21.77029124064521,20.144656832157075,17.367047271127564,23.56958518027635,21.50995954570667,21.47761242830619,20.18913760763609,17.35205278845119,23.61098036477251,21.532284773862393,21.5106474514618,20.23675077923182,17.47435514690395,23.555003936084944,21.437319057982243,21.456884259622313,20.296361875853215,17.50023309503374,23.575015679416833,21.49447074900545,21.48728089190688,20.210581186750353,17.463720010971787,23.46879084522194,21.183992385323116,21.224022301307837,20.30107120757267,17.514428858927733,23.398078258157778,21.00264055952615,21.343914173726024,20.35019770579696,17.43141733811236,23.64218829581879,21.08684569784552,21.226426563306863,20.2416754024845,17.496707665528454,23.847492279901125,21.16524448850712,21.026139396122765,20.04025605826424,17.44362341090181,23.618801183553717,20.859165132597507,20.63553815889365,19.97050943916228,17.334963468823062,23.82420379367023,20.748733227362475,20.608479633513475,20.04528229302705,17.257777582251443,24.07374722685469,20.96810075783463,20.44627847176458,19.79885854983994,17.35478874826287,23.869715992795506,20.935347893874006,20.430598833818724,20.152727406619782,17.336347898651983,23.459115006054972,21.028326224988103,20.797928915493188,20.311351537629413,17.476281980488995,23.425769343691478,21.105901057167802,20.981979766981176,20.408716120770023,17.5107601028285,23.30801443662562,21.20503178664542,21.292412240382745,20.191684872243105,17.496436198030988,22.741884640141457,20.89960633628824,21.506645568880096,20.390387057792207,17.72940528305943,22.46271010755168,20.906811788504182,21.55104701631833,20.305012677017757,17.717630345841307,22.995383065895002,20.75301603521962,21.256385212206407,20.203709918860483,17.64646486945113,23.13461572403221,20.772826077588807,21.31915494206365,19.988771147493736,17.675410854823777,22.811351759508792,20.896485918333003,20.938876186786786,19.972053232407085,17.745678268371535,23.259976461031133,21.03977341588493,20.803511435088733,20.105601401934564,17.53923097731262,23.595883632660264,21.038082555469632,20.71073107732139,19.809295122295048,17.481307447713842,23.808884397166942,21.08604324509437,20.77736307533708,19.78883717072883,17.379300787203782,23.661457738727478,21.310327927686167,20.63198786025388,19.887132706606053,17.372114285519398,24.120468132293006,21.176472744412628,20.68432567017016,19.93629088320994,17.241446972355714,24.01541438990415,21.300491929731802,20.68556203913157,19.82768777896119,17.206050285831765,24.132579006549555,20.975370250210908,20.930432067078574,20.05020161807664,17.08874233602235,23.329546536603313,20.964522640709376,20.812679279334176,19.901469008402223,17.129860541098314,24.425811882890144,20.847027923411257,20.98599350407134,20.042312220868496,17.110055808731687,24.303360955372934,20.969654462956008,21.07472130846277,19.895879949538802,17.28667777827089,24.170251582841566,20.925969857419798,20.891385007878483,19.907790570027938,17.179229958015906,24.162972383445865,21.047951483144537,20.765616130465197,19.651273345215934,17.28857562846296
23.656494066083408,22.66758769610538,20.74733425357619,20.56071792746535,18.06309020578207,25.216767175703474,21.66960188843506,20.9991949176907,20.472728878767885,18.107482717703387,24.387843940144737,22.96278407568569,22.454198638661854,22.19346720349806,18.994616640937917,24.476232572412272,21.87000634468515,20.55775885977311,21.92997415931265,18.158979875349225,24.15339356555142,22.197350151578405,21.24862238919012,21.216275305689894,18.520625904020395,24.049102235732057,22.087920427594696,21.596632825421132,21.179622837305605,18.60789795189217,23.94929465568952,22.107599094708185,21.64707093184035,21.180943246148157,18.510502449629097,24.071120554469932,21.995967000351868,21.4976880051764,20.93871194030474,18.34481557324411,24.158870993864966,22.018818178728527,21.86718043118524,20.766706222854587,18.43834485752609,24.47170330552452,22.31436712523936,22.094970717196553,20.700809903214537,18.133709127624776,24.846478780766414,22.392830259573795,21.844379480533718,20.746774286511545,18.020549072412003,24.653811325349324,22.37144716408946,21.878868123973092,20.787881381791482,18.115308158168638,24.658727725295442,21.970299740494585,21.92228071981479,20.906111075194048,18.113674238843764,24.65253479851814,21.9013703955579,21.906406279994506,20.836086270979692,18.08164590898022,24.539060867080323,21.49977025715352,21.628549371705216,21.00047081772031,18.15232879938789,24.39639564798097,21.222060327317028,21.682844597192474,21.03512411157409,18.138222976418383,24.83666479577976,21.42341970537955,21.507775140065018,20.971047107153385,18.475662086902116,24.80041407890191,21.655549938859053,21.245075637310112,20.633310904128553,18.480602312722876,24.573665134719437,21.311461405839264,20.88227733353775,20.59087356656658,18.45770984228655,24.574893303839833,21.19453224029953,20.860890407495514,20.622713758109263,18.464230976977134,24.73149161255855,21.51509333550283,20.83528895250173,20.369503105318095,18.566379413613696,24.428990147794906,21.402573098309272,20.998825873195834,20.740689702997834,18.27169134039453,24.10052173892141,21.44011633514926,21.3245279969152,20.946375888532412,18.389207319636334,24.07022786268132,21.80407897573154,21.49896054984393,21.07374812269768,18.428750425337707,23.973026003482943,21.909531315136583,21.761583179657087,20.799854463015016,18.40726853264586,23.653594244135906,21.58727791517547,21.857950269623338,21.138160696065114,18.949447408918246,23.23212374475225,21.55155730177747,21.92103417227777,21.03711030420713,18.936613856905964,23.411333202764713,21.648909000735102,21.656201690471683,21.036255716575276,18.876796000743155,23.52293947532319,21.483066339988586,21.754824027464508,20.81768461039848,18.82880098395102,23.324625295007607,21.523821832848718,21.42112998955734,21.005141133634417,18.943263219703645,23.513483883746236,21.637583356952412,21.307744065605952,21.067240636939474,18.70756410050849,24.066672252877794,21.70807082807329,21.15224250135471,20.734420211344982,18.809610747076047,24.60089506737556,21.592909506364315,21.205327124306528,20.704003689506585,18.76996883006371,24.49556252977634,21.82329134386547,21.060238688289626,20.76518164429467,18.813448557855217,24.94764755500017,21.771993723550334,21.151728589558793,20.665657964040115,18.661290186833206,24.938016673794525,21.90562869911153,21.16537001647726,20.52311996149681,18.36391108509318,24.856617906310923,21.580394354116073,21.34125512215863,20.80109539052527,18.21415302253659,24.25865470883344,21.586532693300047,21.29994159086007,20.654388622654377,18.240785900366895,25.22224931714986,21.61375757312839,21.476615395081346,20.82053449028261,18.27393088879337,25.071498702656687,21.640937789381532,21.53286312343289,20.707292480394763,18.406297108567976,24.809932093824763,21.631758133222473,21.37130202923992,20.729245663613415,18.285967204356297,24.897654381257375,21.70874194476737,21.235875816898904,20.387487032653816,18.267366565011184
24.777297802922668,23.004461989832535,21.557693708006315,20.670075814555435,20.36418127938087,25.686777941053343,22.977499799724804,21.93489713624851,21.147549241930804,19.817957600231395,25.207710033956225,24.384133850814557,23.19344717411694,23.381480844958336,21.82031677845987,27.265286923188775,22.939280632053908,22.108436281120238,21.98998647541167,19.847869498238584,25.80041524284935,23.17204070677456,22.18275279639736,21.84507220815715,20.786285258170984,25.771163914978228,23.055923456914872,22.478324833404017,21.866986406254245,20.78571665231299,25.89137160268486,23.06508506558559,22.473895662689205,21.807369643372773,20.77119381713682,26.18158547313235,22.906813901371752,22.292033527119678,21.35968354086244,20.39403062975314,26.020392683945566,22.910641776259233,22.417075566668395,21.233038712826772,20.528452462251597,26.230503147249532,23.386208571450958,22.658466467730157,21.063550830182933,19.980105387435138,26.653453178409514,23.606345656438094,22.393083961804642,20.981594856251753,19.7973911215037,26.30630025562204,23.429815251057278,22.358432652535765,21.035473977349643,19.82950430072155,26.154108091397497,23.13821460176923,22.341275463679604,21.149191440422744,19.775818449513544,25.92994772296683,23.04017428570776,22.316577955046867,21.095923387883236,19.647467074517547,25.298012729721542,22.504143362990995,22.02945514426312,21.086413009342415,19.732816368161846,25.191726098094037,22.20255226518092,22.001358307420332,21.24612133776264,19.806489852919174,25.66818371488527,22.50410017383835,21.876965138001147,21.469757778081124,20.37135588215447,25.489432288135696,22.396341132916373,21.6959593873682,21.22884186052854,20.539446045253435,25.306864258257566,22.128295985090492,21.447572519657047,21.114449854607493,20.712843201832758,25.495286997861676,22.016416829275904,21.405719469271304,21.152178325267442,20.860190723294966,25.416048142549915,22.331656945588882,21.517669950543244,20.988165835522175,20.922972101183326,25.000012095371677,22.043300006410497,21.676164409748978,20.996736736575933,20.46122261411164,24.893408583301877,22.099733793238748,21.920031885328946,21.091537898879587,20.472005638373556,24.984470464856326,22.524767473614684,21.99025080535447,21.31312377496831,20.499278015685093,24.876601852999517,22.428886184421152,22.145245028355745,21.187525889980986,20.488629725348794,24.88319895023639,22.390274422816,22.27721512381672,21.904353256475126,21.375249031364294,24.462957865925823,22.302392508327593,22.299557487091445,21.73446096932351,21.252485279220412,25.660764251562703,22.755934483850904,22.15429478785218,21.78057067477102,21.205496109314996,25.97969431773752,22.446938004883172,22.267558754902804,21.58590600857658,21.115641199690316,25.762787518908546,22.703242954432405,22.11074898283358,21.777170122093775,21.23720110241744,25.734676228667393,22.545234898925244,21.973442851251356,21.554666627660925,20.95566070966779,26.251619626814318,22.853834712147414,21.95998711630934,21.544355453746125,21.277409472558492,25.38135718129847,22.466716385533932,22.048910024371576,21.60209183826543,21.329293625935172,25.14242690226623,22.663792962781173,21.921550932513153,21.72079490347013,21.321994397873077,25.667025763236484,22.509536948293466,21.898164175402805,21.589744520532705,21.067058769388378,25.739049603810212,22.51018151781774,21.840416747047655,21.309403019654784,20.574037966965687,25.59450109126746,22.176863515846907,21.764042741753162,21.29569420275996,20.30792177685138,25.035912394447845,22.12009352497674,21.651567457900285,21.2417087846387,20.302841693522332,25.803862344000855,22.33329171448265,21.92537637319246,21.32427916180817,20.461368123251322,25.385287655122674,22.40478635577841,22.03362249798462,21.30774838751716,20.572171680350085,24.9695306554707,22.515846076973464,21.92534479262965,21.22970295223677,20.420962716438332,25.113524263772682,22.658835349168072,21.892967974387286,21.088025440869732,20.38130474838298
26.08712832971958,23.79136526052173,22.10999906053631,21.103852939521687,20.23026222092082,27.133115734195624,24.616953584565714,23.14518954601028,21.725284775126333,20.25807406736372,26.201732339350137,24.92279677410361,24.133441257720914,22.487763450877214,21.951509883429,29.440678645408724,23.062085822795044,23.099685629276212,22.08309849397883,20.190298268457546,26.77247787275582,23.799811068453998,23.00510505354367,21.852514066825886,20.926112818141142,26.768601124143025,23.59221850194016,23.279886770786142,21.89425689206832,20.98351590181144,26.96859384985347,23.583411451651415,23.186129798477957,21.74633992640868,20.84230881195942,27.390691778954597,23.571726160477155,22.965273317166695,21.548833920271147,20.56638502796478,27.088673616110203,23.862437214565336,23.072171175725973,21.506127168995228,20.675261196303772,27.93144507140729,24.628236570877366,23.345906414928102,21.483609173951574,20.352118688661875,28.440669567395425,25.116020775370856,23.25333068706825,21.4097432451207,20.26442473587032,27.95598535833458,24.803419492242167,23.13604390360124,21.47813146504542,20.366543840883516,27.774752621510707,24.61963928649929,23.07843093885829,21.55744828137174,20.371808809798882,27.445591197680045,24.400901484722485,22.979931966083274,21.459371781655868,20.425008413917187,26.515946020288442,23.75653863002458,22.70107591425343,21.389274057782355,20.45710828096968,26.33793830931644,23.47021892347855,22.588057014495124,21.411475021353233,20.641675972960222,26.975679066183307,23.95820159925692,22.60634142908173,21.484593892359317,21.13532970852186,26.61209838820044,23.7288852803804,22.41053173290954,21.313720550671725,21.09705476891039,26.32973253995875,23.42937705368495,22.100417186822035,21.173841886171022,20.98677105727264,26.535779725336397,23.280614831918328,22.0697151248429,21.17624090255254,21.02635447433374,26.611440836370065,23.5643375923807,22.128147365365347,21.15490276396165,20.960742944625533,25.926949103713184,23.05259050204781,22.179669971588808,21.388322635183048,20.51725854153606,26.105938878374143,23.073799661027035,22.464106352134895,21.579529335092396,20.697590918794663,26.3981501805494,23.462967336447857,22.570600546173807,21.765036246900827,20.927445450657117,26.432613361355106,23.552657892622012,22.608833630936864,21.676921259534463,20.96038979520516,26.020993079381906,23.15333289969913,22.74882748227512,22.093580796726137,21.612598887466355,25.921608594893105,23.18022361954963,22.729004342180353,21.814695862474295,21.667504035039343,26.304749420641166,23.528787732616188,22.65407318768012,21.806959127743585,21.682928141189972,26.480153556919685,23.3677568384238,22.768612139448756,21.68057405326319,21.495664975411486,26.19844289115577,23.48296571829893,22.596328991624112,21.905767154694296,21.65000636890651,26.617127177210033,23.56177619485291,22.50604094096196,21.793103820977155,21.365776580633955,27.093172429176605,23.876220848192702,22.55595122646767,21.87166660341667,21.537655803665622,26.921338037224807,23.581642024440832,22.526270461137006,21.83308214299982,21.54247920078756,26.901407530523983,23.74723990476261,22.575279598394694,21.969380415192298,21.629570174746263,27.468617494248775,23.66937483529569,22.743004602059337,21.89026304488649,21.363002942557106,27.507190666729656,23.749725001359344,22.599707716325696,21.76191790134799,21.026212749345536,27.21079340865203,23.337177380288466,22.616434450567063,21.738612593082955,20.83594380633819,26.594649507428805,23.30222562525997,22.499396282425245,21.634727930774314,20.724626359517824,27.10476461250413,23.50609277006167,22.622040160169142,21.752209078956213,20.847158406103453,26.669384041694855,23.356914853810714,22.67979012362077,21.60927794353738,20.965578178720012,26.024788407172547,23.269303770839013,22.65896714404739,21.42984287038994,20.855120414259268,26.109891611018735,23.33425915648725,22.49131178933846,21.166796382063318,20.79739819343202
25.887728960228046,23.292394516013193,22.034379320969485,21.82762890740361,19.926073775931012,27.38728081400145,23.147407646376234,21.43440237504186,21.816712227760615,20.180547730434302,26.28667650723634,22.60094090322299,23.514472646165316,22.58607231848409,20.994189825640362,30.212475621253667,23.23173294355845,23.200311647545018,21.14172909033177,20.032905473496413,27.293143168050186,23.2320995295862,22.34940612476982,21.751073625796792,20.430368776686898,27.343996826031308,23.056774624204962,22.715408018960225,21.694886924766763,20.452349685466366,27.12672538627019,23.19399469256411,22.868123525704306,21.57159224553142,20.288649773523552,26.93522241202149,23.321715324192404,22.768649278654518,21.390953303010235,19.973444677041286,25.9725735632218,23.26370947750666,22.428267447070677,21.51576929095928,19.967266324669797,25.989820828331148,23.307722069356092,22.557230811103544,21.4356486690748,19.656103520191248,26.129657821322205,23.56408304001661,22.378277519678996,21.534425210421386,19.609121204058166,25.867720306493037,23.479211156158275,22.291436005507784,21.54984830047163,19.78998590442299,25.938915952556005,23.398085504393087,22.25111301605307,21.42708607460192,19.864191498543935,25.762762837897355,23.407387228783996,22.214143394641194,21.353005257234425,19.833632211463833,25.349177487913828,23.277754589128932,21.925013178481763,21.401719963726766,19.82681841435282,25.284989122683562,23.21693513679305,21.761032642692292,21.214664327778138,19.777907650184073,25.588120554195203,23.103098333984732,21.89931171363577,21.180340180913234,19.91824849354819,25.51951933853102,23.031613833994452,21.685307949017982,21.184665165343787,19.84420885027271,25.51639985369938,22.934538967927246,21.706829761762787,20.93594159129492,19.741684853321562,25.419979599974987,22.88500452025975,21.989894369522386,20.995578544026067,19.758775084040877,25.809265512365194,22.927009761556093,21.818310232222682,21.050580372342232,19.799974063154792,26.04446919291708,23.04958317368391,21.906662212443504,21.354149846193998,19.549903907453235,26.045236535732187,23.211790565197326,21.924181421382126,21.315173253648258,19.693452701312644,26.147753247444133,23.110187664204737,21.965942678063975,21.573907733763946,19.82948624823238,26.275361323878695,22.846516377819192,21.926170671731004,21.480477097318975,19.77343876687429,26.14682115230538,23.19556152287107,22.478647980331257,22.09499301892704,20.840671067413076,25.873511743883416,23.14818693954782,22.11749956009141,21.780316350766427,20.80603924983123,27.43709117051741,23.339650752626248,22.340920057235838,21.993839342681945,20.870643087190302,28.039351352874643,23.357587597510467,22.421527034228927,21.877768304135436,20.769846983495235,28.1253248367276,23.34448096661552,22.321868456031417,21.864011005473067,20.93356590241443,27.775562808905807,22.879735350882623,21.94120416111488,21.283885534469597,19.909120710594443,27.890011226704893,22.916566184635492,22.131875359696522,21.301390789219628,19.97100787591667,26.486137585983165,22.717319497027496,22.1971459289113,21.200390951703948,19.92605462408078,25.994251453893575,23.052708587759273,22.22190202989416,21.167104279821263,19.99956390414127,25.811979379657487,23.435731422436497,22.463712739278666,21.17350618981582,19.933880482938125,25.946725692010535,23.598924033912795,22.466152612212866,21.095575931859475,19.96191252552781,25.56065556936346,23.559309748209206,22.747258562858086,21.246497504014673,19.798575614760537,25.93896737952171,23.143172187332738,22.56075953162624,21.137800354873963,19.662921320909238,27.435210107978083,23.071580521156324,22.662239735707107,21.408131995701467,19.823629440089768,27.987893535576642,23.001889405398877,22.641009856169234,21.530637842022493,19.769448462747164,27.606039500121664,22.77397177546952,22.704353475265304,21.544000395253033,19.64669208199952,27.966167322751506,22.9161927190444,22.313910198702843,21.29121084115559,19.762397217854947
25.615646144672166,22.639673073685522,20.50865324284243,20.984837521647343,19.841948211231443,26.56626868292051,21.698960183154277,21.438525016521215,21.337616307306927,19.389083151767277,25.33776666866883,22.68226634820113,23.17645386385188,21.25829597966283,19.829753903160224,26.94414440659694,23.877008880054323,21.761473892958225,21.102101721537363,19.883601786213784,25.945189404081816,22.8638625597852,21.787058449533507,21.172380088509804,19.83928619390698,25.971313893343996,22.746445124300816,22.327424108182562,21.156215665915628,19.777343093733315,25.73158023973325,22.989081290445284,22.426892493609692,21.055860094395843,19.632475959409994,25.48302126475155,22.979196551266675,22.370393814580247,20.94640569997344,19.382550185458292,25.04395948414281,22.742351598435615,22.368703458192517,20.980979716229356,19.229433270987823,25.316353900168235,22.741850393981945,22.288432644411397,20.755430690865186,18.861553331460595,25.383774489292808,22.922062619086915,22.094673274267446,20.82689599017213,18.828629543404112,25.119245604931926,22.909497569924326,22.054892800918793,20.77772277808746,18.962887271597825,25.260995468105158,22.855705258071197,21.948575740300594,20.808466403467794,19.103386640415586,25.117037188785766,22.78326711432927,21.870359285674105,20.636293634816532,19.155062984076995,24.618231896350004,22.567627122193954,21.697984229366234,20.729559514692422,19.284829359871903,24.58224818692361,22.55517981325779,21.46688819848081,20.518050890370464,19.274478390072183,24.997133670356206,22.493466112857277,21.46369466065802,20.54206754493827,19.458808997920155,25.518784021219144,22.45587453862588,21.345648735855942,20.483367704952077,19.380712228123052,25.66837374608155,22.457231939596603,21.228537846501915,20.361125040415324,19.255089297698724,25.52009032969091,22.549154474669326,21.279851558375192,20.466750589655515,19.270275210597863,25.965701389626123,22.57777987042354,21.38828301773623,20.546191267589922,19.254441763229075,26.08954870770453,22.512154972404115,21.422336131634506,20.724418831813733,19.085884703796623,25.65148779869088,22.625316992780945,21.445415910416585,20.818991567545435,19.347416088059656,25.51336064008052,22.567788235335204,21.67865644715324,21.049852660185458,19.46010214037279,25.764245588350423,22.46530860707606,21.8452197707094,20.898788969018035,19.42833107588914,25.165155240170872,22.639473062253007,22.123693088811798,21.6281243191553,20.48110782783522,24.79521057153232,22.75304412042943,21.850559523339097,21.408169276035466,20.4249801543716,25.42958614427129,23.100094701616058,22.025775185933924,21.680030761881586,20.492575359310756,25.824815215509563,22.86148190069339,21.92922096691391,21.60778342205181,20.63765136649319,25.97719782969606,22.87903266793463,21.85986238649115,21.658813516433458,20.821747405675666,25.917376468045312,22.586100814852735,21.62796934412422,21.031789997614066,19.913819374366447,26.20715341542971,22.66456212824505,21.897109369134217,21.130716976601363,19.993273998378402,25.53266153326586,22.250518012497295,21.861239800806402,20.844996435746094,19.911414820546497,25.300044095124957,22.766285730460716,21.88198991998741,20.84688140105397,19.7187261829809,25.335252842366636,22.93142016300238,22.03772698455087,20.831633609396228,19.599100164795395,25.552382610468705,23.04665034508602,21.979941190200467,20.783273760978652,19.597509465613186,25.273780784855056,22.857921139528116,22.144973011774532,20.842817394036295,19.464193224629515,25.19901073213415,22.582960398916093,22.023036492435875,20.748093529575858,19.407833377550595,26.412777344661016,22.671546767683306,22.233115569092906,20.98544990651682,19.707711208752357,26.349328707772827,22.59956690188152,22.337978824182635,21.07242952774814,19.80620329855423,26.0742701333537,22.599145314357934,22.461631549086363,21.13684654981667,19.744881761947887,26.31447570513735,23.06898879761661,22.173430897646057,21.03286023136841,19.88273217125507
24.250935064361723,21.46175009199824,19.65609685160416,19.649518772392078,17.764852117660343,25.33430250753055,20.749081677328395,20.774195951361712,20.52173993086048,17.789923351139148,24.38265531850039,21.840440498696996,22.122304631407342,20.652013777182926,18.339344600960793,28.487515215076115,23.652631889016938,21.19853251851608,20.257627313434348,18.160668001210006,25.143421482461868,21.74748677353969,21.32239601179712,20.309801940011816,18.15685788551367,25.07782170687728,21.57274646687575,21.835085873359798,20.387616541832593,18.13374410087162,24.896497760606355,21.666796862300707,21.92656676561765,20.321197997454675,18.06097365986991,24.673933715161475,21.50034162444188,21.930223065255525,20.185348193542062,17.792567873172583,23.7398455989879,20.999521787890682,22.312818725574672,20.18092298108784,17.644640545783194,24.21813515088052,21.220751130806452,22.3020174153235,20.04790124508007,17.405997282827077,24.42123532858192,21.31039598869391,22.028543491274167,20.1040051363779,17.43668092515066,23.999626867273467,21.378028547806355,22.19631456941202,20.08497180426584,17.5585061892872,23.964874411106077,21.467687230639655,22.38475043907683,20.228072432621072,17.765737579882813,23.832398036519983,21.470542698523715,22.402822136750945,20.179044492286316,17.943334223867982,23.246752723524306,20.9104608176094,22.191092685636814,20.195829021264437,18.025631787625066,23.11241644251985,20.9978893089419,22.334932713863754,20.09334907916689,18.064527555458533,23.695274340978205,20.90010485502452,22.156644001834813,20.00788726084559,18.297999832861876,23.997686772777158,20.84254998834547,21.857346085214324,19.831630489688273,18.24082819330285,23.846252751564272,20.915697261317156,21.31815652453214,19.686307760450834,17.977139575013542,23.823959502617345,21.23264643666301,21.10862524036686,19.784145381805292,17.922395977529828,23.754622747542815,21.319978331309507,20.87631499138588,19.700246794839995,17.89139931881677,23.69734067247993,21.34564355367122,20.97286550863486,19.818498622133063,17.643770223782568,23.51751262144513,21.426139783815405,21.162346194595393,19.89491064305681,17.8956879458686,23.592924485833237,21.25895650048607,21.565727753893704,20.13248588813006,18.07833906805339,23.60086466196224,21.155155445679565,21.980856679893638,20.017324664044857,18.08073428620703,23.781837066284503,21.417783371454185,22.500489608756,20.77842128795093,19.3681250378172,23.335088161672193,21.500186760644837,22.11391753440065,20.652464981207274,19.38257974859359,24.21518053440652,21.532838427209104,21.96125537780778,20.794109313871807,19.316538025772342,24.292327429050935,21.343802219978247,21.841764768157123,20.69009894122092,19.483409667555584,24.46965885636311,21.401552534759098,21.28157136178698,20.712457746843512,19.61896654198842,24.268442032325936,21.08155017866652,20.887419336999184,20.12435664896152,18.474273394053277,24.777257195954938,21.282799070935233,20.95694032145077,20.209616950852954,18.477469294822885,24.054255219345343,21.18751723663384,20.963882605328074,20.095559683240033,18.46362994477305,24.31209717659852,21.438415310133685,20.68992158000879,20.062273656026537,18.243444252221128,24.26307899956294,21.623481989008887,20.872824575843918,19.96565781340957,18.118494744384044,24.401874456937957,21.665277354949346,21.007231532403903,19.980579214797665,18.099752217424054,24.044178663651003,21.278870681737512,21.35864627633975,20.032737273344242,17.95385353381945,23.636287640281992,21.093160619198493,21.3441647276175,20.0270739364215,17.93205545423074,24.5757555390607,21.133121942592645,21.251269894629583,20.140596856384754,18.157585657172902,24.56670162314693,20.99016307460068,21.33233633273393,20.189567013516232,18.248211306240695,24.507724326738636,20.773468213912246,21.094916786580104,20.033215925082327,18.02142512829911,24.683787283686467,20.907776889012794,20.800040001027895,19.86558337291216,18.033397517002545
21.9584831523381,19.65302467790573,18.03824982862895,18.378073737230526,16.349414141293146,23.677922390401715,19.011801050687428,19.552160151503212,19.443218660979124,16.371893182141793,22.35883309395471,20.706142389358305,21.219484974664535,19.323968270201608,16.72321023793011,24.07408161163293,20.343273895011624,20.18173876942541,19.380606120379205,16.98528990006128,22.497030811060558,20.01298433995267,20.13743802019891,19.182939082003106,16.671182984737165,22.64558945589678,20.014714061887865,20.59095380912364,19.345194719204507,16.751958102758174,22.41872736082139,20.18265699641378,20.658444924566354,19.2934538790532,16.718944942827527,22.274775558866857,20.02252222273107,20.624359441388673,19.180990348572728,16.590739307796106,21.97660851939434,19.911179261039116,21.03672735185537,19.11898090899056,16.4588011223319,22.63322239379091,19.93739024295584,21.07928544036652,18.997400122874698,16.3051806121098,22.717518417477333,19.931175329466864,20.911064320922335,18.99104918760339,16.197526297949086,22.635918100908576,20.0143356845654,21.215512094646375,18.85858287656044,16.20200288975041,22.612047368651815,20.136326332443083,21.49027304495324,18.98797773406249,16.310339264502357,22.417806248418657,20.13054283416522,21.58848468341721,18.966704423425753,16.446691853824117,21.95442742546453,19.680577869843003,21.4145454776421,19.009475890907115,16.539847525147675,21.78728437875207,19.797566403872572,21.659689349885433,18.93256579630809,16.57980819471107,22.03467262446157,19.765268102200256,21.350793837114775,18.892931564519746,16.77746432752812,22.326152012701865,19.58341243153474,21.06098381907511,18.780344406084833,16.72786019297886,22.41542215557877,19.668961966966275,20.43740752072248,18.682673029568683,16.495323097176303,22.649985654962858,19.838413880476306,20.271552199963406,18.708356838921397,16.417056165406244,22.620702597225016,19.82444818578621,19.987431217165785,18.591877351569178,16.441665409794687,22.571199245890575,19.905343290292183,20.187648991413738,18.81957177406591,16.348855867716757,22.299396156635495,20.082433009086877,20.34874436438282,18.8214641046263,16.566171088075137,22.198436403946026,19.93094566308185,20.785600870982655,18.948018835013322,16.713925644845183,22.000302007586974,19.85334450905735,21.13629281412977,18.862520507957516,16.829523478079416,22.07092840257847,20.01702982467873,21.70259226369148,19.327116771535355,17.785525196461865,21.659895991596972,20.039710314382262,21.2829995867726,19.200565800697326,17.741435835137942,22.770928950947912,19.937392852280585,21.085231813447272,19.283922864074594,17.695166324156112,22.696369797006174,19.77238761476845,21.005299510644168,19.210117498363726,17.840762813062852,22.765268636890074,19.9174829404029,20.563136557204732,19.26678934737298,17.856689606717516,22.68252142765036,19.883307164082026,20.071698240448523,19.013402495027456,16.942006403094773,23.023705548884294,19.961135506858746,20.14476707523547,18.991945165086772,16.910538593129996,22.274789605576984,19.991416337178244,20.188326895366068,18.95749753544957,16.830493388904255,22.60258512824591,20.10034223372754,19.76654350855542,18.86475303943451,16.657896783995234,22.797262395278427,20.133289560396644,19.706287065490777,18.78242614243368,16.49013072094264,23.024130547525424,19.981650811142412,19.977820571853584,18.77078246244456,16.42991690505747,22.88416672788124,19.7362745849674,20.333797427258816,18.820004862899733,16.407089677633053,22.49222487487726,19.56586473973444,20.279465473859762,18.756981297529627,16.38087821956869,22.986069886229267,19.797406293111074,20.334406777983382,18.872191283151054,16.571514327895223,22.910160256528894,19.911910357652552,20.500725826309527,18.81291784988468,16.81117910538148,22.638083074137533,19.89007338664889,20.199315133419486,18.659863954979244,16.763102556830724,22.918029477674715,20.057358337805812,19.996550716197543,18.557616562740087,16.797350128615143
20.24940402691564,18.732909997856588,17.557095160009226,17.387533207729717,15.105593891795667,21.976408881324797,17.79307740683545,18.60037324048129,17.884014683332452,15.62514888649579,20.83611426371838,19.57358211162554,20.443952078959683,18.00061667552478,15.062296599176184,21.231832821592974,19.092556174982498,18.783878053867124,17.974214404390032,15.996721924340722,20.912812373921536,18.892315371255716,18.6319755660252,17.739059536451244,15.482677127350717,21.169051549935233,18.955219236266558,18.944823587044493,17.71153059132493,15.591008173166404,20.92559198498092,19.086867987383805,18.94390557108928,17.632424129460567,15.590023817127747,20.802926629431806,18.922675305862292,18.705469484747475,17.5483192940354,15.723454961040307,20.79351740238107,18.9497049842101,18.698490917681436,17.57329087542856,15.576482782447815,21.097447506434907,18.92334664969899,18.728114868431668,17.601918734604432,15.499264723244059,21.070137797756097,18.924679196594557,18.507299075269067,17.629224937243592,15.460107512206557,21.262506491648185,18.9550431645092,18.493572913868057,17.574001460432516,15.47243185121196,21.390354084219812,19.12866289682575,18.36135559657763,17.647343170494306,15.39068625468777,21.40021191289535,19.012431136542716,18.130927312862337,17.522021464960183,15.45796223415419,21.27111978515589,18.809759350148454,18.23013510916487,17.578567898040866,15.583062279539666,21.219365493418984,18.8243178778813,18.404736464805417,17.653034895473603,15.48983175902193,21.249944520998444,19.025103106745583,18.35287676579344,17.583549977823004,15.555834618682345,21.520767385004486,18.883980328601755,18.31633700098454,17.48651013224414,15.583971446584021,21.396081597518243,18.95352260855261,18.312971598766808,17.35419327273358,15.531922967302458,21.592440978271412,18.94162917602972,18.217272866167853,17.38609752734,15.376113514486324,21.622556061146398,19.074470245106987,17.99139102636592,17.194925135248706,15.516440729686636,21.35499505409757,18.89906242407811,18.026732224593758,17.48243359118821,15.492588003926722,21.072368545770615,18.981125186032536,17.997639341862918,17.558365704809216,15.503547052304194,21.127425953898673,18.933641589052982,18.080291303199747,17.724630143015865,15.499524507510504,20.85649180927214,18.961408452137164,18.187498523796265,17.569294733128835,15.575594210427647,20.66456999160986,18.89103280394891,18.307797160634927,17.722904223442146,15.941582148070879,20.619217397785803,19.068258921847708,18.296124700203464,17.65179183544,15.855566042813038,21.36219104963609,18.8160331796252,18.37863286751977,17.6683172335631,15.944950740940659,21.446255508288193,18.740821257304795,18.427097257098854,17.56213163516119,16.102793524376843,21.065101693443374,18.869530859596953,18.40379709320835,17.554752655214934,16.12535142879016,21.207558276091667,18.767652373484818,18.47922491309784,17.64793700317859,15.795185634662753,21.40972918270845,18.747068718445757,18.53921090330009,17.495015443361083,15.790428227309054,21.166556595425316,18.951113375832133,18.628226374784933,17.40452684886659,15.626575481267874,21.124111441219267,19.08985757481557,18.676147807158802,17.412331820868424,15.484195460483988,21.792431679953214,19.12328961607946,18.695037727389213,17.460370184972113,15.268489791469472,21.968322760905767,19.21412548680809,18.66945194098598,17.332596499086357,15.14605323290002,22.096272284163632,19.083675865688882,18.858569816118035,17.467581967025318,15.081509261373919,21.537280806140465,19.03730146253981,18.66663986662028,17.29418599458264,15.149926371152622,22.71526014318322,19.13191594349616,18.810612069978927,17.498420561431793,15.296878819763407,22.749608064143235,19.21275932737877,18.913110539277135,17.52634056965469,15.695775917225273,22.548910926294013,19.239661540707733,18.87595035189679,17.594430668413118,15.730300897431686,22.618923866921907,19.137194962075117,18.779332179189154,17.49748580276967,15.824803895393567
21.09357947477563,20.530139733910715,18.54196006105534,18.342342211811047,16.565688651790776,23.33841781187389,19.491682073446384,19.33062450915186,18.845521567510346,16.606309048047684,22.198991777211134,20.846575613111344,21.086539265215528,19.58873971252515,16.79304535100591,23.73616248943166,19.775820336380832,19.51882909309343,19.585200377165265,17.104951085344133,22.485464669228282,20.228932172339444,19.734053969076164,19.037236305353716,16.909016314295634,22.552412971906854,20.259789656081253,20.206996179098866,19.18767020013585,17.039629832471043,22.451649917178138,20.288305913065095,20.28334662215167,19.1761555768119,17.043212813580233,22.545958159533473,20.237637002652537,20.13510168087349,19.065723638279316,17.061110048929617,22.31719581427887,20.349892657177264,20.44940244705404,19.004581487272524,17.045787835304978,22.254943190373627,20.487031824571538,20.700262915692083,18.98404493973923,16.842663102346222,22.521304060200332,20.444457805287875,20.41452915566514,18.971932009124853,16.67536790563637,22.53500802889505,20.55049381426311,20.504690233423233,19.00898107694033,16.629813002710492,22.56612768298108,20.268873030531473,20.5072768095281,19.047782013756194,16.6607085496549,22.537696098273468,20.319913547757857,20.572607485327886,18.981471669270015,16.749402906203684,22.463809148372388,19.932886485688435,20.252493319433444,19.05190420381362,16.808453021656213,22.408499247315056,19.952008887150342,20.41496259694652,19.015230186325578,16.84969212517535,22.50787829710945,20.121278722738644,20.12527812293229,18.979367958384167,16.985356719227244,22.512812140023954,20.457932209208558,19.968434379675706,18.830751507052828,16.92866881210582,22.46100755411872,20.236873950590642,19.621047918896373,18.82238520508752,16.783149162616116,22.71480802605472,20.178801126454523,19.627566641031006,18.82971440728013,16.883579701672904,22.75747406300591,20.229903102758403,19.491248451131092,18.67421527307845,17.035786122018887,22.552447801200138,20.046592915408375,19.779640288148777,18.90452794077753,17.047783983251257,23.245229864088145,20.074186616500622,20.063555690140596,18.96931543807226,17.208556385355052,23.307434625106517,20.175420523694353,20.24128927077528,19.00729458459888,17.311599737993568,23.292629436823283,20.320377800808735,20.41236087920257,18.957675867623788,17.253973667535245,23.835147236647412,20.32923269009679,20.61528368180916,19.189173189901588,17.45656619855841,23.863176325810045,20.273780843224095,20.61489110401987,19.10863591777283,17.43005419214744,23.899446622748012,20.371510878588737,20.38988854561817,19.22271905961806,17.448908663706323,24.028020583081762,20.28568610160879,20.385140763505973,19.133087348005283,17.419956701995297,23.769586906590224,20.42310296599168,20.198832174861263,19.27216520459633,17.421325232453466,23.11623336838567,20.26051323997353,20.11688792534156,19.33523711027005,17.182974439222384,23.22198634284874,20.27754523377796,19.960963697326793,19.11199085191297,17.173666475972897,22.680212456055944,20.11631205059656,19.91428514546667,19.028555224684546,16.96026270469125,22.3342717079292,20.239097367490192,19.70261257777899,19.090369822886885,16.887889376981594,22.637362609762892,20.039190600181435,19.6087122106889,18.882715917112474,16.825933458071226,22.699070341115295,20.17728674579157,19.580742823582234,18.80214772609823,16.820286559157413,22.642708919187662,20.05030038720333,19.64062801726014,18.887069065685836,16.735029590720394,21.91768336642142,19.791630533181845,19.62647778472841,18.762543156951317,16.732371071747338,23.325867111351418,19.972750100226488,19.86964975813355,18.853067209959885,16.91916119054599,23.596847672444348,20.238554600894613,20.110708003892153,18.91625504209891,17.109521920424754,23.998811261006033,20.41392594862861,20.048328996761178,18.89875443390497,17.043773759210037,24.098369883302425,20.75567384418479,20.237341637741945,18.87682562759028,17.08859126907608
22.952121404760437,21.63557875114723,19.878739199230857,19.69149198620578,17.986220118343155,24.186789716953598,20.823230609987448,20.523484713267152,20.30055024795048,18.182049467618853,23.190583570929626,22.548465271838495,22.020672604262767,21.051040973401587,19.153981419801156,28.936486443758696,22.067902735972204,21.206746594780682,21.20696560242643,18.029526815047905,24.5317494509003,21.77859087586076,20.99268755454988,20.542943058857578,18.518529813088772,24.42550423843857,21.72594587734276,21.30961254902238,20.612236209214693,18.635338881572917,24.39620561335455,21.761770683262746,21.330492227675382,20.584541447893073,18.553902332219952,24.699788366901327,21.697746601273916,21.177419255050765,20.366341734190364,18.2961381191124,23.68184494527494,21.582366263614432,21.344116771454015,20.176944308618378,18.362649498516173,23.91875665249757,21.79485254675751,21.61285481809183,20.02824653119407,18.047022021707377,24.241198277303614,21.83777690303444,21.37558388803567,20.027960769417355,17.895329804668688,24.0866427864919,21.863211335376555,21.448550764550163,19.913124056755816,17.939366367318293,23.95916858688444,21.537603251746635,21.45518424040639,19.959664949087674,17.953837006278285,24.08906487684513,21.482683260697176,21.48325326591337,19.896058925185596,17.982449479861884,23.716308834113228,20.925953723385994,21.217372826763345,19.9861744418966,18.048858448189144,23.75300926680361,20.831827818771636,21.323110667666786,19.945472797741385,18.083631086612307,24.011645237305437,20.857348048499325,21.010305203056497,20.01882137662062,18.426200185176036,23.851200502803955,20.81562236971184,20.935326705205448,19.83871463513359,18.47622762039938,23.570436583016722,20.47331056209929,20.554309646601087,19.860628233844785,18.37620911720425,23.65613713794316,20.642213186610707,20.454976855831404,19.885520470513168,18.409697138620807,24.768056857742508,20.866198365354293,20.475122791058265,19.77829561784753,18.471398028060072,24.455187310603538,20.822810195645637,21.032960280051284,19.97784680733942,18.24711425282275,24.26363624730846,20.793223699513188,21.181920976730623,20.114842814784943,18.34834450602744,24.452836409136353,21.086387747794948,21.361433294158907,20.09322223944556,18.427191677782286,24.34012661911081,20.910703364896033,21.418636268399446,19.98723556052665,18.476751611404907,23.080950501023818,20.59854425498808,21.4380181061017,20.241934035418407,18.962649915087816,23.712089261917605,20.578656678885725,21.260466706762916,20.237925339692275,18.87950243136162,25.125805911830405,21.075387653478394,21.337857280503584,20.373614540406702,18.86475105019362,25.287759816970446,21.29898047223086,21.390330183940154,20.335895780299115,18.891172348215058,25.335753514618723,21.54798007566875,21.339403098596886,20.57712642429224,18.93444771817823,25.36665452570984,21.7634169829275,21.461518726873543,20.597574515113326,18.817249074178918,24.80564184952954,21.98509775168589,21.388716466763643,20.42080007538118,19.012756540832942,23.713563579995473,21.83875638545998,21.294086148745556,20.33368859214695,18.980239847050388,23.371520627950805,21.731758553732227,21.227138519918952,20.30825019898924,19.0093492353164,23.524361287239586,21.48255176561902,21.184386426555378,20.128359445741246,18.913451133086404,23.553555328850003,21.490707675420513,21.118146391671118,20.164807537877913,18.591354936750978,23.553491942337025,21.189644942482495,20.895850124577674,20.21683392235313,18.35973077637408,23.20881420242747,21.020784178295123,20.767007327173637,20.12297932762411,18.356520375319906,24.00679340584011,21.209767005383327,20.931088847977513,20.36969713710169,18.45157878344864,24.189224791308938,21.558177891728338,21.055853632404283,20.366395516238686,18.574211662384123,24.016153600860218,21.648326327533056,20.883355831407574,20.194507756158664,18.487126593451567,24.079397501565616,21.79728701834071,21.043997526121952,19.946174084490245,18.467270507561246
24.14906454442029,22.735339099555773,21.05982645171083,20.75243535463146,20.62996553495057,24.815419115616606,22.540088913634975,21.38043864790422,20.89553922286011,20.082840507320704,25.0660126859684,24.63973090413332,23.389974760678584,22.36179044545385,21.74234970498441,25.298689114537492,21.17711042471485,23.107659263161093,21.777048122560647,19.583133963386402,24.66254902527706,22.64578359829921,22.156738695077486,21.492715766731116,20.673032622613853,24.737478351486043,22.49303681315907,22.464829947102828,21.538394532506267,20.65151337116314,24.80516021394535,22.443550937498667,22.44114626252777,21.510116512041186,20.560910406772916,25.1261381620808,22.180312208054097,22.14654566765588,21.25240670927262,20.2201802232626,25.263230817941256,22.53188941421534,22.052829205818874,21.146945204530205,20.35019329155501,25.732081376785903,23.010968771305375,22.347172094443625,20.99213296582526,19.95655581738332,26.01930894160506,23.191995569503423,22.152063265626644,20.879657172990704,19.748635800202578,25.93006785678343,23.14700874118629,22.22579718615899,20.911915906737732,19.792851007853198,25.631694145797773,22.96581978971723,22.18178878858287,20.919598805536708,19.778823754058703,25.400443822579952,22.88458366544318,22.184631402685984,20.802947652785114,19.67440754200532,25.047754921370455,22.339543062885507,22.024010187125864,20.83726602971445,19.769180566221234,25.009719459068737,22.227610466060028,22.03377787541684,20.878707165981215,19.802919231704244,25.227311121616427,22.379847157160647,21.777508998382338,20.997684471419667,20.17060490867258,24.94225499445409,22.186197890211833,21.687146101879268,20.85506441539464,20.281349498683642,24.940037688424958,21.839206143367647,21.35420023490109,20.851579263780685,20.467587882713662,24.878019200152544,21.854209479740323,21.218002906662,20.86286262899561,20.54367947713621,24.728077948726906,21.941116684221676,21.180583452087248,20.86858427090389,20.681853042764658,24.445654028074554,21.785642828712845,21.6111781465236,20.989415817218323,20.426222650700907,24.438811717654616,21.763560911688888,21.7942459920738,21.137113209380693,20.472160421505386,24.413957561875332,22.186481586663124,21.919221587239864,21.25872787708915,20.51677793699752,24.32330119106088,21.965991215713757,21.848306028999446,21.11723322211082,20.542285331909586,24.258197760553735,21.887952295087796,21.994331187805685,21.38779108914741,21.022198092309928,24.045484903143947,21.72032513453741,21.889454357437565,21.186987387077572,20.885192173126207,24.333056615818595,22.138394591238857,21.833197101703142,21.184123012996405,20.747243378479645,24.46203902679166,21.87637901745881,21.85380800439194,21.071388340265575,20.674406953454735,24.406682584006578,22.11104268706367,21.832129583917187,21.252182321776676,20.734939103589603,24.43551121675339,22.055595448435714,21.810679909018113,21.27247724082101,20.589397322144436,24.668673090826452,22.305665432776443,21.69885392713402,21.271989662399278,20.851621337645472,24.58758732558262,22.02166269433523,21.76257377205073,21.237048217208127,20.939811305597676,24.52697322652208,22.119989718604863,21.667497298341942,21.304910955810044,20.94562059230541,24.92590843193029,22.073135511890097,21.652739290498026,21.24053978507787,20.87003884137166,25.10115887266459,22.1334571743033,21.598878078279203,21.097500498937066,20.589883653758136,25.09756471968297,22.02343755089844,21.557509022697335,21.135107470345098,20.45200192189112,24.79108494561493,22.047359688035165,21.508126248243478,21.071191213704825,20.449830306473817,25.458264231046876,22.289740587714423,21.801258243593406,21.108526321787643,20.48715682863336,25.228164151284865,22.333626937770532,21.88930002639981,21.12164723482217,20.477081461076175,24.69845437237901,22.380265056143855,21.746000320131497,20.968248260584677,20.29181630781738,24.92519347661654,22.526320589032718,21.645808234486957,20.710413841119745,20.09746420642302
25.537151965446398,23.569917835923686,22.584394687701707,22.343762688692937,21.816607787397643,25.95778812046999,23.637873861373215,22.632614843376352,22.17370126921336,21.752910227531775,25.54070577139303,25.392788463819322,24.853260339051232,23.110123877418456,22.72942562931536,27.965048175340733,23.38907292522415,24.48271765602392,22.90817136527308,22.174741243195943,26.111073213042356,23.80848144458912,23.465192986885675,22.643106472568668,22.2770494002878,26.086343884684034,23.666491203625696,23.651405096728507,22.700416923835682,22.365505702133866,26.018210285649438,23.59499139203326,23.470861452694272,22.72484555537867,22.28505764766742,26.383569481842443,23.32508343446103,23.01550674450072,22.58090066300826,22.098374864251156,26.179153541632008,23.442465928118256,22.740543656241936,22.466024131529583,21.9988279295668,26.590460840128276,23.940550454623434,22.84090953641357,22.33046720645126,21.612560552876158,26.85911191259006,24.171394511350435,22.644978266855766,22.37388038624807,21.622559972618895,26.82136885966359,24.20007604926812,22.762885464507708,22.326187192785248,21.806041185238954,26.560569476028405,24.0449645812787,22.759910878544993,22.306393843635668,21.829906240310002,26.228305064210797,23.876277338467947,22.74740173585871,22.336968333903357,21.932556874623355,25.716778985743066,23.380947849607,22.704776408115567,22.43179100586704,22.21754548663818,25.724369487627655,23.231171384640405,22.649925291501972,22.405193074341007,22.15727903492364,25.865342880424635,23.27592251675419,22.481154408449193,22.365203416688466,22.188982371435777,25.501922179599827,23.08728141447617,22.363821759530072,22.272230593445407,22.12875599281339,25.563876288292114,22.89461116054394,22.076311334410537,22.13434340762174,22.06907749165175,25.438126895792323,22.81882753777715,21.950099338638474,22.114547947939798,21.897683971075725,26.05434457502431,22.822195715926473,22.019725641764495,22.11501718934118,22.010372348479695,25.96526520571833,22.702787194590893,22.311549594188453,22.458362083226966,21.92515428217303,26.152909156521126,22.68370261333277,22.50661688351601,22.6578789912917,22.089593066676155,26.197843851218863,22.98535347509324,22.72094354130915,22.841238445405033,22.14583968244729,26.193177700636426,22.78617463003468,22.555412721516063,22.67932929034151,22.217735088775704,25.41870085733285,22.99049015858352,22.555982937294637,22.75319520021194,22.30971518622588,25.433950290576888,22.897428344801334,22.41868415575176,22.574839124886815,22.320486531326225,26.239640539668954,23.397845831230846,22.497922831214503,22.53150271679769,22.25668111501917,26.372775806813156,23.20094547451921,22.437239985212063,22.45744164202994,22.274855728233014,26.312646833614814,23.42616139420844,22.468143462619615,22.71020214705073,22.37522588573109,26.459372037519074,23.032205645685305,22.489561588510075,22.781201847770472,22.44271125409682,26.317689589025132,23.07176654644149,22.518491462243425,22.771102584388068,22.456942340925963,25.719614724153843,22.753209946055307,22.40782739554449,22.88878237856266,22.520503027454573,25.550822686894286,22.74814597447466,22.47532036208224,22.913496530728153,22.516748080841023,26.02170529880259,22.723167059658007,22.659197202317763,22.777507297427928,22.499472429570076,26.04734079722211,22.847907641486927,22.576233892996882,22.597801215759425,22.164583029003552,26.186769153358227,22.86448719529164,22.632405084238208,22.654879121615032,22.153434970660545,25.78022375019658,22.798097286144,22.761459557024516,22.546439628114083,22.05316677131874,26.726060765264997,23.195485294898916,22.81779636205015,22.681099371279338,22.10906233295537,26.445752370954626,23.119955458109125,22.834021533270395,22.610609898215166,22.063272735970095,25.98464392660236,23.068687185966482,22.84676843511953,22.566938500707625,22.088710788325187,26.144312807203754,23.072462689514264,22.67730170417832,22.288752388416746,21.96985838702082
25.081027960792838,22.87020145089652,21.78423318758429,21.19228756556433,19.31352025636018,25.00009657937962,21.692868586279875,21.423281077827557,21.56537188944553,18.996144452989007,25.093685780689547,21.125067582745963,23.01233262020338,22.094782758188234,21.340817793896303,27.304149232639144,22.046029514453405,22.57991751953044,21.279170102193387,20.148146240155917,25.618672177202843,21.972784470509332,22.17356928843186,21.60591217872446,20.362059087384775,25.717561572834192,21.758187628986644,22.535636754921953,21.626572437275126,20.665657541524762,25.74969757842655,22.05463756985652,22.875882750127367,21.470407113914,20.66137115205279,25.668641090118747,22.308819966153077,22.67469422464915,21.24911688660079,20.23858305350122,25.36750231735228,22.391507291130857,22.54891010196254,21.29523098601257,19.894162410809827,25.27237991907131,22.43006290597915,22.367733471939196,21.03048271863891,19.254303673212235,25.09256304548858,22.519357433262588,22.11736851024304,21.078133935702475,19.198002647874894,25.036795418817103,22.450809329132927,21.72314378929349,21.13777545305893,19.477275817740413,25.07654481908124,22.51319151725965,21.84146465474444,21.095276945628473,19.65796400128589,24.613767601631643,22.52544202395729,21.799270237012625,21.052105327425856,20.118918215598153,24.31446506415781,22.5037584111594,21.853384866249442,21.209466745207337,20.450468850614214,24.47790137048729,22.49724327574554,21.92489050725302,21.131251408938123,20.41625251618188,24.671397017163173,22.467024221034855,22.20024476226484,21.1078144818897,20.367877784344152,24.57689616150917,22.309044859667726,21.924642271924323,21.125090803142545,20.120524772574274,24.7596203858462,22.154700649332653,21.787982436117254,21.04562637657175,19.86294126404033,25.020810618939596,22.294794440433755,21.82583045807317,21.095279645096568,19.684541761727196,25.49204323828611,22.38028222681716,21.592788593137026,21.10262838821528,19.7321564775864,25.564844263514395,22.209964663099516,21.516546183165072,21.26849527015171,19.543339125003882,25.59399141424597,22.388728323492845,21.614858519337556,21.364597741933242,20.02274554671637,25.716420154202705,22.429834807811638,21.800732704116907,21.527120746182128,20.220239284189972,25.69358595605711,22.31118662029324,21.931562459369136,21.279675957543866,20.031850172959803,24.923004210748363,22.38190272431775,22.044839801502825,21.274814023900454,20.165626579097196,24.684805391723557,22.457630989383567,21.8755306194116,21.214311867862975,20.54173851076337,25.955362955316275,22.584671913749343,21.891408246701218,21.25337559067004,20.56423002364552,26.015994589783748,22.52926944818064,21.86206155154448,21.10657668655104,20.612883751552328,25.9151544036644,22.500554183330884,21.709641191398198,21.356297359239317,21.153367167783923,25.95319557484056,22.572721631137252,21.71430376665407,21.40271987614201,20.87725854367348,25.985269867264105,22.707075896885716,21.909233029585018,21.47488646621116,20.86711501770598,25.15180999627494,22.63955758156469,22.204705115454693,21.559458875599915,20.89113999921603,24.860006353264062,23.057597892795815,22.225989067477173,21.596965907965043,20.903608834318018,24.862852402810645,23.145166065598826,22.391050729511747,21.605485371864372,20.773233130657395,24.845402713133588,23.08449448079359,22.23226814085787,21.611547929533597,20.76382804956543,24.875191745866662,22.82195849871695,22.155469880863663,21.51379181912839,20.349776736957843,24.619613168231215,22.40804698159112,22.138516352329695,21.36964698425794,20.216583357073795,25.665427730418195,22.290470622671698,22.123410864941114,21.454510234050957,20.126521659955568,25.646189206234034,22.27769610934159,22.100585643612412,21.37252020783559,19.939729691020858,25.58399629057224,22.036605411366857,22.267140870955604,21.219079806307438,19.758654334126625,25.65300513031904,22.43172182396011,22.052300870273793,21.000022141088913,19.677823796057982
24.252315232585527,22.690938724882738,21.33775883240123,21.136434089834918,19.64989257397182,25.6535769396976,21.472219135387643,21.003094945397947,21.153725971929624,19.213491582518518,25.372968455254647,22.574106661247765,22.206253644679236,22.163676263633175,21.159783271781198,24.850751531977274,22.56925009080489,22.272192756475263,21.293938125260357,20.258752495511935,24.843188066379263,22.386398998833027,21.730250042498913,21.541104723452527,20.384077297227844,25.049109603554975,22.041239411907913,22.06096368945734,21.487656182641636,20.63629683828323,24.9574802335445,22.336221652275366,22.35516599173908,21.36762152955875,20.48800897432404,24.695754885476106,22.20238357710517,22.33256238992405,21.03146983903148,19.952239831715247,24.62146867801181,22.07465454167729,22.19829054143896,21.007856714186097,19.654909224749304,24.87255926765453,22.076993554684027,22.02514899295802,20.694502386458474,18.94082245126944,24.846096904699117,22.281279271808863,21.68615233041549,20.801154380511413,18.88503244074185,24.62367939356119,22.20444323081899,21.409016256287313,20.96037349920942,19.192533437832186,24.7191034766977,22.400021298475572,21.419740357332408,20.992897836394402,19.528091996908604,24.454904237767778,22.432432088377663,21.364267347968777,20.996499110334938,19.88877162106973,23.889546738665672,22.20645949371845,21.343038714008504,21.09512818239927,20.250196808419897,23.91103649193994,22.16375840304164,21.518696830009457,21.048608816300543,20.278116543720017,24.097566835430122,22.00881560381908,21.634758966197303,20.955904989573533,20.334454902871215,23.993144472961752,21.857570701206264,21.47179625740456,20.91149055751293,19.994707682030242,24.087995967951223,21.900737883621993,21.31228076259481,20.689291177785925,19.53743970531807,24.439078597980476,22.14347024605603,21.424891054821533,20.801431647229812,19.585803900255847,24.389972498266943,22.22465019100357,21.237684259499023,20.747081289833485,19.461488869457124,24.492349382662578,22.270972133704362,21.24916706571749,20.823383858872965,19.27741394682767,24.379825415977443,22.292487820452134,21.330666567293832,20.946544727375922,19.850601700498235,24.47146238416506,22.12955514332508,21.62348484920577,21.32635041950041,20.38537801510328,24.223285394756775,21.864406675024657,21.63666667823906,21.060888685450383,20.036373708361506,24.054883132827474,21.915488983080856,21.700491147458088,21.409611946183468,20.619875562931888,23.873605563780917,21.97451885933741,21.445340983221815,21.340943313598554,20.843313873458726,24.360072581531167,22.02068981461615,21.44001838788277,21.631970546805746,20.93230040467657,24.2442777666263,21.897432639769203,21.237227454993523,21.49371511518503,20.86291102688146,24.46033558319762,21.975086085009224,21.0561984480171,21.768971296628703,21.44317933816824,24.425992675471758,22.031379338040782,21.150230074725425,21.48194298491967,20.82174640958859,24.552254340207963,22.183000289081356,21.436348727246774,21.64235006392948,20.96768552205277,24.401110743073787,22.118413429582873,21.639705726948712,21.54916108161688,20.86673433705215,24.604674037560905,22.526613701937855,21.758412237609427,21.5936734204303,20.80338641027904,24.501446276683545,22.6850182423182,22.036502387233174,21.493896222610047,20.67465258475609,24.478625443536824,22.70161287393757,21.946176269327577,21.54221709197268,20.806925664395543,24.242518697087,22.501651153530723,21.951941222248713,21.468263898227956,20.324380327427143,23.87390656180944,22.308176448672295,21.9091470092841,21.41934548974314,20.364676947768885,24.468155358204456,22.198404992582915,21.713054726600046,21.458830058961183,20.46081547849597,24.510808489124734,22.10655064238291,21.55184596790854,21.464741575966862,20.452352716478213,24.37220741602431,21.896506192581107,21.530639122878917,21.24105807861351,20.058523679956256,24.560009733635752,22.161708539540292,21.261650703910625,21.020188191834958,20.049009826101738
24.138847804754324,21.77603647687495,20.386203159686453,19.658897978873323,17.655124119575326,25.158964949611985,21.231001207402592,20.55446890303373,20.576298175925558,17.932169899842233,23.800102563546705,21.634207995445983,21.168758047682452,21.13517894170134,19.187209000812626,27.052553386901526,23.253847923690685,21.708845734891153,20.707153520634574,18.70453688384231,24.911130673878468,21.949693473003812,21.301968144009187,20.565719675127077,18.576996703369684,24.938829198390792,21.806230570736993,21.644242338253825,20.65224378065136,18.798781510032565,24.70672034040451,21.92446742257058,21.936836745430696,20.53461612130794,18.720673149075104,24.67229620071465,21.977147071555116,22.04791554046807,20.359419645349853,18.36454540216008,23.939512946605497,21.64410481186201,22.273310679257232,20.255272618131205,18.180291306219317,24.099997915823703,21.497383181977188,22.146548118434957,20.126232025579185,17.875484889326124,24.12438452294888,21.373437488393826,21.879158323467824,20.225596453048762,17.92026432532765,23.718113511642585,21.30053177918419,21.790809570533057,20.280946378052768,18.08526102961462,23.693403168726963,21.33267792939403,21.94345510072543,20.305648400137965,18.38181517183704,23.291636807397833,21.232948466016275,21.96779693613406,20.292446443331386,18.673939209298716,22.704001005459457,20.932538189808163,21.836799162074094,20.27461644489259,18.70806815516584,22.600536936847874,20.918799136852968,22.01140653131447,20.115889695098623,18.787290773943905,23.021670304819033,20.806705392806723,21.923449156941608,20.02413986195663,18.85088609507698,22.786817764544633,20.74606295912077,21.695276740641088,19.8235649341055,18.62113015237748,23.103356800613355,20.97292999024533,21.15559715684552,19.75730419130583,18.265795174647554,23.397428344670253,21.33129315287202,21.196284825005556,19.85955403630939,18.329565236761255,23.35810286028599,21.430936089486696,20.994565471204275,19.757016920705183,18.173644021816287,23.471335998556757,21.663082871663768,21.005394846197945,19.910106580981008,18.07825851908254,23.606173840059785,21.605041741664046,21.23223950940721,20.088823153049752,18.476807473901413,23.671610424491764,21.332312914732622,21.622524518651314,20.303905522247902,18.806649816342734,23.389046145672193,21.175009366102508,21.758007574565625,20.160099529362068,18.659466140088295,23.443029892692905,21.366803873641764,22.06304861539359,20.65911747373004,19.415037097372963,23.266812335105364,21.246814000742773,21.839020225165402,20.50919089758493,19.524662802511948,24.378837016646173,21.510103235824538,21.759164770120016,20.67490202686535,19.572708451266184,24.555634771299115,21.632826027212907,21.7194452836793,20.570123048821543,19.614021920015585,24.706890329296392,21.82053918811789,21.460852306128757,20.720500448741436,19.98938247682367,24.709468126531224,21.81215928886125,21.344188948072848,20.475839668462406,19.271632343073456,24.804264624989845,21.917046568817387,21.52314618454462,20.632619094186445,19.353439507620365,23.95520291047833,21.65986670910377,21.503995525517116,20.552325539251747,19.256327449623306,23.825882457683235,21.72057627042405,21.25967068057529,20.52070376478614,19.152371226759556,23.974700497122036,21.77691468901249,21.28739479044908,20.382383271084784,19.010303134320296,23.87276814856367,21.72615024508502,21.16409745791905,20.348769076651507,19.032935869272773,23.668763766333676,21.578038053369575,21.166441250083654,20.298701697836186,18.697205087192202,23.30981624042742,21.43624771594489,21.06177319230444,20.23444703564781,18.75600042465613,24.567307262143213,21.373148687074796,21.06013801023324,20.347312303093663,18.790584674799447,24.85983293231455,21.394003287775046,21.07448918484575,20.33922413827267,18.889835441734476,24.991212072369944,21.407589876065636,21.068973405170773,20.227523656430797,18.668669938174357,25.202806164120595,21.641237883690607,21.043956063299788,20.075135055002242,18.74443247534965
24.5943961826157,21.066405478652655,20.055677955946926,19.482194170813546,17.920924817484863,23.632179339290982,20.932512784180755,20.31472384644855,19.763219442588465,17.702780562781285,22.819885894461176,20.715490005506936,19.759918141160497,19.701141952379768,17.604629089186144,29.54313448090943,22.90935405617332,22.03512560690167,20.718419438385467,19.863844539730184,25.007390388388846,21.35588604640171,20.768040379169026,20.046498207834627,18.326262428717676,24.845973875151863,21.39234555592431,21.075234129155046,20.225801747985024,18.408015524695223,25.15522264734223,21.49196371478606,21.347684533462385,20.234651921374855,18.51709598410207,25.42246743331038,21.73672772854041,21.66300238731639,20.182159553214806,18.663442259160483,24.56565352088506,21.54459374311066,21.689905264021615,20.034282889554795,18.30545029747144,24.3253668552244,21.493747047623792,21.789217245950006,19.8705530986474,18.129895518230576,24.637306922689998,21.532399871539518,21.410272905157914,19.74258312428396,18.009033143149573,24.094541456595685,21.53981036662198,21.30873720134768,19.61766979875896,17.923781622211397,23.929502238495438,21.403715607408493,21.277400860835943,19.700680925728008,17.855307761394794,23.4727380878979,21.201726891703714,21.358546732530833,19.471689169052738,17.755311770961136,23.401866772925946,21.11259650274992,20.985470284540163,19.263209364931924,17.804001171198944,23.06319665857474,20.888151898086633,21.307647663844456,19.15422298063525,17.784020990264302,23.293938485199856,20.660044319000438,21.144583404467536,19.127106927357957,17.75986001115883,23.255321682256312,20.60599236847961,21.07880291650384,19.036849880407335,17.678970259907707,23.190862081569726,20.65384331716018,20.663814779585827,19.159956733290038,17.670176296103268,23.216414114531016,20.85446045542518,20.889091668498516,19.318559231637344,17.552441944141727,24.0416896703386,21.03803255433403,20.725197463596892,19.507051902289295,17.791328899102115,24.28806194104686,21.299195674243897,20.97118797492069,19.731676824152196,17.903075031870532,24.22946942362217,21.248830911138917,21.226101292906854,19.727162029012668,18.200698914008704,24.37499081783472,21.45765360594326,21.49213569113308,19.81606341671736,18.33109533305054,24.70871280139678,21.401857745942277,21.529038450639582,19.831172274934453,18.470559484901578,23.606332941330532,21.49402942067627,21.681181188480387,19.8857713966161,18.67607709815264,23.624194357507612,21.414319712400932,21.331731989527754,19.807475467228414,18.696196571452194,25.185992881596313,21.70944194225633,21.416087861288325,20.082562603763915,18.79859559469054,25.917605195998544,21.479331784774846,21.503549653649117,20.204825223621917,18.932765656976333,25.789709323615988,21.364962466558488,21.45941684239803,20.34105243443388,19.129076018300395,26.218991928423016,21.49266159143632,21.3374979761698,20.27267203832958,18.93743858430652,25.75547784417129,21.578978837732194,21.388635034632134,20.316117545830178,18.997145561921844,24.2534813130836,21.346845816418416,21.150344334665853,20.13297841107036,18.668340034065274,23.372132686926136,21.30525943423742,20.819550955452343,19.87815234071365,18.418733485762143,23.107410837230088,21.225873938186826,20.555002907740406,19.7012987308774,18.170641506767264,22.89118984898736,20.823507972958105,20.43219122425601,19.523926635934068,17.95639089726965,22.77927882602781,20.63236013486157,20.381554121198107,19.39311162101674,17.730638949521,22.839850962737525,20.7348732489314,20.2845303921385,19.28309636352298,17.686614445640355,24.46929255975732,21.277366880244596,20.51004145683795,19.605053744738846,17.97612143687229,25.326278330932183,21.86289105077212,20.94929645204897,19.908620004189878,18.293431801971,25.462666298099066,22.267290144978865,21.37395235667426,20.13932488520397,18.565326921748778,25.98590652840441,22.65050095992361,21.756871882670186,20.381069974334373,18.89313824812845
16.451029955795256,16.032250055900114,14.956948867569434,14.64358248040689,13.329795449376245,17.75502273684308,15.424827382832282,14.859033363137417,14.56687972167054,13.644960533544786,18.050632573162947,15.355805507841133,15.760191825819717,13.93663017230149,13.418769117904178,20.256811211036734,15.494906242124316,15.168285015333494,14.748062141027656,13.40871065534001,18.161110138158527,15.673046013376247,15.038536540411707,14.463353576593324,13.474358844392071,18.56952385152627,15.718504499952596,15.159792947008052,14.373885056953679,13.494118532803743,18.692042704214458,15.834586803088081,15.356943080480324,14.321525132639149,13.462571681172474,18.65225839898946,15.818340614190655,15.300063417221825,14.346317650847222,13.380907837455212,18.3396001930696,15.793838884413017,15.373081398848068,14.245558729251755,13.317365819051266,18.261298206662453,15.747164320245195,15.490028981069406,14.190838345496683,13.227755406414369,18.183754206847247,15.633019511306799,15.26482435904614,14.197749693027657,13.244546280414255,18.032880585868163,15.678188007428691,15.24586469376408,14.21481316007563,13.15270454116459,18.19810975857643,15.657664578815053,15.173149620137874,14.258998458223891,13.332220726114182,17.90347161575607,15.738158518280489,15.041875931279677,14.219236413347039,13.265603731071462,17.989463948482964,15.431203866783097,14.899421429949191,14.236549478937793,13.3258809914166,17.91338249511651,15.380505692682439,15.07404329766408,14.224940640723066,13.267078944393026,18.023043002192825,15.345335179868954,15.004283829938894,14.121274599993857,13.321923538373895,17.834735449086857,15.55769219531362,15.023745477863269,14.101253588395782,13.105373815598146,18.032162205026466,15.636633461674538,14.986528699769334,14.158062459826604,13.252268629514344,18.31312584391236,15.947980954009173,15.122420172231188,14.116180495135675,13.185642718226324,18.718825116630036,15.959110880013236,15.098405876756136,14.073774379965206,13.22493059931222,18.508458220030732,15.84227300746195,15.05013065739114,14.139657412691239,13.219382354198752,18.28784829460682,15.699869857154422,15.030491284059064,14.13844685152662,13.298275752910422,18.1787462413582,15.565972993349863,15.009898383880529,14.210010977374035,13.24037281130055,18.035532978828748,15.440990740472127,15.049460841069935,14.252605790451057,13.390709970882597,17.456209510474157,15.453961846407532,14.919863740570026,14.287744554804993,13.384164487482105,17.432692552731346,15.419802014846308,14.853282458285582,14.214664366564591,13.363458874283888,18.68329579746875,15.732479684454214,14.923653796944183,14.272128798713755,13.43024315683734,18.83920832381198,15.849479969732352,14.976225350904992,14.214706362665197,13.508896331383383,18.539612754492207,15.79535673205368,14.979885757464166,14.121507100108635,13.415922229845354,18.672418644009134,15.942813830909671,15.106948015034272,14.198827982474404,13.375080642473872,18.742258261657014,16.082521847501933,15.285117887992694,14.192280758876214,13.43181054155649,17.83743228801883,15.614930232335187,15.242613793507488,14.108434599066545,13.413753171547825,17.577505296144665,15.577312512865097,15.135118639629562,14.120931634166041,13.400047211829904,17.639479778379386,15.518843923885749,15.07165332660524,14.103154474501249,13.393228474382155,17.815119124821692,15.41902084151819,14.985991193076424,14.006563030337322,13.331113250705396,18.20950682198814,15.38586330563525,14.6958174990254,14.083727056205827,13.317032443203615,18.235142299470454,15.629815892318982,14.491125027626584,14.18005075969521,13.221092464366881,19.537987442000144,15.821243877669122,14.770846048064481,14.209928657129655,13.283160717564716,19.917176645848066,16.051720798422657,15.019757937315267,14.418421021682335,13.373004738882084,19.883468994756758,16.209266093589456,15.233473652473322,14.508650755609867,13.58696973428934,19.62798334889498,16.375578154489098,15.315979934350668,14.608764808437911,13.613182383111148
20.09911393665134,18.33324349386021,18.29784308072518,17.134984992621963,15.098004818440689,20.231069807323458,18.805630670808664,19.03515633182675,18.19483424820402,15.673980911357383,20.31123005408185,20.079716694837412,19.434660254492407,17.92718254742126,16.17785244306095,26.101813502742488,19.453044563788637,19.50983251130949,18.22278630575099,15.754409667649213,21.444494968232497,19.16227205617528,19.068976399074803,17.865555597548546,15.773497785107697,21.389014155636204,19.2654994129784,19.235943337261418,18.026075736272833,16.029391419052196,21.415138302807197,19.286420099847245,19.119698024123323,17.957542310798566,16.036923524977293,21.460218729170883,19.13460852401488,19.10012623621044,17.881667730082977,15.923059571665949,20.10648724815839,18.86848189160133,19.21929419855875,17.666060894113098,15.870157580029328,20.619330329138403,18.949148960090117,19.473112529170766,17.585353621575322,15.824902317926128,20.94538087033956,18.94466861877408,19.353018737788318,17.566922073145655,15.742016766748623,20.964667656965798,19.035393599049577,19.4808508272249,17.43530134409466,15.805391253849399,21.192896468050776,18.851232217109153,19.663083196376213,17.49092514590503,15.850517230798772,21.362007154735714,18.909801827207144,19.6868848398971,17.521092460985923,15.9645024744782,20.769157719256903,18.693052680764858,19.44118064079842,17.552959062722408,15.865566654879427,20.671309579623728,18.69872576785332,19.399822712171293,17.522439568940506,15.8652115980004,20.696082763424037,18.559149973792938,19.15427117892158,17.53905577232831,15.930578699800517,20.490544999277578,18.458329658466962,18.804799018524317,17.438923820813386,15.90272275833055,20.77075594959266,18.52463610060636,18.456512776505058,17.49769104053032,15.841661931958464,21.22829148587048,18.45266501564858,18.436921674778894,17.48725649957571,15.990136490946009,22.153989585206823,18.56783796247577,18.49429928629288,17.383438792568477,16.016490129378944,22.425617076243896,18.587365778181557,18.956688988455753,17.598160762331705,15.952840575470002,22.32956682579321,18.782679896438168,19.2016664552195,17.627282856990497,16.12059793448698,22.141718473559102,18.892392575924287,19.2788123783475,17.600744100785775,16.258871524744215,21.889759722734453,19.058420302969925,19.316379270186427,17.56124832201122,16.232890975928385,21.076526001863265,18.769471739522317,19.43560287790586,17.699803565631235,16.53965602740941,20.988876406380164,18.721632010685404,19.218261408265022,17.531664193680598,16.45596848851003,22.471824151655586,18.979950344753323,19.138599856120827,17.637744954733236,16.47555704140507,22.908309805908253,18.88563306251205,19.24263467971264,17.649859186151552,16.38829310512432,22.64997391048219,18.959705002884284,19.131284829155287,17.771559450550182,16.335537338824132,22.30276277708713,19.192293836831034,19.127222899738456,17.80481399058693,16.178971847178282,22.251546554806684,19.190259676279773,19.041094194651624,17.7993896048694,16.309864523192093,20.77491332349704,19.005600433348512,18.97271599901922,17.794892599566158,16.189497369187368,20.220642359694615,18.835644087284468,18.837217023523245,17.763279551798043,16.1793880660617,20.36096219767587,18.809610748343946,18.647851605561538,17.628454285079755,16.165958320027702,20.314050151439467,18.932620377246558,18.750698597727258,17.608791539155323,15.956243018330568,20.206623059372934,18.91382763255576,18.78639778378892,17.611722390173433,15.876826873098702,20.09899678668924,18.788006028457524,18.857287024675475,17.510996163557728,15.81005605741378,21.610672709041175,19.225805301381932,19.06238284998736,17.675558981210052,15.874414259762077,21.976231637393198,19.34699063066011,19.306572857278653,17.796566171612277,16.05715871839394,22.24004313978254,19.279175817235757,19.067664528949955,17.823729362510353,16.080211704130214,22.45096691336256,19.604834776663868,19.09652535002874,17.86131155965366,16.08665683187648
22.664097391649328,21.066801655276624,20.007572443642268,19.86486823592714,18.048937400981536,22.332364729981336,21.28853408570651,20.88787536896067,20.061702184068203,18.001605491075683,23.24243636676962,22.9739869109505,22.4902003729062,20.179159623238025,18.813666891493423,27.584077292742673,21.824108227392838,21.702570098587984,20.135675211999143,18.045296887068506,23.956819992489347,21.851156608169177,21.29308660965956,20.143895914631845,18.35566132833056,24.085463170080686,21.907688409598528,21.65013921467958,20.210244111044254,18.40611165083299,24.358151003686803,21.820869640388857,21.559888668953782,20.223813104190487,18.370128870499094,24.60750070785133,21.571816888557983,21.255210419987332,20.148242687233523,18.204074322328236,23.802656279802424,21.48567631482856,21.33467272561213,19.988697184105696,18.250136626944958,23.848453642848934,21.439213726472097,21.485745816695754,19.805605111251353,17.991411761617368,23.926817277505144,21.440449605991372,21.226884763375192,19.790155587079408,17.986599735823013,23.723999045508975,21.597818572733082,21.35671371446838,19.620939804576334,18.061507380122052,23.69287481016368,21.53892412612364,21.498349096445686,19.60290872803395,18.127606955697434,23.494338323081315,21.50197672180077,21.40461031483003,19.7111869568557,18.20719324447014,23.098172198958036,21.382129077109447,21.330038769994083,19.727445342182072,18.277845229539743,23.240296329009716,21.412688370048276,21.411265006435546,19.588411631947828,18.25984782896822,23.740350218816353,21.351641074763837,21.23748855259776,19.652831302932718,18.420736910049925,23.303871548260133,21.088362576936603,21.035850756931374,19.551847688403473,18.394835106131076,23.40966297465778,20.804764279111353,20.742216524558483,19.5443892182413,18.207411128124484,23.5639124775187,20.789776912234156,20.634912223096173,19.631787193365096,18.24353859677278,23.709151315753026,20.551282406745592,20.5940441625355,19.723205367435938,18.27703321668465,23.439437389916737,20.66734090724793,21.102473187287394,19.937141450391806,18.089272449658814,23.527384172659247,20.845437712906126,21.276392530285328,20.12341346908572,18.2001785333376,23.55691401618845,21.15666502089689,21.447194207020495,20.11166782584481,18.309341372956048,23.490194690968043,21.223573059114255,21.23848185634622,20.00376947449195,18.29316217711483,23.151403973369078,21.300426577452278,21.378268614018474,20.013639656491236,18.57196012762291,22.924084422618574,20.997220282067993,21.122905139933085,19.930574245164113,18.65644375493737,23.654328587289296,21.203977107185533,21.172813509966527,19.92595876853731,18.615190385184082,23.82723047282513,21.08507503940198,21.13726987904591,19.888052591534866,18.665844714184978,23.959952940929707,20.907255870202288,21.301591379062938,20.04596619044927,18.619615747257264,23.63319237305293,21.00749188220663,21.186653260903068,20.081118210145313,18.57568947937969,23.862004167597455,21.01700158915468,21.019791696076005,20.09681264742362,18.54993213417964,23.237261541887044,20.80296807344518,20.97423576355961,20.16922426324597,18.48904803620679,22.98760761743473,20.95047216281014,20.939226523888536,20.08581613889588,18.41901057346077,23.054289151202585,20.890625196885686,20.843777242383577,19.99079409628509,18.418707636892286,23.44208396521691,21.0505568144392,20.861544824619116,20.07979059464298,18.125230063489898,23.39761138472897,21.23423017086359,21.092852116176566,20.08128342494778,18.05992548288351,23.251158387785317,21.39763271614451,21.149524203294767,20.019058559025183,18.064905739948472,24.514902838748036,21.556694951271712,21.37416323144084,20.261835082542376,18.134111316271525,25.191414197957258,21.74887598236234,21.40237663086085,20.375888296555562,18.297236262781166,25.084894255553177,21.65152060762658,21.423228643566183,20.3370775080197,18.258614889279226,25.148875480557184,21.701373962511276,21.20268791798693,20.19720686272277,18.189294780224465
25.16642651204999,22.333739976092943,21.547183834998567,21.000459405784053,19.897028747713996,24.67707377348812,23.077792890378884,22.076377120235033,21.1009811198813,20.117558636541773,24.878517713244563,24.036456665600518,23.780438506038372,21.816676912739922,21.116403760086442,29.90526871088329,22.767858276432417,23.83289187816448,21.99133119108525,19.855131264503157,26.056755392138104,22.902412035116512,22.57343104282018,21.485744352966172,20.40620779072116,25.9541912203019,22.88155598303637,22.794509712294758,21.498751983637167,20.453289638099868,25.840060446276972,22.829594387612048,22.619426962301947,21.538531695236514,20.453703002077,26.02490943571965,22.58520045195898,22.13799342154009,21.38665507579328,20.24217457682674,25.202873146354698,22.620925653183974,21.885127338770666,21.178413581084577,20.313141897892525,25.414322706079787,22.95833344730382,22.157451218148275,21.006402822630715,20.082249142220974,25.728871192994944,23.042038278803876,21.93162784775374,20.997411985260644,20.082946593061802,25.7973594840345,22.929419978987813,22.08009262362988,20.924572189601314,20.117059812750817,25.598716384590904,22.73571465510239,22.106698197308198,20.912453967155372,20.086058814944625,25.405057077342093,22.556558302673206,22.13803197956845,20.88599919400469,20.1884049312983,25.03425618050895,22.248877580550545,22.156840612737426,20.988451124035855,20.234975324939185,24.89312324446849,22.16088705636944,22.305995975370895,20.92075686721928,20.206970724323575,24.990552183079444,22.30700309547447,22.161400828089747,20.986132522487672,20.414834010518312,24.81365792583536,22.219784081686594,22.159497455590966,20.911161044227907,20.47533996251331,24.79171779158391,22.02610165310837,21.9848980042685,20.909973311781187,20.348521167713777,24.73884464172985,21.78392870320936,21.780699052784552,20.95431118474552,20.36909734099528,25.675680629878002,22.190629718925813,21.707442462437513,21.084682478836168,20.512855556965835,25.719634691394663,22.09632473059751,22.094806127010113,21.294314769598923,20.38567418990119,25.94609223820239,22.220749154377934,22.19369420298356,21.480185356408583,20.45981721582365,25.88078871430489,22.625961556558796,22.13553900135563,21.59935090509581,20.523602633436756,25.3389656775594,22.808664793029827,21.94548949968668,21.49548361286278,20.554120249006072,24.265320161570354,22.428974842572472,21.93673350630477,21.509883645700704,20.732470876320384,24.455387184943287,22.09777454488253,21.728697262877887,21.318500494308925,20.622993296263324,25.59717808012136,22.51554820789471,21.820776227042884,21.376634654586276,20.64559540123504,25.959903257996643,22.34269448743877,22.023981859045882,21.36414120417205,20.724867911541633,26.174446529607785,22.28406818757302,22.099504995283716,21.441711702002316,20.697885250345905,25.944978789852286,22.2227720344104,22.023779538193576,21.434650611329644,20.79300789950539,25.565081973625645,22.50135792504756,21.904181146758717,21.41647846023553,20.955122676780878,24.240574202057765,22.11261713018922,21.82250515643771,21.329568172467766,21.03892962817367,23.963820627894552,22.147544983567165,21.630677791719712,21.21695798440428,21.009304609386334,24.47228358535111,22.15872724233794,21.647255774313454,21.195941976966548,21.04885774519892,24.87795988274977,22.13007654119582,21.79368370381111,21.286216644941295,20.6660655757375,24.956490750961724,22.132884259337732,21.848655384831336,21.41172643702045,20.502716404650418,25.035587978887754,22.178993607386584,21.946529342351248,21.35429327210404,20.380864699356188,26.04160383102091,22.421494886832313,22.275993889453325,21.6547957667902,20.434094609876606,25.962922914034444,22.489989369272532,22.433780679375914,21.758304364310398,20.437779522814214,25.566251135543396,22.678441413398172,22.48685864172521,21.652184292218195,20.50905234390634,25.59119114978581,22.893441657321482,22.37333063674215,21.43901559300589,20.4334875747196
25.332442892608704,23.312314450880024,21.37707366873552,20.99981669656968,20.164165595147306,25.256507244372873,23.199580657396286,22.037831649438147,21.688425345867987,19.86843258536678,24.979422599898424,25.3218476164496,24.509667692520736,22.26858544808777,21.070999230278858,27.365692438454072,22.030658320855874,23.655269211421935,22.149603323269215,20.390853065146633,25.594796858649214,23.316193987239743,22.744007507015848,21.83690208487709,20.58689160246309,25.550642618339165,23.116255398878657,23.154684593141006,21.957462429031402,20.538662656245435,25.456827709282557,23.017308457194353,23.017986871678325,21.876238740089313,20.378670880327164,25.78918210193033,22.637605389300536,22.465307296129918,21.72431879471477,20.10825625085142,25.620709714194305,22.935724092898507,22.312540017314774,21.68445102870089,19.979312928614814,25.91001530110908,23.349144442126054,22.504013766376037,21.514564836157227,19.51935593440652,26.11380077982966,23.54834244428545,22.20243403653354,21.438012006328073,19.563933140772455,26.27674183621262,23.766234204613287,22.370741500029077,21.386139347618784,19.724466016516253,26.014760386271927,23.74388807563531,22.468282733329822,21.27605128165094,19.777494858690535,25.655279426824904,23.63367087748519,22.49842922296792,21.089118168556883,19.916590114480762,25.39191797529956,23.281726386549757,22.586318012680817,21.09782482855654,20.062184101123098,25.441298591534537,23.252136541228975,22.560900921391955,21.00756030587459,20.030480516813398,25.410011325637978,23.01725616285155,22.494060670848096,21.32631649293041,20.55734528991349,25.147083405416648,22.72254178607873,22.3953880479791,21.2068227064887,20.43119019077134,25.369728911165097,22.55363568856024,22.10731845491897,21.132206224790533,20.241261558110068,25.11622546866615,22.426930100089862,21.9443531689508,21.196495334986018,20.24317530872364,25.178787314694784,22.42399622619999,21.92072871895574,21.280713887990174,20.24496590058822,25.2080322181203,22.425041762025188,22.154231211049456,21.294416561573556,19.686192993607584,25.25803279285492,22.43747668365872,22.275641686963468,21.504487190354418,19.94341621683939,25.220849954247964,22.696947436961644,22.414627520910294,21.72838742103883,20.08966265477049,25.217614669769137,22.55054558985692,22.17165298502739,21.47977349421264,20.003617056291112,24.912910830870864,22.476752517409672,22.314261982968894,21.708819947665553,20.456824571072637,24.838886466440364,22.467964959286086,22.12629351197887,21.487340536778596,20.483399824634922,25.813051113209365,22.930402713567158,22.238894829911754,21.625645143314706,20.52804549725426,25.837755723058205,22.760482681670002,22.104698883024806,21.47393320747227,20.62927230453635,25.89489035118786,22.870753980563535,22.04922377977089,21.722687215987367,20.90433797988874,25.79023152911167,22.71595422081318,21.91423488318481,21.61649202339971,20.707028747730437,25.560051304963213,22.66259637871854,21.86312790713798,21.655228259454393,20.855882980894197,25.08921307034718,22.35689036260058,21.881800461667915,21.653469855030508,20.916190977555367,24.931484771902664,22.45003252180131,21.972535679130726,21.636583349469426,20.98814371181445,25.260233681619468,22.50773249474883,22.13146415095921,21.57904695788311,20.93602701487455,25.53043566092493,22.655983913777515,22.233067821080404,21.472596930467738,20.791914013418573,25.825244638073308,22.714633127954404,22.336531619054274,21.58318065057423,20.636411616221714,25.245764399919672,22.793698196225826,22.369337958716184,21.49217176760444,20.598872631577002,25.570421407446563,22.77326740298664,22.528127076603003,21.730554913496928,20.528064837651918,25.26961852133475,22.716670013861528,22.587319671219653,21.739681819983428,20.4407425278096,24.873014683795454,22.612159246944252,22.48770237544078,21.728273521867607,20.252420725359197,24.87995482470166,22.754066337987563,22.258904421368445,21.382416687099397,20.149115673655928
25.094256572742516,22.874196282975767,21.837381436051864,21.16392524833486,19.337654696902725,25.00751379918968,21.69952891105953,21.449566445694334,21.5989556345925,19.00087695829543,25.086073753927632,21.023497836948618,22.99024524487829,22.12501772169343,21.36423924700184,27.28185211867088,22.06115477475645,22.605642768161633,21.302539101952274,20.209893083785104,25.61662231515097,21.967777013884408,22.200782015556815,21.62549783156931,20.389239526861974,25.712945487487765,21.756261408031197,22.546796160939884,21.652208156087294,20.69038692923626,25.740012878115284,22.051776323804027,22.876919166853966,21.487565308649526,20.66167265939789,25.65848131694407,22.327895333219853,22.679806976386693,21.262490384226428,20.235439359807465,25.367924724292884,22.398710728207455,22.55570044778787,21.304095732306756,19.8766613556794,25.27298100323489,22.41992595074469,22.377061238366924,21.032145447139982,19.230267760161183,25.09659107326024,22.499610269596392,22.124069861146108,21.081851795210817,19.167624215223785,25.040560061127415,22.433123007037853,21.735141281265555,21.143569682026175,19.476281743297225,25.076942640143365,22.495169674302666,21.859002624302498,21.100386267194644,19.655780122698342,24.59633408944756,22.517848500623426,21.815222585146905,21.060133961884723,20.124198128518323,24.297113562334594,22.487228101756585,21.862870190986023,21.216629693467674,20.46045987207079,24.451134521851394,22.48381030474727,21.94628900778662,21.140543176829013,20.437301699932696,24.646179347995645,22.45662844383324,22.22456115771148,21.130144493726398,20.38495357086935,24.562872511789855,22.303832284039522,21.95561200610345,21.150137122754387,20.130040876768412,24.752426827946273,22.143329236913054,21.82507038542946,21.065967610372905,19.868128552203483,25.01970492004182,22.2966432311001,21.860988356276717,21.11626848409092,19.690942223268898,25.495231044604502,22.37943759722138,21.622605393398395,21.118053572033705,19.733830186395572,25.57155500215273,22.207021248521325,21.536136462231685,21.26728923288973,19.545679188492223,25.591485544010258,22.380909033912445,21.62982113980288,21.367079697377797,20.029746978298146,25.718264276974175,22.435472646818948,21.805403442354095,21.535999180536173,20.223144884392234,25.675229314814572,22.314350571082734,21.93428636878941,21.292009047186944,20.02539690527258,24.907712273632054,22.39242416782915,22.044058242320652,21.284340563924257,20.155216304724462,24.674463739975277,22.4564470337499,21.880254809188948,21.22685242457741,20.531678195410834,25.949928105475994,22.585523023378062,21.88882102026062,21.260826017774136,20.5573906469334,26.012819458169428,22.535369514975592,21.86236955891561,21.113877314616325,20.61088241717051,25.918157615916847,22.51404407004689,21.706486034199465,21.365760590718246,21.163324068317667,25.95124774520288,22.58799121332627,21.71664792073751,21.419063868205264,20.89605899934748,25.972169862236672,22.729498139834067,21.91762859966432,21.498053135747725,20.881437663140762,25.13789316091667,22.653866218297036,22.212186810136977,21.582912762008696,20.899739857401247,24.849383056739672,23.06118992721907,22.232526633209314,21.61915700328087,20.924005343286275,24.860210081619584,23.154730708589984,22.394734533429776,21.622991843508913,20.789260521708577,24.851205224715603,23.088389120510183,22.230770696372264,21.63187633857183,20.77662776449119,24.884896922273033,22.821354956171195,22.147487424214695,21.527409788768292,20.359565933491403,24.628504841479472,22.39559859571134,22.14097592747375,21.38220314997208,20.24170391986025,25.66614013383089,22.277852114035845,22.117094103077932,21.463790252002873,20.14138918520892,25.64633498943047,22.255303830721164,22.102960653551836,21.379242177666985,19.9579175720501,25.58070301187409,22.021005998928906,22.28103303967438,21.219160034787084,19.764918706860932,25.651959669669544,22.42322193138748,22.071788946952825,21.012072078852373,19.684134209450967
24.090078123846187,22.65191570355271,21.504195390544748,20.472688321481243,18.991887044770127,25.120718557987402,21.935153561680842,21.51739274979865,21.25738572241322,18.853154803226122,25.09982843381331,22.28042126708409,22.614461699286434,21.82283126124281,20.675984851293006,25.413913909600044,22.18118021907216,22.904663994436557,21.1192325470362,19.933802168093404,24.91082903926445,22.303208447756656,22.186900737875384,21.265606401086455,19.85049632954269,25.225370276441218,22.081187160255677,22.61283555100558,21.254110671721897,20.090707117664692,25.174592698922677,22.380648575913863,22.87038771331944,21.126553342508846,20.03486050134321,25.06794496061059,22.487271095667314,22.736306596306523,20.90323177692209,19.643421914973704,25.046545498682928,22.452324201618836,22.582944775446432,20.96441109955872,19.365854535409778,25.0955827811891,22.374526712268512,22.388432921338417,20.73841839765585,18.84597276625923,24.729213452069796,22.481401248521756,22.065582748282743,20.92208138242986,18.846926410917025,24.656092384466184,22.318154672752634,21.715281617387415,21.065069069368953,19.120918007463434,24.648399355169317,22.273561138109365,21.823356511077918,21.066648602418645,19.333666498438962,24.281557718841942,22.449069191534505,21.77469008547754,20.99320445945013,19.691898552819307,23.87990487688665,22.433368949942473,21.813689987320124,20.999295959786032,20.0295649100386,24.07680585204014,22.390161082581844,21.837060594754284,20.941947597078247,20.056306386794787,24.190908634403325,22.472334145810073,22.03869187964397,20.878999985346248,20.020731551583374,24.161028043537044,22.427191251818662,21.75240282143865,20.823758730289114,19.790707688303225,24.40927833772751,22.19979865659669,21.64214605712413,20.750358659316127,19.538937902210854,24.70067559509726,22.366741705050817,21.609019860360377,20.945151866395445,19.474028834864157,25.301008148919628,22.536359086240708,21.523291717434734,20.971154739505987,19.43387086205634,25.214364298787366,22.38009033690964,21.586397304925406,20.975742682571497,19.25483236094248,25.164545453055105,22.515847365530398,21.768621911230543,21.165186112173654,19.75604179313317,25.036013285872972,22.670603169924696,21.932239143137657,21.36071939656468,20.002769138403977,24.768039481221077,22.541084887062677,22.018568550391223,21.052352641686987,19.78970871905842,23.89646670214209,22.429006203777686,21.975695919493628,20.894389065164507,19.77480967885135,23.99670183161328,22.420503144968613,21.704790791072256,20.88772923722979,20.050229496129667,24.993421400281598,22.46645735200357,21.80198092000532,21.011900598929557,20.115556739696665,25.140509547246943,22.418287286328557,21.682662629172444,20.862224249078412,20.037581518355815,25.423343922807085,22.469133697819842,21.555711619219114,21.141959218208477,20.500941219573143,25.533379747716292,22.640855165366457,21.788573599150304,21.271040379564216,20.489902205675243,25.46238591592383,22.865894210844733,21.979963475487544,21.327937205327395,20.645937925896078,24.837648606815332,22.753497268001905,22.160822810050796,21.316555964344364,20.56365838572605,24.83098103237669,23.01106788462763,22.230013858073058,21.40715442102623,20.579257066175664,24.502416719321808,23.021197079315805,22.31302948205911,21.394151081268323,20.499994570749273,24.37704037242374,23.034155175300448,22.0927907755487,21.505602626298376,20.556472663087085,24.420618538615066,22.649839389316845,22.058083523061462,21.503421634377503,20.097578530059202,24.12016150588449,22.54599682394514,22.061682241174214,21.414821272663925,20.06242766916906,24.59703419985369,22.472769963635788,21.918469403326355,21.542754008253596,20.080362498993022,24.783525674522178,22.511768469733177,21.989057867011663,21.525987222034757,20.047125018972014,24.88756449979394,22.28204943477387,22.055485913650323,21.318047485269002,19.719486466902694,24.991279695595978,22.664571108738965,21.906529479284092,21.1527642142103,19.74508910490276
23.408940164110962,22.031085845284814,20.986125821049683,19.952215546776205,17.953223407570807,24.183069947166523,21.24158384240504,20.353701023043598,20.67410699503813,18.324276068602433,24.395364638480697,21.679083213285924,22.036847160136794,21.867232310216927,20.56304754648969,25.324229939697467,22.064708334412845,22.11204085887368,20.600023653235393,18.891814683751214,24.27497173331211,21.74292988097694,21.49422270664439,20.8747550044362,19.27739719385451,24.54173460191542,21.509433287723095,21.794045180720897,20.87047614069801,19.649687510039676,24.568916994592378,21.658162768253955,22.184575543176884,20.722445244088213,19.508474672255595,24.51114661132882,21.6499288971798,21.993841165285765,20.37278198110776,18.942284307014376,24.161109366388743,21.53227252139169,21.894738503579028,20.352470050757034,18.647236602975596,24.150480352085914,21.423339036142696,21.755551560071755,20.11389104727566,17.96103709264228,23.918176025818717,21.467211739973983,21.435278821704987,20.26727674140852,18.006189799438577,23.719442899906102,21.44758794443576,21.225617224322793,20.481165334792934,18.438782502691918,23.583571935602087,21.580670190978573,21.397956476057704,20.5361866568634,18.837132778225275,23.402347705902113,21.710482220965552,21.46783922506468,20.51318204319549,19.39268185433707,23.089496598199702,21.61265513144219,21.37592308193272,20.48230891554241,19.777572170820925,23.156241565554676,21.595414829879328,21.599313272410903,20.46953625093918,19.826014601101264,23.28519241117754,21.508257399801323,21.546202873637764,20.338890679043388,19.80235030134478,23.134556907992646,21.39735317152259,21.28823774990392,20.231984303185094,19.430332088531053,23.19648745927544,21.316664607866592,21.01900439069226,20.144165219496593,18.915674161478258,23.52658261533214,21.528357068535488,21.22199111197338,20.31147004390011,18.90257293952469,23.404367032145593,21.495817230678682,21.012512886439403,20.297397620405768,18.803244873474835,23.448930662037146,21.492261273035243,21.12832334894799,20.326334717317188,18.510621442142003,23.61571106208911,21.449549338643084,21.385457837423594,20.623191563927286,19.113926872689905,23.683914535730942,21.400589443171423,21.624946851247348,20.908286995008712,19.61751769236576,23.471654883206583,21.164529637996196,21.523022446517245,20.645442739265366,19.27637531553707,23.366964165972,21.100044283093922,21.476206606603476,20.57689397034666,19.34549307455051,23.19552265799491,21.057016140938554,21.176299543248373,20.55217263940997,19.696810505031088,23.906188985941316,21.042718724885237,21.134433264288486,20.684012149825367,19.843429654821435,23.701997837839002,20.854387946315967,21.09124283138389,20.524028614878766,19.790692973479793,23.843581017874225,21.03218270635815,21.067800825604003,20.8906761735092,20.48625269231026,23.90069614204061,21.377292788805143,21.335876774197164,20.962510997043836,20.37198360715097,24.09145116429127,21.525240052527153,21.682056710338095,21.12659446271084,20.504441913828362,23.75206365178721,21.518552173762977,21.87516527473023,21.030297960135268,20.367540564166916,23.940604355990835,21.93138102031278,21.7892478581062,21.119255444429967,20.351358930951427,23.602979295190767,21.979745332868276,21.76279453769615,21.035461540588322,20.151272525285727,23.49023361041886,21.878631425956307,21.49306102133795,21.114237881826245,20.251749633805247,23.571474836650783,21.733285462597692,21.440849568856585,20.980980755372137,19.733500884797042,23.017267313717714,21.607095698065375,21.421459609724014,20.900840526178406,19.755803559540123,23.5950756890689,21.471263663498597,21.40974172553862,20.977389918757932,19.76637404353932,23.848610545021454,21.545489346368168,21.35255849238144,20.899975496708578,19.742086127825864,23.924742095605186,21.375809418222616,21.413356931074784,20.712923369681352,19.27161927824653,23.70990718782229,21.665994895183683,21.236664918400855,20.506480268060432,19.21062287478276
23.07983292142189,21.209523764034532,20.223419399050698,19.155489777229942,16.430551302261943,23.674098291707722,20.3404988855011,20.049193879995666,19.95295519323285,16.886259129047023,23.283857369531432,19.963791053404936,21.543628309946573,19.713019008624816,17.564621338437753,26.033738099681624,21.586324544061814,20.934888236160713,19.731198919864013,17.19256877147613,23.751057056586056,20.70490383890349,20.719256583549544,19.6748123778765,17.196564009233025,23.886866570746328,20.58979085124878,21.068776320063684,19.663755698456214,17.357175329564026,23.92140672935331,20.577681865367115,21.442172847167775,19.633979839451783,17.34505096039233,23.976238744001343,20.807020848861768,21.21078758550495,19.64345103347899,17.276560474237346,23.38517029252335,20.64972776498989,21.24200829380772,19.598224314237807,17.133371498115686,23.472459145704413,20.535223853741,21.249629680767132,19.576315160075257,16.913859941185432,23.21258222813614,20.327536858283075,20.927766634892137,19.64308231707931,16.981111280716554,23.07782452736667,20.40349956274277,20.67571616219576,19.626129030233944,17.137478877535013,23.04382862723251,20.486439222055687,20.75641629978073,19.57535515094897,17.142149595078013,23.01478622445554,20.685386301368403,20.752926274846114,19.53695251811265,17.36932166632318,22.773294825572226,20.686676976306398,20.69357626141822,19.4113973290646,17.443602517794154,22.897908350059815,20.789410128582848,20.860029207679915,19.40809229452011,17.42538819683275,23.097295069352548,20.719210503177724,20.830640216389387,19.366857715942302,17.499316537084766,23.176199488182654,20.553573199726426,20.62956471122435,19.3067539364381,17.48160382497897,23.018119793786283,20.333463378181353,20.418795567925127,19.320563335806035,17.371043740577857,23.178520925880996,20.45076328269248,20.56024086690224,19.442539398603905,17.347456740658792,23.853558616315638,20.684296288339837,20.492707895316723,19.425194530480205,17.335930502692054,23.642399530915974,20.83850019812564,20.62793551920675,19.566153528228604,17.180645517774586,23.571569122081012,20.628105454689322,20.975255824519486,19.784103538984713,17.347967330784524,23.65706804036494,20.610261953335765,21.14925803765146,19.92465922154513,17.502147729308522,23.640275941556162,20.629550897422043,20.973796402836918,19.797622267163888,17.50956291683965,22.73159198441935,20.45960120450973,20.86352084885615,19.782160680728236,17.61222481752429,22.697761113152175,20.37513022972464,20.65640800713826,19.6031414017175,17.697671097360193,23.301473930947783,20.907876868684617,20.577581115336876,19.491706372129414,17.737414413760938,23.1587604565028,20.736014945111986,20.519875332741414,19.256941807524164,17.63771948591304,23.294304597038803,20.85073380432855,20.610025509110272,19.397056105070476,17.777532686342802,23.43910670982724,20.94529348393193,20.827798710000085,19.41191550283238,17.661976196949105,23.464965240842105,20.963278692144165,21.045083387012024,19.4297413075902,17.66717525695511,23.192853917409405,20.80799066895217,21.1469303343809,19.536220388279048,17.543907236031707,23.261507676861505,21.063796975680894,21.080825600248623,19.679382819255885,17.586478578430544,22.969146583651167,20.96629744500161,20.95720350736425,19.607753638867912,17.489312166798097,22.69573422424897,20.907795981299785,20.45823994590312,19.5571163743253,17.48347002778375,23.031780655214135,20.8783919094776,20.43131100170516,19.52780469003502,17.33265204977233,22.572766971658886,20.617046501455313,20.37289155952225,19.23564005219679,17.32263407728839,23.73639230771232,20.604796038636273,20.57698971571943,19.42547076921893,17.345258040882527,23.92085994536473,20.76649254703971,20.63890984474578,19.420834662835567,17.36060285192621,24.296497631490006,20.597705724014734,21.013886423553373,19.507706883157248,17.28509654489876,23.74186277469797,20.773074497633257,20.9873327056451,19.406430685859778,17.269832669259927
22.46540618672015,20.315298525031995,19.811686684413008,19.007444980607914,16.2533274050385,23.920143384854274,21.0143098391809,20.84970110635086,19.990695717140074,16.63611679270569,21.210033566117062,20.700372526105397,22.20629634824357,19.206152690465878,17.11377995461957,23.278843003522844,21.3199951890058,20.472130865578045,19.241049519977594,16.765338299659046,22.669116817239562,20.717048771580515,20.608446023018864,19.350770430634732,16.68353570284606,22.755411882847437,20.91497222118474,20.81979714301206,19.437399894822345,16.770847753647125,22.678456421200032,20.699924119461585,20.88142326238376,19.366923899826418,16.77845318685349,23.081462607415652,20.6970279187582,20.485093676890802,19.51219161580055,16.766248718611713,23.112082466714362,20.586044740978444,20.54571069969915,19.610715610552994,16.6815548419136,23.421395349359567,20.614100358946327,20.647590548890133,19.626215380370024,16.753269055173792,23.545378712533147,20.385743914239846,20.527270782650554,19.692071698025668,16.81860733139134,23.744860622032267,20.528206137887437,20.425468119032615,19.58368280628732,16.848810057642027,24.090474921694064,20.758516015028196,20.511138708532286,19.427243286888803,16.82791201054915,24.09778194910427,20.92139623162388,20.391905036880647,19.31210994846979,16.915323397401597,23.741356939158884,20.798664770679412,20.447175689072207,19.238358182159846,16.790131138481662,23.78228038187965,20.914450953428513,20.53984739951556,19.173716109032334,16.706804249073947,23.708026204200593,20.970638118497885,20.610106660124544,19.152115968015085,16.761771221873087,23.609869670184747,20.89135265249886,20.501529478609378,19.1325667657028,16.668688620756836,23.509872257801945,20.698386000820637,20.273557174434085,19.020621538544834,16.594931395807578,23.512144700831676,20.75902979107034,20.29990695119234,19.132211564707646,16.600988983102855,23.41263292105784,20.962501379689094,20.35236796162798,19.00681636843088,16.684530162192214,23.25358759459017,21.029620866234403,20.389981001806806,19.33730329915835,16.624520804595754,23.12702913591262,20.882390222151763,20.591126668248926,19.520704075571572,16.820095401379298,22.862987928072755,20.948253495387892,20.79255736082829,19.745650439984175,16.860345167552587,22.97162040331104,21.06699310492371,20.4874558592731,19.48937992999908,16.92879855804431,22.835052664769737,20.7305828555837,20.247621151794085,19.468312415665647,17.312661647296665,22.643171756655036,20.741681043232386,20.17773097351283,19.18223593451647,17.350575929424256,23.192660011108984,20.92293077693649,20.120870657283298,18.995251521034724,17.18414815524783,23.314781629652046,20.70213051360942,20.070185836844274,18.800291090570695,17.191058194108404,23.335597229793073,20.681203656406826,20.182723867377042,18.95693227954704,17.153867989334408,23.613305630289727,20.809898882330515,20.281805716538724,19.185180096768747,16.676557824781888,23.64888668291679,20.6862955215284,20.310453196029354,19.163924579622364,16.648218552060726,23.253417145759094,20.46348783246231,20.285284024189536,19.35417530168045,16.62114160776535,23.391369093459605,20.75504733323597,20.270501475413717,19.44031498650902,16.61469805252931,23.49794284743818,20.67855590298535,20.382791941949744,19.43133498469977,16.53840827357721,23.262893025892783,20.78972061321994,20.37474719238952,19.249717153279413,16.497400074684588,23.802919061120313,20.834720302641095,20.459897273515644,19.285016588827997,16.40811639289341,23.51146622154411,20.738477179136986,20.41909515052385,19.027222007823298,16.45940488889109,23.960378432361313,20.82433501580092,20.690612013791682,19.144482434310923,16.605840717268038,24.083920062984248,20.86542049842615,20.79956069562288,19.195304172418265,16.700049603408857,24.112470768488194,20.58904061571059,20.729800544962206,19.196590831491243,16.7398050484902,23.528709211936956,20.48959598833743,20.47001994146136,19.039818266704366,16.736720557625084
22.425263666918664,21.18250599222722,20.72148973494531,19.978453555230328,17.008476612896605,22.642175297308764,21.05661754404972,21.01326163464035,20.015464814601884,17.24375423124168,22.33328725894589,21.75570045155692,22.85273798926174,19.50720827001192,17.513119768029956,23.71598679217957,21.558176026685764,21.22673702449642,19.74677953868329,18.26882579532993,23.05905930390706,21.250529901177103,21.265364432393515,19.845417488269614,17.46001355110266,23.400272444941926,21.281040915907774,21.417138949558154,19.85316735076163,17.650765500264104,23.42377502830045,21.069749932773412,21.396882008430662,19.801369577903838,17.666596818185997,23.71163603936255,20.850900433267686,20.995579254656338,19.86971616826211,17.621313609214674,23.750454569821216,20.805779864540238,21.050313084497017,19.89720027617201,17.373063506591972,23.72625216861426,20.745717931911056,21.14272884830276,19.823733692813555,17.39997029675795,23.663218182760424,20.589569574668616,20.937621170075833,19.77330180152241,17.36598963160707,23.898588462850178,20.850539014739603,20.954547344297303,19.64401381796572,17.430344052341756,24.003027970065894,21.088524446872704,21.118886439402694,19.573638129666385,17.522069384550875,23.80821828456478,21.104877333511155,20.979208514154717,19.45791722380948,17.70494746667,23.48038230278045,21.276035449057805,21.01223351483268,19.402622313730618,17.656878569327432,23.47804059124714,21.29814259144939,21.0890799114189,19.31821409672987,17.60832248669423,23.55191377775673,21.256146180731044,20.982889853605823,19.292718504506105,17.563734902832127,23.483674121814154,21.129604067375844,20.712040996784296,19.23351258811677,17.376454323954878,23.547129133681814,20.980451270638877,20.53093661672562,19.259017897370825,17.211347267116647,23.48622808799043,20.992798178807533,20.583399618409757,19.38695168760291,17.23620140732567,23.17509523662221,21.073321332749988,20.580163552377957,19.401581884856604,17.339824645913932,22.848382372589004,21.302726478661917,20.80846308487371,19.784456342376053,17.36932145202898,22.84860077143589,21.21958449296429,20.999738170607024,19.95919514981289,17.705084628855836,22.72738753496828,21.46859910519777,21.256726173054297,20.04600317450501,17.826302531459937,22.847357570837826,21.375651536308084,21.009295621735287,19.845476712925503,17.946902508252258,22.985864947614644,21.38226026868961,21.07859628057982,19.968488247276106,18.237726317223466,23.042172740762844,21.37164778715687,21.01051705397251,19.733124608825953,18.35207762941561,23.239360552660788,21.668594651705718,21.16831077279955,19.629263122470306,18.333431295560793,23.22011412744415,21.33970449100659,21.07943630496148,19.454073765302986,18.371203207994384,23.181595098573037,21.372716907038168,21.055727912401093,19.62937161682587,18.234783810756394,23.174427143861987,21.35701014639928,20.968069955214123,19.638221175183855,17.891500761585988,23.12361460812651,20.961866044198366,20.792100221409623,19.55841818157588,17.75971145826042,23.084435557660317,20.694160967908882,20.73078783347293,19.731274041104264,17.55981899741173,23.292887148577044,20.72446412060448,20.61342754516993,19.79648127360777,17.440809599168983,23.786420276780106,20.639316502675936,20.76081959469583,19.71089475488072,17.352238277008716,23.833886788382838,20.750576815016622,20.80512574020333,19.5819562980349,17.24116722342695,24.268807362574535,21.08117100235539,21.298544576329085,19.75642757748606,17.26027578531004,23.771964347830085,21.143109265983387,21.25550200676541,19.52161885371273,17.19303540254834,24.1746717660297,21.378606840044128,21.434323470735244,19.663247713281468,17.36643497186629,23.920560176834083,21.467987427803287,21.463978529864118,19.828892946569386,17.6349482885824,23.784704728354342,21.211052600861166,21.294607935950395,19.842468090410836,17.68953317532876,23.423932494756958,20.930948079065654,20.693136207553188,19.65148276395983,17.630122506879996
22.69220090789094,21.04271486142242,20.08129713999861,19.84543854578652,18.017534385198786,22.32341101061527,21.258591159606546,20.882997236160985,20.036517753212316,18.0589659054368,23.247650110963683,22.951252796127655,22.482708845737605,20.094586054228113,18.74722246596658,27.572851538810447,21.76750864638696,21.69351166845194,20.13210094375532,18.005322278505624,23.96470566799688,21.83311863898521,21.310570488524924,20.116940165783184,18.3312539570099,24.075463544692145,21.889557508205066,21.657253826178927,20.192543571478176,18.395572628581238,24.337600608449,21.792853321263618,21.569147793808916,20.211863089458895,18.319487330974244,24.585738475039072,21.548453246764016,21.25769791078663,20.160615727480906,18.14662624269124,23.794174589904852,21.480736365901567,21.33910020370393,19.995286431805667,18.189952705579564,23.825925860524197,21.42948967258814,21.47970610158081,19.806420262522856,17.920652908918097,23.909794621339447,21.42716065060886,21.216852710070015,19.79794420712326,17.906201144202296,23.717891657488973,21.604775654611835,21.369184510627285,19.624411730764137,18.00650077054035,23.6944993463877,21.537392753746637,21.52518184150615,19.596135490106786,18.081875523669755,23.481137761597903,21.503713452102872,21.42995841548335,19.706749997151995,18.178504804330007,23.079056580172914,21.37805864799405,21.36084297142373,19.7315434585236,18.264560003794728,23.235058745672884,21.41075064954647,21.447669767547733,19.578400247579026,18.24435835313964,23.729828511030366,21.345924291053937,21.252946349646344,19.635976251266946,18.41610101935359,23.273333036757688,21.10519322945867,21.042165126412474,19.542164291054323,18.39985965205657,23.377302084071914,20.805515100618333,20.74103288050822,19.543348740866037,18.19389408087536,23.545280217236627,20.791133705019632,20.63069672757485,19.62088802864825,18.232410399624094,23.685928553181746,20.555024515239673,20.583457006552113,19.7177107229586,18.271802039936414,23.421214539131675,20.666179980909778,21.08954743113916,19.936827169111737,18.08492527147983,23.524731089908375,20.826252235389553,21.260058091885988,20.12377186054476,18.208046158323725,23.559047685358035,21.136413648423023,21.423119066194722,20.111365815699447,18.32914818094913,23.49680544871248,21.20739523099612,21.229622201287373,20.02454522040374,18.317648734581375,23.15972078982918,21.288518758633394,21.363782157103934,20.025659438595163,18.594074994912262,22.92839110373524,20.974087927128036,21.104925509129888,19.9454518296318,18.66269015608631,23.65258058619773,21.19710441094325,21.168293056177497,19.937055276784257,18.62467566146163,23.82749483281261,21.070512297699796,21.1382094293107,19.896300295428937,18.68451961281874,23.948933129212485,20.888538410353043,21.29791097554383,20.053909122106962,18.617877349654453,23.609881512292134,20.995018163828735,21.18708218487121,20.098876584795207,18.570464455312898,23.843910401201164,21.032117575824326,21.005957317456392,20.115813140210413,18.54656876538146,23.237477364372896,20.81094018842719,20.954808869024394,20.185891114851152,18.47473472734523,22.9814504914836,20.9768843700455,20.926467719976245,20.093768930979326,18.38924158974684,23.061400038471348,20.92453511916607,20.825112752065994,19.97822318144421,18.405203529534553,23.448546805929286,21.079072364015477,20.850830644406233,20.052542720499137,18.12334860789459,23.411423445258134,21.23794837177082,21.087823981049233,20.051529130866548,18.067878834501567,23.23786677310265,21.3938877845833,21.147017618618733,19.992835781967237,18.082628394252016,24.50581195626959,21.54913279798324,21.380471823721084,20.233630528322813,18.166757090619303,25.174256244554865,21.734263280845916,21.41179709817242,20.354104052889916,18.320215522715113,25.074587915437878,21.626828183381388,21.423047038455813,20.32031776944482,18.268451763926237,25.14217576198403,21.70710587097156,21.21337398717633,20.181822034767073,18.199616899029504
23.260920186470944,22.06381555080098,21.09482091388695,20.676662012515983,18.67091003511156,22.883434509650343,22.21248858064678,21.087060648961412,20.767366374398613,18.577705841708692,24.142072004728103,23.92058661157885,24.12711713111645,21.207900954556887,19.654197138497175,25.841076956709884,21.847483901445855,22.68198356489072,21.328835809399266,19.519488059429037,24.18447357522859,22.39510481655486,22.076701701179445,21.067629280597554,19.231249427199167,24.45518538651232,22.230400327138685,22.350785493190052,21.129802643354743,19.34571483404491,24.51719323417494,22.091267398598706,22.434742247256292,21.15626877046822,19.303365795604414,24.75472295876687,21.74759653449437,21.945948687748693,21.106170966782077,19.106316602324394,24.579998888866434,21.86805450927509,21.951369882499183,21.03299256360422,18.897645464685866,24.597153827284433,22.122093351852914,22.13432606515274,20.808468564619794,18.596715611182244,24.61187681742589,22.13567361628525,21.92911676369775,20.848560214630755,18.665651519063207,24.767687470450127,22.26516367622575,21.962795701406424,20.79828211282278,18.976145723624274,24.65045897260219,22.340259827162555,22.119372875659217,20.736391272577784,19.21182212367019,24.207110020543094,22.288742589875312,22.042121246744063,20.73790614410063,19.532659311780513,23.97302458096944,22.139542901639672,22.16420701906308,20.86595338756681,19.76551521310538,24.125420647813865,22.185317503230703,22.295980840702974,20.698479406637638,19.74595114193567,24.32979972545962,22.09911625327539,22.35358655719247,20.680029288986155,19.752762385498745,23.94078460066036,21.718314089551786,22.13877079979403,20.56261298189863,19.476756881927706,24.39307689949039,21.54886831853795,21.945072654954323,20.48081635335751,19.160797477180814,24.6034067941286,21.442012758252822,21.84806250318896,20.469282782412257,19.066116080750653,24.289299833226796,21.342979944427526,21.65283032555798,20.57289717627316,19.05806304864164,23.97990436083681,21.41844354544549,21.802482754322455,20.768991679052593,18.86334751639953,24.06004911337851,21.473193997635214,21.91454083207091,20.938086659323137,19.20399903543505,23.892481737961372,21.743999743719133,21.966786833382454,21.079426534726917,19.424510824540356,23.42494151579195,21.58253064098303,21.70169010105041,20.94374306456091,19.441872850803726,23.529007559860922,21.66299771606476,21.87738933044198,20.88112930478149,19.61205112557911,23.529424226440362,21.524041933879374,21.742332563483917,20.802069041008075,19.755787615552187,24.141823457970236,21.89968194357228,21.85356926711536,20.890333858859087,19.767408977129065,24.247915677321558,21.495300769547264,21.755578845695457,20.745080109842196,19.869871892237683,24.349805630354886,21.419612254109076,21.861571029958146,20.925388040967846,19.960167246549968,23.99688583311441,21.456721399051872,21.701763305723667,21.0261873364832,19.956475745682166,23.960925577622355,21.486182198425034,21.554386289237232,21.093406757303807,19.989671727120953,23.91708645373137,21.35266907030599,21.655657489259067,21.182183615942947,19.96440134515954,23.738855039739168,21.66110035130273,21.749879682963897,21.13784863882004,19.893863833143133,24.06360524776334,21.9092531723801,21.870791212013714,21.184359897704116,19.848500032331376,24.47226283794013,21.983151860010892,21.99865697233772,21.204700084083267,19.6326198604749,24.74746705829715,22.168931542993235,22.377446727448557,21.26883220154656,19.388390502127088,24.0842198542681,22.2709552818713,22.377371474215465,21.149278257274364,19.319737081627654,24.572911264955973,22.240530061837234,22.541540250430295,21.31148722655432,19.27532102060393,24.39724069912526,22.017412612950345,22.33315867100536,21.27710164745873,19.211840874307576,24.142189377507897,21.890722717872308,22.323281782602283,21.186385783625177,19.085619276927844,24.088219945561377,21.944148582475822,21.947965724420364,20.905092150726745,19.057305136002462
24.056885597499853,22.73600476599835,21.63200700189249,21.222435095848063,20.03927285129556,24.075717099173705,22.521433493671797,21.57382347754238,21.65550252033656,19.292019963588647,24.553010458305504,24.42474137140502,24.20807805508412,21.727918500866163,20.181786450828366,25.37442396175483,21.271338363094664,22.86591163388969,22.09877140917458,20.718783786601247,24.709805716810706,22.64264424633793,22.428785569379396,21.694532848602318,20.18772256526105,24.965560456947788,22.436432514518383,22.763325020487194,21.811644341216418,20.291563635824705,24.961931885847967,22.38758223830908,22.760694301199955,21.719867321549764,20.271332233969325,25.196282614460895,22.062497008124808,22.262117080941497,21.626703007784062,20.107138657718842,25.32337387798578,22.428067778679846,22.243537196474666,21.557279395789084,19.719036744847475,25.389409527096703,22.782249337579223,22.403567748899572,21.334715691676937,19.313223520701836,25.363526347267584,22.89025536027865,22.133962242935247,21.2441887066254,19.300138203587935,25.461195576420177,23.029936997786866,22.216330146227897,21.233409922803638,19.59261747814365,25.264135895377017,23.053152980843457,22.374452591134997,21.247458088177392,19.781063631814497,24.747453265472565,22.901039956789194,22.39119743868833,21.191813101038264,20.12510833095528,24.421804357521744,22.706678875970955,22.627776107369208,21.328858145059627,20.420692629926116,24.576842217934896,22.68669369226251,22.61254018008987,21.278942334336854,20.468053628847557,24.78893694071476,22.51170174357726,22.71060189760439,21.243012620920897,20.525457183509328,24.478686953325063,22.163432999202726,22.574254951696147,21.086024403199026,20.152522364094878,25.00470456593122,21.96674939614925,22.330260068342255,20.935026128841464,19.854502168217138,24.98371430849062,21.838148416071153,22.103772631715263,20.91968703565906,19.798347993166697,24.609804850153516,21.82103767885117,21.992926276070015,20.928607189296958,19.716107750629618,24.38687523981649,21.856209026457012,22.04741051145579,21.165998371350824,19.41089842745629,24.394053005376502,21.996634698345353,22.192653221249707,21.344143549213435,19.81865866087292,24.262863609072976,22.41427768559657,22.263245631169518,21.520881840565686,20.17804289976973,24.083322063182486,22.1926348439309,21.989869370319177,21.384057196547193,20.105048951033705,24.250924386509357,22.192240983615147,22.183767609397385,21.395615664472423,20.207276693184657,24.249383149048317,22.133265356399,22.07152204945612,21.296453815576303,20.434186521374933,24.74452355976627,22.480222413329138,22.063013120419527,21.446347078972313,20.570996132094404,24.785394693985648,21.937551145449042,21.974185913490594,21.337384576867592,20.511625248282137,24.832981991025434,22.077332432447896,21.988131484213636,21.543147828959583,20.7899571204402,24.5555637403267,22.02375536536232,21.809037058718207,21.613531519302708,20.712373767228794,24.369464110632777,21.972228080287362,21.77834834692182,21.626548893606973,20.818981306467187,24.54597266511983,21.756685382327454,21.933220951819465,21.633671889720446,20.817253105339013,24.293272168210944,22.177591522126885,21.952857417776837,21.638801019144132,20.85296103901702,24.679622716003866,22.213433147340805,22.18754595005563,21.683121583009022,20.728524078716685,25.019912509363955,22.27464096140471,22.278608058998465,21.734017717438917,20.729586788630456,25.354197536361138,22.524433158068923,22.50734171940065,21.854190702110902,20.378867227051835,24.662493423378297,22.576116460415196,22.48839769205303,21.763500540652107,20.295734226888676,24.626157744556068,22.609522186530228,22.702714825226067,21.85593067100288,20.26526324055414,24.268767319315184,22.466579848822803,22.540038373278282,21.780386775003894,20.252268432958893,23.918149360181854,22.38513479393934,22.552770192198608,21.644857352251215,20.08608289653972,23.93139551654548,22.455104857867223,22.1760955516289,21.34408478997593,20.128285375759383
25.050070683046037,22.916700616731596,21.80795241002261,21.17363302396357,19.33343980476461,24.977176196374156,21.655655600078287,21.414719493663664,21.584628172746893,19.06659915035165,25.058692893516724,21.097608117778922,22.999328930507655,22.155871876019585,21.41670845205653,27.195303494181996,22.011053551878298,22.59869573103898,21.314968550891038,20.22540934187257,25.568848181142066,21.944809296418793,22.182806129193146,21.631660002917336,20.427798710124033,25.674584380684035,21.713971525936138,22.54168900954085,21.659327689117838,20.743028626182692,25.710450135428147,22.029005392825148,22.882219299116326,21.497719676379596,20.712980587018762,25.64269228463625,22.296930666076868,22.681802124739562,21.260131213689622,20.27896522198646,25.365354752242958,22.392404378328838,22.56109447717388,21.30081721029976,19.910128262637734,25.281334560098863,22.449826741690092,22.37934282047494,21.029917385932926,19.238988385010494,25.09615185842862,22.554405672740444,22.126753833266953,21.076032113488136,19.169750660986125,25.04181388328923,22.47594311366327,21.74542654242331,21.143214049318345,19.47585246821929,25.064116254206766,22.541617067502983,21.870646896204597,21.11297522642011,19.669476016764996,24.58325050875322,22.56213552705787,21.822907775765998,21.077454752155298,20.15481537187662,24.27094755102454,22.53790287691206,21.886344272733794,21.239842366588956,20.516573871143923,24.434426179599228,22.519032703316935,21.96478357310553,21.17134597985496,20.497441961423903,24.63085000337906,22.4965428115651,22.234596594426836,21.163559148296812,20.44204728452629,24.553282061149424,22.333145589901214,21.960133432320408,21.170279554035385,20.177509395788725,24.745750553983868,22.156434630914568,21.840473517781977,21.086500023671398,19.90432322071742,25.02210642965048,22.29999104474023,21.8756341317306,21.128730703881118,19.71071196044749,25.49078803919982,22.379210300703498,21.64689322242291,21.13206484645935,19.756500183044444,25.55027130558089,22.18488608922447,21.560631736624345,21.27046678421568,19.562057967149418,25.57348256834825,22.35827291170001,21.665673739120564,21.38470091519893,20.053547806049373,25.688565398811942,22.42123643667505,21.83447611830605,21.547771365306367,20.258169360601308,25.626410230609956,22.278428596098117,21.954450818967295,21.30612966047204,20.083644590374362,24.842242742152038,22.355737907830896,22.05656879192214,21.2846768581172,20.192949301850017,24.614922718589387,22.445580194107748,21.900574030946682,21.23390185564762,20.576322054409257,25.87468397147108,22.566251993650436,21.897278792948622,21.271817730107124,20.6033676285929,25.923082644571956,22.50559688984074,21.863998494909584,21.135682334310967,20.651145577232043,25.840369811199764,22.495435718412292,21.719981105251925,21.387166388508334,21.192933358022866,25.895998687874446,22.571883203834165,21.72636126092771,21.443355966768046,20.928388434736046,25.92254021110074,22.692959383510516,21.917953807148134,21.524971503313193,20.92680107151766,25.104324035514782,22.629530768102022,22.22898288337958,21.603783025623752,20.94015688043956,24.835952926210698,23.045405382149408,22.261764135649237,21.63604522097769,20.97130653492464,24.86714616121747,23.143100520741296,22.41546580616994,21.653518265051453,20.834976083192736,24.837681436998874,23.073469190505946,22.2509523562861,21.6695537108697,20.832744786701493,24.88255116288511,22.83245042752865,22.183007222664564,21.559913683941804,20.38896722703947,24.59866164506456,22.40437890485648,22.163762869999186,21.419508059150456,20.258958627796993,25.610196939323508,22.290085937508177,22.13761133727981,21.503289954669672,20.15311369171576,25.564369504373417,22.263449381926314,22.128094417552795,21.409359592930862,19.959528423843665,25.51376707382738,22.031102988790764,22.297981457296004,21.245577416148414,19.758886405838645,25.56328420159221,22.414848109554576,22.069425258527126,21.0310401700005,19.70797597219764
25.060113964951896,22.891095828361934,21.903520223428753,21.146928409332364,19.301074162699763,24.987020209504088,21.63731107175203,21.438416322578636,21.610189269292054,19.07937545771557,25.081046189765868,21.081251534071978,22.993855249817702,22.157980560375172,21.424076502065308,27.191784156743907,22.040137743489904,22.618112502430414,21.33522733876332,20.18981570665564,25.570366542367534,21.946513022043852,22.21603534406335,21.643504825490602,20.418686786910097,25.672761271648277,21.72231170654539,22.549009471534838,21.676340480285074,20.736995727374026,25.707827628221878,22.0331153394867,22.886134200282708,21.51169923152824,20.703325100293092,25.637246442019226,22.30766438101128,22.683017101669513,21.271790422302463,20.2659065180139,25.35906575749666,22.386737113269174,22.561530215189585,21.304647245262817,19.90435759987032,25.284444509045947,22.426375922151216,22.3850235938797,21.02615202402054,19.23794639507467,25.106375545412458,22.52285571340269,22.13379283179593,21.07220523538889,19.176958429210167,25.044553382929287,22.45023506192341,21.744854284986598,21.13143934994465,19.481960393243906,25.06333978833867,22.51339819184348,21.87333743664242,21.107799437789744,19.682023121347754,24.591734716470757,22.534702867517275,21.82235836861333,21.081957247200087,20.170509597331687,24.277347006237544,22.509683047360912,21.86832995493023,21.247627174359103,20.520586406472756,24.437371756070046,22.500774032641868,21.955262707602532,21.18048888325419,20.502941288473444,24.64032933299898,22.476478979568405,22.234019337056214,21.179054416852956,20.449929457577745,24.5656640516058,22.312563080851707,21.9689858148385,21.185486912710093,20.169632183625815,24.743684147907672,22.150781100364405,21.8464927752161,21.09772414913791,19.886162339148477,25.01933707462193,22.29990416719089,21.88397836840757,21.137433217139517,19.70371324679449,25.48840802537385,22.38205374819057,21.6495259622455,21.142343652165223,19.734734705170776,25.547727315117907,22.203304513863287,21.561836699593172,21.27976424829722,19.54408761054073,25.568513302388308,22.383071465503377,21.65812922676463,21.389661388518,20.045369271528337,25.691929979951176,22.435937233050403,21.83074541212242,21.558320716827858,20.25274192469078,25.627089953627582,22.297663166839463,21.956209263152367,21.314704333538,20.059621723434727,24.84616097258706,22.364816408957587,22.062068951995734,21.289917239060706,20.17468010530822,24.61915171319371,22.45991351329662,21.910281423035112,21.237641935736374,20.55372750673535,25.879855456508846,22.570636702344455,21.919144337042958,21.278182743582587,20.58222169237154,25.91934044635672,22.52335457999472,21.897868293382327,21.132438045332897,20.635987886931304,25.840219941506597,22.50302284519629,21.75047551255569,21.38668956587718,21.19573676741263,25.88589978270689,22.58547865926,21.757819338837542,21.44140754932222,20.94368285922537,25.9078138142144,22.68649253594986,21.940317588414693,21.530888364465305,20.943270109854133,25.08963387029633,22.623620574752795,22.236731723911305,21.607107812473718,20.9604117288969,24.828451855373004,23.03190773098107,22.253083698367124,21.644929078424795,20.994140882152614,24.858515832182754,23.138178004406743,22.41911648000764,21.65294133085809,20.84653460435066,24.834010565097923,23.068230947018158,22.252035846690806,21.667481818554272,20.83853095602255,24.886863761682285,22.824408533787015,22.18301511899767,21.55303787643306,20.40635601317775,24.598933568439996,22.404065328437397,22.172906816888826,21.415794311036365,20.279628853255577,25.606119957325575,22.28328708484623,22.15060655468308,21.493432154766072,20.17738866250317,25.5597412805153,22.254786986027895,22.122942313227547,21.409817465084803,19.990951655420336,25.512906328129542,22.015367495041154,22.29877100719679,21.251224916024537,19.79416817624366,25.557786466893923,22.406738007198364,22.07665816290156,21.03736106838142,19.718827626090377
24.659987927009094,22.727444901912065,22.120016834775214,20.935613230555763,19.34938817139906,25.009634050659603,21.467906313609735,21.18789034318008,21.326101059446483,19.230824870169304,27.826051753978813,23.814617347188662,23.037830004290253,22.852065429868027,22.110124657393985,25.34962867116328,22.872636051729295,22.290209516105815,21.501982420836896,20.588665529938407,25.831967537459814,22.633393015640628,22.18417298069671,21.742308765421463,20.694812014681638,25.899673718113206,22.441657179710486,22.450240557679177,21.8040033239705,21.095538638896457,25.783641375792904,22.47611145731225,22.80435414527791,21.71794699930545,20.94999060790821,25.283691975624986,22.245954326601215,22.449223434535114,21.341577146709948,20.264429955259512,25.265505074504567,22.06640761326496,22.454859477772743,21.304425844156487,19.77114022160223,24.831057837981056,21.86765952722778,22.22890463661104,20.99492087971429,18.947785664229023,24.645443487664103,21.909195026045786,22.07370420266066,21.01446926186617,18.928073901853498,24.713209175489688,21.96396023106194,21.83472801370998,21.047059349878467,19.482901439420562,24.517872285083975,21.96489756999935,22.03885495022158,21.117212875938314,19.97695416228669,24.35226292590538,22.188880378688342,21.991558080524875,21.249551387206076,20.671199983382458,24.197356819725847,22.336480492642814,22.25968156249803,21.436955133014656,21.179382296071203,24.236926766258684,22.34390231112902,22.201259347954977,21.48442801377088,21.184656462206398,24.45767101021228,22.448644752782606,22.39836787853227,21.566777853991802,21.0927215329482,24.60780080691214,22.361210161649684,22.181350825496708,21.35252682337032,20.530207596785946,24.505370368379666,22.142566946144896,22.097355272931292,21.096984711447025,19.911959563006146,24.71324673749114,22.064323733366724,22.002073671484602,21.09388645164889,19.718688230786164,24.876515182242642,21.94909011341948,21.981011704284697,21.109130756015325,19.777807016685813,24.539854587867836,21.712996354363817,21.945051644983664,21.075420580387064,19.377097839854393,24.431809382514565,21.883803799334167,22.183433440716307,21.44784703660244,20.020150449414114,24.51133193820683,21.869161145256747,22.377781157888133,21.72919644714956,20.572028479634092,24.353428172532205,21.86404520349888,22.26474471541215,21.40020684582998,20.331312335634856,24.031653196862116,21.995474669649727,22.159911213809202,21.194976972353405,20.113032617178224,23.954984278065716,22.204234016535796,21.962386934437166,21.345858940633825,20.633165897745084,24.512906785751476,22.188253391159037,21.95447221343759,21.464793676809798,20.897913637024494,24.313156029387816,22.088575702568342,21.829096390675204,21.33829305895693,20.879595616717175,24.437020318409377,22.234824566304276,22.10206352448956,21.826139980604133,21.676383382246478,24.513709323856943,22.32369707577714,22.212049644548536,21.91517958855247,21.63017167954417,24.56839818037982,22.23074829841689,22.39872595000585,21.979632161438992,21.799010175267306,24.48225869254886,22.192820283888665,22.634914828760998,22.011109372933404,21.73024585351652,24.412544123722675,22.546172989214845,22.538043013325254,22.152165436065854,21.79583024990509,24.26912489438944,22.479943427505084,22.384543425019547,22.03139076729228,21.481101961081105,23.888995954990918,22.295334802873207,22.133859649991045,22.137956081012664,21.620424663538472,24.25881553940091,22.32669589704189,22.265648641723963,21.860705377690387,20.89993920743165,23.755723823474398,22.179018248007917,22.285632766641577,21.62993834890872,20.704841836077655,24.51599959800278,22.184021992385304,22.483544546046062,21.643952271045173,20.585402634905236,24.60085060766273,22.28321183434085,22.440118481988186,21.544624655137795,20.469123935269558,25.001281579715762,22.23767968206346,22.723606890651293,21.389671578336976,20.007279320287424,24.647851205332266,22.39010671268526,22.420755644132473,21.210933461246544,19.967627182525156
23.90857227357725,21.7781207793101,21.45722214160991,20.138464110983154,18.0255748285973,24.82444059796197,22.119483701309463,21.54961340677673,20.342578590505497,17.750560726742275,23.44290608222347,22.161489408058785,22.82526768110154,19.976744828871798,18.939463632586946,29.183251832240163,21.988683536923837,21.697981461767707,20.39551304989275,18.788193127743618,25.179789515716813,22.016119190352704,21.852563416634815,20.23312333831536,18.591565322711254,25.292958075063893,22.19769152003643,22.09787664230756,20.318682395200963,18.688699887467944,25.162082487705057,22.132500304901676,22.185192837138484,20.344204399248564,18.71721137620488,25.32276075515313,22.204199702089973,21.853876957482377,20.435954109624305,18.498846933238365,24.531581016128772,22.39222807709854,21.913685126444353,20.504524994150213,18.258033067719353,24.55117838672875,22.215212881912777,21.77267218012548,20.367995433705282,17.964388083896857,24.58111854436239,22.026346216417824,21.456283548265137,20.27306205342346,18.027975716408104,24.747522621457144,22.137338228227403,21.202735415648945,20.13979248767614,18.22423728234308,24.792777600872878,22.26442180700506,21.349888662386427,19.930933118243967,18.440448218081617,24.654022213649355,22.223997309586792,21.28890115115009,19.772858281987187,18.725639845874554,24.283402797895373,22.40376411841877,21.468119146207698,19.874334188569605,18.743973476163088,24.336190311107707,22.65502588850935,21.496480300988235,19.86167873254391,18.617342489625983,24.403039326706498,22.844978454992457,21.928771987521962,19.970674134597946,18.607953323116075,24.582570417325094,22.848566749083076,21.903132636688365,20.065259082275247,18.38456391415666,24.276464796788186,22.5774512512934,21.74191424502922,20.030966719848216,18.16894454510126,24.406949936747434,22.66824186194165,21.73604130622882,20.04289415117731,18.115000509341456,24.78593807031576,22.701412327312003,21.90301264326875,20.157702737293157,18.286517822686626,24.682931229407398,22.406699731093358,21.653933458730414,20.297377920573684,18.222715509262322,24.477232550786024,22.327789700094506,21.67781391843411,20.38354197484914,18.4829788230588,24.712754996441085,22.680495129385342,21.649831897747166,20.574309676968785,18.58510308070466,24.934248866528602,22.380880302157344,21.423009301679315,20.440929485157064,18.5859499297371,24.518212157104134,22.10288530765693,21.250258267260143,20.43273901041004,18.82917112799592,24.376427784896613,22.32774059797411,21.3128755149432,20.26438439274498,18.955738736518512,25.413982629051084,22.34892768756331,21.40144735438982,20.348508070190427,18.918951547126756,25.24699437289197,22.048653794132356,21.505199478855975,20.240078180910857,18.989827982637227,25.005783888905917,22.1247232426725,21.58282422630385,20.408294433992065,19.19824967565105,24.921990545979558,22.08741350597467,21.668025801061944,20.4015973810821,18.71503664147877,24.708544100402694,21.78809588842949,21.65399319050218,20.333812345277394,18.717332045208117,24.146263338317834,21.61161327057004,21.758370820694388,20.43368951672505,18.685057612858678,24.2692050086836,21.721952504916736,21.66316036293447,20.451836518087667,18.65953256936858,24.362210432178177,21.689571819559298,21.60793506773255,20.312015233195233,18.474848878889155,24.141375140363657,21.80205685259353,21.607766210190537,20.12216074696319,18.516777023518152,24.77784417519178,21.97176479660566,21.695002846751432,20.19948223949816,18.182081856746528,24.186578234771666,21.885154117674332,21.457355254931183,19.901411598300292,18.110349837900003,24.905758737695873,22.214908925463764,21.716358252632553,20.031186898212376,18.153921655694987,25.024902891267203,22.517872675065078,21.93597436179464,20.288494096877706,18.28901800708426,25.30342298175804,22.530017281542733,21.958225361092865,20.422270867591088,18.356402640464083,25.13550694823308,22.520067203919886,21.78790399090506,20.41285975445725,18.544834202102198
22.997772290501043,22.334604054471388,22.04585526896902,20.8688397395062,18.481189204471736,24.73237818547615,22.753669432095588,21.844334567463132,21.019845573959067,18.41077195073994,23.528598826223536,23.05261177074735,24.018635532579577,21.29866385983855,19.709239845815095,25.067571246347004,22.442357094218533,22.572327333270906,20.956413779323405,19.649393101046076,24.247288655199057,22.565297838753203,22.47194775805598,21.113542076057474,19.268275805771083,24.671072314018396,22.680998122798467,22.58928960572843,21.17447093353028,19.475522552810126,24.496061387444023,22.502252350488174,22.61651997582627,21.114585421399607,19.55314306065566,24.702390090399454,22.34649205493522,22.148001825161035,21.056269258758988,19.2953672827853,24.740885042121626,22.42961357604354,22.17301538445551,21.06919397303249,18.92977062636058,24.722330704598516,22.165812591514864,22.232532066284982,20.815717944095248,18.49053104356359,24.65061161140017,21.903384148276295,22.114981732941867,20.813404887971284,18.58050064541169,24.741896917736273,22.158961486200702,22.067659790758917,20.742647023616193,18.796470766519434,24.81900901053158,22.394736842374236,22.317032507846854,20.671078270377087,19.147620018356882,24.559663719627604,22.395239163288334,22.195628124197732,20.596713135591543,19.746388796087597,24.404347309756112,22.775918616922276,22.307228821153874,20.727118456399143,20.073424290440883,24.53051452452101,22.975240518923577,22.358608453323562,20.6036439948867,20.142116899197163,24.859693947399297,22.96569656989771,22.643582488104887,20.647433652247862,19.974530669104194,24.798198412609075,22.77246514937319,22.39716342055915,20.58211347188832,19.625746214541216,24.895325185797546,22.57655381964262,22.273018431234313,20.5680016230755,19.100003077081784,24.762111641091312,22.5046072604981,22.220849202558284,20.548928367943226,18.969172094042282,25.24328882517704,22.418811837367357,22.15786176046237,20.62994926457765,18.96329066920905,24.9347393766007,22.325457545312737,21.90050816964502,20.81133562939177,18.98074940466491,24.866607622677265,22.204295810142213,22.06787490847436,20.91968975755396,19.40744981471648,24.759581688958047,22.404922250755316,22.209940331001782,20.9796589282086,19.685347648628664,24.90905993356177,22.175302960629114,21.999607686610652,20.837814550065147,19.640191450885645,24.546271935092708,22.132490328288696,22.064759866917896,20.883143219592466,19.699916006304704,24.70130924658874,22.23229205658628,22.169975426704294,20.800015533095035,19.952485013837666,24.92284948808209,22.444383435899045,22.196559140408404,20.873195424603516,19.91781108168239,25.01025959148418,22.202727718581553,22.048771492976734,20.810646584945935,19.96892063746341,24.866404232850368,22.18908863714214,22.135672998826802,21.015661408986293,20.24336348162123,24.398303116155258,22.187017288927773,21.966844403553246,20.987115666185467,19.825751592565876,23.94263594876921,21.782751189914357,21.86411995602389,20.965130737072187,19.78687440727473,24.275491828045165,21.631370449716776,22.06824205301902,21.13956745930337,19.704827181383756,24.252404954544463,21.678904253692416,22.175349057196424,21.10672209415781,19.763813689786645,24.514987059869153,21.793226361886383,22.142350033455998,20.9856416645244,19.64403201662061,24.62474719874022,21.90816928036047,22.239447068979523,20.878578300433865,19.832055607919635,25.188155851302884,22.231518898100585,22.60834172826847,20.99406771536042,19.420107125868714,24.49689432025669,22.201798291108382,22.498469909725305,20.74010523465848,19.354272072311066,25.708332156935874,22.304883697234747,22.61577459029329,20.9543442644726,19.323177487860214,25.634777809618207,22.274245805627622,22.558737833443793,21.08318660376539,19.264335638444425,25.71973743597502,22.01007958514945,22.50099753774696,21.021812380145867,18.92777259518028,25.426590091492464,21.87160785818074,22.013762411037177,20.77341318523619,18.967546114777065
24.966657877530135,22.796721968559655,22.208078556416197,21.315039453853043,19.79932652743515,24.03492833277052,21.94514034349216,22.170469101051204,21.713796967594583,19.973784173550737,25.7631804570444,23.792027465048694,24.33265477585179,22.488496798196405,22.087252954738258,27.307213410226897,22.133188243109597,22.856556098183223,22.47868086184963,21.767935155227686,25.59721239201283,22.56477151243414,22.79381500693863,22.05726357291952,21.0801217504165,25.656442098159296,22.507480835412508,23.046407931923387,22.287440594672614,21.466649225105783,25.732119709351615,22.582361828301917,23.10722279288222,22.201794790788806,21.492775302231756,25.67495699356282,22.35708951204145,22.61591167933931,22.010853703803328,20.988959585282245,25.34687597620755,22.602046295985264,22.63806638110413,21.801401552206002,20.462297776448406,25.329563138757887,22.809861098040425,22.62512688001937,21.45939896113972,19.970493754412136,25.229264468356877,22.658618622776725,22.34791115961291,21.327541379219042,19.996568905036476,25.262954141353717,22.856854206501215,22.26937504993316,21.431172601676252,20.31406484248311,25.196039896810056,23.0153233411806,22.5231031996998,21.530739295590156,20.76982281653013,24.682039797910395,22.897779558598245,22.50578655105581,21.663736038044725,21.477875609521575,24.30069282071737,22.900521545946773,22.729558573420128,21.838951897411256,21.78783225605051,24.54540251813058,22.97284870324865,22.84315242008106,21.819230636002256,21.880330208451316,24.837925226346346,22.857183737174562,23.033418093318893,21.678547372016908,21.689716110937816,24.598194515565247,22.473039174359528,22.762540985506213,21.479268119308124,21.23843243547508,25.162576049456128,22.2647045749587,22.57999765405552,21.274855840612986,20.789972695076766,25.35355243168249,22.15973019314534,22.531855705250727,21.32653447337779,20.725830078978873,25.411553479940565,22.12237706764013,22.434784632772683,21.422454198457213,20.677262282742355,25.252348888218624,22.095365455424268,22.237282358283608,21.57771117240835,20.65277265675146,25.209776596502103,22.310258772102067,22.488569761219583,21.77621331602389,21.214874897123057,25.089102664631508,22.621560005603182,22.55132463428086,22.01719260424198,21.45024361031269,24.957734979825553,22.37477788238025,22.253687636593078,21.92881055506903,21.35134304660012,24.784671208284017,22.53874890096659,22.35656150475735,21.778000632070423,21.1405038233082,24.7161426337093,22.55601230715774,22.4236417195689,21.847698819972486,21.3995960343641,25.786378701774208,22.697248781275768,22.345147860330258,22.02309617051544,21.44507912920185,25.77680280897264,22.375353572070495,22.34200043168871,22.049332467440852,21.661001250980423,25.729946107180403,22.50741760279619,22.464537370126244,22.308660633917555,22.11498360109845,25.27479027445592,22.53769431427012,22.404566938098903,22.547975165082846,22.24948836252957,25.02085910931146,22.449869704754693,22.37670461220443,22.6475132856093,22.36470472852231,24.63128059924086,22.258436598035843,22.68062261558939,22.683823689239322,22.345890555459587,24.284027376756146,22.52788885566651,22.69222440891388,22.667285578798325,22.19354776503277,24.56818495759772,22.537071798100463,22.74796169413082,22.630601995196837,22.001592824797775,24.797476703590767,22.4172220985021,22.615740552920876,22.478310036005787,22.002394652085165,25.15806916958705,22.430874934462587,22.900271038230652,22.420315972861673,21.461291615599595,24.502137676944695,22.497793936945786,22.89470665860869,22.424788647404636,21.465143500208875,25.35178273424811,22.566695256522,23.01773534155123,22.502813331493524,21.565091319364193,24.982952438670118,22.356938215228432,22.795457461225475,22.538668560193166,21.54719463136907,24.822594771683104,22.228142699817997,22.70932669456358,22.468855730596076,21.21608904156488,24.695303789474675,22.431211200581426,22.17171491895543,22.20510543388317,21.345906566987303
24.963676072415716,22.77951454044288,22.218994646417695,21.327544350571817,19.824286303391492,24.028834579161796,21.933847604436853,22.177586183314453,21.717734971245367,19.96773051688456,25.72841549822785,23.76229158403478,24.317087782399,22.47207814619372,22.084375071327795,27.294268483331606,22.142939523966838,22.872075768454682,22.48066021978009,21.771483002429914,25.586949352235393,22.544727849777907,22.793282202132612,22.05986989999423,21.08130704028767,25.64685725648524,22.496240190446244,23.045496731987033,22.28477212639176,21.460225982554956,25.72501958847792,22.577426848053527,23.097517114813755,22.195801015401706,21.490713054702788,25.674847557333873,22.361285396073146,22.606507316747123,22.010032144801848,20.98027014864397,25.34991296583626,22.60299381562289,22.625819238168713,21.80153137776793,20.440973902845656,25.33548188102173,22.818628447031575,22.614156577310684,21.456826106959735,19.944912773747994,25.228277052181205,22.65796699131125,22.326782857830466,21.332010379527773,19.973494792325162,25.254783477920004,22.85387004802235,22.26548777710081,21.43937592877024,20.286137568518036,25.1884524622902,23.010981919657308,22.529535063525945,21.538447101471583,20.752570485607258,24.679619362613842,22.9050570223256,22.512606513709354,21.67180645978589,21.47512053806898,24.29227541300191,22.906869172817572,22.738134200484517,21.847093056218007,21.78778757920528,24.54287446879926,22.978897828870732,22.86384545242556,21.82033719661223,21.87920934992756,24.83943181838852,22.865756046218724,23.053292997587732,21.68004210423461,21.694385215620954,24.59751097015085,22.49476560642264,22.7817705085944,21.48421485273327,21.25030261476316,25.155154057460045,22.262820557391553,22.60708963318743,21.276262079300164,20.796281858665854,25.348258650390886,22.159225518159882,22.56471786237558,21.335558425477018,20.734883235020227,25.407286206678954,22.13170530767092,22.459856039474936,21.43514136544594,20.687147656985623,25.24933684435175,22.10746088350322,22.258447659183805,21.594766486801937,20.65728254545067,25.19807474463526,22.29578023871218,22.50613680007696,21.785228976155015,21.20767233540062,25.0824693427932,22.6194011214371,22.5645286981999,22.027126401910092,21.448413030900053,24.951566086382982,22.37312871758843,22.253697607994493,21.930635407030596,21.350121929300542,24.78088289011329,22.533719999985575,22.367943782266696,21.780128433605515,21.13491825089335,24.708372855882807,22.540048847568354,22.4316019492525,21.84287341386235,21.397048217550573,25.788265133249126,22.69814038582132,22.348471716548307,22.021891624966617,21.443568956909907,25.771214367552478,22.379663514531963,22.34241313237295,22.049339719592332,21.65602250885764,25.725647545567746,22.510066015493123,22.47233946105243,22.309233916401674,22.10512854379604,25.269903439375664,22.542025082806326,22.40232214503869,22.546830807894473,22.247921409819575,25.028722376245277,22.45451199482511,22.372910317792385,22.648998936343524,22.36401947749985,24.640086822042825,22.261645630133128,22.67497951888934,22.685313380458037,22.342949632546155,24.298771768648304,22.52333484619442,22.680471366046678,22.67104663087278,22.195387650768755,24.579413970680285,22.528156839957568,22.742952480728416,22.632459239434578,22.01101794822832,24.812372071513515,22.410052595460094,22.615352193109494,22.485123962588872,22.00401109926289,25.167466549110582,22.42714972878101,22.902544276349346,22.430769077793023,21.467027794247393,24.517681590725328,22.49001558678758,22.898995612538346,22.437938329772788,21.474881649678913,25.363042372220068,22.565102463385838,23.024951045616366,22.513959453118346,21.568919313511145,24.99924329851378,22.37864793238434,22.80005112475343,22.55076279979409,21.544796306745972,24.83335912465676,22.244267426666376,22.710462442075936,22.475305696465355,21.211502206588236,24.70354551148219,22.444818666586272,22.169978386469587,22.20795118217922,21.336593757016836
24.828567456665176,21.70556783886845,22.067139618684546,20.876281042898373,19.645434413450563,25.707606280091483,22.232781047933862,21.25614754628113,21.253157476835295,19.420624918470654,24.71376386211853,22.406769626548755,23.131724137460523,21.604892142806413,21.104463804660963,26.550376946552884,22.643907047714773,22.39369383323889,21.317506885420208,20.53822253093318,25.48264700713322,22.39622155168597,22.147864438902015,21.2819597729383,20.58767374528073,25.59575148350377,22.56611767928258,22.465558660313597,21.36604083405846,20.869064202527,25.388814992033964,22.378545559677015,22.567321608726367,21.343816281417343,20.818180216233557,25.415079915205776,22.40309943771316,22.306998826484897,21.231581640537364,20.455594467033315,25.381858045654415,22.5072190995628,22.285184983668145,21.288055582385702,20.13827419132282,25.087068611266545,22.488321787151403,22.29866609481745,21.11519261234995,19.57879953602787,25.07126875226314,22.382948664871144,21.966005870558114,21.082132343130773,19.534597215125643,25.249782956169803,22.779336521660902,22.01974280562945,21.08925255911735,19.86311720405165,25.33553189874878,22.820232562318658,22.235827061321924,21.03277153431824,20.118716193694244,24.71814386743197,22.79361920424105,22.302348808737097,20.980037799722375,20.578806724077896,24.564500814339187,22.858348728893777,22.128603232807365,21.1838983675919,20.8976638101662,24.567396059713758,23.068783611760246,22.12246524918472,21.101272071458407,20.820604726223277,24.722988037225125,23.047466808654317,22.348443806411833,21.143383973748577,20.776374348515738,24.74775436619417,22.86368365339062,21.955979180287446,21.138943041923195,20.58895137634979,24.952238533220743,22.560482790783887,21.687252465461153,21.0032072273654,20.244868637707548,25.261304474762103,22.569763356848966,21.96890227886334,20.91134475987335,20.01783919455484,25.16436712972123,22.414329919470703,22.03778740231701,20.99588458827119,20.142002921895834,25.034666930406395,22.317022894638,21.795865867484633,21.10225320142869,19.924643159526727,25.070804046259774,22.435974012957765,22.066552912598667,21.30069766221713,20.328965382893692,25.269607736368567,22.587016466214973,22.125917470118917,21.42805274674923,20.522741500182946,25.041990067635,22.254686405030174,22.1706835511161,21.38464130273662,20.460543186966685,25.099077869945425,22.438591655255983,22.297277514866806,21.478351382457447,20.615531161048114,25.342656525278827,22.70096818443085,22.35020539803288,21.542279360446223,21.034460799388363,26.032669041892085,22.852735550469827,22.27607279326682,21.46821716250775,20.957334306139945,25.81061657987817,22.693010810167916,22.28478371994568,21.296078836493997,20.820385081797724,26.058235954047678,22.77636922606483,22.054503285748332,21.413755375622998,21.072682525465574,26.03083533515463,22.65550962623131,21.71309783272498,21.271288085723583,20.682305309492975,25.47038926747642,22.32910746976535,21.73551401234706,21.16672967998483,20.634481763052815,25.218049134427684,22.225812348527523,22.086975014820744,21.226702213548474,20.531554692255526,25.155631763042532,22.63058809391652,22.174235708421385,21.40464390646382,20.793466060280917,25.193684369644473,22.57790687179825,22.28705442121191,21.378507834648946,20.71697549012599,25.003913671223955,22.455138633224298,22.395298919611115,21.41624048990304,20.795387980353564,25.25014245303412,22.37546973693564,22.136148896900636,21.342689270936077,20.346550966467003,24.641959062307272,22.38389375472081,21.97332000458146,21.174716276177207,20.279297892295073,26.046488630723637,22.514397595461418,21.995899474057694,21.227096372504395,20.142919990371592,26.01735897262909,22.593483082379336,21.76832883034036,21.1348418647821,19.90211189653486,26.01426464531867,22.479635665090655,21.774691418283357,21.013109058553404,19.6563320721104,26.081617132159476,22.692749841591755,21.656789830903858,20.827512106484324,19.76703443394768
24.614128395239884,21.605782220305734,21.80288276867395,20.672518715109916,19.871706595421756,25.271740055430623,22.142392086858123,21.209723438986384,21.319858207342193,19.380843129445267,24.354511756324015,22.480887165796098,22.97746389189949,21.75361038931824,21.170290383637525,27.08609164266933,22.955651879793,22.45870583833439,21.26649602248216,20.769135508200026,25.309176567237998,22.28477897598138,22.106197149185956,21.33230040704363,20.782723192450696,25.40438828471767,22.413550006638864,22.416802025531435,21.451606354660857,21.01302164423253,25.37080813921845,22.26690550553592,22.59865089603124,21.39652098088522,21.002524418150795,25.537087686540552,22.392338631844083,22.36066773803511,21.259556385592916,20.578269933351113,25.372625905274038,22.35814380425392,22.30545861595521,21.317017182331973,20.168415966940408,25.249797825815122,22.43661613109679,22.26274616141826,21.057630205682283,19.49503793028851,25.28606162762354,22.388037181494134,22.025035336495854,21.04046287541053,19.52729003841287,25.307101387340634,22.712819904319296,21.969164959976673,21.081775436993297,19.863730938164206,25.27271939229047,22.637267868056544,22.16374862319092,21.02763356533024,20.18346841792577,24.70603394961869,22.717203498970754,22.246744268056208,21.03318599002845,20.7247232365742,24.434099793837635,22.794893598508978,22.19581438646151,21.239141366911646,21.109466326933937,24.445419118421366,22.93483489351301,22.119542526094516,21.148095370084988,20.95500247558241,24.66547910007993,22.899654480625053,22.364364107823512,21.14749793774416,20.837001599473144,24.818436036800755,22.664861294987823,22.040599963217414,21.127473213152918,20.593873060134232,25.02996367431693,22.229839548975324,21.746284277484943,20.91538920566206,20.221178266127538,25.376089541335666,22.206773733180547,21.860464193900256,20.842752304067396,19.915425292141727,25.312413333086123,22.1579788548799,22.033351082366966,20.957965820958922,20.093927884745387,25.171793624420562,22.115603552730306,21.770780407155065,21.083867722275965,19.953155948311263,25.017407612342282,22.329617427087143,22.02549101262003,21.33595350986522,20.455375497991152,25.126205347054626,22.58679429486231,22.16780009181067,21.478768796056308,20.62256684648991,24.98332193233639,22.39428252407017,22.25600213504935,21.4762468868879,20.586703089554085,24.94798522349533,22.551620389103242,22.2923507699805,21.53115310925217,20.683496152842572,24.96518458658314,22.738866300149056,22.384079869645205,21.580965068091764,21.048144593194824,25.728884923648263,22.857520576034755,22.36376621938988,21.463095070928645,20.930445210148285,25.729352490178275,22.815696489730506,22.362848539457634,21.265222436091705,20.820922704088968,25.85669295401259,22.90954900502129,22.06198250136938,21.344111105864904,21.063368085053277,25.87048039595702,22.8045276437225,21.794442431693188,21.225197230472787,20.704598402417695,25.59999810232707,22.498316430192972,21.8922654280635,21.131052146580828,20.702099098685842,25.333561225668973,22.33747572562051,22.165491149939,21.21027946409092,20.654742097735767,25.07610639389197,22.617270041316612,22.26237585202455,21.47924825632344,20.970251790514254,25.101330245679343,22.50000130371513,22.4334521682539,21.446302346189505,20.919088692661703,24.942234858717946,22.32527718178733,22.470307121770514,21.443888763136172,20.95512382170707,25.158641285499613,22.213227927470367,22.17591994413365,21.369728172351167,20.45916642330039,24.544979420057484,22.19605569283956,22.024215180929467,21.158162686917922,20.3294290153144,25.70961985363237,22.206437672976865,21.990366879554493,21.18210616517191,20.159934560343117,25.56125021428624,22.20672071462633,21.91529314992497,21.141630358672238,19.87721652022359,25.562005118000013,22.185250188932837,21.966843370321538,21.05526764224622,19.638484702663582,25.645482426426515,22.567060593669954,21.905808113987025,20.89549131677535,19.750690771484813
24.19139940640483,22.08348010403455,21.474170060454657,20.150231804808435,18.159618234739096,24.716838966774752,22.32168187884407,20.980169342188944,20.69175552903471,18.289990588406685,24.019607563075294,22.387308301762502,22.793046955597905,20.681801181005536,19.81928100271479,26.311057941480453,22.457657867776962,22.148408047211266,20.656483102047584,19.09212891048252,24.84443627233179,22.203677221346577,21.775283119429965,20.597015499110125,19.274937934545928,24.96382145333693,22.239328580250053,22.11902168586814,20.699260558709728,19.491302196616815,24.971700660314916,22.220403995379478,22.309284617087656,20.701164658340126,19.497891348204295,25.10337950019302,22.234159452706997,22.010568718102313,20.730771358519313,19.202308744142805,24.999380576268635,22.40254040373536,22.00228180535116,20.800681272600077,18.967206136669244,24.816579677487493,22.487616364046698,22.05421920656604,20.654783241594128,18.44429316857962,24.85864846421108,22.427665851616418,21.797765058583835,20.598370406269858,18.544205427862064,24.906317055758844,22.57476545026903,21.632185747222003,20.47423724189091,18.74587923257875,24.93964988576237,22.706691946028627,21.822258939579914,20.3030075582428,18.943322605899212,24.546616651436956,22.684154601046554,21.842477460399756,20.218282042397526,19.41039055864635,24.4269758032711,22.826717736082326,21.826525223376553,20.340648434455908,19.621658109077455,24.48576622810374,23.063363200746537,21.782626036387143,20.356554280403486,19.54042760395091,24.743232740985352,23.08238317422332,22.153000415367227,20.47258098808102,19.597033239156435,24.75526589744401,22.90677042816633,21.83894378337829,20.567665942678136,19.422640015954123,24.819401302753647,22.535989758991544,21.543273660043635,20.501917271526754,19.023558512625936,24.94045554461544,22.533406410990725,21.688734095254507,20.46887868697716,18.873678321732836,24.738071258242794,22.235207485021114,21.712620851074497,20.496499964734298,19.013211071015597,24.613685665731104,21.962700731522176,21.385914084598493,20.634859336410706,18.804825685054144,24.5688790364995,21.915705541545044,21.670380418840157,20.68638272904927,19.193344450634648,24.79155931519128,22.240685660037776,21.75894660962431,20.808484779964896,19.414351214424187,24.800705579650394,21.87616534351001,21.64668039199022,20.7218985069913,19.35493287184611,24.983083804837246,22.117530371093075,21.75775878496425,20.833184013828216,19.595384030841693,24.950233295769802,22.482800736419144,21.871189751038294,20.804943874132363,19.971781271350004,25.582367740878304,22.599128870901183,21.904167426484882,20.815412468356516,19.870394973686366,25.298582829973945,22.254798183174,21.817036297706778,20.644095993089866,19.83844870397123,25.209421379475344,22.419748091761612,21.640516922658456,20.78519303632606,20.08711526395245,25.10745528540395,22.235410156599027,21.36905032854979,20.690951153361635,19.52809810712256,24.862516430523268,21.754362898298478,21.431778366843407,20.617104958679867,19.460785684218912,24.764569074221235,21.765676751378926,21.682148077537875,20.69915318500474,19.465122554881347,24.703068255508708,22.06317230443657,21.800674086282328,20.804249232732474,19.517828033831716,24.941194653309445,21.991898719581627,21.87219509706814,20.691041341481228,19.414378304436173,24.766185984865384,22.05838255339006,21.96381338437169,20.609317380925074,19.56857188003814,25.047015334527664,22.283607815295063,21.870005661440498,20.597085985339998,19.165189893228835,24.438981409240363,22.065658391081914,21.64202007129548,20.378824243981658,19.094538712780977,25.434395421482623,22.186972706392083,21.63174464917637,20.489210202116773,19.10693331536958,25.34270512868782,22.192574672581568,21.541965464297796,20.432467098244395,18.95949593044039,25.376775900431248,21.964434565078275,21.52344416161248,20.388242583499057,18.734817174139163,25.62279293479516,22.058680549094152,21.320456819415384,20.208699442224553,18.786824094051525
24.87655612711388,22.065709636021545,22.024588050547226,20.899748986124816,19.880347885934377,24.398690554678705,22.761849613311977,21.781865595331286,21.120765475738924,19.335629378228408,24.451692392679043,22.69850874015846,23.211355080238178,21.45630789838965,20.591875278985096,26.147474142664812,22.981023618254778,22.812640077180347,21.580912648827383,20.366436390130684,24.8837041277269,22.677201072450607,22.527319478785696,21.461985278379437,20.51066348794668,24.994543730243713,22.808222590521716,22.84377208355476,21.572534570345766,20.699370116026508,25.138197031217793,22.661178162530952,22.92716435096081,21.575241297058035,20.894868884418266,25.14141314100512,22.556111931335604,22.547027835516488,21.498909345952775,20.607357062801036,25.1082977760664,22.71674894019619,22.50921885750803,21.50616642407576,20.30831627482406,24.88381762442091,22.64810955031697,22.397901592253397,21.126567530023117,19.704090280464612,24.848751304077695,22.59363562062922,22.0818637950179,21.0537273102729,19.697569766459804,24.74189745731155,22.861530160383694,22.12169480156539,21.05856708394316,19.96268473249839,24.79538605997373,23.135211513957223,22.49315695162941,21.13139768075389,20.51612358427028,24.201915065863425,22.967472654070967,22.58966873924198,21.161684795026073,21.194340508161865,24.40739903217571,23.078500236429388,22.603435026406526,21.350332124934155,21.532641168611672,24.493923204572248,23.301201028810688,22.696537882381012,21.401206170861578,21.620244208472474,24.838394323211283,23.285778955646556,22.872542434151523,21.387591881780416,21.431519425054425,24.770742867879857,23.07983200290159,22.519871906657905,21.26761879709653,21.02449135081668,24.951665471903585,22.9540760280563,22.178032658465458,21.129303941610516,20.513206118336363,25.1482930913268,22.960581438992925,22.23222313711241,21.107706882692934,20.28529666679299,24.839192979307704,22.69627035919421,22.3956163826382,21.222231431305353,20.362165347385293,24.719464496471964,22.613027518204756,21.977121118776008,21.359724260892,20.242431712415055,24.66115179562005,22.66275593544724,22.271253196101902,21.53075346021268,20.74709946916961,24.891705521295773,22.7869195740722,22.238741984011597,21.587307238818422,20.859990895698843,24.871728602749307,22.71967701443034,22.206797628005575,21.558025215948952,20.85955657650154,25.059020285737596,22.78951366318835,22.071654289925654,21.47137576750845,20.80746134712278,25.004916558972816,22.913819843108058,22.324574526654253,21.49684973017238,21.21714446280684,25.327374424200094,22.746357313586717,22.39835433273979,21.507854024164367,21.026827823909436,25.162717180982565,22.48214799385409,22.560667485976122,21.445462601658726,21.054991502351598,25.096240372200413,22.424175698087286,22.53758952088531,21.569021373319355,21.16229010059259,25.111238367841274,22.388500381881705,22.33352814570876,21.507169177390995,20.783944221349657,24.826076218656397,21.91587899044698,22.284925612262033,21.52674361333778,20.699189788813783,25.269445600807007,22.019950814249746,22.417118200752036,21.578514227839317,20.6274024029722,25.31134295615978,22.17480430935632,22.367200532434595,21.572436265291117,20.662997559237976,25.240340996389754,22.119738184095304,22.2793861949592,21.33885342188818,20.54135069466634,25.558472341472505,22.029503850599934,22.370436828461038,21.260157960057846,20.7474888191095,26.0552555517641,22.43688559773324,22.47008870470561,21.1367917927323,20.15273059254618,25.4234936924829,22.327223886474826,22.209701409952437,20.905119754002534,20.057579718753423,26.16516934617522,22.444417604007008,22.300796522164415,21.062728530237028,20.1257414863972,26.204696513116705,22.379991692431453,22.251618856114927,21.19747870640372,20.12629470383936,25.69623835565494,22.30220656936799,22.250121449489,21.101798184392287,19.81910717220705,25.497061499261672,22.27498673160796,21.975885475234694,20.95573037466847,20.02743314661222
24.880271856154963,22.41171323564806,21.629193326242063,20.754428955859584,19.71142974694336,24.57278845086851,22.64282534319169,21.387723788634265,21.322120037028636,18.84791138894868,24.28426810758472,23.213380768957432,23.126762123994308,21.308080781916342,20.622746337508392,25.31524208039678,22.161602304723935,22.571079772065183,21.305304669674552,20.23692727810606,24.697305398394963,22.582493712227972,22.273652086812366,21.373837965374143,20.246098837692596,24.80011047331865,22.457406061835417,22.676125588228764,21.43913729109767,20.384323680886858,24.756719117200554,22.377518580583082,22.767638836178744,21.374718240194706,20.635561467203754,24.861485429943684,22.343811069718242,22.435562629113395,21.338684692258585,20.33244006748772,25.04442126110764,22.64400708064668,22.402871547113637,21.38178012373041,20.116360086179625,24.989958304883277,22.750606486004965,22.371611589007184,21.07774989405838,19.60418075569089,24.942657444411324,22.79340500211047,22.051084837207483,21.037675323121125,19.710176284066904,25.147097378400534,23.093085688092437,22.06041619373418,21.031994691708633,19.96710712970505,25.185563452784198,23.13332605140173,22.346759581948806,21.063100833359577,20.453918323121915,24.449406021306388,22.949137576525885,22.439793205357628,21.106849053178316,21.073473465155175,24.290956584537856,22.93710212357579,22.364849212038678,21.230553596235872,21.41511429295177,24.404081262851644,23.146815886957974,22.40738119477779,21.298284563534416,21.440547968672032,24.679216652950814,23.003166194050767,22.665151616245634,21.350123077347426,21.288942698361897,24.462787021951527,22.720515378697122,22.25755028624649,21.257247659781278,20.96588442838401,25.03984544967421,22.420872258099884,22.01264132293897,21.05891250666962,20.43571441364689,25.250199750671932,22.402864588400003,22.080537613098947,21.010449873583458,20.21330755494146,24.902594752326866,22.278705195034,22.168882275133164,21.085462784302425,20.35249282503849,24.76454764042442,22.115914624526887,21.865812530627338,21.232141987673664,20.229999824247532,24.798384930250915,22.138258852864112,22.15091664569534,21.397403401045164,20.701525033246394,24.841895166331636,22.493361181696358,22.11997124647032,21.484026200981493,20.832874470684374,24.80560378641851,22.190726525483875,22.080337070693325,21.426396560839617,20.81576362666275,25.106643181352645,22.369892514554234,22.082534966960566,21.42105962012133,20.78154663925464,25.13357821358579,22.659181173259828,22.23766737222103,21.360208028563754,21.214740748936105,25.822356680810344,22.889875627906765,22.328790816731832,21.375484281918755,21.013362636202736,25.56757686325411,22.499673122788913,22.277872248534464,21.260641713016927,21.02124139390182,25.582211632215234,22.674023832343668,22.204337833140436,21.44089385917834,21.217203535222207,25.538305252194267,22.425983239453736,21.891116515430074,21.356574423723917,20.77480467666772,25.23666068437878,21.96901441336289,21.832145728637737,21.406441263800538,20.668812289566564,25.321545093995788,21.99345090132121,22.037917453856657,21.411684468297487,20.54656162090844,25.234898327174655,22.39105947350097,22.109893037665508,21.466186595206945,20.649270962272624,25.355753178945655,22.352089018650428,22.013669664806343,21.22652970945302,20.493460342814,25.100305176735525,22.442623549879304,22.122037114020465,21.17525188435324,20.655008020361368,25.188923824825064,22.67616161435572,22.003496092701045,21.058228177817508,20.008742080919813,24.529458967965866,22.522045817883594,21.784803221658215,20.810846917240603,20.035792539305206,25.03749968772402,22.54466781913965,21.912010423035678,20.976937797998175,19.986488883941448,24.93214522863709,22.50945520229285,21.856082712068257,20.944222606714927,19.938486789978317,24.88925095028936,22.201722013563064,21.85566032777945,20.856534628630563,19.605317962697058,24.863326298028937,22.31038328562128,21.609838304475232,20.65045550136959,19.85213548873459
