0,1,2,3,4,5,6,7,8,9,10,11,12,13,14,15,16,17,18,19,20,21,22,23,24,25,26,27,28,29,30,31,32,33,34,35,36,37,38,39,40,41,42,43,44,45,46,47,48,49,50,51,52,53,54,55,56,57,58,59,60,61,62,63,64,65,66,67,68,69,70,71,72,73,74,75,76,77,78,79,80,81,82,83,84,85,86,87,88,89,90,91,92,93,94,95,96,97,98,99,100,101,102,103,104,105,106,107,108,109,110,111,112,113,114,115,116,117,118,119,120,121,122,123,124,125,126,127,128,129,130,131,132,133,134,135,136,137,138,139,140,141,142,143,144,145,146,147,148,149,150,151,152,153,154,155,156,157,158,159,160,161,162,163,164,165,166,167,168,169,170,171,172,173,174,175,176,177,178,179,180,181,182,183,184,185,186,187,188,189,190,191,192,193,194,195,196,197,198,199,200,201,202,203,204,205,206,207,208,209
28.143173491440457,24.939818999718703,23.937444491072007,23.75979009195613,23.03032189141923,28.61005913958329,25.88907927755047,22.585936149782796,23.950406595780752,22.741728520042134,28.686817595136816,25.892777583482673,22.918048579810634,22.715188682764467,22.124695432972405,30.852618510082024,26.123278325155212,23.114427484496726,23.59032769479564,22.29056540531218,29.046492280594123,25.76778432118413,23.150649230382562,23.452955408886705,22.522540231162623,29.586948309724324,26.34950390525073,23.173562009983666,23.208424042554903,22.323449555735213,29.626667579415066,26.41541680118322,23.336352169501858,23.058213218527417,22.28326821789074,29.18894937267577,25.882798024451187,23.50282527905396,23.142104631714563,22.378182709575267,28.46274523535837,25.615478535239514,23.549341253030654,22.974859046371446,22.406515110334972,28.555213428343098,25.63343122986721,23.443148031506997,22.765747288826546,22.312542329186233,27.308339887138533,24.575473227217127,23.18340624890235,22.93289789420705,22.4000836339312,27.199215380628043,24.503188095048955,23.201076769943445,22.89626495916773,22.257979745299213,27.786125354758845,24.941112343037723,22.724016312901828,22.839214816166134,22.17911489852417,27.896751444600547,25.093682291627534,22.583741630404084,22.84389821166539,22.038157871806078,27.946041675900688,25.19802910411845,22.80139156962406,22.793963766138283,21.919824770693314,28.945284592974836,26.036599202955585,22.93303630104114,22.664589417877604,21.805915587561078,28.98322387493447,25.925781634776996,22.81828560120753,22.58024464678386,21.68747758895275,28.219147153362222,25.291307934557295,22.88247463381259,22.60895221040033,21.604919630563096,27.477995831505268,24.918697369209717,22.95973221669798,22.614712493969975,21.574603164642202,26.597568582173903,24.29496518189261,22.43307223624445,22.724881278551116,21.631964421253304,26.017360574925156,23.819184928972582,22.245542910289394,22.606599064760083,21.597901570793777,25.718615758059393,23.648523534683342,22.173289925987767,22.48160012631265,21.632630740719314,26.47583231215871,24.387819874582725,22.416420719997173,22.575064714830567,21.819392026132537,27.612912389409928,25.096535845410223,22.586608637076175,22.578905622677553,21.84082917641772,28.15345833071882,25.41909296022638,22.79856892518077,22.615230736571164,21.919631544513408,28.56440058067708,25.741121601992397,23.052695769893,22.870138058006034,22.23717509261002,28.733165167070524,25.708002785143094,23.153929927715247,23.036201243843017,22.40092615933045,28.707102593364148,25.72204324047339,23.19864346458083,22.8970618231664,22.22621118216137,27.65851580339704,24.972308130085644,22.9069146162496,22.798045869950585,22.226231961081385,27.818937177076055,25.096783687244642,23.17777918103701,22.706615064972144,22.11357289571499,27.387606369956348,24.966198928324623,23.104971082425724,22.457781759218854,21.748795667738218,27.56665019927583,25.222461706658784,22.898611031755774,22.25676581983577,21.515754920925467,27.56517326282215,25.233582662559314,22.822533901258634,22.077377348642138,21.416146405468805,27.90488744828311,25.308223448567446,22.93207133860846,21.931506336978252,21.255096910117878,27.308170966760407,24.838401544294054,22.545175549428723,21.90452260595686,21.155678489406327,27.962001619280965,25.152530263899628,22.648972470469346,21.845141429109812,21.01100939006791,28.19825401868507,25.293371367955178,22.91415111094272,21.816240863237148,20.938839244761493,27.413763205544917,24.62218849894748,22.822054959458246,21.83262408896629,20.7059787309854,27.053588257025716,24.484734391488093,22.62019710042092,21.783631557043176,20.580127787526447,26.931612538809304,24.340519344621512,22.844549821545346,21.56683225512787,20.542874557858504,27.0392024249997,24.391404409232734,22.451483286273422,21.525522354130338,20.587852986377033,26.98774215816099,24.41005246058114,22.316501558659624,21.619660154499577,20.712623663508186
28.903409474862993,25.652533488945227,23.979849431367434,22.118812817085356,21.53092185524701,28.99357253613842,26.283675814831216,22.523677491711798,21.69348371047425,20.23019151277817,28.930980633219704,26.009768857342323,23.171517962571,21.120553707837296,20.964634828587936,31.16973261631184,26.43915796158893,23.345328243507502,22.45710208158147,20.66066857371488,29.478066880515172,26.06241652606417,23.343189412943737,21.834013845879404,20.808051677568926,29.867765598973108,26.541127989829324,23.33109032271993,21.713299236803202,20.64148734621716,29.766948781012466,26.485538829646224,23.504712843546564,21.79042434052574,20.896998181964133,29.20766724332584,25.95454321530183,23.62113398328838,21.998564962887666,20.910642660851835,28.34269383041576,25.52460646149356,23.600428194135304,21.90129313367952,21.01695973048726,28.28935902540573,25.610964843273372,23.433585452905227,21.805892870814418,21.082426099229444,27.128356869409174,24.653356698840188,23.12785770182679,21.955022309239958,21.136829228206224,27.16274167513999,24.689813291196604,23.16802566865084,21.939810927740165,21.027490077375415,27.75936904558666,25.172230005509494,22.748988134093043,21.82107461451568,21.05702065286185,28.07339956833179,25.564121906364825,22.76096905246263,21.837421433957182,21.069950694923826,28.25564213035218,25.675982692731452,22.91508320699204,21.93750671695913,20.958308930423158,29.1447075235034,26.32967514524204,22.99820413950441,21.923919857576728,20.95903578429738,29.063420154324,26.176088232144593,22.86174936726054,21.93141386970614,20.92198937004998,28.511287167566188,25.561627132797195,22.862821378654747,22.03143238084872,20.828791101870745,27.58831782524921,25.040610324044767,22.81336006985005,21.868195913663964,20.684836835869362,26.62706924938424,24.443115769720347,22.383474409391873,21.859769793975204,20.74441900477866,26.01672871009142,23.973408531039677,22.179051848015188,21.69303931227676,20.68587515073336,25.835613030475407,23.836837174164,22.09647200599685,21.56070478269728,20.64941880763453,26.532800252329146,24.58813773218063,22.371944914639634,21.56264976339954,20.652557529363683,27.778677835680856,25.36158288893681,22.572911872998006,21.73513602558715,20.7598153980856,28.302685985730115,25.69694693728304,22.873715597394504,21.740421062103348,20.844359265397145,28.792884611687363,26.10707087842556,23.243434749230452,21.88103819101223,20.982313812805835,29.00507880176026,26.054269621325552,23.358574494789124,21.959450739625733,21.068790632171204,28.911521486090823,26.059927895077372,23.468528342024317,21.83436878099608,21.1201636067535,27.958171425098254,25.36078811947301,23.173655034368274,21.835208655497745,21.08100185155724,28.09039931900058,25.44612059063695,23.2759052981419,21.856498754963333,21.094547381016717,27.804140287074706,25.34864318787728,23.255271486301968,21.831075877324043,21.075515540872665,27.826554424752157,25.591135778103666,23.06966863860172,21.804388327622227,21.008695292786495,27.77898794691845,25.443514390788987,22.83061219552122,21.813175318688515,20.940501989609224,27.75212755278177,25.351731592078004,22.91767933059066,21.651299087499048,20.971703942693175,27.08338825985667,24.750645895812802,22.630558814536293,21.5055554484642,20.87005260381097,27.554098803259222,24.931752421305767,22.720473420354047,21.425074738316578,20.71434186276125,27.840222682189285,25.037210370727188,23.003671926662975,21.371431851527866,20.56544352363531,27.153424625716752,24.50909227576645,22.976368523449505,21.324722219498696,20.429463216872996,27.06055593015234,24.46079852655513,22.827841771330334,21.201815957465538,20.18810755263696,27.036870826241664,24.42632172173914,22.965366219070393,21.1169227340917,20.142585577020764,27.18175218397108,24.570405012980693,22.65799329093398,20.96579430064498,20.111490743108266,27.169678148512162,24.65868605958902,22.573521830059796,21.05897613276221,20.242124267300795
28.441776392376287,25.251435048187098,23.375579998738168,22.416214875586682,21.228017133109226,28.530950058492,25.63909137301234,22.333422262326312,21.633993822182166,21.442239355018643,28.52581575343128,25.659070330390318,22.876285015315975,21.606696027811974,21.470117680871716,30.868902327316697,26.050161897221944,23.13999492066373,21.870746985748617,20.842131489114458,29.108946381322767,25.69360378975769,23.071402455926044,21.837540536702516,21.264609210584972,29.488589843668837,26.16022945772251,23.14081297219879,21.61904855966913,21.139844698682012,29.376087910333617,26.14492217217596,23.33328916589871,21.676132569863586,21.13698720444985,28.857567871106614,25.672681531809115,23.478349531921346,21.74073952125613,21.123399010345764,27.950412735472906,25.214071184794296,23.413026912869512,21.692039762571238,21.145279974553794,27.8723141458278,25.27019518696002,23.210530867725662,21.632685911277612,21.067986684149595,26.833425473609566,24.4565245333338,23.0900806637733,21.85994385858338,21.19641675426441,26.897844339646344,24.525505133789512,23.11566890064707,21.865227517097683,21.147972574597627,27.403135271408637,24.98199463500275,22.726172228354244,21.831775016734618,21.136676501383448,27.81345583024983,25.47579593114195,22.80303963739876,21.90787742500182,21.169316876531514,27.989216098509985,25.571986282436754,22.98605827726272,21.968123753160096,21.16854400565158,28.736800880671847,26.0559916384499,22.852832767490582,21.828562611535986,21.11054366528719,28.640792102116688,25.906777752700823,22.734500136262778,21.78246357560162,21.038642945070556,28.13715312437025,25.350555221623544,22.76554892931173,21.757453594606368,20.92506182832576,27.182963899454784,24.797566621434658,22.700333366058594,21.716627480116323,20.763770610386842,26.22700406864493,24.259881256479673,22.354855462658048,21.634101564433806,20.74289310566086,25.834655954252753,23.81042469765639,22.19504252845398,21.484981689075482,20.670242588528517,25.695392892600694,23.710974072347277,22.093190696446833,21.512348755739474,20.66174302330239,26.44976158356328,24.40117198805217,22.33574126668585,21.502714169457185,20.691408600683445,27.708862903100687,25.142809548590364,22.46934685371584,21.478886740795634,20.81657124934976,28.223414503845742,25.406127153742155,22.6834727977153,21.558640519126225,20.8493554363734,28.565059264893637,25.852956800217385,22.97448457579669,21.742997425790243,20.992684589688917,28.76559463498441,25.76273404486968,23.10311950218233,21.703849503879663,21.008450445794754,28.684363891475037,25.728929525564006,23.224790997085922,21.757289789781254,20.999759902643824,27.847082153689293,25.067925856995704,23.054314094819436,21.769269066169336,20.936554588054747,27.92328099733532,25.190741261000532,23.104178353655065,21.82841977950755,20.97235551712324,27.6536521477885,25.089744099647184,23.16370805724977,21.677622489135207,20.864725446250144,27.59925032254531,25.295059281327596,22.984780421116632,21.63083476413462,20.720050420597566,27.459020353202312,25.13018036783245,22.693650908902878,21.51214776685,20.520928896920275,27.269505600304683,25.033936645579587,22.699750702714248,21.406555789073092,20.496056831880747,26.669599121951943,24.410642229911577,22.520106755129643,21.242616215576504,20.357549948222463,27.079037421624992,24.525281743208616,22.593414066054752,21.260289551310265,20.27681888570175,27.399689090861454,24.597402294287527,22.888235170814085,21.2177580078423,20.222613661253472,26.695626821425332,24.200892076089758,22.967790949694546,21.159135404014418,20.270094994845273,26.595087080170078,24.10833614988522,22.84537540932331,21.087259699489742,20.087227425907713,26.769342039897804,24.133415788742774,22.963491600401987,21.020807333981367,19.988161590284356,26.935974078578816,24.33618720879526,22.680022309487555,20.859315355876568,19.80763055328714,26.937560593370296,24.44617864894166,22.61397894002605,20.889350828361632,19.910815734948777
26.378523989294752,23.593753262685116,23.122655091002827,22.12253399323858,21.52397449051873,27.184981385739572,24.45927730586153,21.694995574161382,22.604901195535636,20.6594187110066,26.271889299204176,24.591525012516275,23.12916420411476,21.585693588408006,20.21749507805468,28.828050873542594,24.49923601864512,22.75788487219808,22.334304560038543,20.501875965285546,27.087648889924132,24.3579799253717,22.621520255965613,22.131734316834756,20.658559694716644,27.588377514788885,24.860326746889466,22.675223097901608,22.091450080760062,20.43040332535214,27.605275466383908,24.95410175294743,23.002433153558254,21.93186995794068,20.393782879146205,27.40302150611012,24.629160198670792,23.061595012233813,22.10510847049317,20.37487801240351,26.774238464429494,24.43201538381561,23.065470939228494,22.045797306906813,20.348256190227843,26.98843543657472,24.402445277999277,22.91375895017541,21.81510155879125,20.230240489386325,26.00831571073448,23.728263618204984,22.760650190302933,21.795486444176586,20.260205182513364,25.862319049774083,23.57122758802338,22.753477474879805,21.735332296595484,20.221752418055722,26.431079923743045,23.79949348586904,22.338867052178326,21.54282977152558,20.25282710961946,26.508500457446694,23.993841835706867,22.35640545214655,21.32916179190513,20.222401628146777,26.414471763062352,24.05052417279509,22.682715202983562,21.433488826497772,20.180216173753273,27.200070830974408,24.547953545965555,22.634649947577252,21.384246797289663,20.074710786112778,27.195358856867745,24.291223754729934,22.44015319532299,21.30094753572788,19.925513682090568,26.68486545939975,23.841575998245993,22.51286192276341,21.214330892674173,19.829044895056448,26.18242277008086,23.617526421760257,22.48506224380685,21.298694898417875,19.683479658813745,25.744665726674373,23.226459980770326,22.023533971799782,21.259964047566562,19.628782762891543,25.288338940460193,22.922536172452478,21.912470551947404,21.152489146820706,19.54350174975074,25.112939085328417,23.130546711881873,21.765462992947697,21.255222641857088,19.551436889964528,25.50853945925648,23.610264317896835,21.789556200710216,21.40364779676379,19.886804748622076,26.375192454253465,24.071119910600338,21.874256342653943,21.494307407596665,19.995911433262876,26.568660288857956,24.197422086577973,22.118431726145037,21.54785750347337,20.19513839445598,26.867817123338362,24.31330815401207,22.335767776547623,21.76816257432985,20.42890640874951,26.902718778987794,24.224311806612867,22.582322584171617,21.831449221944172,20.602110174116014,26.949816390708474,24.153071701347717,22.737071018843352,21.778441890614697,20.351532486464727,26.252605149876,23.573249001806506,22.559295231267477,21.66502703464306,20.37161213668664,26.420513298634738,23.792735149053094,22.663863736296893,21.653069502663115,20.309498495787846,26.05386358553519,23.783050330306814,22.6489692201255,21.447378555995726,20.15572516671705,26.22086675971186,23.872668980447735,22.436034097171575,21.317202420334077,19.906028135807208,26.18506569741961,24.015975587531578,22.319388872906217,21.269330964718623,19.64155359919472,26.25206349584328,24.068100212364865,22.372693161531508,21.161656732356697,19.525014516171574,25.830655227671343,23.727183647760103,22.259916941991627,21.01333371661735,19.420350195564108,26.392510123499175,23.927751668935436,22.311182099647894,20.997295305586327,19.378434812971363,26.600070637028182,24.056075154980267,22.49572527850869,20.997803413797616,19.32982459481324,26.09548766903015,23.648717373184788,22.50611426733068,20.927853564231988,19.35017040135217,25.94080175084889,23.661487509903985,22.45831471442404,21.009989402877217,19.26740089429287,25.95728819878799,23.55862445180526,22.587062496332187,21.008225948853358,19.29261309419725,25.996039361332954,23.549067691382504,22.18759946852841,20.920218006884404,19.293488406483466,26.02643278389046,23.586477454327575,22.100281129787987,20.950951801360564,19.57222368644308
27.22863506673575,23.863281674364956,22.589024918688455,21.481185020951735,20.366601062131824,27.563733384622818,24.775678332480155,21.822975959307076,21.32340633672792,19.722032208393816,26.64388924900582,24.60198621046075,22.430163200698228,21.30312204376405,19.65742716939864,29.25525912121096,24.652798587524995,22.42118099107832,21.450089876540552,19.340453124791487,27.59093111944653,24.525132606388627,22.36952261920195,21.4022232604931,19.855345971475426,27.84530110713265,24.946440066386252,22.408590270859044,21.391810373939943,19.669788450686063,27.575089547555905,24.900334826530205,22.641127043894688,21.372679221004113,19.70529754615953,27.242506676723366,24.663550751475444,22.755792139574716,21.485507368541153,19.694282758416,26.420850131798147,24.40844970704326,22.75615199889799,21.468858796998184,19.820942560310733,26.416856704546223,24.409888703808953,22.69500160943877,21.36417995392062,19.734699436999556,25.57796160748516,23.814913243321165,22.74625982931935,21.337062595734306,19.850150403478132,25.664357707740436,23.75055002864563,22.740400248916618,21.3373893993687,19.823848280026763,26.11965315766518,23.921376234702016,22.499274938827504,21.093480187698322,19.91369557971913,26.454364199093344,24.27816341052058,22.622444400253315,21.088632798298352,19.931984568221573,26.60130036895407,24.31233101106929,22.851047140572472,21.13368261767102,19.85354070327286,27.216839843626246,24.563062510982792,22.64964513893863,21.15883750501094,19.736335117584552,27.157814371580617,24.591017875435494,22.63332114507701,21.12113129902789,19.71359974810685,26.87559516173203,24.339363062829555,22.653482375367272,21.275789240024434,19.661028394973794,26.163867250495507,23.99109643774201,22.626894182296812,21.16990850138054,19.60608063557411,25.44755696817746,23.6714193931299,22.204645216605503,21.14849664931527,19.559750758528843,25.211242662887447,23.53288545758266,22.165019260344803,20.962349352633908,19.565032204989294,25.15982343571427,23.425117708931,21.987220536272776,20.967835580779983,19.506699457331152,25.603736161558583,23.7365001786282,22.102756074112897,20.879436613078973,19.55755558083258,26.62102050351991,24.21545223090006,22.10544282493481,20.92001645634752,19.455112423544584,26.912058874729688,24.35572343158881,22.311564977021163,20.93837952503074,19.56202976038383,27.050589851573523,24.54566026524624,22.471952676959937,21.112579326262285,19.738779472657917,27.138496169085094,24.438249838473887,22.578860886844517,21.181002071512996,19.857917791009434,27.144841370115454,24.416672179086664,22.63353635465321,21.200474080018612,19.769688697753985,26.572994493732075,23.99587025296109,22.501744402025516,21.359499543611783,19.860019389978397,26.682191111628356,24.18333798185725,22.407819462961374,21.328093751455537,19.803541907552447,26.603406803169104,24.165858433062773,22.43733685664889,21.200045925934944,19.73368469025742,26.538786686613168,24.30606970640509,22.386539745053394,21.083844187143107,19.542140989804505,26.41167354250562,24.20265734673849,22.301270540602875,21.08790522376173,19.40633624202705,26.199242872085158,24.062162298493924,22.378888683772516,20.889821046215793,19.29798689445771,25.8358869905841,23.589120114142087,22.495419037566286,20.79847975385875,19.24405355849921,26.096741392144402,23.622190164428197,22.54457936151109,20.907435616723497,19.1061304637853,26.425936237184864,23.600997793887288,22.698080651422163,21.016371765483,19.002970482781627,25.862350986516578,23.503788668715625,22.653197206183574,20.911377614009858,19.016500683142183,25.78458831306299,23.491479380903236,22.6187293596988,20.91031549260692,18.961140558988916,25.8897967359164,23.545950768350053,22.63456174483621,20.915816993298826,19.003429766525556,26.008425360370637,23.724570249956912,22.32946332560009,20.624600664317004,18.98950937002954,26.022731723114457,23.86402756581517,22.186713035779526,20.60263495019991,19.266809328881575
27.611641501292272,23.76396214474536,23.73347221919444,23.22679501442659,21.937307469222755,26.1788160787036,23.77291601880209,23.284885094782513,22.69965472554498,21.719843437119362,26.45876980414029,24.264013181956276,22.387814971289348,21.500556086893,21.033880247913785,27.36157022893248,23.99498844348105,23.129493360044037,22.84413595521345,21.523381406306918,26.828803159741064,23.94491559023165,22.90518276556393,22.589066366535434,21.502421968046285,26.86033118552429,24.156828944482058,22.805932722505947,22.249796912791215,21.37930678388755,27.264176896130994,24.425922553005766,22.75218469141764,22.1754036969914,21.24318895621288,27.158955042121544,24.283317441692454,22.971625512921346,22.353922140459876,21.255514822682976,27.00786468960805,24.363525473037722,22.957107038047894,22.199902249979907,21.260698463226742,27.52062908528916,24.568615913426008,22.95149213288277,21.979498114562197,21.157742295245328,26.967558793250305,24.1372889762866,22.866306100841413,22.12681270834914,21.25558161978072,26.645286453285916,23.897188939147092,22.87110538287255,22.06829420826558,21.27071696418078,27.203041189023217,24.086756686857143,22.687091254466075,21.92394100116676,21.2794468356986,26.887790999120426,24.045702304061145,22.573068307606214,21.882950543068695,21.10802470983058,26.258949877031103,23.926752099248326,22.804617489117625,21.924148608783447,21.03221281391194,26.74615548491888,24.36677909117438,22.794298075148486,21.924102014873625,20.872688211583636,26.87957371473586,24.27249712961931,22.716544303601868,21.90770440828099,20.839468347658894,26.091438262401237,23.98241084083636,22.69735296997403,21.949237255321872,20.858784134361176,25.927346072072034,23.820619625406483,22.83283994772047,21.97283396889545,20.895111732036508,25.971961115212956,23.629325441691538,22.558189578559627,21.938594702398262,21.006765786559583,25.995082761762898,23.613418802180227,22.458488725222026,21.84714434039868,21.023705515228773,25.60195757472714,23.602175377216284,22.262327261412686,21.835255028933705,21.002789107883125,25.77486829749173,23.577780416129784,22.191447215968267,21.875264012691986,20.92579254570486,26.56680933142449,23.923834642991643,22.12439502306363,21.814047295277327,20.78332606639175,26.803525756130334,23.910504054705672,22.19502544984873,21.820461165561774,20.709037557022548,26.6340388702379,23.70552378178023,22.358804215174466,21.90452092800495,20.726857690328906,26.66387633279545,23.754846942892907,22.668847903687666,21.98247480443884,20.716017427869698,27.06967625758957,23.928521069688692,22.7978687195539,21.8774348654217,20.625447750464083,26.5735827617438,23.5333286088189,22.567946068367405,21.798526951448252,20.656344727861715,26.766288536101673,23.73750374711566,22.689595197841747,21.862204054792254,20.637819323410476,26.518743796024296,23.877884847065864,22.593350024225717,21.736160755136005,20.52646033308288,26.69817440309855,23.860030146514262,22.361127901576243,21.55276499627677,20.378636736164403,26.687244297523723,24.038272187967078,22.354235288800787,21.55885589368959,20.37779292059075,26.757842480213338,24.186436564407582,22.58031899427026,21.55956873795743,20.315329059396678,26.309483268786693,24.092404146844633,22.25466970615745,21.420235049408802,20.384957925487754,27.006119527420044,24.282900245908273,22.372323841982997,21.47231172835979,20.290014507598066,27.145869929182886,24.301006333044946,22.55608499815463,21.422367733440772,20.26023862771971,26.75420506424216,23.97056350490138,22.422616886804956,21.4417743826207,20.310785545394708,26.442483846495076,23.804141485957842,22.219974682497842,21.50874065018011,20.48415720074088,26.342936003483732,23.688404299181865,22.57280052170313,21.568314271864843,20.421323950258703,25.96573746296006,23.419358119646386,22.284064044367156,21.38024092306577,20.513214498309075,25.834395648495768,23.510409089721467,22.09155532791122,21.51626396908132,20.643257798407163
26.01570997842784,22.70769539948784,23.434886961750824,22.612046761420544,21.500468848028106,26.107450151600823,23.430254738311703,22.1171410522749,22.40149647790886,20.943078508990805,25.387922167216036,23.77363782830242,22.36928642848679,21.082291262125064,20.073325078508653,26.948916822916612,23.60449573323049,22.797542681549167,21.729186118619058,20.458991040917873,26.099317854682635,23.442012847388618,22.47610969904712,21.971122112252875,20.709090247660484,26.363559542748202,23.908157810714094,22.426101214659187,21.707870583834392,20.508826705971195,26.59201999245356,24.112338591833065,22.615168194279818,21.525696992932108,20.428936221843905,26.581573927833126,23.890025193283357,22.722865430722834,21.661514579927946,20.46253909716949,26.33043270819752,23.93075188787541,22.628244299804265,21.660428802549507,20.441822343352374,26.727328107341613,24.034899909006043,22.705915401182754,21.435370997053248,20.337436226066618,26.243425535358362,23.441278232776284,22.520320141812597,21.50663022190506,20.399280449832368,25.95122183375771,23.27836040191342,22.506358494597414,21.490761309559595,20.320993281084476,26.49493685362798,23.487497924118546,22.310841956466852,21.336855719973762,20.287773993055744,26.275616632865415,23.47360675688413,22.24431777787399,21.199257566330807,20.17213921995291,25.74950858605741,23.416294498674898,22.417848467909597,21.19516194311367,20.07744000332618,26.181457163640722,23.90951777386899,22.403293282420517,21.165962771947147,19.917619520522166,26.3151365110346,23.636371128466905,22.20558247589036,21.030658757278285,19.848327802196224,25.68279147353794,23.318225656875814,22.152143950667078,21.074576229562034,19.79238505644009,25.57509118915346,23.16062656234082,22.304255709999683,21.0575018107567,19.784465219641902,25.55593386122596,23.031298535242446,21.968657527900298,21.13322846563843,19.840400822813397,25.39636452457171,22.863239871850737,21.830424812151385,21.014920766915,19.828227073927515,25.067160152200238,23.064319781221208,21.601464564998086,21.27374745959676,19.841749133073403,25.26963224735485,23.258456264546272,21.50820109137806,21.300216363112362,19.958904490125523,25.88901411600989,23.570126848480122,21.473831513809607,21.360111693116615,19.953656279557844,26.024432094022576,23.51030790147173,21.627683047014024,21.360126889950887,19.96501408781925,25.99585103218759,23.401689362954038,21.738286306146186,21.425007665737297,20.071847230380953,26.13936251123124,23.47726253651088,22.249774721858206,21.45123010465534,20.33734682354097,26.40126816025825,23.558456413746413,22.442281455992067,21.506822961366424,20.19773415229415,25.93258995754299,23.192333479108427,22.294886072715897,21.527103534492692,20.199337818996987,26.079002254917345,23.391120947138525,22.39292724922181,21.529257387221445,20.15898023429512,25.74524667003275,23.545247566279738,22.464851615694073,21.483902114268357,20.064006625141147,25.7529812045883,23.46020370563255,22.214527702564286,21.269443966686616,19.6599493505486,25.63974045999865,23.611956705371703,22.12294613748255,21.176497392313756,19.575291279973868,25.725098625088794,23.737415068893494,22.17135782550571,21.045206539353863,19.575486627549314,25.48143240489256,23.56965351800274,22.016291960058325,20.91855496655787,19.58515990664332,26.194463825510763,23.737510099124933,22.054580322983206,20.933971405349112,19.47018552943147,26.371531250877602,23.791423982686958,22.121357585956442,21.00938084897575,19.460247973632057,26.026151116203387,23.474860345540083,22.197010623228543,20.96192240420988,19.580818295016915,25.6809890251985,23.440961535268656,22.078251351668868,21.162461959854323,19.50812002526875,25.599084193146794,23.385946628269934,22.23979790252848,21.192895396639692,19.493037301953358,25.374089441148858,23.161718055760804,21.94368863057904,21.104308769761797,19.50008946842262,25.380568172760114,23.192703553892464,21.831941042003443,21.06798378163197,19.67902396447038
25.240546584563123,22.32289471614496,22.603054297233758,21.46424769557789,19.931489743874213,26.088095738625107,22.936483517627014,21.942197700830743,21.59527725201564,19.581721742722813,24.906182444457873,23.10119661364144,22.231580490472936,20.45720970517107,19.008294791931974,26.869054566702687,23.24296574382675,22.379254594693702,21.121584552461798,19.235018915264305,25.83194061430861,23.04397880485468,22.088442956170315,21.25432805667694,19.404581085244626,26.12983965770446,23.488062964375548,22.08669681209435,21.176128692808298,19.24430024124045,26.21351822252721,23.705102534564855,22.239186225604044,21.07719446249827,19.22282617833654,26.18615735732983,23.56395216878109,22.345159743306475,21.300566118495446,19.29196465486546,25.782495422381892,23.629789577068742,22.28768560871317,21.288677416871742,19.257386290855408,25.971360214602633,23.617582113151883,22.343217212798855,21.025660135282983,19.259999678734637,25.389152359923706,23.115693430834238,22.31020318578323,21.048648185879287,19.22218460568231,25.069984381343488,22.897066603930845,22.26575442828831,20.992786707342507,19.160326722131497,25.61522327790924,23.087354974069555,22.040614624200934,20.793290273662592,19.140899018656107,25.521692448400962,23.092373015706073,22.056086208646267,20.61512868110033,19.088036593062228,25.08147421295979,23.06945799559233,22.30053224402552,20.74158209144276,19.059937306926194,25.679316516564292,23.523086526823192,22.228799615150045,20.777417574996242,19.08652431014183,25.81501301933907,23.36158851099003,22.06730538513797,20.715909907609333,19.018231110025088,25.292783840351905,23.004654822964422,21.978416479962373,20.736242464513033,18.943701986794263,25.168406076639705,22.91734882471255,21.99991949155487,20.878216095993196,18.97437357495859,25.211445745166763,22.880600772523803,21.747098234879395,20.783493607456457,18.971558990544818,24.922648115751276,22.68532338318362,21.5123622136774,20.59943677970758,19.01631520661908,24.777874340094453,22.882983869753026,21.343691186846847,20.83691907740909,19.04611521223378,24.928698615157984,23.161596029975023,21.434010712061223,20.880388522884612,19.177313526000198,25.48663817439491,23.37370481178133,21.48336998011633,20.90363756468716,19.165985200166453,25.776792746793262,23.310228104630994,21.590457667867263,20.919600740986883,19.19934854429976,25.835454815939634,23.224920470197507,21.78583561516481,20.996427748813353,19.26127185168172,25.83336666313798,23.33915164459741,22.234454960605362,21.08144342621975,19.792024326540076,26.03971608655265,23.341146888015803,22.265624681348946,21.191136687134847,19.758760773106477,26.074067554846977,22.97425804039847,22.109825511489205,21.170249443066275,19.75036625359578,25.980935906802962,23.052465447492985,22.076570969700878,21.276764650794433,19.74832173029957,25.760601946625695,23.211180131423582,22.17737108365599,21.230935093436592,19.67798334311625,25.864509568133077,23.13582049212916,21.924525552802955,20.91092779836245,19.07404714420815,25.85199769430671,23.31792717541674,21.878557259029296,20.768328855528658,18.936454008368592,25.514262191587047,23.434905146794556,21.885716017933596,20.68667481855191,19.01987366986044,25.21326142341602,23.212968217059036,21.844580437935107,20.52076252855911,19.047680224691035,25.777598334123212,23.26822200414557,21.84600122886794,20.622519791881842,19.03911065243803,25.899932720532092,23.21723773067699,22.011251634274544,20.728972676710917,19.012596544476946,25.678103683123435,22.951132369693195,22.051725801633456,20.780777748764,19.083777990370212,25.393743676675392,22.934563070944783,22.083471748819743,20.9078946449811,19.027339964107693,25.47175327926469,22.979540281658082,22.276194869027794,21.012909287717473,19.029405786976145,25.268397181861523,22.85662749999245,22.000665349151404,20.833118425026683,18.97938928653334,25.296640264804058,22.800960575278896,21.830621327809077,20.772298081676958,19.19173502572543
24.7851789429629,22.609964114929355,22.0431065327212,20.77390201040561,19.14804542293814,26.165765972819592,23.22349685539666,21.381479338803494,20.949972154554672,18.691126083911488,24.454470317135687,23.53806479624045,22.280086200528228,19.966547548020824,18.719563621606977,26.72261780824456,23.286886079909348,21.836482141862067,21.032141216041758,18.49170541805958,25.475064179840203,23.312455974603647,21.782097895873385,20.82901049594789,18.781555821211544,25.79556347516247,23.624910525884335,21.793498325853314,20.8748207227786,18.702310726668614,25.669472182530704,23.70650173623418,22.040215667450163,20.810972981415937,18.706490120776035,25.61007246600272,23.516629490695454,22.080560988448696,21.038539293685318,18.72470319794941,25.092524674405688,23.397787481936966,22.108835912100364,20.968710433434804,18.761746072758598,25.18015676308038,23.237417646071897,22.058875994110856,20.676136604369805,18.714710167404355,24.581042271985332,22.84635523470478,22.13760173149196,20.604914527787134,18.661276619245218,24.37356815596409,22.642869377279794,22.076941531464495,20.528048311053237,18.601963159984482,24.9378986870196,22.750060628504023,21.713621962719603,20.361029994174622,18.533575981539826,24.950341671831435,22.88254448506283,21.78521403004489,20.159279664021035,18.4920366624012,24.712559844338106,22.941509414033142,22.096604714510452,20.292119314312618,18.500301602601127,25.331505227190412,23.21777779581206,21.893910703147633,20.30631289698145,18.480957743122346,25.478564999619913,23.20277774911147,21.74929568472038,20.284378139930272,18.394464958233428,25.085950948316942,22.954415125778674,21.784955631440205,20.34329302651299,18.33815454275682,24.895891462206976,22.880294785246953,21.743705256435113,20.497687860814732,18.374113618643808,24.83638288518814,22.602021459974495,21.352538445157215,20.444248651593284,18.259158298892586,24.385558550573528,22.451274426464508,21.265466390239855,20.276007274634395,18.239326262216178,24.415087112055243,22.577333381831934,21.141334378086405,20.457972767706234,18.268786837604292,24.522728524514825,22.8250360236535,21.256100356828473,20.393390812006835,18.42739805283547,25.07483459165481,23.10536908086222,21.266929547346987,20.47345873092302,18.366051814524265,24.99622266139235,23.172120379156052,21.352202595917998,20.494833451375477,18.465823742694084,25.2606827290002,23.1641554189491,21.550926389481365,20.601161752917065,18.574261204386957,25.07527887082322,23.20130739768581,21.774784252303927,20.599820566356435,18.889167202033565,25.23709194644717,23.108236971301572,21.74555392028093,20.728138408351725,18.765736870971143,24.869457844478504,22.743486609019442,21.661415309463717,20.658652714466463,18.818789398867096,25.0414224976195,22.95534608259942,21.629828353754743,20.664998093661612,18.76054634752395,24.94256141594716,23.099685721214506,21.662860700130757,20.621352316139273,18.752079132404827,25.02124472602472,22.976584053858126,21.51177699088604,20.442571621360667,18.46472215237028,24.892899948206612,23.113013362413895,21.54685339533913,20.36326950010298,18.385304653989344,24.901083115190627,23.130737612404175,21.589246484947882,20.229150792687516,18.31619140384374,24.69125398184811,22.9707325166407,21.748187309337993,20.062922530568287,18.364036002241317,25.022235957564405,22.952707510177397,21.71951627176353,20.1395986346231,18.3415662221088,25.201748320512422,23.03718286385869,21.923000481713743,20.20594000268163,18.363185857674292,24.870436503801606,22.74896886610726,21.932962707059907,20.13613268963592,18.472310583202166,24.85472519566148,22.775048845969536,21.97640030457006,20.33178147323694,18.529627531373492,25.142199955121672,22.672769060653774,22.100164415865617,20.442185571886593,18.573684247612544,25.056117868527576,22.628332247859692,21.8612082842998,20.267775660241007,18.529026538756106,25.17124938020937,22.576624896620007,21.569229128145608,20.228604775082736,18.674450345822937
25.321292048149065,23.21371520387085,21.987385321269503,20.587936511765115,18.85700927519156,26.131444686234182,23.474057028089813,21.130739304053364,20.64338619460979,18.685920842277294,24.51657430323785,23.440048730288037,22.16173130407426,20.20905639622914,19.06160438253165,27.231398884548945,23.464381313793844,22.058984804995617,21.232364860797986,18.70459042776261,25.761697134750882,23.479176480446007,21.798637704100102,20.777798292737042,18.913120287194776,25.971365363345836,23.72031732887748,21.793032527876417,20.821396813719588,18.889155661330683,25.742604736200928,23.803190463908024,22.08782642078325,20.820744625970967,18.938227112842466,25.762854054185038,23.696078637551814,22.256808130627633,20.98368971020283,18.90818649208672,25.222757872455446,23.53630357974614,22.264316350867453,20.86936071872337,18.930448116814393,25.13435466148771,23.320457256216038,22.28525492277141,20.60574421907595,18.84139970185405,24.587298656443902,22.89277809868351,22.438483217058497,20.586224279880373,18.79861748064946,24.4721392125322,22.481461603172516,22.411449336318295,20.58955596534137,18.68696103251225,24.912040345559753,22.56793879045438,22.01850078258906,20.45295616939841,18.6086012335124,24.96668450297694,22.800768049402173,22.13764371624345,20.331432645233225,18.574150702786703,24.917785501532308,22.938045710032963,22.31553674196315,20.532655473478208,18.510035391970327,25.443493634266957,23.15035438776124,22.159465380927294,20.559719365399456,18.524415685023207,25.490568549311313,23.474374939082075,21.988906158068453,20.516764317502144,18.53994132837409,25.164593232652102,23.257431693126165,22.049664203886813,20.60253649811808,18.527226268835655,24.9016826512444,23.12290778591477,21.942151034244155,20.65987913069015,18.562941722740902,24.753772005556527,22.98124341334044,21.621375405993597,20.590212362387025,18.612369389990096,24.478961417432014,22.889196347865308,21.37183906507699,20.37725385413419,18.564015078363724,24.56457060306615,22.85582774411962,21.36087055846294,20.341989330325163,18.541100988672397,24.65010134580448,23.057295780041052,21.451859351892086,20.207622994593994,18.63720059638368,25.13187988266078,23.287897691089896,21.406422204694213,20.278182578284973,18.609165692470974,25.005849077261963,23.31108362086315,21.48231414075692,20.241558195364057,18.59258201912394,25.115061552605475,23.352494874291022,21.819733134131095,20.40849056234516,18.756869917918475,25.001025101506038,23.32256235556684,21.85899396564936,20.556641936369477,18.900007418511905,25.1886882189874,23.302966082770833,21.785824204527263,20.67877935185938,18.80578591299537,24.938971150198928,23.020301206693453,21.752121647121804,20.665667988322696,18.796654451347425,25.255372985350267,23.18689065819729,21.62691300942975,20.650305677666196,18.810914403414362,25.296436459650966,23.2774088691077,21.638661715239614,20.59094024623825,18.745799793620005,25.173954899338042,23.350488959814125,21.59510770081896,20.354355606154066,18.63133931463475,25.02207315105545,23.33347670640836,21.682192926668485,20.312551795006843,18.572574624324513,25.03736150482918,23.369922545409633,21.782852729996087,20.260711866127583,18.540776008272093,24.738643227753762,23.20897609028396,21.975617866966964,20.224061974224973,18.544903036386128,24.882954966164306,23.23960237553949,21.92044310081498,20.303337382801544,18.54954828501961,25.247730739222906,23.17520160886518,22.123909076513634,20.474698677602497,18.520859008612415,25.03020917882806,23.002079537828667,21.979718454199723,20.35070444478773,18.696426284268462,24.900349150557666,22.915823400372894,21.991979696783048,20.363502241468623,18.73838835588095,25.172218124313368,22.86817637160227,22.093423771596232,20.353728195560294,18.771052016591717,25.12592725875529,22.88065445106823,21.84582133615431,20.161715664278823,18.719913341387517,25.175347318226716,22.90356148782028,21.57087206424344,20.029770456791784,18.896560054767352
25.821028704020883,22.869914498263704,21.447451099853577,21.172889596257786,19.00428089412747,26.121626141825274,23.414002013384646,22.017743017309673,20.820337361553843,18.782124745407387,25.05978573426439,23.85707488824977,22.305982634578946,20.361097302836324,19.26938404687074,27.020826295895773,23.66671480027927,22.057555957403054,21.32292262658772,18.968133323757915,25.86273805711905,23.54034271171301,21.875834815778266,20.93626530042072,19.001596805654493,25.98912595937539,23.865797735826263,22.05709937568227,20.835307013589663,18.90556248899756,25.845459272258807,23.97780879642542,22.126001039939286,20.826506752077773,18.98911939740347,25.75707540338081,23.759382699375955,22.216159569506182,20.975840531724977,18.92386392997332,25.40287228259251,23.61134262685299,22.126163449480906,20.845993941959158,18.93975373395567,25.41511134647765,23.538984966161046,22.127190878985374,20.66616169364063,18.964387846868988,24.91855427197946,23.195365816269824,22.237615752076398,20.697557609993513,18.906749458940673,24.795817229116512,22.888717636476137,22.239197099562215,20.57900713553737,18.794537607915608,25.096119314686497,22.943783625334653,21.88110093121942,20.438825428098927,18.777326644317533,25.00751712739783,23.115633211338416,22.04139501586347,20.33850500361911,18.703447385125692,25.06870793137221,23.13046041199025,22.307077395859125,20.504518329558792,18.656653764423737,25.44905265971453,23.199741214272493,22.112705065826226,20.516329427521853,18.821969312829317,25.386352590224497,23.406657563141486,22.083763841891994,20.58339640422136,18.832083058070406,25.17107534281776,23.307999256534494,22.112867640037017,20.65928769042639,18.789364187921585,24.894149363206754,23.077017413725656,22.118215029974078,20.71132089818024,18.861866842018063,24.611620595808255,22.96824103565273,21.76523291373578,20.633511429235742,18.837286396667263,24.471073963166077,23.002552877478706,21.721262385811322,20.493891888381604,18.754966393277982,24.56248371955827,22.981453306664324,21.599953343729258,20.49819171548024,18.729540986276948,24.834552181477353,23.143865375975043,21.781744768614637,20.444952990990853,18.77331834169845,25.50877159076972,23.550226759415036,21.71349053801239,20.603184272021945,18.725563988958264,25.60614652797568,23.533255195672222,21.776989681555243,20.618282105550456,18.840420249950977,25.702719259742782,23.530203354186273,21.897571061666092,20.748597249681147,19.04431974017948,25.83086473271711,23.485827592462204,22.000187632341976,20.83564703071404,19.208493874880354,25.93639767510179,23.4806498761422,21.962098203363443,20.838196835602247,19.183074960637303,25.615407402855624,23.22476997803589,21.91379518958172,20.78671778763745,19.192803518885658,25.71948151775543,23.397053439217466,21.93389066372144,20.827757242794604,19.050998894590002,25.601727588266368,23.51403029374839,21.946162383853753,20.695207333731684,18.90453698279945,25.35860460382344,23.545654967032863,21.91445860573148,20.58218238300669,18.739865678745844,25.205203322323353,23.49445024113334,21.857834575128926,20.629018804130684,18.630380853443448,25.04082466537981,23.463050849221332,21.95929352068835,20.488890068942204,18.573371275810835,24.767749589092585,23.24402783398883,22.117667290818034,20.391553257305777,18.615047262498642,25.08445294249244,23.033115455900177,22.12255825773375,20.547951393182483,18.612634307570552,25.425867841558308,23.01830047403168,22.244669529443584,20.64986680549278,18.573658431073717,25.052807931690655,23.048210149124234,22.249168526483448,20.511055886065286,18.736010988839244,24.84380183871994,22.937910659588372,22.265294365966863,20.600140378635366,18.810205059451494,25.094554918247944,22.943701045443657,22.2955870017065,20.628693056857294,18.790452534426663,25.032622136022177,23.121443220189217,22.00318963212925,20.359637699184784,18.75076598180082,25.019217795976548,23.133655343085344,21.818396345806356,20.26451361570945,18.879105132856594
26.049910971687478,22.795396024414288,21.587645223963058,21.24388154274327,19.17087918981772,26.352361328927707,23.568053507984892,21.81345924156012,20.56195962133401,18.7755093145806,25.006891177778943,23.914615827476585,22.004850268723793,20.68063128765657,19.225909996776192,27.846879665151153,23.010245031928584,22.305297801723757,21.08993181144994,18.821405376662504,26.305895618231045,23.432566304016337,21.878892443341385,20.937123633910343,19.012911398514625,26.419676626409093,23.750659405262134,22.071954553473493,20.894612263618523,18.85559404800719,26.124389295434593,23.738261404658232,22.261876464541558,20.940446041054507,18.90168078582294,25.962294203383806,23.606958828028134,22.39844263102851,21.061558189367346,18.880315472544517,25.452714808927908,23.60661532294719,22.316312958648812,21.011390703190727,18.903142527681386,25.539232446069526,23.65451194782945,22.28821119782044,20.86000193624948,18.8762505274072,25.042623853648045,23.3244927742793,22.282154392006685,20.795410519578517,18.95362548678947,24.999675204327037,23.23702150036213,22.228795318705085,20.712807490272734,18.867921745029445,25.248785574473906,23.31609414006308,22.001727643597377,20.474175820020324,18.8542861855073,25.377690901676534,23.54959852853305,22.02910915802958,20.42438559331485,18.86664849909636,25.163367554575153,23.485765649185517,22.37738290231821,20.46602412361062,18.856976942977504,25.535302393478506,23.592423321216035,22.30293487824523,20.49794244206624,18.853981410769826,25.669265010498144,23.822550804105678,22.15736602003964,20.553939885991603,18.886990461954678,25.53126329099379,23.635201416909204,22.15432808269794,20.757345239288252,18.85148486926811,24.959352184416396,23.403210426526677,22.294013332435085,20.751988808648274,18.843932492031872,24.735327139389703,23.280419850177598,21.875409675038345,20.70960036191578,18.79395866554118,24.873288287016926,23.256898902452484,21.791630993759966,20.56755005417179,18.791049347591716,25.022040304312792,23.11536925345458,21.828845308583567,20.560243415478286,18.755836747122782,25.34962893498973,23.220876571704075,21.961322486530552,20.47342013678565,18.725419022971245,26.163834587327,23.557428771428924,21.903961172033775,20.584649941418146,18.73178290040998,26.29057807340535,23.543062446951794,22.05807190069514,20.75649065208372,19.008207027243426,26.068596568569955,23.678312495687365,22.144341926660644,20.993243999854073,19.423574023712114,25.980490306053497,23.563593284397683,22.199981996266498,21.06482600819056,19.577741103094116,26.08082707375284,23.627494618852452,22.226863646114175,21.12386082290306,19.472858817989678,25.77551433317837,23.426099949998694,22.0937261584004,21.158499345566245,19.42428614656287,25.85433071200344,23.674942743519807,21.96364089893332,21.05882591888726,19.186946177314873,25.776382273653184,23.697845978324928,22.048052719002637,20.93090931536051,18.842283032627744,25.493294955047578,23.75099026390759,21.99225333004811,20.800824482588737,18.606025991723506,25.281309464035193,23.747196634543915,21.87691506187785,20.74501131779873,18.633796009167533,25.532518589576608,23.633841048510703,22.036375727262428,20.626855194758114,18.597603692299874,25.537105935876006,23.299112881009357,22.239832475238295,20.541305622215667,18.611689134678773,25.80952014886541,23.23197083619574,22.339158102929986,20.670347573173,18.64406305284249,26.199699410803465,23.277872586018727,22.538915828649674,20.839780446484802,18.7768117253839,25.942431839760353,23.236399335320318,22.59665266591051,20.70047533884957,18.847648212500587,25.31021669470463,23.18206718053326,22.473431023045578,20.773822342415517,18.888350069451782,25.193297070969496,23.035364668662943,22.48388624099922,20.796594591948022,18.83338231304092,25.19861691961243,23.01018508712138,22.059298448630333,20.48348471595542,18.740307946067592,25.239987337360894,23.062725424371234,21.960893425554644,20.403623742950156,18.770259329284976
26.421663141430123,22.643214608584806,22.097362361327956,21.303463394977097,19.01557787043904,26.165915704289347,23.61361634444767,22.049430368778154,20.602163188648575,18.63117369361449,25.32299735983094,23.900827904196223,22.19561951297739,20.395440425649593,18.763624762283072,28.004299509645247,22.986614659377373,22.515885555075197,20.990775492134983,18.943294869043196,26.49441397787927,23.40266785627785,22.10536526147418,20.876185614023573,18.88920026843964,26.522069924806534,23.776769598574695,21.997731364617113,20.733833486895715,18.781808476266768,26.456543375061234,23.729824539173077,22.149669459261688,20.812559731686807,18.933624816931125,26.635650479206276,23.564190411388477,22.299581029156716,20.980992381826084,18.994601127817173,26.378185446990216,23.63448212782879,22.238368864190893,20.98631810376846,19.084394994514177,26.684855998149544,23.845623688047514,22.309779160251303,20.85159005525717,19.069625698129453,26.37274380005588,23.48803557821813,22.52948011961546,20.917019786460106,19.113455434063347,26.353728094137086,23.475956297560636,22.4454705761282,20.848961081839217,18.834676618516873,26.37753987089149,23.6940409786753,22.289123813302815,20.685902557020345,18.85668447882207,26.25275512271873,23.964399054210254,22.23956249935549,20.64632867091266,18.711180927209664,25.78769147843866,23.774815614165515,22.471985384276216,20.678478769239216,18.66736625819529,26.03998161444119,23.838037134186216,22.303046466681472,20.66911150459059,18.639819085341156,26.10758492186301,24.094460336992945,22.261660477237342,20.67153514494991,18.8284503717224,25.864768094985514,23.92051695541293,22.18512212614828,20.795266945829148,18.68883140479328,25.31895418736257,23.53109304935513,22.361521081244035,20.78792539825296,18.749509694761777,25.13819258017785,23.44359820610088,21.96553683029791,20.78018078549861,18.717197063179164,25.424997171697306,23.600862877120072,21.94833730157787,20.63388337348237,18.73981248385154,25.29098813047038,23.35590938718273,21.85325815503279,20.66205977295096,18.63438370691457,25.62673843193221,23.34405023005279,21.931754449629455,20.56174871297217,18.625388409302712,26.5602269026539,23.766668678468374,21.781018136424844,20.578625330164215,18.626306960345314,26.725829121078135,23.797243028326584,21.996262433532358,20.767558350476463,19.006691303566907,26.36567135049363,23.813345512548658,21.969251394446506,21.07548826029843,19.581587617580592,26.445058331987376,23.81105381990082,22.170158441139094,21.08263922211732,19.805659146341576,26.52218985604116,23.898145582684997,22.234797300038885,21.129987348821555,19.832223218140705,26.161353590683007,23.59991004650856,22.20515866436538,21.22075915579846,19.76947582116429,26.236254074809256,23.787360627713714,22.082081831194152,21.110983800727343,19.521812898573803,26.153607193415922,23.741202720440015,22.23650032082293,20.91256166184377,19.104399495707224,25.75328194273468,23.749429700465424,22.017085189587288,20.795187664843915,18.86225920427459,25.566116633192415,23.750386532505964,21.881766365125536,20.767491392826315,18.844323138354675,25.542396668090202,23.76697780918305,22.02529799711132,20.673596928306065,18.88460919005309,25.35809646817209,23.392078935224617,22.197301779562373,20.534216988055114,18.82175919343986,25.73025180781743,23.43249051408065,22.207521284953724,20.607303790601513,18.768424224178762,26.205497760928655,23.353658931486105,22.44473355935528,20.776759073978912,18.780899047349813,25.892460952847376,23.251685937377246,22.49811731420673,20.689704932160573,18.739302010924682,25.33208247397807,23.10213600957822,22.308118798488756,20.677688001829882,18.65653169194451,25.328954752529526,23.11023747417692,22.32054449694963,20.71242748152195,18.505256593291563,25.157168705625782,23.096141981091595,22.19555423890327,20.499715985787134,18.36143996719179,25.06387433471934,23.182698408688626,22.06321811179336,20.477321194950413,18.46782729672524
26.42272044248911,22.661560103288664,22.11102933066834,21.323363543558628,18.953022421986535,26.171356938948563,23.616122765439354,22.03099835632973,20.614535393559073,18.70741122601127,25.36177961294838,23.906632338563554,22.20233852387101,20.373354888375783,18.733146079519702,28.006366476098748,23.006628030786434,22.494337436186058,20.991935179293844,18.9577649075091,26.50429855799947,23.410887158809924,22.098649208793233,20.8751468230059,18.880861083424275,26.5328639718183,23.782798325269034,21.98240218439374,20.729999217322423,18.78013685362963,26.468852175962052,23.739607906812232,22.14080532822782,20.801885367050257,18.916688198291904,26.64048984501357,23.568872713602495,22.287634570479636,20.973519415857517,18.98932804065754,26.383695309833193,23.638307904603497,22.225757996686077,20.97967354550591,19.068743882851482,26.690622613058565,23.855879114329515,22.298490392752985,20.849294767495316,19.069109989558633,26.37256776159544,23.504890362171615,22.526406278088736,20.912364296035584,19.110267128356625,26.35272087772089,23.49025176349432,22.441623571268195,20.848563291228125,18.849858079984415,26.37686064342639,23.710200168859952,22.28971717979755,20.688600543609468,18.866810997571196,26.251568568991377,23.976015535428346,22.251134894113633,20.65112817225988,18.7253007620826,25.790540903465285,23.77980397001574,22.488595930524312,20.678022553464224,18.669472207908765,26.050583689379486,23.836324033290538,22.312242378154487,20.678050612209194,18.64472395200049,26.11599331246226,24.09737806765145,22.26881626451428,20.68029416792394,18.812227421642206,25.872245447444595,23.924394037471014,22.18803971175881,20.79826158312666,18.680352629025496,25.333227205050775,23.540400620335337,22.36698374957318,20.78619599888293,18.731492010467612,25.147399566510803,23.456731708204536,21.98048811584635,20.78132677716287,18.717764760085387,25.433101611682353,23.61220945525364,21.97580578439331,20.618035760284258,18.739740223979066,25.302043960515434,23.36481185410677,21.885390345296045,20.646073281563005,18.62402582800152,25.63855681837195,23.354719319669456,21.96134508313016,20.554474140843183,18.611024517021683,26.56443802759255,23.773181872681302,21.811418500930376,20.57465861227294,18.629602064012786,26.73506479600862,23.8058235204602,22.006352130016435,20.765307825711623,18.99509918121833,26.37647893259424,23.82471283005031,21.963560313826626,21.080688279655156,19.578470325480883,26.455346285727767,23.81865272697616,22.160341178028226,21.087239600071488,19.820443834817663,26.53171054889824,23.910865464099146,22.232476989694423,21.13301703123492,19.82667730323719,26.17277368247008,23.618281596126117,22.187830402906293,21.219210329182086,19.75012261009357,26.24309670076435,23.800046861134625,22.0655377903319,21.10998600158097,19.518049175847857,26.155320464208046,23.75445658995084,22.233165196477643,20.90734771410632,19.10496513536189,25.75872744636435,23.76674459915742,22.010006105950104,20.7886200761384,18.855205783489303,25.569515557921356,23.753726467198078,21.872180105515262,20.753421598066787,18.849730278212537,25.545588524000884,23.76944796502041,22.0157516484749,20.664326736495152,18.912303654566053,25.361847328716465,23.40282526249637,22.187788541735312,20.526705092584482,18.839752473454837,25.737188008217924,23.444882068526933,22.197592297070436,20.597930104591807,18.777966169925342,26.210483691377362,23.363383964513325,22.446564365578546,20.77244353057987,18.78771303797142,25.90271920482187,23.268541471942584,22.498957106111412,20.693309424818207,18.74510183269726,25.335760021842315,23.119865860222145,22.312493139298795,20.680333111297443,18.659504675669197,25.331781725585067,23.12392083430681,22.33517670917792,20.716149018763222,18.513171889273025,25.15903982409241,23.103678900089882,22.21304464009732,20.512805643342713,18.366054116912263,25.063002080997432,23.18804682859249,22.071161277205608,20.48699471612386,18.477155157113124
26.65845083932869,23.10336657563557,23.585728528849298,21.503204295579966,20.376965467290777,25.46224354421943,23.039266415716877,22.807387838937142,21.34570750921431,20.040614306007406,24.569790540015735,23.765532587630748,21.953264145697652,20.61132777538724,19.488715186883542,25.429008268360292,23.442330868160443,23.079642651505477,21.4767608161068,19.41387910933513,25.530442656152655,23.325327897020735,22.623671602217527,21.25903443256267,19.78326603709859,25.452587173095846,23.605221614224774,22.567839130029384,21.11192276512623,19.65507205843634,25.783765028327498,23.83050343638661,22.602615971048362,21.072542671486524,19.577649997865755,25.886576263445896,23.61930696925524,22.840176136034746,21.208142812553547,19.6391321462012,25.863778971006866,23.717351145360986,22.74015929104061,21.195085203146217,19.66309640811142,26.311958081098897,23.799352941623148,22.849960363485806,20.9910469405121,19.614700621994235,26.226813872352636,23.51185036079841,22.731297023665242,21.12594956022757,19.60584682613725,25.854868090436774,23.276493222371236,22.674040967237325,21.053561230764537,19.549246055665648,26.403794853417356,23.49566173677473,22.441558600455696,20.91126257583918,19.526112652493705,26.314889892696623,23.45474748191473,22.324116179782717,20.71054507689563,19.368866511558817,25.527218210418518,23.44615255511264,22.401696236561385,20.803170770915862,19.304295349710834,25.68627856937448,23.750232930667,22.34051876761781,20.770415033932203,19.201481520040197,25.84355506078162,23.76351166725459,22.24536849325188,20.747489836536285,19.17183413318097,25.349461164608112,23.611080128865645,22.301349252237863,20.829398748123886,19.04879234580447,25.202170184336175,23.374973795790133,22.457853401323142,20.986346535909114,19.120244426358084,25.58855943911878,23.365829631200363,22.170518723491654,20.954403328851647,19.132229518698104,25.51375959685545,23.23903923927269,21.87060682630412,20.76907004087506,19.081108768979394,25.325443089165645,23.218078147711573,21.622023845429112,20.94666946008349,19.03484253990206,25.064314345458808,23.161097438135446,21.541060679902497,20.87570378231204,19.06022827490313,25.569844892074627,23.52883488237257,21.439069161326053,20.782567978586812,19.08435939051612,25.68936327458828,23.34206103017696,21.49697462865837,20.83110102749395,19.167453860777858,25.595182717665992,23.120708371768632,21.63588169616078,20.951657461024162,19.277316705084893,25.718835427063397,23.299317384579755,22.170787450704015,21.015284580492683,19.790185714167258,26.167765005564384,23.3906748228204,22.315110163043972,21.112143496055758,19.865968655236973,25.800326961050946,22.92134647804307,22.1992453435993,21.204162087206264,19.76101663403516,25.78744108397914,23.13764057247075,22.370691496612075,21.26552134375365,19.76618933197843,25.522682034358162,23.358587365813086,22.47685574016531,21.31081517204731,19.76463604370066,25.435247712567172,23.16394699014408,22.151298673691013,21.153448544133617,19.21294567187052,25.231122186888292,23.339072589424223,22.02346184642985,21.13750509042234,19.133259695010867,25.394907579818458,23.6021955493841,22.185698474232776,21.033027068385564,19.2125279253137,25.303833115609137,23.55856038295344,22.06923746262758,20.881180886152897,19.136192139647985,25.902689620507005,23.637559230557933,22.197911085739502,20.874604353714584,19.11213826141869,25.691320361669106,23.65601343049605,22.33791443682596,20.89814939184293,19.019225979759636,25.647735606932542,23.389655641393233,22.394465434936002,20.757394646208404,18.975898131703993,25.559115097824247,23.288792182800016,22.22126102378657,20.840577481842434,18.876843161682842,25.504687790789554,23.260164190956004,22.409083224185096,20.928429278525392,18.89398281527872,25.10210034051998,22.984662353026355,22.123003434541456,20.69300350436523,18.864738090883463,25.240603878095392,22.96220056296947,21.921107881127018,20.648414258110083,19.07826227160461
25.718893580168167,22.62868217983663,23.100424202913587,21.77294533540766,19.72474171803131,25.368147473182646,23.075866128745727,22.83028298915703,20.795230757408625,19.388116386130196,23.545301731578277,23.231327886416462,21.816366564081207,20.164796449996967,19.35338476703761,25.55075713609188,23.530825584582814,22.811289651648615,21.426748594798784,19.237562139899186,25.176209899635218,23.101084190317785,22.41676557471152,21.101880048006073,19.391941874499363,25.17672971039776,23.366269943118205,22.376000770351915,20.89214288989961,19.299165961482124,25.41308824708601,23.47988201093826,22.41197036086643,20.91607300664648,19.306749640225007,25.67442844541905,23.413547097445424,22.567866041884336,21.104568305099566,19.26160500733101,25.57681284745007,23.454739491507823,22.40045520347347,20.98621481874986,19.281745682505633,25.78779392853729,23.515347623570456,22.511930706906888,20.73953575595545,19.24163683095987,25.401804966456318,23.15549244376332,22.405420856950602,20.689634535137934,19.15732864246548,25.036994491139943,23.11162918768758,22.23186444692149,20.622542341982996,19.07234695521231,25.531501518698846,23.18024174136603,22.058615762704324,20.514260591217862,19.11658854880194,25.33315416671301,23.079064471070843,22.105653024153185,20.387032845066145,19.052656871689354,24.807000277579426,23.038651539662343,22.183963591243838,20.547241747311475,19.037314850286823,25.21832866288011,23.329569883602158,22.1687043720974,20.651811804872292,19.07558912527941,25.37692548707555,23.137244441772303,22.09850314767946,20.656735570936664,19.066453535417867,25.04372616048882,22.97488783961804,22.075420240961144,20.75671410642759,18.958521622033135,24.958133591595114,23.00400203415865,22.199536319713175,20.867170436614053,19.03160160916406,25.281227500628663,23.077193262979012,22.051185307578372,20.76689841804241,18.932489935927087,25.309537942495847,23.107348424975733,21.89739569298944,20.63217472800219,19.04398805118782,24.988393741933926,23.219309868043947,21.75754937257587,20.836937940007708,19.05666809155442,24.854473330593798,23.199961618450295,21.75340249464068,20.69969078663053,19.02867193394004,25.35091701338363,23.277621316268732,21.522253785988163,20.67891492609606,18.975050833755677,25.315840908198503,23.15677513425277,21.443885609604884,20.705739085199276,19.162672496020125,25.159491290122553,23.011119560358978,21.397351099969477,20.806205472635035,19.175768358166078,25.393026618405464,23.272320723066734,21.85126843190192,20.931388180264882,19.68876660359986,25.71361137545667,23.492124522849327,21.946795940245025,21.056785037192043,19.715530770162136,25.485459297915657,23.217988784349554,21.90430012028807,21.0938822007316,19.655313551598105,25.52452190967402,23.297797053192326,22.038136332959734,21.23950868723709,19.51712402221252,25.282486979256877,23.418858984202593,22.23804466841304,21.2701612670254,19.47572158246342,25.261976347653114,23.035445377228328,22.047038436023044,20.99024585816864,18.910260501864187,25.025040411292693,23.026980835949253,22.03405729336906,20.965944918036293,18.913181336009234,25.11098241888501,23.138188082251396,22.205516642646703,20.823133171305205,18.946563206294904,25.09987713371927,23.09204667594622,22.149676969735296,20.570831853988793,19.00964637522941,25.700610305929523,23.168458874019716,22.24137124653555,20.519049856255464,18.927832209015463,25.654010378855293,23.20313897054648,22.28265776838656,20.529724116673464,18.84275476838291,25.608297250527745,23.128039420030085,22.28757531162026,20.48384352777787,18.86278715510968,25.162120374745633,23.186998809266424,22.16930314940952,20.65036790824852,18.8147945494949,25.03468432986328,23.147181272235088,22.28728286602966,20.758365769891093,18.856709689961995,24.74643538832155,22.991114262865942,22.08749219794392,20.673516019709798,18.829158150945798,24.793092998299773,22.91773963492601,21.749843684248535,20.673534774213923,18.96607081446276
25.45794921130893,22.888809842917432,22.991233989885966,21.6415927503829,19.48439355455333,25.733024698120996,22.96894591876829,22.403850041799217,20.61766294727032,18.870291849277027,23.81477674681721,22.69450309766253,22.23937431921482,20.636107567262762,19.634268180250505,25.86943252061922,22.965497818497667,22.856418943426274,21.143736926943216,19.300563832356264,25.244880544847113,22.884944900927422,22.548770517967473,21.072689445973975,19.364431120738345,25.28240617323317,22.95130029193802,22.43219240295708,20.91355153235003,19.369244073032625,25.159528918576296,22.950250655029972,22.372025204613298,20.902400251921375,19.38197759466043,25.324575806657293,22.910225570354264,22.237848510464122,20.982015883209133,19.28112111749573,25.013230024937577,22.795250456603366,22.060001357205287,20.91360732056322,19.181377026156937,25.08867970828403,22.876616005349042,21.93154532757163,20.742698895267768,19.09978099872379,24.70350359278838,22.74689242482048,21.841167450767568,20.64672656923029,18.91597631115659,24.30252768776512,22.626701082535973,21.674336784120204,20.610950780081698,18.836060024529438,24.727608382014367,22.683278476299495,21.677066610037606,20.509841001822966,18.759079806066783,24.768862309484003,22.967891429354346,21.78793647091612,20.402977148108683,18.76874796631692,24.343725028331797,22.846658633911694,21.906555143826235,20.4318238009076,18.72459885085167,24.684306742825186,22.957129943040332,21.860615793514906,20.49461731492475,18.82237684413338,25.013846803535458,22.97691794092966,22.079345363639213,20.444636269724384,18.897104264612096,24.45271973495362,23.02412184643015,22.124805693425408,20.507227019884414,18.943505566888845,24.207839780384994,22.932635746889442,22.177321919856325,20.717287891442943,19.027161111876264,24.480494878848955,22.80825801601796,21.95329867439503,20.711973401653175,19.054794062185465,24.509500629309446,22.746403231031376,21.848024746264585,20.715221314655473,19.058867073811328,24.414813894461766,22.856104684801686,21.60388739583347,20.981674838889013,19.012399356146403,24.640095633816607,22.817053319121225,21.560739272861216,20.950491697102898,19.159854755268878,25.090967271523635,23.023250158612132,21.49001561814743,20.914280913592016,19.125137116910274,25.26829821983869,23.25489295354372,21.507535158575628,20.934822798957164,19.229486711789747,25.21250773422154,23.3804918688768,21.816202572645615,20.943038747791483,19.285076391871524,25.30165309778649,23.49358704805786,22.19780621923781,21.062777610285245,20.058743864814524,25.45746552424804,23.45021603825274,22.3899680944117,21.128077186281768,19.958994780911443,25.267121727848085,22.958212621774067,22.386347252143043,21.089046177516632,19.928565078963764,25.032177395383442,23.046388115826872,22.468450596238554,21.10209192271304,19.822618577321514,24.779778940276803,23.032282355558095,22.275109973216708,21.00153430754181,19.820055183068337,24.815761987557643,22.925074435899667,21.961225545315102,20.684450858615897,19.09493324873153,24.829371949269476,23.068349164269016,21.738521786573436,20.639208967692934,18.98919198695151,24.815284157241415,23.346358540345005,21.461616912644335,20.5503840373676,18.933774659128538,24.806779419469244,23.177564858474337,21.319805486913957,20.436159029384292,18.886117295923793,25.25305566267001,23.189496115820354,21.314900955696082,20.54115108177127,18.84608185102994,25.350555882814326,22.88170948808952,21.578322282002667,20.60781076744334,18.743627068481594,24.930183301881904,22.70332994610809,21.618083759374517,20.509100835113408,18.794718732142094,24.646737968479478,22.625885220080836,21.869533408989085,20.58152586253158,18.871960688391674,24.679087283377626,22.546109661173,22.167847331291643,20.576333082147904,18.96156392813801,24.512487975169638,22.25377485104453,22.04970491889764,20.465916283072225,18.98495334536104,24.460744247612915,22.599749057205756,21.69419239880736,20.462793802326594,19.149543671123165
23.732169313284654,21.643146523200283,21.34679273889906,20.241175969540787,18.162510904023687,24.89354866292358,22.16143873799224,21.341163937060283,19.91917770540488,18.117983754591123,22.86746232756555,22.57725740422907,21.533506663821374,19.30129481928794,18.244227450407685,25.18359183698082,22.231216689171976,21.61369867609147,20.397410558185353,18.269924276211427,24.2566013654903,22.23759242454197,21.181443187207453,20.06607609327201,18.22752718704121,24.38680236239366,22.437688774324748,21.212297428850718,20.06171058558358,18.245252786863826,24.344868666740098,22.567790831262805,21.31186137998453,20.059465432776552,18.259919267286357,24.484711383041603,22.43958183574295,21.274522958574106,20.258441004478914,18.283727126315135,24.117651248024515,22.45799968027402,21.21337560489551,20.131648251606528,18.300830378817107,24.05055388012601,22.332076698629837,21.358836326584363,19.91732894797112,18.28873098493749,23.524807935841416,22.03193554360417,21.39462917219692,19.85342535907477,18.212468760611483,23.234437658158974,21.897891901684137,21.391841658482548,19.791403536639955,18.16269921506179,23.732779725643415,22.036544665600637,21.19669968144094,19.640886266974327,18.097315294528194,23.683726992419864,22.128354121256272,21.24786350425642,19.53656640565665,18.015668664720017,23.364929318707294,22.229190941493403,21.41322780955054,19.641614283476173,17.97578758457298,23.92009274305412,22.509528045814196,21.244495917453722,19.701935076358136,18.013675178303764,24.01054647870782,22.44148526582862,21.06720496192793,19.734512235112458,17.964338318948972,23.582208294193798,22.194750466382402,21.04353385547646,19.821046054537362,18.00441617407943,23.426293306796527,22.086819249450315,20.971531594830406,19.919543585359037,18.089138051992276,23.636218425657987,22.009480334141315,20.731535724824887,19.92550455572418,18.04470625658204,23.456861575970386,21.909240418471853,20.63655280555534,19.77384791528396,18.058154062093177,23.431291199933987,21.97350709020258,20.517182020858364,19.903130155361076,18.154020621645262,23.424894213608763,22.02745156635195,20.55850636208774,19.758462679008062,18.179425450298304,23.857986972776672,22.166733276030023,20.497191441453367,19.755797732017665,18.082693976088528,23.742880068210876,22.119430156932467,20.445602901527344,19.737917971181382,18.119679064173393,24.026960363345797,22.022537436856076,20.667220604723486,19.8172058998689,18.153447749258977,24.02274304411759,22.174023670525848,20.943809103256534,19.833177765772803,18.51777212755521,24.19134230407247,22.20737247881145,20.914052027256318,20.031281150033728,18.487530799134454,23.988748953982764,22.02587204048445,20.97362992402165,20.089341387055743,18.529787993219614,24.111182162977492,22.16466520158635,21.071946327741447,20.032038518955268,18.440570636687607,23.914230062326,22.342405458263443,21.003474904492084,19.959816737546305,18.427284388914245,23.823946101584486,22.12230490124609,20.803759544601103,19.80519479989295,18.0111753497828,23.785041821204814,22.170657255527548,20.901531203300404,19.708385884859357,17.918526010861243,23.79645940139618,22.26473271822434,20.85549590960854,19.575191130464873,17.826396748693753,23.536040036001797,22.066984915909927,20.952835142008986,19.52142567125271,17.910862799793517,23.852075122029802,22.128402519724396,20.93783002288928,19.631459562511033,17.939584868182852,24.080868586895093,22.229113432079142,21.13036921501462,19.63821237421864,17.959349571064923,23.86394795115254,22.07992310356667,21.164100452341927,19.5899145556297,18.04950779290461,23.63935492340072,22.035549936755462,21.238746000528643,19.736857341407237,18.182302566861004,23.975769646802178,22.134403242379783,21.28311402241464,19.769154304337082,18.232560750488286,23.71973693396087,21.942224901595978,21.181181544174922,19.570100072666026,18.230839607827242,23.818194636268185,21.873351051022063,20.895694071060213,19.50949545783926,18.317349094103644
23.94164821014988,21.954749119263244,21.003230319761105,19.97474437839765,18.17918878863222,25.91407462104781,22.705096753205588,21.08825926901189,19.783185500119465,18.404608042364533,23.684171563442646,23.11315220358652,21.474744661426346,19.58861861883645,18.76458100655314,24.178012681457687,22.635020109842575,21.29290592400251,20.52236741149263,18.282680665303243,24.1948180433534,22.60389391590023,21.04391110543734,20.10153539846915,18.406886166633434,24.171704148195893,22.724302477002304,21.117128902749272,20.150679838711675,18.374858233882463,23.88497156085038,22.692876826689883,21.30920282086695,20.23962803414858,18.357539640131222,24.039365532835678,22.563488604468766,21.345906729576473,20.282386578037652,18.269954937198257,23.961207713294975,22.45089484958229,21.296226577740512,20.127447639477605,18.373755071180387,24.01278510901883,22.200700052178398,21.51932627568679,19.941849045166016,18.331547574742956,23.651804882272238,21.960067692986122,21.705945393687927,19.910368867630865,18.325337734178692,23.548257492587652,21.847143850216664,21.666351449678206,19.78980137790486,18.2742534900734,23.747015292253053,22.010039493456635,21.46546377010956,19.738520551977132,18.18157994467348,23.873329842017583,22.19171066688586,21.59739530444939,19.71781007624376,18.038397722852874,23.860716824623676,22.446312464129797,21.730267068317346,19.828575423791335,18.057461167459923,24.487290433421542,22.675316780259216,21.46108595674943,19.841464487614196,18.13651690823396,24.488642769358982,22.804071118707036,21.302319969451922,19.824716791836654,18.074442040023534,24.233157582507754,22.435127036319624,21.396985644489593,19.924961896571592,18.157776372069584,24.056825773278078,22.187071177916593,21.353732562870835,19.997584800635785,18.244382252695736,24.19897767671683,22.265003821089017,21.120011404776985,19.98414593873517,18.264368194811755,24.02869130268608,22.133577379679682,21.03347864436215,19.87999028034692,18.240118052539167,24.168130016305845,21.989063483828293,20.972024670261558,19.94772963550098,18.355191875590812,24.259256727393815,22.17603052975414,20.986737868039377,19.864731901244465,18.32320714513264,24.40179581012533,22.39075164902595,20.87469791511103,19.848643451892716,18.256914787699372,24.116087860117734,22.144183540347928,20.959513647901296,19.81634590990894,18.208049515285744,24.306109873870774,22.21781507468541,21.20126838989428,19.832149712277488,18.249698930630487,24.07171803769593,22.41909869392355,21.21929410532585,19.98058450340732,18.33296953941866,24.181436534725425,22.409788333195344,21.073634092308886,20.111089652436775,18.313705333514243,24.261562114930722,22.331788583568184,21.155938822076884,20.16540742001978,18.292415037802233,24.537568218571458,22.582414680301735,20.931521814129802,20.077851523516884,18.23399472122781,24.536517968343155,22.56848648951337,20.802898563146826,20.076005989190232,18.15083905222867,24.52663644191376,22.451609347710196,20.795200079236448,19.90165581780247,18.02195784259809,24.226294685457816,22.3714327616161,20.89019621040176,19.85854395684078,17.96342594435323,24.11933382512091,22.385403737639574,20.919818809178544,19.772209158142402,17.915540454432566,23.739264233981277,22.15308238310033,21.101154089630292,19.7344525983499,17.95650314004454,23.67985516411917,22.263036652253763,21.214258334468745,19.854312752692632,18.018140188657096,23.944017516338675,22.249951986840955,21.429370350016445,19.944007460841995,17.988992314058343,23.900257175443805,22.214726963120956,21.438259935872974,19.902420336280347,18.15084581240167,23.833772487165174,22.082184757162615,21.46596738821338,19.96774237074202,18.267589929096886,24.23329907713761,22.180972637709566,21.528059139423767,20.067013752517447,18.271587897600043,24.186210890103034,22.00089185661207,21.409604207662152,19.892886900044154,18.289896378417463,24.205918341601233,21.97919369765017,21.14907836640258,19.704749132335017,18.459001705001373
23.801607918912303,22.6442201075322,20.666353091008002,20.252574960176595,18.402633550759518,24.738787913293883,22.74517034374763,21.215362310994813,20.046511488736527,18.23892000063577,22.79552282679894,22.893033451372016,21.568370240657384,19.880459148061718,18.636289416213494,25.776725536897143,22.211561186619022,21.34704548619231,20.35947518706741,18.12090587139187,24.155165477310987,22.609165670400973,21.085237244431983,20.279052610372474,18.423481421151756,24.23213212185297,22.60814779611346,21.176234521023304,20.277615917213744,18.39593905922583,24.00137891190894,22.530435723951207,21.324502703905456,20.251823858134294,18.406551503673295,24.123383205879737,22.346350961166372,21.406249290660902,20.31581711093561,18.36705338520835,23.818089469376858,22.350296700361366,21.337304018233628,20.264778294255812,18.51147844188254,23.936534883534044,22.162835157373394,21.46289247580133,19.983837359123985,18.42549566926896,23.67346442702184,21.972972964820777,21.724582221009502,19.964832816384867,18.419060237673907,23.687952682148687,21.787641627571972,21.650790416793576,19.875281534811137,18.347258980048363,23.911378740412694,21.892786439047278,21.428251458151987,19.763569109130636,18.309181774849154,23.886343891682564,22.041905277513433,21.511108841398098,19.74264176463136,18.217015769618847,23.66357711701831,22.257301501725195,21.74171437679997,19.892764271955535,18.18554153279094,23.95534700468638,22.336097865296416,21.51975599624668,19.932686629382907,18.226770639361032,23.926511938670007,22.604905330575814,21.414335999478663,20.022978114551147,18.245362280112268,23.804940025838405,22.456452495656574,21.494560670774746,20.12956347318187,18.272592114445125,23.52264557467248,22.360645146908794,21.604219612537037,20.098791207058866,18.326765849161056,23.630398523267516,22.341670601669733,21.25259954186661,20.065230412239522,18.274925713206606,23.708477141688206,22.354728002485164,21.133312483849316,19.896587573674218,18.26827494460385,23.82825965731779,22.214911461695827,21.07502410958984,19.98444213070623,18.314646094083514,23.8620148745405,22.12616728796264,21.024200892219845,19.857421604872123,18.292437694920835,24.237852348616492,22.208800692418624,20.880905702800113,19.8780463448987,18.217737942153494,24.030203970032197,21.98949519500386,21.01447905285674,19.89468186582168,18.39606287922986,23.886761522134368,22.09187204108342,21.238349481088445,19.991671173883482,18.637861082989918,23.74311364172462,22.104761655907204,21.24587675254291,19.989748216377603,18.739581257283618,23.90407968757824,22.339428529939077,21.20017228264379,20.145804333952675,18.708773997921256,23.808075186902283,22.242130295003413,21.12644733806645,20.25317783384163,18.692380781782525,24.221850045877208,22.495622388086645,21.03369455490893,20.225861562627674,18.52597570353764,24.31605107499982,22.545917911794863,20.95837646203387,20.16022200064977,18.252125078621837,24.271684281123193,22.51431886493543,20.983717809870946,20.04303916575579,18.1101775610342,24.15654177620485,22.389905716534,21.038374574772387,19.95989893172835,18.035580303521247,24.237961104859732,22.33553878887767,21.16120949637995,19.831059958179804,18.05690422906656,23.746673914523065,22.099199539327593,21.222237506543905,19.74440560827137,18.130736420301247,23.86170039453389,22.020568256880168,21.20561135310272,19.892062200211857,18.174069296438905,24.142391172771163,22.191611941554147,21.427836448995247,20.021278451446854,18.18094047619946,24.036976760701712,22.284843893082254,21.310843994911487,19.92981633955652,18.3149800754622,23.839191622689146,22.311711620392025,21.371163961214883,19.983317014273016,18.364434941803587,24.208238002836776,22.359326646692054,21.392110094198063,20.020907471444794,18.33620036022396,23.97607738681477,22.233314925012174,21.253234793353347,19.87887023396087,18.34024369570069,23.921475000874512,22.156231391795213,21.093673470500796,19.711409685671903,18.44851674306638
24.82219528127037,22.574546936414226,22.016151410988314,20.87651907510872,18.687095664709002,25.76329500324711,23.25558996268693,21.392581219061473,20.481665854377354,18.74033993585961,23.904440292285905,23.149028434772905,22.126746334536982,20.416316718489682,18.8975715865002,26.01288856602048,22.57571477757192,21.764694353141902,20.76618673167059,19.23332702564403,25.13304101140572,22.955417113549608,21.715979339851593,20.708683505272667,18.891214669877144,25.164340949934573,23.126802008845452,21.71361246168283,20.6952000278373,18.919782048771737,24.87167268537268,23.083245593036104,21.87759478322144,20.711974245863434,18.954233112100013,24.86546202934666,22.973962194070943,21.92465504288074,20.803991979400557,18.94635584857005,24.687664232692754,23.125400947146304,21.871667108720096,20.751081911908795,18.9208745663579,24.925779836753332,23.133740864235143,21.85137674653247,20.61238684655131,18.875214743337768,24.760388310351253,23.018204605825083,21.959666175014554,20.549093510017663,18.79195939521957,24.542288434364423,22.922649497467,21.88284189580179,20.471742904597455,18.6889340964076,24.788017342155094,22.990679363028782,21.663575150222368,20.32050551967412,18.679349592131747,24.64719811962677,23.03725299324463,21.71336990617116,20.299155691720543,18.611904397415916,24.155716949838798,22.996839788225078,21.976472319825895,20.33210590177109,18.60671627275601,24.362826542791176,22.95781875698072,21.84511189421172,20.383673691969577,18.648583583699253,24.618860035252816,23.12145958420953,21.796531187768608,20.426098222919506,18.662350489021428,24.46243247619454,23.120192207520763,21.7587059788318,20.546527890222404,18.684107426876363,24.17322221351423,22.894060859253315,21.875804698374132,20.608292481776374,18.70043756988406,24.208502644862737,22.898183379207786,21.65217264724414,20.64156986033212,18.69850269660744,24.362722876393864,22.934187307531516,21.508122587251062,20.51517019205872,18.764808878732996,24.835523115706287,23.0551424857636,21.59381162386773,20.604985248138014,18.843395182433323,24.992883082405505,23.086347042165713,21.699562903452133,20.566185774293594,18.762559500305375,25.591722700352726,23.18630304523228,21.50999177342964,20.536520939794475,18.747181939243422,25.735464849829476,23.125040065457135,21.568581822245683,20.60558644173171,19.204703511312495,25.37854026946935,23.128828419511116,21.708091467742708,20.93779901704695,19.727092600066257,25.01830912045302,22.92696589469393,21.69614682718331,20.94741329782071,19.786309268034195,25.22638033709746,23.0463886130622,21.716504013184387,20.992211088877603,19.748727185842853,25.184401649010365,23.051285419004586,21.67508334089489,21.084050543963816,19.72438240794417,25.3403105812565,23.184354676670058,21.68372298743499,20.9668994698033,19.32568844223632,25.414163626513545,23.283764585651774,21.6622961310756,20.617003289281943,18.8374675751554,25.11537147016007,23.16995939248676,21.590141235761486,20.47876399466214,18.6881601277858,24.755748805161783,22.94199365773745,21.580985531414385,20.35997933817174,18.68672865737577,24.500784378628232,22.962461690569427,21.727657239868613,20.23286556973242,18.64890159332912,24.204228749728344,22.60440851402053,21.832244747056787,20.16760065349229,18.631944734475887,24.40523478456152,22.51427534058983,21.910428048174396,20.27860439782001,18.5850881899357,24.65428142749536,22.618317984461882,22.079507754516403,20.421463134574065,18.606251738238424,24.742415850948085,22.704286359016507,22.126359878499642,20.362627797417655,18.59433908205931,24.40397601555091,22.689857767987636,22.093580276321962,20.427309927240053,18.688063091197552,24.537008754460846,22.86617177894897,22.015155691550113,20.48543699250018,18.649330363614006,24.377806365083064,22.829977562134186,21.88522848102651,20.336031922149907,18.61691571499275,24.36797571037048,22.795062132495538,21.701025516276328,20.164039490505065,18.696342100726408
25.5191118274071,22.281722620986365,22.01144258552407,21.279868046834938,18.980312246644573,25.459294619954047,22.941340572791244,21.883544161807617,20.694059046016317,18.870415205057164,24.960625641035854,23.82292139896837,21.8211099987942,20.499852738566567,18.766471597537084,26.817487868954856,22.70717897691425,22.331803894445823,21.044980275738535,18.6324960652406,25.526604351239765,23.03212100038173,21.905212621713524,20.915032150476414,18.86382980207103,25.3161594825939,23.280375512355867,21.73121569661777,20.765276773435374,18.779488671302346,25.29117044738383,23.316895347524046,21.839182553177665,20.78471954546589,18.765098405810665,25.360945928960717,22.956882664170557,22.01689861616581,20.848786343818468,18.787140304960708,25.1820701191187,23.085638842457858,21.904717190462964,20.777549560804875,18.91161375745885,25.660552056311253,23.23108944965893,21.941107387046962,20.60257431538961,18.849800453078426,25.7153458224383,23.111329858328077,22.197039164989995,20.675413891433443,18.905246474636385,25.486595527002518,23.000820235563744,22.050241948502382,20.607517528257482,18.891474251607413,25.59033531418612,23.299760238067417,21.88044527865565,20.468252393972342,18.918843670900895,25.474386531098013,23.43995166956163,21.91107248664674,20.41372967564858,18.77028997453097,24.825623624930437,23.307051370509136,22.18247792943762,20.492980340293226,18.77472695905493,24.874905133475224,23.305937028071636,22.000448800802307,20.5090523766603,18.774210646681095,25.049237169696283,23.61805060224043,22.028765806197015,20.488829994809482,18.759596046858498,24.820325370877327,23.53499462862968,22.073796309004205,20.65980137428302,18.699070019837897,24.41790663822659,23.311569855333794,22.224499341513045,20.741661266334557,18.81377408581675,24.49840116360493,23.325529061617356,21.85092583870927,20.681772680399565,18.779928598475838,24.857868587434506,23.385437609172225,21.81556240675525,20.565569451951085,18.78954624580633,24.78598928645903,23.144583827589948,21.78837138247015,20.65172497269265,18.697091080757293,24.833683767511253,23.065952892675476,21.758474446933487,20.580389858145715,18.64647039484174,25.552355312836312,23.224037996253394,21.617033482949626,20.616274294852637,18.59445553929991,25.726793900343893,23.04992918719329,21.73445210536164,20.79586864850051,19.015571322521346,25.43363847130832,23.082856090632852,21.71830562471107,21.08541436570115,19.5792460388273,25.532062602250313,23.03244367543042,21.861673618656614,21.06494284890953,19.812632514537718,25.800999982835265,23.131896443793796,21.88642113863137,21.05284695658572,19.75233247621221,25.624298166401008,23.041094061077548,21.879388640855105,21.04872766385171,19.68824747359755,25.637692410360426,23.33092119659296,21.86697095181371,20.953039972971773,19.334568103013208,25.571099835880666,23.20802591148015,22.022472758203214,20.671461164570836,18.804841059276704,25.10158643047061,23.300169562163518,21.81195646988081,20.55998133126134,18.615003441572263,24.86340208184714,23.287857722550775,21.697496220975857,20.506653337170928,18.67065630708237,24.785533944616027,23.25311564890888,21.753480387352063,20.445939015025548,18.64154763034083,24.59964372388218,22.935696309710362,21.927184025323307,20.334839654846636,18.63175618381286,24.85826871118183,23.088944559519742,21.90706683587826,20.4573844662252,18.62468952967813,25.314695984143903,23.00358422846208,22.160040983503798,20.676699834000793,18.665311129080372,25.18927761866295,23.023466399290736,22.309333742874237,20.69537337164922,18.659586261792647,24.68637023281149,23.090371931846228,22.144960800915346,20.73987426324354,18.701730796722526,24.748152775076466,22.98053494578832,22.14605659037813,20.749123885638806,18.621312318548128,24.493944886580824,22.85602063281721,22.042431286057003,20.52694963740671,18.55919728798868,24.34848398085464,22.833721074204547,21.890485872203833,20.412693971611613,18.603683454317554
26.975594465663455,22.726959796202614,22.71593853902693,21.619207618898436,19.48993411662132,25.678011930524853,23.245093844279456,22.611194775247505,21.008804964446345,19.12053153349943,25.557317534251002,23.902539198023863,22.339243295095724,20.785858643154107,19.199420186459633,26.75887122191344,22.85113934021123,22.38214970413324,21.070369173296626,19.04794425394042,26.170720281656845,23.236678005954275,22.313951293046255,21.078375844182396,19.163982041433066,25.89374658924109,23.414309894600287,22.031990289622417,20.828655793433462,19.08316093061716,25.975644933634136,23.361482122102213,22.081106348639672,20.840701540508775,19.158829060118546,26.208046682404195,23.207881387457682,22.180774761877306,20.930519260679123,19.137873623528854,26.32307018042482,23.359084596345063,22.17299949079173,20.971850076349078,19.184251504712925,26.75687261267966,23.575790630648378,22.21933806526797,21.01405586918618,19.23734478013056,26.734516051914465,23.4472687073248,22.49936634318167,21.22939677139443,19.234587545762615,26.584834137673596,23.401888809257727,22.3832324772054,21.18422550488117,19.091113820642157,26.49316509927137,23.526267211163805,22.283759476324263,21.077364711785602,19.101398693651973,26.096068282604183,23.62167741159275,22.25897597422863,21.021036737547025,19.040012432770105,25.39101470904902,23.359144275975545,22.547888689804147,20.982594278900173,18.996247730203027,25.411872585799056,23.33886584608951,22.34764164035916,20.92863392511493,19.021259602466827,25.627853408094502,23.68736750632404,22.347953007008957,20.964249531668692,19.18855137637929,25.383088998154737,23.650079616539404,22.340599114226215,21.043071176264625,19.146666110650365,25.20837021029039,23.45272448076783,22.52999342716771,21.079493725067177,19.21073540217137,25.345621871787625,23.606698038463644,22.139953425651818,20.99803701473216,19.187677504278653,25.843106103182503,23.830135664980666,22.198786264116837,20.867505089058206,19.19801756907385,25.671294474898595,23.560005265913997,22.060356413144394,20.890425493346697,19.046117374903393,25.754135139151476,23.362759773423868,22.05996361422172,20.796896816666052,19.000549881955585,26.40616351975632,23.619834335753705,21.919513966143086,20.761403219259314,18.933361085917625,26.62697558819807,23.520099816103517,22.148348446965084,20.992896908887978,19.371325069729657,26.159087269864308,23.471659726361214,22.181502895671958,21.341828401957194,19.98475059665092,26.09498453356025,23.53299852822543,22.47570260675851,21.287821188010575,20.16855549932439,26.307504562402197,23.713033111423336,22.53242577597971,21.297144290117114,20.24999321047596,26.024098130577492,23.4258566696664,22.531736512129527,21.37709542302018,20.184582830950582,25.926991856609202,23.698080011103414,22.508331133575144,21.247741481092064,19.836961964998707,25.89119809136064,23.60236030443476,22.573678573147344,21.020649719889256,19.26507573708569,25.478511095899023,23.46613083293318,22.35719171411381,21.009834752052036,19.090093955341853,25.46565778795324,23.527186358911923,22.19403045373001,20.993422219348364,19.043639108829254,25.53249065860379,23.699207683553293,22.205100457776705,20.981720256981124,19.118789150189563,25.462861976703163,23.35873588088362,22.276700371853877,20.90248600915816,19.146154424652053,25.819189944886507,23.5760420666471,22.28557418121428,20.901997289961763,19.152361766716734,26.00331423634332,23.646683239495975,22.462218461577756,21.007121193343313,19.139295774862,25.690242794764913,23.54138253425823,22.618738029319143,21.004878779480336,19.10945050992033,25.166799969783188,23.422379938405715,22.421280335496068,20.9680717769457,19.114068618235404,25.009442036364533,23.438694340133758,22.490875202747034,20.875854560868206,18.979882894009783,24.53493637341062,23.220984409523965,22.36846436484591,20.693467504735022,18.886049551030602,24.521179661092617,23.23904674978691,22.181188704424947,20.641970554358572,18.923212132070677
26.22405505012174,23.505942216564634,23.785792103416025,21.5372298637897,18.77886544719124,24.601021712308928,22.72085326046009,23.040703996345574,21.377354395862547,18.86163496087681,23.042043578530798,23.96643659456612,21.648291732918135,20.465819033017404,18.957840528794907,24.799727607680648,23.255728128738497,22.76793079993619,21.28000830795723,18.8546861957376,24.80501061831971,23.34535555524565,22.598011811203996,21.15957843956807,18.918130523520134,24.330946816451444,23.519058456112937,22.53794855221061,21.002402627739066,18.940004211961345,24.69395225503878,23.650534794982665,22.436897433233725,20.916961935778385,18.99449672167421,24.907914630847618,23.488299596220006,22.68437066561309,21.018187257611125,19.01159058627008,24.919132775949144,23.56435140761144,22.639065220442998,21.009250966607084,19.01434105156695,25.12004537611198,23.544075924145584,22.7462047677079,20.889041451263402,18.945618040951672,25.360859574761918,23.235308114072534,22.63815020832623,21.024214183670487,19.019099122257266,25.135748652998736,23.15874801277311,22.66204488362873,20.96811665597379,18.90601054054661,25.70404157850773,23.22501787233557,22.486647583369084,20.870368254240468,18.933613354580945,25.44997296666532,23.225952117696767,22.356363669141782,20.707164002543287,18.857932525462637,24.956426737457075,23.211552944834988,22.356715612493048,20.766785242867698,18.841296360062795,24.97642675006072,23.39898227608984,22.25408327236255,20.744768432990952,18.664001907225668,24.95055713305883,23.408724993300417,22.132598067399847,20.710215017912276,18.695369848008788,24.287670399702883,23.340072882844588,22.15990710166119,20.768206339690785,18.558115326650498,24.338202654296037,23.14184850753579,22.41699897066765,20.928803225906318,18.62965501114239,24.556202133991047,23.19995329499965,22.235801104638234,20.84270501869363,18.610143996701968,24.62934408833657,23.24644021188961,21.878451350506385,20.66632587513511,18.64796141866433,24.556141949100372,23.17067334008194,21.875356344495707,20.865384782868272,18.5410834995938,24.786521128422123,23.029745492138574,21.82483016083436,20.756716972354518,18.49157274541009,25.255672557305388,23.339378162784772,21.635588980424792,20.687806396983063,18.478408857724503,25.289772681389593,23.22687918011552,21.60980942029034,20.74374680749905,18.58646712636695,25.383100822218655,23.052877903097073,21.84591461423874,20.845897616557014,18.7561855020682,25.45699004833434,23.370396446799784,22.210307399780685,20.90310444804526,19.241443243637377,25.615696480077094,23.49772270417829,22.405762808857652,21.059070680910175,19.38316228049453,25.50637743630056,23.023538545726538,22.278766594705136,21.10260724356604,19.32378063390656,25.523427013316624,23.197013295349084,22.514614874751423,21.18406926160612,19.319584147626323,25.15196917597114,23.302397615747164,22.627238092735592,21.233906129148387,19.321903460407242,25.0283313360571,22.896294635269765,22.346046181801505,21.08787289704508,18.882833720026433,24.743171712679867,23.05889319881522,22.198064152460084,21.107059740078853,18.820078470547084,24.560508587490823,23.339110709261384,22.435487898802062,20.997628261628062,18.856632814481916,24.59764989454275,23.334561874121363,22.318285628359966,20.844376393743072,18.83810754706686,25.133719176274106,23.371331728217992,22.395202626531155,20.821813003874478,18.72929747705774,24.82901130214643,23.462074191432656,22.428235065155505,20.863286665066784,18.73018184223555,24.970594054880618,23.23069867685578,22.49395309437933,20.772768114485082,18.78142179956936,25.057712422893132,23.208889200914435,22.29829402484234,20.819834581342537,18.705794970940865,24.956678786590047,23.23483757473599,22.48215278988685,20.898757154562436,18.69005083825188,24.399781920805577,22.939704344284035,22.245223923907297,20.67171702877362,18.645342288496856,24.614516128005878,22.867180862144437,22.029571823135978,20.636457954725604,18.741517093523875
25.209881652436888,22.565884549127684,23.166624248486613,21.047231285678915,18.61732652441486,24.74524819036952,22.000720944994423,22.33689643801738,20.283481540740986,18.603032989915622,23.784433281487473,23.1645381258965,21.481797205963087,20.150543426623738,18.623904620996104,24.006177122094247,22.772714473801962,22.383577549663617,20.98737339986125,18.637431111511017,24.58552694016245,22.71976638402136,22.085625502525826,20.690155699514982,18.659119666832996,24.57393074133381,22.857011663444748,22.064231670714893,20.540205257030834,18.685161625934345,24.767864436921805,23.078572104646902,22.02185639647718,20.585992078947985,18.709444776292518,24.79770979072756,22.927622534896205,22.071466530573268,20.69236217459966,18.677682578549646,24.853238082869474,22.978879107543776,21.97522975717709,20.618228235159346,18.616901491174918,25.008873308834147,22.90181910132728,22.174390936857957,20.37843122479846,18.53853322937267,24.866028239287296,22.682221086770543,21.90811017620124,20.397623244687644,18.44856242922332,24.490030837081974,22.56871886867136,21.906934283276925,20.321435864296166,18.310969648050182,24.842725331638896,22.672900141738616,21.87922924160093,20.149625378325357,18.32390084079757,24.536054561240043,22.63360177878197,21.85740367192221,20.01711036653366,18.369445280476143,23.79921695792236,22.712730754946058,21.869254289843294,20.09530135089171,18.366661229064604,23.799244649176437,22.96348788956704,21.949972753394484,20.1456249947485,18.353337371419464,23.96689472366719,22.87639326082952,21.807558231179115,20.137403005074297,18.406797262686023,23.717397272070617,22.749854548406518,21.79095070473487,20.247439572453928,18.370919967420058,23.749128347045968,22.687063935443298,21.897793370798006,20.435724896862684,18.40501959247826,24.235294445130403,22.610137304352484,21.62117187008466,20.460923776848215,18.376891857323308,24.306738842441373,22.56871134146807,21.355010851825305,20.250428749598335,18.399722272806077,24.039158093849068,22.53213286602284,21.279039370056516,20.465579819799473,18.35074216088356,23.829106464391277,22.492270587387946,21.18249051301401,20.308020689033846,18.34343446967449,24.280290239105852,22.722121372164068,20.980859528430425,20.16677873141276,18.30608486739164,24.18962315613158,22.63930199443216,20.982742624988326,20.143140944492234,18.38876889001699,24.17990481822952,22.43767164849897,21.1160585247456,20.30469664848038,18.49244710894821,24.398173669204542,22.80916333985052,21.53644822256162,20.295067508925875,18.807718342960307,24.840992398552277,22.930678025372668,21.84508988078837,20.494727843553424,18.809730432948925,24.729089983180945,22.457768564982512,21.872758351165352,20.577873940925546,18.707115062015703,24.908280832676873,22.585086823820323,22.10338260121039,20.69736496016487,18.640950697182053,24.65806888762424,22.8030100906511,22.128398742201544,20.763447059677507,18.553154940527868,24.578794583345875,22.31819117207049,21.880287960646594,20.599191906431933,18.269098957331373,24.28996191656778,22.420968457538244,21.628807066943544,20.660249434248804,18.2476490707514,24.204964173238253,22.707937382635528,21.76850454057369,20.57687564050776,18.270227388961132,24.11939168918126,22.65013277789067,21.545748334801196,20.384550699089786,18.289907783722036,24.630645436438858,22.640781874129015,21.649696051153057,20.356791971339646,18.281604885205155,24.303790387273057,22.955370897332593,21.759065025431216,20.438334515646876,18.251778092927545,24.315586782733977,22.79226065143245,21.830888704007787,20.28568758111219,18.357531786508083,24.144015559489556,22.82677729958068,21.772221627751,20.351633190459655,18.341091878263065,24.02102064003076,22.812306962402552,22.05779456914184,20.41735071758822,18.352998857927524,23.624991671349584,22.465949113326882,21.847989762681856,20.280367084387052,18.36760312342887,23.96383730889802,22.252638220304185,21.58878329618002,20.27489521002865,18.41851936615819
23.506790006502506,21.531813255480017,22.511078189482838,20.594704887670606,18.740909062521958,24.439959616785185,22.17798522090998,22.263671027604264,20.064016491545264,18.400775405290595,22.473523534228743,22.41209289110461,21.044405933849326,19.69533284831787,18.29613186029184,24.890490972836826,22.21129562452154,22.38615303065905,20.65486402084162,18.514047114451333,23.92365567211644,22.20292695020248,21.814090892100616,20.290278261576795,18.506529084012936,23.956967407515798,22.492849951382283,21.80750572168231,20.188392517187985,18.483139000502558,24.11779631503576,22.67712531157139,21.719963637359978,20.221765022732754,18.49127484485591,24.432403889472372,22.60001137658245,21.747072631191994,20.35911260473219,18.508671446459367,24.132554364092456,22.664221200796078,21.574097598782032,20.31240350534832,18.484567378037536,24.176343501359934,22.661596252187703,21.738798217826066,20.140959989390954,18.41794214061529,24.067044627374866,22.459845646757326,21.48999266832958,20.049513253575835,18.31281957347678,23.839689652440196,22.41690640079671,21.492527944276027,20.010034538086607,18.270441917853887,24.214006853993006,22.454550077507164,21.518429735487736,19.819415331233838,18.32416489422271,23.973444041554682,22.523327636785638,21.593919985989167,19.735979056540913,18.261434721414894,23.475904969018366,22.593903662286593,21.629068434252606,19.811392670426006,18.292667971480807,23.636117914357804,22.715980859393206,21.725274413287462,19.96913605837836,18.29383782145556,23.657173285245673,22.297918435335568,21.62664606978372,19.976236291848373,18.263322016122267,23.12537305786082,22.25603613922304,21.453354851127568,20.152143708449874,18.194615982196712,23.330950869540285,22.112687126646982,21.558087897045898,20.23593240525596,18.326456531403245,23.68002079974284,21.997817273164138,21.43810981474022,20.2775462362184,18.280510225909676,23.770430931367407,21.992587185787006,21.26823016024148,20.179358122218826,18.39271733744148,23.612867958040347,22.172949633178327,21.172321998428558,20.319720181030522,18.401358168593912,23.6637095864435,22.042130742979403,21.175948518781745,20.112631144865713,18.365841157156346,23.955975264401324,22.18049805692766,20.885588315359378,19.940076203530165,18.27152125659967,23.864342630556973,22.216978752851567,20.729212721018776,19.911344611751467,18.23004648684718,23.95296972857617,22.069948318002297,20.798362048601554,19.97079608684109,18.23511748949402,24.042135999202834,22.457629990621797,21.179097610249237,20.019636892356505,18.84057456674761,24.278425745915968,22.668703275978423,21.376854531169514,20.196291966873044,18.854301842392957,24.171411043756258,22.34585577730842,21.373600345881407,20.32086508763412,18.806539891388343,24.221445834883134,22.361245086150465,21.50287022242097,20.41955516102427,18.787191367590285,23.941916729952464,22.534067459189004,21.46446250742399,20.4201887428745,18.785830746164343,23.890407031577645,22.123159993841632,21.235254444384207,20.156763357558496,18.21545894932944,23.804007454594775,22.157878155105617,21.298756739718446,20.20543009308487,18.17105426031015,23.633705184888154,22.335592721949606,21.45884074300897,20.105419621339014,18.239239796697543,23.60953916043663,22.234987191891797,21.30763529771395,19.975323219691727,18.399060837221448,24.019471895206973,22.343772663569553,21.38664402609147,19.974748662268325,18.355022607804308,23.95445618195592,22.429239089783756,21.460661539364125,20.05171856308914,18.320806482847214,23.750487360870796,22.2825715821679,21.329579317064432,19.930620955859133,18.43243693016324,23.6912468760512,22.434092213986723,21.23020392763341,19.99195249663695,18.401396418978386,23.804027811254564,22.362340996697885,21.475871794754443,19.992874399807732,18.366731778595568,23.544142699793202,22.001730601850763,21.327763989721095,19.893037753832154,18.365407051942405,23.61297492055773,21.884319664625924,21.036095018490364,19.947777943752733,18.44383885413381
22.849378149684288,21.370368072578902,21.467414541270568,20.29095989418035,18.092692253871938,24.131884616827154,22.31108190476921,21.346502142395508,19.626711233728738,17.990199983890527,22.395529300629512,22.594284720440044,20.90985629907401,19.25076358839826,18.063072467783908,25.59566839674069,22.322368562989446,21.803109221560376,19.897206525250482,18.325135870179935,23.819608965985925,22.091168765387927,21.109272339171653,19.832057191005212,18.143012355997506,23.716466763981558,22.19082370121142,21.159764612189935,19.780904323921742,18.225769968422355,23.677077629196354,22.11991000478571,21.147923250615555,19.835752807314133,18.271793798595695,23.72635969017707,21.96963889340579,21.16908091649143,19.963433458663385,18.34095739136082,23.217219515801144,22.046201943424684,20.963763993362505,19.930166423895827,18.317872123355635,23.161608181958165,22.05666350097688,21.16191252526661,19.829554515415552,18.29781680515005,23.26673957538087,21.937934233511328,21.074721054253306,19.769948876817708,18.210605620510602,23.092093182878262,22.02458549227064,20.991383166493254,19.73110061468008,18.226125140275116,23.582077098368785,22.154032630997698,20.942736525483785,19.660154997464524,18.2360649196332,23.581077394379935,22.116473042460143,21.088441896544236,19.652324580744892,18.21792481352663,23.336246024109215,22.240159041185965,21.043922984376003,19.701131207753143,18.2426971129454,23.465333637630426,22.420512492557663,21.027088809704612,19.73740216955023,18.183285555946856,23.29245284878596,22.20628049291899,20.922758854572862,19.743299139249284,18.082016436699874,22.841366958158638,22.055296006182488,20.75716223615073,19.78202622432871,18.0269724079984,22.639777984970134,21.795825900480672,20.707978366197096,19.71438527095281,18.06342824302608,22.72675487375371,21.71015362715965,20.642623650640598,19.67820237220933,18.054423435587385,22.699183429185297,21.5834534336471,20.494276758499712,19.612159264750495,18.177034747710447,22.7311613467018,21.64482028345243,20.46910504605285,19.68075166778285,18.188681287888777,22.83375983406174,21.597028502747467,20.476398465692878,19.49654807569008,18.139214799805735,23.160898335244866,21.76300230535237,20.348437108089826,19.45875632397911,18.085787366133353,23.01089958947127,21.7156696498766,20.138320671662605,19.508221984206187,18.014409017850337,23.325595404982487,21.649622181238097,20.193497647768613,19.601647635114226,18.004503860822233,23.46866739796368,21.86021814817611,20.48196196441445,19.637032042610326,18.344182221640306,23.62412908542941,21.959111068360365,20.62867327171378,19.88610989400022,18.455418886543427,23.557402627468868,21.783870929203392,20.55601356981485,20.052982521266614,18.453887968735955,23.590402808959837,21.775467525379025,20.765762728129467,20.01823987371922,18.460621531760243,23.21530287265498,21.949522801957965,20.65332846926039,19.856811233205512,18.448590508020473,23.132339533660147,21.651462920603286,20.428906952933122,19.735118392166576,18.216486092694794,22.936992135263683,21.723203836266908,20.475417089918654,19.645477030093723,18.06676064038844,22.785382346072275,21.936438490235577,20.456868136165678,19.54128156573347,18.03536369097143,22.759857278298817,21.956481311330098,20.521272650980997,19.507521977675836,18.111981008393318,23.16697797373892,22.084233342234363,20.61900117285716,19.612216993964488,18.09239021555367,23.13868076395979,22.327819787104467,20.771803003924482,19.557772916715045,18.041446820728037,23.084148997881893,22.21927032078719,20.731497545099767,19.55599549338121,18.185243016542838,22.976649308682223,22.204443111838803,20.844074683582768,19.592201811483633,18.21581022213748,23.138143785288587,22.177192357707085,20.864288738227216,19.49256148433755,18.235804513286006,22.766118339747194,21.725482787249113,20.715792175021075,19.395418215620346,18.254995055246972,23.056308038557106,21.553132522327807,20.43608685646233,19.403669595588617,18.290347788108466
24.72025933398895,21.46044860149883,21.95930233907971,20.859013455997296,19.042946593663945,24.522051460057916,22.59972836442409,21.633429778864283,20.374129723161996,19.268267754736648,23.55847675031598,22.8622264669684,22.30496616217302,20.249938382220908,19.31916910823687,25.159014694151164,23.249258952325835,21.599210368810823,20.445961427489184,19.441832296406698,24.593274282669434,22.603430400098915,21.816767219350517,20.559100617604425,19.207396768471874,24.41821133441684,22.887556031958205,21.78007816762127,20.5110392967973,19.194797730712548,24.46592435293493,22.864731217524234,21.805746327772894,20.62190012773998,19.12841111378743,24.73307406944426,22.887272895483672,21.503616046921064,20.733233236100265,19.160425414536917,24.466153465323806,22.872240473141236,21.441325991089702,20.60659312938126,19.022457998225402,24.114454899207363,22.785470256327734,21.426716444953925,20.540804442205275,18.973213447224374,23.871285602554888,22.6328892641215,21.47655471441633,20.43543718031794,18.88077344708463,23.88971829989763,22.637052955837355,21.557864972991297,20.259360090475802,18.797254943264676,23.596436949714985,22.663157720270945,21.60632175257336,20.148093627132155,18.66606223390145,23.55268746681689,22.572232982791213,21.66020172014371,20.21835819503014,18.698422254745672,23.587033999120113,22.476765666087857,21.54149072351356,20.230807008623454,18.699881546006768,23.888009078792454,22.454286565751403,21.41964279469311,20.373846384376957,18.74399939279331,23.615997883420356,22.367401968023305,21.24870574300805,20.490823379319657,18.746726729350343,23.59294160880105,22.230847508797115,21.335883044490593,20.673963022772988,18.746032056709414,23.69595122970253,22.349443652635188,21.373050170068872,20.68366523256264,18.793485067068893,23.84037887469831,22.535416741696782,21.625404278474907,20.62517885866459,18.766211408006527,23.844246773150395,22.565691007317646,21.641545332549743,20.490054887239168,18.828140107395278,23.956360985051084,22.68621201453869,21.86074881113008,20.3816900502267,18.95540153245228,23.932289958844034,22.645378901439766,21.85294054726686,20.056599336414088,18.906521841915787,23.882202405382593,22.557248819204336,21.91370415610735,20.103238967950162,18.873692948612188,23.78786411824773,22.304143963716704,21.810532395712265,20.11812781075306,18.951275059665765,24.100582181048516,22.17547666393146,21.845616289691286,20.166675550826973,18.924701893973378,23.990728133880065,22.162023625298747,21.75130138465577,20.250057340128762,18.940201154879794,24.268561805951563,22.164116886077576,21.817805061356903,20.428648178479836,19.01841695428526,24.3498277312425,22.05187350691952,21.731604802041446,20.511923327362602,19.025864745676184,24.594952625023875,22.216742800134814,21.711891363996692,20.56382303753987,19.03868984303105,24.34711193292051,22.468353102971268,21.7394980036649,20.555169429901355,18.995194913285644,24.293424146265153,22.557438930573348,21.637316665261487,20.51391323920654,18.903244327409084,24.065663854638718,22.663737563884393,21.596397037737958,20.524034266690762,18.826865464349027,24.086444951185786,22.77002201085391,21.461745643161017,20.330332178719612,18.73739274751549,23.976940127367392,22.75403801181233,21.390739935137223,20.23270685363145,18.70972695948098,24.04540728166567,22.788901900721278,21.269334690038523,20.206500642424142,18.803216248183134,24.340787246792466,22.767688448767558,21.20455515169231,20.317276903321435,18.747764793065777,24.345288912891345,22.739358637004734,21.283440979909187,20.33311161384694,18.829462181020048,24.30025114107098,22.902961949899787,21.519744228339324,20.445056479081625,18.94891407099214,24.275979977570767,23.061866509920026,21.63518635968359,20.3884063826009,18.980797772099546,24.30413538009167,22.980693496768488,21.782107440788494,20.40537515351299,18.949280555125778,24.283276311032903,22.77934681579568,21.642619101923255,20.31427336381913,19.08712562118319
24.57930745133451,22.375290373081796,21.9890168863964,20.264770062437677,19.06898592400991,24.35618129738047,21.826492577967613,21.768334335848404,20.174723253316486,18.934500155643637,24.252998211677077,22.986318760380573,22.311818216057272,20.194302332922177,18.95714846012831,25.12982731933006,23.606184897107973,21.80639109213765,20.802008558326172,18.97197475933759,24.599515189388978,22.74546135748735,21.887909944886456,20.454324677784687,18.85855008689507,24.51853062262317,22.78824016383644,21.878196355812353,20.45729202539889,18.737582741888342,24.59559638667497,22.864649443740305,21.83930135725311,20.467234145558024,18.733943492759032,24.520130141957587,22.842675704099047,21.718216770145474,20.457714913278476,18.701855880610328,24.21271866745054,22.781555422303192,21.5943948961627,20.40798510950299,18.67215244567455,24.057027281633964,22.561498572689338,21.593795561360274,20.202521544942698,18.739241695304266,23.87480015885977,22.363585472987964,21.64410040132441,20.261621176391124,18.805655693316446,23.427928405824712,22.579001935930325,21.572614564026345,20.258284339859415,18.722864826018093,23.690544511429326,22.692769817242407,21.25075788562454,20.15996924904237,18.772826681568556,23.69157485823214,22.60030704520392,21.26278012109085,20.094285922155773,18.679870741446774,23.494028385847646,22.717123218648176,21.30285346867698,20.167441684341377,18.75398103900088,23.666432995779527,22.923785534964708,21.15377059454766,20.162423114080052,18.745411093785854,23.823811394938126,22.738685729404335,21.187718401551788,20.127255022750642,18.771119216584193,23.889909544910125,22.58303565354742,21.41755853543696,20.36268880059657,18.721527299328592,24.080229212187085,22.55928218791192,21.520317461942874,20.372754532254323,18.929691861488777,24.44967541585706,22.73245319145291,21.249114647228105,20.377655511977252,18.99891461702644,24.707416589147662,22.748727775523523,21.37487441095277,20.344706879471623,18.948519173235965,24.944078749199647,22.78697987494599,21.364712697619773,20.361027947021565,18.948509853739996,24.8732632365101,22.705586273997277,21.409665883062473,20.23596922419989,18.852984549263482,24.897845484356754,22.749075401397896,21.356804929415176,20.286998096064746,18.819129936600614,24.87173723441277,22.605761265682393,21.529821567096917,20.402720019606452,18.760007278300794,24.758917062380505,22.66796078812545,21.35983557659773,20.391534891802387,18.984917706826273,24.42520167426523,22.630127578892022,21.29925916601875,20.40502669273486,19.059447939577247,24.356731806061386,22.730209904797288,21.312168648775618,20.401798427201722,19.199987024944043,24.389188076029846,22.644282655056692,21.30682583708442,20.34356543366952,19.168730960639202,24.33162352863507,22.580104278562963,21.355163541374697,20.221151169619024,19.03720131638159,24.023266782613284,22.570038071498352,21.409653955597594,20.2097796001667,18.824087871725474,24.184302049577397,22.588218708154383,21.511767818312624,20.174008319653908,18.764649036665325,24.09784249196383,22.536320124672216,21.51835504780455,20.16105322221696,18.632517679310762,23.99806905843903,22.589116058783997,21.544797596462523,20.10813075348705,18.65475707252289,23.803244183269857,22.508614310287122,21.590769982919333,20.04261828665176,18.8019026968753,24.006192534356558,22.494901534970808,21.642476100265263,20.083662852074013,18.79592647256388,24.017280337943095,22.498375203347504,21.733430792708965,20.192363891351647,18.800250225515107,23.819442307776654,22.48589022418467,21.636608132046668,20.174741536893116,18.894695646539596,23.623487348018,22.361801546864577,21.67374368239279,20.3370661167195,18.884223311589054,23.75735867333224,22.34745679467538,21.643674213186053,20.424821251817043,18.872633886225657,23.40027574238983,22.149993317988223,21.57576649352681,20.354708108102873,19.020404168792144,23.516279493849925,22.076743916331033,21.432737764892348,20.421058107072156,19.10721613671155
24.98634362958628,23.176045811929395,21.402812905859914,20.300620587808332,18.705282711800862,24.15297132899756,22.654265159100188,22.091345513839176,20.592428670040633,18.656226102698113,23.95783918772274,23.379758186404423,21.491005852417963,20.39323189217467,18.925028795355423,25.090547107746808,21.727255659186195,21.709466889699264,20.597438954769327,18.623997032805523,24.43607783537796,22.768942124246117,21.628825481446388,20.556668831345537,18.81367228418167,24.19117381685727,22.600029879467364,21.679110867980295,20.59099469842947,18.756784309934513,24.139374038586798,22.605976916703373,21.62823325413992,20.563374533268238,18.81237362610012,24.20458129226994,22.36847865245172,21.707904205636783,20.575267119975454,18.77680706532611,24.106329144386322,22.64271315234808,21.778583321512322,20.52256993308606,18.85801857792693,24.22892102762404,22.56983438431259,21.77078156062459,20.47194600765466,18.700615123908364,24.10869099633671,22.595274000278074,21.956792744950224,20.452429053470908,18.748973523411472,24.027361865239016,22.462821283145317,21.925281640398843,20.42733722804987,18.64614174106913,24.05714825073888,22.566722372824373,21.744628006908748,20.325956693571275,18.64788647155222,23.930599695615893,22.52633427377969,21.646530521553224,20.33843393721481,18.521489178371347,23.702084985440734,22.498248104809708,21.76004467249641,20.330918777458155,18.596424635660377,23.89578895797289,22.483186812225703,21.57508460669847,20.365957965542627,18.631463343319382,23.936298048593947,22.560775767112382,21.590444625982105,20.39188893569314,18.674364554671108,23.786749386775437,22.624339977832612,21.78800746272048,20.587066499494075,18.708432910065323,23.49884768620482,22.58433863353787,21.966804280084393,20.56899885408663,18.783981253959777,23.55275658926372,22.623880685825373,21.71456380588796,20.451433405248913,18.7758798947152,23.708019623156652,22.794677585939557,21.778757290635955,20.38961563654219,18.785944629593853,23.68815469188055,22.81564892230326,21.72601432976813,20.43771098237942,18.778207150883766,23.585473767499515,22.732553399711254,21.663749874009596,20.278698363482583,18.742655485474405,24.082092122365765,22.710418836219922,21.474692176549,20.287862040157826,18.73502382767183,24.268641570800366,22.576938930079127,21.69426268884385,20.45229187790999,19.083484041972888,24.160990155810616,22.53172894270177,21.5785355766989,20.745754284337067,19.653345788352517,24.291200235702927,22.37585202904861,21.495180072665267,20.74726842144431,19.65436013282166,24.45267619524929,22.287104265247326,21.533180068774204,20.808667963270704,19.652000907468665,24.454162238051804,22.266079266673927,21.376216968330283,20.930914364618708,19.586594751910958,24.61113207931799,22.33368714893348,21.339369879400742,20.83510079646671,19.22915089743173,24.36776163846926,22.286974590308287,21.38814178816525,20.512276927512193,18.694717879767406,24.063052402938094,22.438321759801436,21.376468952675207,20.41623364319006,18.6948740041439,24.145951865319688,22.536891362168625,21.31684688561279,20.39826868151709,18.516756203802306,24.056222679842914,22.58052833806284,21.4861972833025,20.29023523760832,18.5304650609801,23.67824094267933,22.663577256693987,21.63415888972066,20.247177675642654,18.637036464866572,23.966327747391517,22.712838402076443,21.615798132449665,20.279817536489915,18.553370832105998,24.217193867114325,22.90586331760464,21.73507908636565,20.359890944874337,18.589479617604468,24.220809757027247,22.962663429576637,21.838264812798826,20.33008099653486,18.726125950858584,24.139807471456756,22.792527706880147,21.897327686211973,20.410769258264914,18.758843765929253,24.329489094740165,22.786701066468403,21.75436138756892,20.41138720174396,18.725227009652272,23.971223386248987,22.62544576185396,21.809595707637126,20.405790990847212,18.774175467838923,23.83973833158803,22.42789869743267,21.81302278915494,20.38749966097965,18.779889619214615
25.18457559381909,21.896800994997086,22.31845836914308,21.05391540371564,18.89647791800979,25.126614212426016,23.106389477016226,21.65764742593592,20.826822308718874,18.621450167617446,24.390039397879047,22.801654429475814,22.226904072217057,20.38256297420098,19.057632511359966,25.140480850388293,22.722057892338675,22.299737066835153,20.912763123455548,18.73352337552253,24.66416556209018,22.61492728151763,21.969347226706255,20.825425271941644,18.792245573108595,24.643638502308665,22.925295486972196,21.699243095986624,20.62746776977864,18.722469511208423,24.767553729658463,22.822881621763205,21.89554015029605,20.683150355255254,18.765380063997696,24.83432861984513,22.74799228850035,21.948189186553307,20.767618473033444,18.73344978484625,24.903964423913084,22.782062506679146,21.82280198767694,20.743705517452263,18.7347621883178,25.467677897519696,22.988187764895724,21.96726984497374,20.70890127162681,18.66292829482638,25.471838027153794,22.749219300064166,22.259143480681747,20.870315151052974,18.69620705130965,25.03585580443751,22.608493208758365,22.01507544917965,20.73447288397522,18.58597379623552,25.06395008991752,22.65792046160855,21.84712847860515,20.632390648177648,18.48879514383253,24.910277803488476,22.66986537026931,21.802376841963824,20.559255575943617,18.412928957483107,24.352535324262828,22.54570641681311,21.91456132666185,20.488855809849948,18.453941948181544,24.218831218577446,22.5921723987505,21.699905885299916,20.47106095661477,18.427742587901644,24.576864353879557,22.93502345172592,21.74099611633205,20.50277752956932,18.544527669417594,24.46806134887258,22.860785344163563,21.84504350541343,20.57727949918199,18.506603855433053,24.17448781992372,22.833102895163414,22.156281012730666,20.62045926279456,18.557948208333546,24.30780505870893,22.922438638033896,21.812245744593053,20.589763967897703,18.538188302787248,24.67347962027185,23.107617510425477,21.710808594928015,20.465104286317626,18.45626387347649,24.467420109300612,22.935450017308426,21.679486931056527,20.480606024616186,18.358667871652933,24.35546307941073,22.989619915871433,21.573443717424954,20.385644111876132,18.402020429745104,24.931804791810116,23.126287497229562,21.376908706906622,20.32941224977857,18.368059747153445,24.98193010240857,22.925874694796214,21.50517562755208,20.388254454242478,18.6255068010665,24.765101858506608,22.891470357713825,21.628496415084676,20.66196900893426,19.21492046281947,24.921207704289756,22.953440437475756,21.82396740750163,20.64123403729408,19.41055455166582,25.13140315100868,23.005042469089226,21.850293423630966,20.676166037171633,19.33849980174937,24.95678567510136,22.83695432574268,21.803494405361928,20.80507966214433,19.294774111701965,25.077363195759073,23.111243880233097,21.803853414578917,20.774853539382992,19.099958647301605,24.917048017534484,23.05233958267771,21.925168788165685,20.537262059792532,18.618342804913627,24.47618718014657,22.920146514135915,21.742731648144606,20.575642770029482,18.413019274127056,24.571662446529146,22.963672303701145,21.760956615019477,20.59958919529526,18.426110794735898,24.62781539599211,22.964144977015696,21.75562986693914,20.57010416898007,18.462870947200457,24.413151336483175,22.755861983516038,21.900460575988344,20.52652404951736,18.507596840835078,24.473723624686677,22.89941620029047,21.77571406986433,20.622560022529655,18.53131279728499,24.854746595019375,23.059606430725587,21.998929357042265,20.69429597045792,18.552961812417188,24.66188517472181,22.978317252044526,22.144231953612838,20.643638308268578,18.601138500708814,24.21726831761449,23.08080821162074,22.031379311608095,20.63083714934803,18.62126723210033,24.38084076423508,22.98411339235262,22.097025405148827,20.62124977725798,18.547862301846706,24.131826398940802,22.828581684215905,22.121521170772223,20.443183713744446,18.421447306515606,23.864831186828983,22.64718076723619,21.8577825468762,20.417106956799273,18.47298663256837
26.140236195768374,22.894481254733222,23.13393325071619,21.784537691290573,18.58215787952738,24.691620802526995,22.29947636561824,22.25666554717735,21.215047490502815,18.616657850767268,24.935227890817792,23.774278772386303,22.266410345024575,20.68077377043598,18.788003949266802,25.46157972037755,22.801869303412,22.643382063282157,21.21150324881737,18.589328047216554,25.143707667144344,22.94970331339357,22.369087834665873,21.182152574493102,18.653568104501566,25.133437602942067,23.14302615975302,22.028004430704094,20.881706545714543,18.67071175599252,25.30981174770742,23.256280002537114,22.136586208257466,20.77722135258016,18.7289832885018,25.591457976694688,23.10630327549354,22.236346872401253,20.86732136189345,18.765048843973005,25.835512668712482,23.37092566560468,22.15316993220805,20.886691251310047,18.846833080417152,26.302269152718782,23.492427553878038,22.218860115295797,20.87999812465332,18.817020728463376,26.181718835730425,23.239507675604294,22.456778766388375,21.074275137591215,18.809597460629547,25.847444651135298,23.070646200153277,22.422506268655095,21.02993866119403,18.694364697120697,25.712979412003698,23.13772286002951,22.308622949206242,20.910802996760726,18.694019187885637,25.249942606771878,23.043878812409066,22.23858141618491,20.800284875452093,18.57698367950804,24.781477550582075,22.97844779536827,22.446495649978544,20.76427276264599,18.58629751350487,24.556453968356543,23.053064206898235,22.219263825056924,20.781734416174807,18.569844513639353,24.928552787222298,23.439379853764642,22.06244887741418,20.84859679352548,18.683593916585604,24.752395947993612,23.36368164481565,22.08415607618422,20.986403512920113,18.605861829691946,24.5713913757647,23.179124936604477,22.378846986636006,21.028730244821325,18.709706006305595,24.638246036079753,23.32436607746628,22.013591900911614,20.932922209526584,18.708924941438063,25.140746373879125,23.420445586834695,22.00052451438234,20.824463798293024,18.716364023085276,24.859636864679526,23.206735126051115,21.97371581213263,20.841632763210544,18.642008055736127,24.573038701109652,23.098015082122476,21.924229081532513,20.685525324150227,18.607577500321952,25.193080612903483,23.42290744609324,21.857692975358884,20.659882245557643,18.574494622127084,25.426446517081846,23.242064196111535,22.052411001062815,20.828519877353166,18.88891516025134,25.71059895179751,23.32512089798379,22.20960516140529,21.05488439638766,19.49969318147202,25.76556775332249,23.481539071800185,22.48022015488029,21.030447101601666,19.758842775520066,26.091461846508718,23.634955468514555,22.546887039377868,21.068982222331115,19.76833004361866,26.0009033397289,23.191815862635657,22.416427358725713,21.18010322942653,19.71754242353223,25.84577724132838,23.4280979938962,22.46124545148417,21.12927707292133,19.431180220126887,24.950133312592477,23.255676616252888,22.470997875129548,20.90941751895042,18.884214906796558,24.8284511778404,23.080473197150432,22.288641223180463,20.965207964746998,18.64054919939761,24.97651775575106,23.117160072137505,22.131459431909967,20.96466805550491,18.609095180063317,25.07085654090715,23.36297949416961,22.09272644994958,20.917789567881776,18.63598702049513,24.947701080613676,23.16393613055609,22.10415323481947,20.781379035022383,18.72903261244079,25.296205116378324,23.362836703702147,22.131884890609566,20.9075213278068,18.74886019982346,25.47699695468399,23.460558849708942,22.241074645722765,20.99563169405867,18.703399825939535,25.368785621818468,23.400525406876877,22.424133339201624,20.950334740817958,18.694710820442424,24.97385147110225,23.37647525656823,22.330939920689456,20.982496592344432,18.606607527654813,24.982303134696746,23.383844904455877,22.43452560349622,21.001842174458094,18.498571638566624,24.820444854605235,23.224492135713735,22.26038251347621,20.776182029613473,18.41851639684203,24.767242068301307,23.161526156684346,22.053756634996734,20.751411386221864,18.5099196775059
26.170871270241097,23.555483215469035,23.61797377507417,21.518245079305416,18.690894792856735,25.548524075825615,22.394940773410617,23.08600218509357,21.52286427022788,18.975820241281475,23.426850873438784,23.55484337685854,21.814921767150203,20.768497315038385,18.956062873874966,24.486165622379875,23.353009876798602,22.856378467213506,21.07477476820993,18.971305267193394,25.021897471641363,23.262876286428437,22.6438503262636,21.223111475834983,18.87745247099242,24.551625025453358,23.48119653754866,22.612422193376432,21.081482258519316,18.883515441911168,24.578058299854533,23.522186637261274,22.510436619678398,20.978821496262295,18.9090014448794,24.84612967091936,23.400516806086614,22.67381150027907,20.990529609918642,18.842076662235247,24.798652669336835,23.389100916897274,22.59644442836556,21.02538916636729,18.736618614520644,24.85475828995431,23.265705797623134,22.759373961539943,20.91527094475889,18.716196180780234,25.197979130069896,22.900061197490622,22.633580246530517,21.113835276676895,18.79608277177484,24.88042511675505,22.957318353298017,22.62210258970161,21.065402544610457,18.629797232535356,25.038728784522355,22.974929469646543,22.483639387559776,20.972334918365185,18.736351404500006,24.965936608931752,23.02144821686184,22.376322149240654,20.924055343629888,18.76533660852012,24.833344337917286,23.08992696263246,22.301613565237076,20.96198741302659,18.736423402593868,24.583471231029584,23.279369014828404,22.156973718997627,20.896057590838645,18.606099507759502,24.58359608549201,23.316616444781275,22.071625722441794,20.860266941197814,18.717709623120356,24.338304050764087,23.414854455470145,22.15084583198799,20.979957221762938,18.578061878256186,24.42444683918754,23.309724409061324,22.34577529195435,21.08481966673857,18.62073868196527,24.439489487172107,23.45111946661841,22.180786461764324,21.020415960674796,18.610477894365477,24.627946072327177,23.497938355049392,21.987581931372763,20.831468523586278,18.63820909919281,24.81634117605308,23.376068610788586,22.003939072877643,21.005208733540364,18.500021673917043,24.893073610704853,23.197430437911883,21.926950177368166,20.882679484931675,18.495437799240555,25.135394752090292,23.432947898044006,21.785275137148137,20.865421232973283,18.485799957689142,25.083712442741717,23.234592928024327,21.67584352782283,20.896741171070737,18.618668572677848,25.1433913692254,23.120561546746977,21.91728207502843,21.02330117916008,18.916906724553122,25.178172013278747,23.495695752673367,22.206039408983987,21.07648000191326,19.300230864821163,25.24271946199075,23.544348721439167,22.434872183401428,21.137285884730993,19.405176834843466,25.089497088972337,23.125344727892525,22.440274166342572,21.10059001962263,19.301121224071625,25.085180822195635,23.201685189462,22.739219408708976,21.166367908507244,19.220604823305102,24.885586288553394,23.201276071323957,22.710095216330778,21.20875548159166,19.014671809843982,24.752557458068075,22.677429045470387,22.553104500936865,21.09350646891316,18.755314797165475,24.5446947099988,22.904880342658924,22.34268937439564,21.217684933881905,18.707469676147994,24.43951589870403,23.10195350226656,22.501867077577074,21.131929112504302,18.833209164244888,24.432367645673185,23.097855297315657,22.324876118168138,21.01730372778211,18.898122777026536,24.682320293895863,23.20104561630169,22.450905406732087,21.004138649509677,18.850141261056404,24.6763909877021,23.48370226195589,22.43159290723407,21.052416035944628,18.727522088476064,24.935588774922252,23.242172394077734,22.45376267345774,20.9180247406314,18.799829556414572,25.120755134590418,23.249447542734305,22.253088959115395,20.911830267305945,18.7090070459958,25.092414484395235,23.3555874224859,22.59051188191535,20.971674082192806,18.65868164993615,24.860509321787802,23.083171447006727,22.354054120141246,20.736955937121177,18.65030923543416,24.813887337941587,22.913674827561287,22.190459283305607,20.712576489764444,18.76535105679539
24.82506505934021,22.76024891593388,23.228571891264064,21.065966968278573,18.45036691596787,24.307659205301665,21.870262485979687,22.537062935535154,20.58262280371741,18.61327605937458,23.000557655938977,23.056902833591046,21.1726520411082,20.423701658143955,18.655106873104838,24.116539333193057,22.976998600587986,22.54277452076093,20.83759082635079,18.35497604704563,24.296346749303694,22.829656961451274,22.247839006571645,20.74702149974897,18.561808405709325,24.196873665895186,23.053348166423184,22.238409250273907,20.665759308190207,18.604100326574393,24.4263149629578,23.190031743599313,22.116212168904667,20.62430020901153,18.625737391231453,24.659345083506757,23.06229897050149,22.279907717149264,20.622893821153156,18.54047734397248,24.608050577214847,23.055899438285785,22.138950340533352,20.57646644223444,18.51068247829957,24.794746272770357,22.95096088956902,22.20293547149753,20.441090677515028,18.474836268086356,24.66290424230315,22.67283643434383,21.857103914341195,20.410461936653412,18.469252637733717,24.43463175653411,22.674232023896998,21.91237309422849,20.349093041378698,18.344497100221204,24.738966785530003,22.765682633091867,21.810176987856746,20.215033004756165,18.437764118634185,24.56068117785756,22.75050764752526,21.810204655282767,20.190789830653905,18.4844881364691,24.094242227758237,22.78507347934768,21.800573046453728,20.234632613818384,18.447935244942705,24.132189594752457,22.983705386012076,21.942543729950597,20.29665422799665,18.32926635918276,24.074336927383428,22.92635601074713,21.82278415356968,20.333670499535344,18.35787817224377,23.634931590751727,22.87017464126071,21.880913975697574,20.498227150008212,18.273580994157996,23.763175797839327,22.701786098001772,22.07829211590542,20.63599940937212,18.29363399312618,24.097392038260818,22.67245897981487,21.868293457143544,20.637157190079687,18.238527669179785,24.261949572329428,22.63927362121983,21.655183468021942,20.446747500935075,18.345641436743204,24.221746503881004,22.59353696035007,21.636825286024184,20.58918767113062,18.285648708132793,24.27752601952446,22.621805356438063,21.60898210160017,20.405853578960404,18.258986332281033,24.535286163743336,22.970919611414566,21.31917275148313,20.311269026200257,18.229591420176074,24.24701216152375,22.93909920922254,21.227404932377812,20.282653128921773,18.330005312557326,24.31644109516909,22.82162191725014,21.384838460204357,20.499767915004707,18.46300409441537,24.350987890328923,23.146895773972627,21.74868870580945,20.484414103962422,18.737233176156444,24.538101999402055,23.131888575827993,21.954186073656295,20.609529036266057,18.78822670506796,24.568415438856782,22.780157134781028,22.00540862946434,20.608873725428268,18.696477701950858,24.54156802624783,22.816217118478043,22.25985711998113,20.73443097506884,18.629033119105337,24.261377382257713,22.862175778695125,22.252856971261394,20.737490716088082,18.519570811924552,24.564025089067734,22.550762694747455,21.969451773909157,20.710667454182982,18.293035126162177,24.26516838584857,22.72742288079001,21.78387219374125,20.84526639468384,18.259944555361916,23.988169229788603,22.85469892037657,21.94112450835439,20.81003599312868,18.333068067450284,24.08054957189779,22.866168346359466,21.857966459605876,20.672484042448488,18.416626797934043,24.423781896204748,22.96060335651365,21.986950000429708,20.67497355668015,18.380303098975848,24.054330805995534,23.120195023583186,22.08635252369495,20.701757092132922,18.383504920661554,24.423208600491762,22.860209579312006,22.054634141195457,20.593429454171122,18.478600126205556,24.433126153427203,22.97916027855249,21.958028242608584,20.54970003938506,18.429424777603447,24.458327408609613,23.008060340296716,22.20304466819297,20.540633704882495,18.36186307347983,24.264746400578368,22.673055516854568,22.010701767449497,20.358023958839993,18.31685216407677,24.287989259868365,22.49609024278032,21.80718338510709,20.38221243309218,18.35953043099554
24.02682572553546,22.661408919513942,22.908292646078618,20.72618112889025,18.479475026158926,23.901245717162663,22.4524307931147,22.27705558883598,20.39254113800527,18.89025909195575,23.63350678796356,23.68156008551267,21.863022209860485,20.414140565873822,19.16126563038451,23.991505027547298,23.25234193681974,22.549889008747314,20.632095540581535,18.846952575768842,23.971513291066515,22.872662230510922,22.116097654660287,20.631245245981447,18.867839333971755,23.913452516996184,22.924469344313867,22.039096730136496,20.582617135524583,18.975761374303385,24.023164450088565,23.030148945205326,21.938560836637972,20.60719642958165,19.013128400633242,24.09701708672601,22.805324729088102,21.9335268067252,20.673075576213034,18.876473156522255,24.279532876964986,22.764283986537713,21.86023902627937,20.640068100725074,18.74443471174279,24.243893915332638,22.883739146778183,22.147262962089957,20.45391272311456,18.685861181543753,24.270933535631315,22.505853318523055,21.960981568758413,20.357497608636947,18.599279665859537,24.048214587259174,22.48868670454039,21.904339017880478,20.341984063926112,18.490685403638693,24.392432202126525,22.37067020861355,21.74680299775368,20.06033912255724,18.55950819491169,23.93739894785139,22.356288772064804,21.661894242315206,19.961508022393833,18.735102972171525,23.685567054637094,22.32132297873357,21.469708839932213,19.93801320266861,18.647728390878267,23.68187566662898,22.64785208219345,21.522318351334793,20.009071289141747,18.54714243979992,23.650981728756214,22.435775204486138,21.499305584997224,19.880321685848664,18.46412854368147,23.107773202002402,22.42101021886282,21.616942578774967,20.085034375884288,18.376365218186105,23.14858050157637,22.27568049236446,21.826785036282484,20.204433053390837,18.333809728912854,23.41816269094887,22.161526288252116,21.805941360739673,20.267616308970673,18.35125260280102,23.49384244197888,22.168118254985586,21.628341406487134,20.124071874602524,18.420572030009502,23.46666159501047,22.223683920580346,21.64610627859063,20.32051869838846,18.426092599041347,23.639267594448004,22.218057171244876,21.419984653651117,20.258503253703758,18.392084445149077,23.988382401089332,22.292779841517202,21.096454098830073,20.148955984811675,18.368968192593197,23.968305891785306,22.430117320490318,21.01491229229011,20.128869084764837,18.42395305580754,24.104734489075675,22.530777897833534,21.123353589443983,20.356134068914326,18.5399550827127,24.463060376698344,22.726257286150243,21.521751125650706,20.358013660263264,18.850881598746035,24.683420146887947,22.984155123246175,21.71350041293267,20.406132540845334,18.864483090173536,24.72483684070669,22.813233685208747,21.748965699574118,20.480426394702754,18.848105906745978,24.650328457967202,22.752210251052116,21.887960200213907,20.524794516082455,18.798270528546986,24.679835604655576,22.60472929957482,21.86684103217868,20.461752897747584,18.76164541300593,24.432931712857833,22.08418465841054,21.548606660821033,20.357975533433834,18.470060241708694,24.19821388707627,21.994342457024775,21.628166761867792,20.478290907117675,18.47910637050502,23.592989086994283,22.21938792719561,21.68209154372488,20.451466303716114,18.395470219986215,23.66531639915663,22.331841754854725,21.582624919075574,20.410899962078407,18.477803101526945,23.627186873802437,22.36794680320972,21.6143513890215,20.381070832227294,18.419617429684557,23.746356784845858,22.868294300025727,21.60692127578377,20.461407011366873,18.437780777163468,23.979096497611465,22.790489512533096,21.501161728551995,20.35592068605312,18.410159199516517,24.282911497868582,22.71734165453305,21.548085250418513,20.281572915605363,18.416331474368405,24.368209350905428,22.51419770592602,21.730558049068595,20.26338322498663,18.408504316486454,24.252133229617733,22.230813303896905,21.68838690735846,20.228633440771087,18.447809027144075,24.438076042744903,22.005942868670207,21.42524110263567,20.26472025612994,18.52402197944415
22.081725493501406,21.55052134893376,21.51870051479874,20.34960891318845,17.875060694502906,22.796584622795393,21.058258883945115,21.02638666157813,19.017403314626364,17.86452782955316,22.51479584098007,22.184804237128564,20.745819248711527,19.40830495590559,17.973476641100838,23.15473261715161,21.823071260382385,21.175392839234462,19.716214385338468,17.8778465320036,22.77059102836298,21.581674722155565,20.92297569496079,19.65340824480539,17.872802133828845,22.86354648342143,21.437942884996822,20.928441255453244,19.54233808266298,17.903444304726587,23.05426851002955,21.56079129177251,20.90261176405567,19.554170894870627,17.890434611916056,23.103734563837087,21.535386522925233,20.90229307575611,19.593403108582756,17.840323808126907,23.10470010087277,21.566700810017117,20.861448177159396,19.44643185692275,17.834726674670698,22.88801741266854,21.671126961400123,20.9813409746879,19.30113041600662,17.765546730645656,22.94538784055786,21.613622101109655,20.766220352962392,19.157304379025884,17.655181164435085,22.67942428139425,21.697146230300625,20.750532444850283,19.181266684062283,17.624046532867574,23.010169477879334,21.585775605727555,20.53812585758029,19.020299232959843,17.649273627904,22.94099040835916,21.695402385619317,20.62252456891892,19.051101463652785,17.620787322073216,23.04375076405471,21.658021195012516,20.542009294646853,19.111189060816077,17.736269629071035,23.014231130501663,21.996259870281907,20.653668967497268,19.206327215637014,17.720521194426745,22.919518486760886,21.81751225116675,20.71617190646391,19.25363202761426,17.662981314010935,22.441041365725177,21.789913291215964,20.79454220223522,19.353711971842294,17.670315781508343,22.307837589152694,21.52722193288387,20.707123005091624,19.425413342479736,17.715751836417226,22.44512452881084,21.60148240805081,20.567117754448365,19.442936889749284,17.64338009825748,22.622477580628463,21.460103840154723,20.316805883142937,19.34399602056764,17.766812782204656,22.475182322542075,21.477569891321973,20.034851398840864,19.357400814448596,17.755484376181343,22.481557106457707,21.49008017630251,20.018716026572527,19.217105057418372,17.663058888966273,22.6374568779223,21.583727550113558,19.80200158973863,19.085539934591804,17.636138180241282,22.567264832783327,21.377457308219704,19.752874553442787,19.036468477858467,17.606041243050157,22.777005838286534,21.334025046225605,19.81730851025849,19.212049305077272,17.593928745225696,23.129135959682667,21.556285811352986,20.204907787001112,19.253205753637456,17.83973184735268,23.300934024391953,21.49063327073828,20.27010969061458,19.41255240228368,17.863187833517635,23.349539216267605,21.170675129597022,20.367071426995157,19.523883780651765,17.860029118360455,23.174612665015555,21.119856747310585,20.547657050833926,19.58802172704083,17.84330066173397,22.757831152775655,21.08040605219426,20.59146017250813,19.42897388059007,17.794900281669634,22.480297317012827,20.688650524525265,20.41659764066234,19.367987224810804,17.641421734865926,22.426754445952866,20.821905382433137,20.59857702186057,19.452104593218323,17.573968061545095,22.17521695569109,21.167696890806877,20.622832234681425,19.408508775071823,17.490054234960365,22.44714277984133,21.333581208010536,20.634179004659863,19.381595080508976,17.6070922939222,22.651491659737314,21.56433205745813,20.680182299885274,19.44377902363871,17.590063091523646,22.63559931771436,21.819075458212545,20.71878278206209,19.433900870627873,17.537228674859666,22.629310634664854,21.694950218700694,20.54254839282118,19.3586825335833,17.676314076106294,22.583937308884455,21.635503751099076,20.520867214081072,19.371878152314032,17.714912980574177,22.564955814288258,21.551317328126828,20.578214326562854,19.27222379509177,17.655874158639953,22.406369867991817,21.22933548554281,20.445690057617767,19.249391477144236,17.717622569378015,22.739707435234962,21.053097318650146,20.024963305691365,19.25718073064211,17.806975955678972
15.72247823434222,13.699316012847051,13.491629545188331,13.270460407586897,12.483217835924124,15.892518347437521,14.226436105047453,13.284295766189697,13.353043467060354,13.160736116150618,14.566692120047255,13.267810001203541,13.551137945392313,13.147201504343633,12.850557333964847,15.309055942481578,13.98756946215176,13.888720334820729,13.522215622848316,12.63335340558445,15.380947821139225,13.964685885785624,13.562669039677312,13.290350460578736,12.703395145813335,15.407496323282931,14.075029815404022,13.527976598618128,13.38104787226803,12.803095571620762,15.436420364247748,14.10041242243364,13.504580140318136,13.37044894479762,12.727613924118447,15.544873616322274,14.211249200969144,13.628355542415964,13.385235273175686,12.687577040457544,15.689939613189745,14.24550446829645,13.551809041712186,13.375227300651934,12.740244606268377,16.041023106198494,14.145407933368423,13.696739280870185,13.402904731221202,12.823094342397159,16.019680777516,14.181448034818326,13.818137227978065,13.376351094303672,12.806339799184844,15.920417798551338,13.950890448845055,14.072554658490741,13.355147412863726,12.83925336285893,15.926249685357575,14.016978564304555,14.001944834942154,13.303226114138758,12.898519717231096,15.880477231271646,14.017350746371761,14.095149647612127,13.269785186133102,12.923737719710084,15.535902125362753,14.133225641407194,14.022195644296795,13.276861564594977,13.008130460650492,15.604326798763651,14.166800679772374,13.92176033744715,13.212334011176756,12.991569530868688,15.587000574972203,14.251874719894818,13.651181464990547,13.204367263942222,12.945287041931971,15.585792634932295,14.216721945984599,13.700420812959294,13.28452311104822,12.890866621845438,15.447303309039984,14.222292958897985,13.74355024602654,13.217741981982746,12.906792113490116,15.445795753546879,14.100135354491178,13.78441796766819,13.209811418780992,12.848283618003189,15.213923966291585,14.097825114612888,13.981645214412008,13.151808946571554,12.870026725629714,15.425816351518488,14.38001949077655,14.0531751219674,13.132849314425101,12.881796823028196,15.357376627975384,14.241285634466127,13.931001864602257,13.164277700321737,12.943838219063878,15.464405563560575,14.22187103062426,13.839481649352274,13.271259308231246,12.921502612502525,15.939259244130472,14.327569594894072,13.714822710520925,13.322611505264556,12.940021105734829,16.340287437525422,14.293620561059356,13.597742784565606,13.432809532795124,12.975354018957768,16.11383021156109,14.032373529659301,13.654919003480325,13.44839935672294,12.986278990244987,16.170448844158262,14.243142898221066,13.493558645605551,13.39416606903599,12.96520765432559,15.968727890032685,14.135560363993434,13.534075323963254,13.26557327591945,12.936735190982,15.817359716976819,13.811897672540962,13.636732669710455,13.162756604761565,12.88482891016748,15.67825227370572,13.93387326047523,13.646075401249163,13.041014559928087,12.950934338110619,15.765496615872431,14.078414394974981,13.649952457514734,13.046101946235614,12.93988535883715,15.854794357400909,14.129578254063853,13.914580980973259,13.038104744079442,12.988685168568171,16.030850362556375,14.200153799206015,13.926234880836464,13.042089362067491,12.986903211572146,15.622757018065784,14.373706307288913,14.034625116149982,13.110377287972193,12.999016542760794,15.337934484047256,14.47000906781795,13.83507237632027,13.233014706978356,12.942535233258155,15.54126418332794,14.549204706696845,13.8310548146929,13.289319651130558,12.899562980644472,15.606407728480264,14.285615810504874,13.889407121912996,13.348966143934614,12.891888300682007,15.796214915348955,14.454277825657112,13.843466869190589,13.450667784756144,12.939547653653074,15.823598844957598,14.459914755679307,13.721464422976222,13.444791327046861,12.936594640522392,16.05497218359825,14.053960006772744,13.970031323060681,13.424352640880528,12.883301432433814,15.91384378125294,13.893364896394962,13.93120765883312,13.388859611750735,12.938746104404931
22.196850108166597,21.276611859515075,20.055907513319536,19.41002818868134,18.2001491260527,23.08060306362551,21.92176546591808,20.65220227493384,19.182644078534416,17.6921844044776,24.156101342823973,23.263581376134322,21.206910193401125,19.446348460296356,18.466661410435393,22.88542786914998,21.94949450776255,20.298571426454327,19.762569764043064,17.671938336136858,22.750544003514282,22.110783005935154,20.490263684480706,19.544999560566225,18.014776195360668,23.01098758970477,22.203998627222376,20.69846391872683,19.538996820268313,18.000668728775878,22.97546822241756,22.06356876484509,20.827172149982985,19.621851630055325,18.025907794946214,22.759243337109982,21.793026716727447,20.721665028047152,19.652103251194987,17.92542588220449,22.769147585205705,21.79251145252934,20.736823628812296,19.540798101734868,18.055865606293686,23.057614147400454,21.59027194610915,20.88565924351241,19.425830730425076,17.959322403310928,22.876840862533427,21.40203599154946,20.93140902561575,19.368823280970883,17.909022602770104,22.772569907327746,21.395325031336263,20.78291365638617,19.297628297516695,17.88423611148156,22.95470347438033,21.382101383324546,20.689634511808023,19.261201071941564,17.9422490612288,22.815557277473392,21.57579593712024,20.727411715703106,19.30594710591182,17.830288166000308,22.854824947085614,21.783411634866884,20.73906143765356,19.292611133232526,17.87436108064929,22.893164312669754,22.018709575967428,20.56769406071096,19.387552788501374,17.850721659198687,22.740475498994293,22.09886334259146,20.530680747774994,19.363774090393953,17.785189279632977,22.51328967485816,22.01669695158386,20.67589749408711,19.370692951160244,17.71445158842677,22.68086284959661,21.74416057645888,20.86086285662903,19.367415165995734,17.83088644190832,22.974294938482245,21.7402649058244,20.574824886387,19.43846691946633,17.801393114732768,23.20910707855204,21.50609822696872,20.590225485519962,19.385127385722534,17.82568504065375,23.549446813153853,21.541776864665493,20.655989440727886,19.487975529326032,17.887743920777154,23.24365629479059,21.63660493431985,20.56527112602607,19.363831481474392,17.82054133172246,23.310367042998852,21.772515303453005,20.3670770915676,19.357225792739428,17.702551747060593,23.24665617953064,21.629158460108894,20.643260464617818,19.26093046804578,17.78523110973915,23.06004057711676,21.80545594297965,20.524447259506925,19.346141278515155,17.87893947760034,22.88864524174178,21.917939366657244,20.595854488673403,19.288503013952194,17.94293410521467,23.415192991633713,21.66949633500898,20.650044313180878,19.414620674337424,17.96047631753693,23.48777744896503,21.52079152845183,20.444815762367863,19.50483086195238,18.04344113808702,23.310808017682934,21.574026715246017,20.240578503883164,19.51727558339607,18.001960831701542,23.33980536613505,21.596704596419837,20.346493851098643,19.366461073641567,17.9757583787827,23.252096382316346,21.330475479396892,20.30288522649476,19.373427278452258,18.008157231915618,22.861596583656024,21.611962035032207,20.316608966648097,19.409714920251904,17.988705126871444,22.433178392568458,21.74489334864454,20.482451281658705,19.30293568597259,17.90296293979572,22.638817590977496,21.614377659141034,20.741527323322735,19.297043846153137,17.964986378804543,22.538845193042043,21.709070957590416,20.685139119258757,19.421263062925497,17.89236366996017,22.654447983643003,21.914809624754817,20.754043730746712,19.491449091141863,17.849331269921255,22.789169756407773,21.798611615393334,20.63696315105034,19.374860748339643,17.91794165404766,22.765119680893456,21.533733611657635,20.69264814537347,19.36930023817723,17.9696499271448,22.625118106679828,21.412126148154726,20.555293973071134,19.342182687857004,17.93515380940064,22.733424630590907,21.120948517970515,20.621575540011282,19.293123450985927,17.973039614136624,22.792596733125315,20.953380089845943,20.4562047586844,19.30875531586968,18.034082528224694
24.194919380974575,22.09546769010984,21.107986912909553,20.231703841786288,18.698017403536063,24.286636120410034,21.812173283341462,20.892487509971644,20.256533894281173,18.323640789804017,24.040479001694354,23.03098948946829,21.300639539351348,19.75788185457085,18.73415406083965,24.013865430726792,22.061849986842283,21.51335150444556,20.529032438758414,18.561637731714548,23.888804321348566,22.340236437447754,21.048146309864528,20.26936477281469,18.529970687328085,23.684117968377365,22.38172188223061,21.072647403096163,20.185858698585868,18.49834235688282,23.55760007458102,22.410556449653093,21.303672705563827,20.139623049236015,18.60537389313337,23.455266588143424,22.105673677219546,21.354882123261017,20.242116981363694,18.59546010562899,23.350517984750418,22.22008104327052,21.29822910482914,20.154216575982115,18.60213576978267,23.59453138380664,22.16289673730027,21.539083120439187,20.146150697988517,18.51935894977321,23.792016407055904,22.197388583575425,21.5708813284075,20.14983747120301,18.55007421661055,23.622578931487098,22.16846419650092,21.378156797419013,20.19476879907956,18.428977230450908,23.47187016698077,22.34410636853513,21.395238659184987,20.147172372564533,18.410281383634892,23.46690038555112,22.421115223511976,21.414944987824278,20.172321584049275,18.360557996401266,23.126092144965362,22.430150562892244,21.486021569664935,20.05863831132238,18.382116315059733,22.984945127645013,22.265910999882564,21.44092990543211,20.122783654695837,18.304180734421767,22.959391406972202,22.432947453303044,21.464979284851452,20.05182147369282,18.372761560565714,22.887229770270608,22.45691045572123,21.383949926793086,20.12795161406638,18.321145040487927,22.808273741605255,22.397844659560278,21.565239580035033,20.179379121653817,18.412207186712372,22.892841013134,22.482187065569796,21.26829869806587,20.143658390972895,18.44948567279413,23.13329184318105,22.593739292418338,21.204825837913482,20.04010860279002,18.498098192360835,23.23161023971578,22.40979276413777,21.180052759853435,20.068082116631004,18.426997663990324,23.469757995635018,22.327751402526342,21.180347864065144,19.977968588715562,18.345072622504162,23.832016126966582,22.40278969214689,20.892241707388077,19.93018196215767,18.284986377705188,24.18703310741516,22.14192796630823,21.097265953214283,20.063859387601738,18.478178934195967,24.27783180104496,22.254549903267403,21.092179915684824,20.247684426268243,18.754898645600953,24.340059112778814,22.255345053211393,21.25301795015586,20.329988360353745,18.872892534647054,24.33848336175813,22.312308626928775,21.33821565372354,20.342828017549692,18.949201655789597,24.3105984460342,22.05753535010683,21.393219611259912,20.38658912245176,18.934366474613814,24.181599945221972,22.2034279068908,21.246651846485683,20.30728910732216,18.7870905341396,23.8628133168066,21.95550150179427,21.376440025392466,20.15869907452465,18.50668271838058,23.659877636945215,22.102763298274944,21.292868546940063,20.064966876464357,18.412382722408967,23.799166486310053,22.07639615299974,21.123053992506005,20.060384442776627,18.401536367255453,23.716809515316108,22.174791798164495,21.084072975581158,20.078158965672802,18.376125930002452,23.764580913528626,22.04677663767992,21.270048828292925,20.013753712355868,18.392060336671307,23.676689223070575,22.29327701061784,21.0534496355595,20.084890308221905,18.376286629588055,24.20230146361495,22.427520426024195,21.073517625685575,20.226731737039973,18.36150783235369,24.052516368509835,22.512627479661894,21.235612984735592,20.216484084411476,18.338746306531583,23.858649142138564,22.42905485190237,21.30768157463175,20.184342928470674,18.350808541010384,23.770560050357993,22.536158355131608,21.25849597549874,20.19735746574585,18.306694712810053,23.863586724179253,22.43743410654231,21.438823465937723,20.120652942225423,18.330077236786558,23.573116121488052,22.16107473953003,21.36942408526476,20.099876231657937,18.379971050267372
24.76979526403211,22.553380494120777,22.117760836033934,21.036674389380163,18.376635652308483,23.979964645521633,21.759345817617497,21.565036229373657,20.866217868970427,18.51648160486909,24.238555253450368,23.254072205199744,21.39027016445541,20.32503087827891,18.76659466761617,24.651214527208133,22.589961244626732,22.027563848088814,21.101178786872275,18.47765042268902,24.325394717230246,22.597666481210403,21.796284123196592,20.821086043262007,18.562836380758704,24.326306514868747,22.64628514229207,21.714464301319058,20.708113995356392,18.623183704592577,24.3844093162733,22.902112238973412,21.838947103999352,20.6305984612531,18.67494522601639,24.625421151193848,22.673151856731128,22.01533616082491,20.635615876787778,18.711248597086044,24.47900159095539,22.70007040900895,22.00272602642712,20.54620201158848,18.788066962547283,24.808806213729763,22.66106401554577,22.02079860032514,20.543471150840894,18.70576946168062,24.790807317369637,22.584878744703488,22.11899183364907,20.55127172239458,18.682509538465624,24.639989505953366,22.309773411880606,22.043887690874005,20.4961517662363,18.634290986945683,24.403568027008763,22.477009350672848,22.046322970046496,20.496012952423957,18.626229308752137,24.398482974136833,22.529070477498852,21.868576758201918,20.47886433804906,18.539691141403814,24.024111838540865,22.49404225277508,22.04608824297093,20.407565523617638,18.606115971253296,23.95461579980438,22.46738037285608,21.907429457510922,20.516247268223275,18.59851723531559,23.94004997342057,22.689868214359553,21.787582848606675,20.608826837226083,18.57033697568768,23.949877697444556,22.577865262921044,21.72749523964348,20.72927400645743,18.473087192359156,24.104602641291272,22.51466908494776,22.116178127119262,20.745944823128177,18.5848234463512,24.149928696934104,22.701230543963582,21.75153172259801,20.73438717514254,18.618295547034307,24.36131454856541,22.854333271500103,21.64695346330142,20.580251657866484,18.610061720361436,24.605212725122463,22.848749472495314,21.74576034778497,20.55535147229774,18.563150753706267,24.378865111186958,22.77501847350039,21.637501210913427,20.326512746722603,18.610398734465377,24.38067334096176,22.997203198802563,21.405925925884016,20.35952796956293,18.574284852160574,24.529605759423994,22.68821815635993,21.508313653094586,20.585991470968665,18.942300894739066,24.40529551099457,22.746748594265785,21.6204977094962,20.869821521985113,19.590539642879442,24.046111599112713,22.75737844376929,21.741983928146674,20.858436888473125,19.85768465132449,24.148527025348322,22.910446509441464,21.703563189152042,20.976406412884465,19.80738383354648,24.349199334394864,22.542397307261204,21.67366070785916,20.947354216355315,19.722879514226598,24.26381701193372,22.79745894157692,21.723187583055093,20.73553905205265,19.28924493323104,23.804849784408766,22.67959926876214,21.837488594572726,20.43870976424801,18.591122164063286,23.714819881446736,22.608673962692585,21.821808753883584,20.448441060760537,18.416616875814935,23.987168941820407,22.656212130640785,21.878045101932862,20.517066441276917,18.367664968078124,23.853390206735934,22.80197197763196,21.79818202362538,20.474959835583,18.378810586696233,23.764689970819095,22.668051949164376,21.936373205984204,20.43478381292275,18.498921091796753,24.332272977820576,22.820563282654682,21.841635480475496,20.540314360370637,18.589680983076647,24.65353101089578,22.996017462757816,21.761614601883636,20.708790219051252,18.61352375640067,24.450246427283137,22.977517900379258,21.931092426363694,20.590431457153077,18.692777698195606,24.306073152747523,23.06830652410489,21.975485364123568,20.686764668175446,18.731306716359626,24.632965722497858,23.24668352454804,21.952998496884163,20.70459072206113,18.59037552913362,24.381047273121414,23.079643242499607,21.96828202815541,20.65116736284856,18.559083091037184,24.18604950094122,22.816519606130022,21.927034858486415,20.6110674072033,18.54139466472595
26.12262874211577,22.916475611581838,23.109377508038918,21.76421078635964,18.533889486935703,24.74348837964518,22.24168418972369,22.25193168235682,21.213748333254095,18.598341943278953,24.910148245654064,23.760887444379566,22.231371734909565,20.64877362419598,18.761465091857154,25.399614150327903,22.78975772587402,22.648062029648322,21.19779282278202,18.552957955503828,25.135246322081546,22.93773677282588,22.35638181356454,21.16330498205894,18.618029337251162,25.128994682304846,23.121531221574593,22.024649559729028,20.867799997821567,18.641243111388896,25.28929844884617,23.248110474251895,22.13128327029802,20.75700053989774,18.695047707231502,25.57022385497934,23.093157511212922,22.2442693305968,20.85572243058504,18.72785603603336,25.820261577174005,23.356194712871222,22.158417499240223,20.87652883382568,18.81878680557266,26.27808112382899,23.470537318856888,22.210495297618507,20.87481695379248,18.799560218327816,26.151383440953328,23.22666622969495,22.4477761322402,21.07623326433325,18.78865092848949,25.820536223975477,23.051563496005514,22.416240948530795,21.03600269661937,18.68240896229799,25.68494956887172,23.12538210825794,22.295250842284894,20.909115817340215,18.68651850617315,25.219581085150516,23.027746505602956,22.228870145510854,20.796238747432955,18.559242748169194,24.75586645969694,22.971808024882233,22.449951155687586,20.758879496481192,18.580794293125212,24.526049237687698,23.03838535008751,22.20724109205562,20.767916382042127,18.55909360887826,24.88882638110241,23.419982637555925,22.05185014146369,20.838842693387882,18.66399119802151,24.72709385392282,23.337157869820107,22.077337578172767,20.98227980619397,18.582484160897145,24.55405233810841,23.1698267504935,22.365829169527835,21.02357551324579,18.694387371625613,24.616405313925327,23.30552169625785,21.992627650486913,20.93196993267868,18.672070611253172,25.12027016761838,23.409149316633,21.992630087249495,20.830233731939206,18.691657058270923,24.844869955535565,23.211166769107955,21.960925673940146,20.844994583650514,18.61308221515133,24.55044461332834,23.117542462906588,21.90162458309708,20.68947161382136,18.59254947552598,25.163900807468426,23.429449821305692,21.833633176048227,20.668899119150957,18.551764543083458,25.401640506373397,23.25590861552454,22.039296003978258,20.83149748253379,18.869554950956434,25.69885834225923,23.33381913003338,22.19685675619281,21.05662650136306,19.47150404939267,25.75182450178748,23.486308973793818,22.476918462095544,21.03779512545717,19.735932640005835,26.070796781232985,23.62562889536948,22.55582198539816,21.066575902130808,19.734624691612495,25.98700177488978,23.193842546722067,22.42838370310961,21.17802639201492,19.685517725764857,25.83057610848415,23.430124553142296,22.481386964770422,21.130856542106198,19.409147062856462,24.9294063392675,23.25730684281919,22.492071120055872,20.90579839584772,18.861855165208294,24.803938568634756,23.08074490135489,22.312526197861125,20.95683545180868,18.625144847968436,24.9544561899175,23.11926259349447,22.140178821191824,20.96046500022799,18.573965138892525,25.04457298894445,23.35028426571984,22.10665757690995,20.911249329415668,18.60068024508915,24.920086905087985,23.144369964261593,22.099495070783195,20.773360974297653,18.687317388780155,25.259716777224497,23.34680715448929,22.13276819038588,20.897237699834896,18.712205427023456,25.453579827156318,23.446533033220078,22.239962101319943,20.985770756368858,18.662835041434413,25.34986292778006,23.390706677196597,22.426975833376794,20.955579627774185,18.685395444306188,24.97480106933728,23.374877914004138,22.33162342767462,20.98965160396424,18.603581807781694,24.989033381099546,23.391103319051144,22.448055401247906,21.01137813206798,18.50075755405806,24.836534849497376,23.225404592565976,22.27225796621378,20.786772326233994,18.411148643458382,24.789890593237253,23.15972042392365,22.061791969058667,20.761516981047624,18.498931658179004
24.414366432643444,22.84451583122849,23.140815939397804,21.185371246852046,18.233574314277025,24.478887676260772,22.072148576221206,22.196601215616198,20.816065012510144,18.63683972498974,23.80762021383452,23.10272919050621,21.533735958051466,20.594456949434974,18.440617568925585,24.38697292344328,22.806224604509808,22.642954963956544,20.722125731101062,18.19244023951028,24.243769591304073,22.746783015778952,22.259120595562194,20.85307022172845,18.3926561679153,24.25984202427893,22.975524733569628,22.326439379573415,20.809663728654822,18.4404299390796,24.388109283761548,23.00245862195503,22.19591019716389,20.706842386645963,18.45231695168508,24.500180287274436,22.94659274682887,22.380699977854214,20.676452092472154,18.355156821559483,24.450904583199133,22.968670359100578,22.25722956397585,20.69666038014413,18.304844602546726,24.566231744315008,22.766348010234303,22.380764219891436,20.602409216927008,18.27829606147269,24.581556918778343,22.451752467010703,22.056412740243793,20.536967123475254,18.291378919758376,24.350951786771365,22.482662525129093,22.13060920450177,20.506658796898922,18.16902926821698,24.36354003703266,22.367155206476127,21.885501237579007,20.338242511292,18.32088640032681,24.059455980210526,22.341009598345504,21.8016706976607,20.2562282282408,18.421952552699192,23.997249267250407,22.458171997115617,21.748257928913297,20.21843222211289,18.451521375660576,23.84786869102867,22.660817110721023,21.76314998188416,20.265577834987113,18.381185740982836,23.468131916610503,22.66941272552551,21.72694970153025,20.288913822478918,18.38468957740427,23.34108304233706,22.700191647204793,21.92330710045732,20.49710819603468,18.300305471723842,23.464595585730248,22.489490579436648,22.250356442501165,20.665012826503485,18.36731345159511,23.513425666404796,22.658506095090804,21.959242166233786,20.658543827671593,18.285312229060672,23.702277733889854,22.6649594357009,21.83111705665316,20.390499362793875,18.318097193463828,23.937651591166436,22.558522009507467,21.838458942038308,20.510097667631833,18.300796912957242,24.107494258581813,22.617655168809005,21.759487055088925,20.36672595658097,18.22957893175208,24.310879493232214,23.033239314535184,21.474108881134146,20.274141891220733,18.16669652513054,24.068406432133695,22.922301335467463,21.49334202981131,20.294895895380982,18.366861628881825,24.08903112107342,22.75381736865649,21.659794752184037,20.589100005967286,18.628873548886755,24.251263106359676,23.03972378364424,21.945563788088396,20.571479802547863,18.85853725318548,24.23355645040822,23.074067225280906,22.1125693843262,20.660647605029038,18.9325586827536,24.30130700796258,22.624488416444336,22.086505236045067,20.652262961770724,18.84134785009133,24.471420319897955,22.69670557680663,22.322502152751024,20.758868532753706,18.65833035772179,24.240919399255525,22.703560556277772,22.271268160843782,20.763376006193454,18.439391405785102,24.218025990285902,22.304417953921586,22.01193179370285,20.778836298149,18.25989660809401,24.058953348312116,22.42897916983993,21.841564214189088,20.856379945731653,18.213455659453167,23.872372120198055,22.633744987792774,21.998807338100725,20.831663160156438,18.279418730476266,23.875194208058524,22.50757887606224,21.860686724821782,20.671313983393294,18.39964986613689,24.192554123332805,22.678822120236752,22.031742223716705,20.685749387801703,18.361359324998695,24.33234906055414,23.035167951556573,22.102239445231746,20.719512179098604,18.334722924385023,24.516790043565177,22.78791365751641,22.11070227061581,20.625371977439166,18.403397759993794,24.51914827047691,22.851711316038337,21.99495285732277,20.56316760162357,18.309716639758626,24.47156757254188,22.98426326094009,22.29445607687864,20.607142423006408,18.183740319224597,24.322534532103298,22.64940471490714,22.033223904673143,20.455455669832485,18.18465486679171,24.11461530179162,22.44197506533102,21.924884880908706,20.507901231115085,18.232926930163536
24.413141110689025,22.84583468942179,23.15160233119195,21.228437026756108,18.291095141686956,24.504779221141487,22.074259235464638,22.164518277755022,20.80551389078654,18.59850125052658,23.828379993969055,23.132024881263785,21.56526477446033,20.57268038202895,18.48179578205977,24.408237163010536,22.762310953470607,22.636555471404453,20.720928930866155,18.306146513884386,24.256779261893858,22.745280576503657,22.261697972108077,20.859123662072818,18.433660459978757,24.27536199598969,22.967201433717836,22.325913180380113,20.809514006790142,18.47391689271997,24.40182416590688,22.990956042449177,22.19435203967317,20.705957525559988,18.491455053286565,24.508385080209017,22.935890071533926,22.367043477565442,20.669301257737445,18.393137930906395,24.454393970017342,22.964675549988144,22.236972195719222,20.68018849765284,18.323273857156032,24.565907871061537,22.76508662453862,22.364637770059478,20.564734602232654,18.290032179404392,24.581140014473895,22.46075159657173,22.042553354869472,20.495627505070136,18.30628672133269,24.352553568859634,22.49937593598098,22.120107796895525,20.472686874890165,18.155049341167285,24.366687542434924,22.373440407808086,21.873306681093776,20.317937170199574,18.296813490425844,24.065332123645,22.3442272335407,21.79656944752928,20.258191142371462,18.412950019984436,24.00126502625477,22.459436494958105,21.742736264674043,20.23986510852836,18.42951453002601,23.854715463702608,22.652447460956665,21.758185930358437,20.296007249858715,18.329368294509692,23.47238545399966,22.656229098753027,21.72850868602029,20.303427776453656,18.37118830407317,23.350847148565858,22.69488364716909,21.929863022480486,20.513163677167064,18.292365306559354,23.475597452052398,22.479822616733216,22.2536151017921,20.667022242281355,18.3296204022714,23.53020469311984,22.648505521437762,21.96930328055314,20.661515229257624,18.255373327628973,23.710443550002594,22.6524686321929,21.82291396715528,20.402686355669733,18.305502956924062,23.949695643608834,22.548812300247178,21.825298005980486,20.5273290101873,18.304124641389,24.11141051467596,22.60111134875212,21.74842815667116,20.371839367689514,18.223011892264946,24.313752697438193,23.02754054747618,21.458714700321558,20.283321289640543,18.169383526887387,24.07867264843055,22.922616456615966,21.455121015174306,20.301623274110774,18.392712425877612,24.09959015726263,22.763836509753542,21.638181716376778,20.585106470825576,18.65629956189243,24.244746678186473,23.048056376992726,21.92735173415759,20.57573091251076,18.865897523619076,24.227264777180807,23.08881318386284,22.09605587474318,20.669419227435043,18.94296942426509,24.297195389173105,22.652151187533914,22.081806206501447,20.654342463210376,18.86532426204205,24.4597229928244,22.7185713213862,22.318209543306644,20.756002345859063,18.665888072000676,24.22826585989006,22.72273794929465,22.261329218771987,20.75423137479867,18.45058555569192,24.208408180950773,22.293949613917427,21.999612741922412,20.765976829018573,18.27782611774188,24.05669550824009,22.41305012610359,21.827782560373887,20.84452571347601,18.235694355686967,23.864155146421762,22.606928880028637,21.973102947793443,20.830170081526934,18.28446991891965,23.86237022422402,22.48395641538559,21.831102470828096,20.678713963344478,18.393106472738573,24.18007867083456,22.65716069333478,22.005094594208128,20.69351255592874,18.36243468297354,24.321376926896967,23.043229510065537,22.084765405718404,20.727602400403065,18.322508340931478,24.498786447816247,22.79586688341999,22.097614994400892,20.62424114459677,18.373694129768847,24.502027924585878,22.860090057141928,21.992718328380008,20.563713135918594,18.289312785545622,24.465101811817856,22.99194610313407,22.297489481605698,20.61004079184032,18.18179147834767,24.319521087187034,22.64770160591836,22.045073764551265,20.456324918362988,18.18850744211532,24.11437055224934,22.425882757961954,21.93722790893497,20.5131188052245,18.238742064656414
24.259720154844675,22.998893250431728,22.486597010777796,21.06543809116595,18.458639505134578,23.944576442064967,22.41417201008582,21.75828020153019,20.33374439504838,18.58335676240655,23.448140566469235,22.97889634501356,21.277527685272364,20.08102352984039,18.676393523848297,23.772434251722544,22.314514387625977,22.11472972743062,20.81854853511208,18.456985127182612,24.04358994294325,22.689078551733427,21.882044846264755,20.541263438763355,18.563274653882424,24.100352585760326,22.695732475324867,21.969465355626397,20.459266237741318,18.60400912517239,24.27496182543941,22.68341923209051,21.89053085129101,20.40550878584375,18.62756050482026,24.210650585342954,22.656988968922576,22.016294912606917,20.45498394728296,18.54598735954345,24.275525491005517,22.599792304230274,21.924116048525075,20.39158251985612,18.55501746391687,24.129380506745335,22.562168521197734,22.016835125031275,20.325781842730755,18.541486182870802,24.056626760703285,22.286020114295702,21.776793208790583,20.220065185202195,18.52435446821458,23.85844397332608,22.379106091230717,21.808610581203176,20.28712316500507,18.44976426964295,24.13248773242069,22.30335249974289,21.68853181841796,20.08739180720036,18.592409884446766,23.93330619546873,22.42181812228501,21.75060764230997,20.066887849937515,18.66435925294281,23.713583969041252,22.438578953717716,21.60270567422218,20.075879878037888,18.666204267678978,23.659828595940887,22.809295325393173,21.65253040421328,20.172619261950505,18.57839216113878,23.502540429465952,22.623234520050993,21.693293981285837,20.13248607769408,18.532198658710342,23.174493953219145,22.539834813929502,21.76672063031395,20.355994140361314,18.374619752705506,23.227068251203644,22.391862240133996,21.939632963037546,20.43985455457095,18.323595098943915,23.528264893689,22.457329551188273,21.819667898735737,20.440399985427867,18.27554244827332,23.512158612888413,22.27911330521829,21.471282901630104,20.218118720872805,18.373300526171143,23.590594273316118,22.26815437319328,21.324166293510114,20.299966866174735,18.37895465209752,23.810203505810193,22.258881383030104,21.320573176671672,20.18301226818548,18.35490081913857,23.855181287014602,22.491435333514737,20.853119659097025,20.102463377954965,18.330360097141245,23.68554490508717,22.533293198498804,20.84592709010256,20.119591297614498,18.34776143427265,24.025412613455252,22.436155553609705,21.088900450879862,20.362465115044234,18.487858957650126,24.162106988808073,22.74879672453175,21.477197779347996,20.356589071728195,18.675900199724367,24.1494625001883,22.8157235255062,21.510022461839874,20.422399270656847,18.794810351811666,24.299465119593766,22.502642444346712,21.703749993620654,20.455131697203385,18.75759780410533,24.138030453566564,22.367840733543495,21.919386976053907,20.473335739383277,18.718213110311797,23.55767549714586,22.51685146883442,21.906008877515188,20.45350372192795,18.607483899603288,23.42804142653395,22.068655398979594,21.670192291932267,20.43534427664343,18.465469750922317,23.319660173497066,22.06864751470988,21.655102377425454,20.518879858149003,18.38361269602143,23.035884721794655,22.31428714210263,21.752047586103547,20.494428786006328,18.43047007298866,23.261022159496523,22.35853911177673,21.56719712888372,20.541585064570864,18.55057404415279,23.65689720370613,22.418602908091806,21.64147624507916,20.514903879274645,18.497154244818816,23.771253918882103,22.63189369887583,21.69283549359983,20.538650839875352,18.472449439965832,24.023569181711547,22.51769480395516,21.71293037183184,20.489725190843814,18.513871948141176,24.06952012617905,22.46787929694861,21.606233867664592,20.345755607312793,18.418126776957937,23.98108125372575,22.42818363435257,21.866033411445184,20.210958880515385,18.32586074899996,23.86576571307267,22.018277190940772,21.699681737619763,20.171302041661683,18.329900815862917,23.83169913242443,21.960870796157117,21.550402621606665,20.20775871557966,18.363046404373403
23.514941389005962,22.739664686038502,21.94326440790648,20.572718053517836,18.188920641458026,22.776567860483176,21.292237844994382,21.165076061416684,19.97807385410777,18.242214525499925,22.646486685193846,22.81873949671901,20.95271732248157,19.951292815793096,18.44518761538854,22.99322887348532,22.329973487071392,21.618050082337458,19.864747705203577,18.184161478308646,23.10439498395591,22.12123056195166,21.297965939682925,20.118827190514747,18.247468555124335,23.16797600468296,22.001943385491863,21.33598332207765,20.091400666017808,18.321803143411522,23.390370022524188,22.19077063474011,21.3077100611063,20.03337486208317,18.37050270762835,23.412893823615402,22.20004370775133,21.513206763543263,20.09828435801355,18.330934624524378,23.530749086975355,22.14628411466005,21.491137433402805,20.11485373552247,18.368541969893915,23.607337660065774,22.326207476590902,21.641003481490223,20.10183842243124,18.437216698566832,23.593412109508385,22.155704157934778,21.37182049302273,19.997958348431983,18.401304693603187,23.61666356263555,22.25813400464986,21.38236886217937,20.028225257056555,18.29670942144376,23.922004251628795,22.13519428783526,21.239830305006695,19.917297323531965,18.33725135978736,23.71604275824937,22.272973107352605,21.280067427855673,19.87538099381486,18.35836622842949,23.655514474167653,22.235469288354057,21.314178533987352,19.860062307962075,18.384404566607465,23.537496582012867,22.55073656840134,21.44202305962019,19.934823373921606,18.387091305088845,23.262048489401494,22.273648451322753,21.46661800217147,19.98242103689027,18.358854955385517,22.783497786608166,22.026838490749526,21.45229889998182,20.04119503600386,18.38113769453907,22.775245980499484,21.85299394664787,21.6008934276969,20.167021576520803,18.373189761834418,22.91437834601354,21.980055047171795,21.386496410193025,20.10472072616426,18.292403301239993,22.99119969738853,21.919741255460146,21.16645003908214,19.88457980432894,18.307654768987796,23.047242261178656,21.98169025990414,21.055988146439027,19.898367770182507,18.367724132721474,23.228348779050833,22.151450009645913,21.00985862690469,19.873059414382272,18.295063514124422,23.428128087402786,22.174869002324275,20.684191639963977,19.77446678091735,18.312961070872877,23.331510988031205,21.960756326813947,20.70947827334759,19.75951317902168,18.35060503320693,23.568087223753434,21.868322056819512,20.848223314360222,20.006606428792725,18.42189169720097,23.81900014957788,21.987955477328793,21.176290179920777,20.007763924183386,18.516332489776413,24.068575055233843,22.06818910671865,21.19306533624304,20.01163184140418,18.46400306337705,24.218298214527277,21.940973808998837,21.169711855708446,20.05462425066668,18.382651925122076,24.07924422036734,21.96890648440306,21.260801168733256,20.06867286293099,18.402078730317108,23.76870947538582,21.83872615227288,21.310869749888674,20.034703559492407,18.27083596982759,23.54294797031438,21.623257788665025,21.01679714252947,19.992759332247935,18.2272312039809,23.35300049312213,21.620067321926477,21.039181939046337,20.106718143481725,18.210371826768146,23.183531699603282,21.8654226922636,21.21281903558743,20.126679288789212,18.22096497861698,23.375193292497578,21.865165334834042,21.183899605782088,20.124802590198478,18.21362385211382,23.845179658246412,22.1563080928226,21.310038364277766,20.188355318726888,18.193585728751135,23.724069577240435,22.417971445651794,21.50679576438054,20.1924976320986,18.149575769672648,23.819582715677264,22.31509050714141,21.52288204602536,20.04545633045205,18.296049123903042,23.63329570054055,22.08723049720515,21.46458424839909,19.944975331873476,18.18805026867638,23.685412268976545,22.13257457133281,21.586344498974686,19.95890209472215,18.136518064779622,23.35132811004957,21.85845521826273,21.283818031695187,19.845616559603894,18.17453948495619,23.51894044102052,21.54347037172294,21.037709071797543,19.917442226207175,18.2142065525639
23.33531579789889,24.027604950798775,21.673852932663706,21.002872190123988,18.377105409110374,22.65693707382366,22.442320366035105,21.674768720249176,20.547465482856595,17.996571255194514,22.819324072770993,23.055203901766333,21.971091192029604,20.29308466168531,18.759432779946835,22.472550219803168,22.345172210964897,21.4039284233629,20.337407270602732,18.354428613674475,22.953610129273464,22.952298813023443,21.687577630945075,20.51468731484483,18.321420187933846,23.127141005958997,22.46311238286467,21.74604567646382,20.389396930456126,18.38164052140647,23.278201496765046,22.507079097369104,21.672518822747136,20.249174330293776,18.531774810858344,23.409608477574814,22.36419633687534,21.725484868696462,20.2640024154931,18.43584118145869,23.328051251135633,22.34113129209065,21.836134419901875,20.24055693498696,18.454158972819773,23.454523718117198,22.159032160762003,21.68261204705391,20.212880883320565,18.542542560903833,23.30069926051011,22.24942539932425,21.59109511713114,20.105543112602103,18.47591313576796,23.327926708679872,22.15712396120202,21.47851024123012,20.044945001441995,18.38443457488213,23.52352741119575,22.22541623184978,21.284905993496356,20.042641060956587,18.496214671981374,23.805185773387393,22.340249438333082,21.196817448034142,19.977661926682337,18.489042370763922,23.75154359691975,22.21475200975741,21.282707069267467,19.931475124231554,18.464352525508495,23.932239383339066,22.30299069586659,21.23490894832183,19.95494042327882,18.399540598662988,23.61655256606178,22.39461447481505,21.450690258023183,20.075817979343153,18.387927747551412,23.366737269613452,22.250858263147286,21.490531671760127,19.995769801612916,18.239512955602713,23.342366406626144,22.06144331696613,21.724763616215863,20.090778653123763,18.245539316886727,23.39100435072571,22.33560728755113,21.56914474450475,20.08721599883561,18.248712937088385,23.410331437952635,22.293715740793687,21.524203548742825,20.07188492885563,18.35413522125244,23.688941548824648,22.242884172210015,21.264548435927537,20.037367781853288,18.30888877003965,23.658803144207756,22.409073965486876,21.29165942830177,20.079871339894165,18.311542241263265,23.753929181223512,22.604837368551667,20.88200146647644,20.02684253731515,18.296793492192112,23.599482002883143,22.570608302908415,20.97724530219073,20.003159946984717,18.30942945379178,23.715028833171225,22.546513653888656,21.034222218761983,20.106822089169086,18.38782312751473,23.68877157863,22.59383317515678,21.415346238830615,20.231969744235055,18.52698089197508,23.988368543998668,22.396812614763302,21.25225514446447,20.174265472482404,18.554191407532123,24.182775157716335,22.32047949166988,21.269210325608206,20.194483037701602,18.59202454791301,24.332483359624057,22.422648033028267,21.19869522983546,20.152060001950222,18.461831106147255,23.9199349972395,22.363319954728617,21.2353640112757,20.063634155130124,18.306543899495992,23.70613963490166,22.199930958102584,21.004512374299278,19.949435704942193,18.162170338546023,23.809789665484253,22.367721447721024,21.080689872285024,19.985486244263335,18.125628848320844,23.43072408683431,22.374591522327655,21.1592325317968,19.954300408919348,17.988514509833283,23.342898498325432,22.27632227330583,21.23517693771399,19.996013228941926,18.113967044276862,23.518923749336984,22.437878445813574,21.318348072793142,20.117667000304262,18.099132068070872,23.751621458876407,22.537880643302977,21.46577855900808,20.175183012679167,18.146903712155115,23.389694046871895,22.36646080273914,21.422176033384744,20.199773578884315,18.202141317932938,23.419002449672245,22.2194184367724,21.407772595651263,20.198868973989363,18.20280344465613,23.39622434423648,22.09664937528085,21.477973799337377,20.250549673821478,18.121263722101787,23.648101746567264,21.96856395518895,21.23235762402466,20.184127267760605,18.1538785856332,23.71362184733215,21.75757550589783,20.914340797658124,20.243953044685696,18.21927341312285
24.09163068406174,23.30945865519109,21.310634986283826,21.04477423304253,19.183247406584844,24.013010475440844,22.90648032832731,22.257370733345315,20.82467380002534,19.253993406507657,25.44296942873589,22.556096259492396,21.772534624888053,20.691917084785025,19.52319080961366,25.834068412167706,24.43562470627859,22.118520244236183,21.090599516600328,18.72978595180159,24.698424808114318,23.266977713037317,21.841695389945933,21.042787544302836,19.147392100173338,24.96907135943573,22.98262771734917,22.118353668396686,20.879974480762208,19.09988318226356,24.873823432965636,23.066376796044302,22.071553644316,20.811747298034966,18.997908646992336,24.671122613368986,23.096602496456832,22.155951919961705,20.877098071262747,18.8871649639436,24.148014844715394,22.698521353592522,22.18384877817588,20.83289092720961,18.88973443610097,24.002337691097683,22.63192074690619,22.28503044905812,20.6563286987671,18.778577150411873,23.8673281313869,22.634912977958564,22.087906156176977,20.611077806360008,18.711796106660668,23.79849521977166,22.377031348014913,22.06303552599268,20.62534741490025,18.773317348316425,23.679981080491057,22.326469711609956,22.003521048054285,20.549387056110735,18.82585261179344,23.731927322074235,22.439228826993144,21.90010542622697,20.474438495289217,18.82536225465151,23.790394204957604,22.125190814765748,21.815423746465957,20.47310532044226,18.92465263488707,23.61082647432082,22.326420083557895,21.77337870011683,20.582113059403156,18.967448389064156,23.69230835790858,22.326138103258522,21.646456499267742,20.540643265328992,18.94378802039752,23.247264809362342,22.50944113549816,21.780328927695983,20.518711634111973,18.775913942730856,23.44575247185121,22.521061636796993,21.964939071649088,20.529323618839964,18.783839865300084,23.651206820822672,22.9034679368823,21.947627461250697,20.414232774256156,18.816113169406652,23.801484904231266,22.973143605726378,21.926744902365783,20.42965619763439,18.898556399157933,24.03606849066894,23.234612671259395,22.045139910848654,20.439973764344103,18.827953478783105,24.562313225995126,23.122925662450836,21.772257675592485,20.40961507781613,18.87022459894769,24.570045984662,23.075898722956335,21.3749860723319,20.46026876349359,18.896078705918995,24.550132097167186,23.001787083082526,21.32351543348613,20.444953103180616,18.873197414132278,24.69692118267212,22.803345260679002,21.237588840765817,20.449426274256822,18.860594549330322,24.36055443760373,22.707133213860494,21.30259273311077,20.46305636050335,18.973557531002335,24.53847362650212,22.586621722058016,21.263121815594648,20.438391105007053,18.957094365397573,24.528789957899296,22.5709596371534,21.4141224691489,20.371761041371133,18.92721914518017,24.326800131270307,22.461074955398445,21.39955191113709,20.431675626039485,18.875145970550758,24.00053960126674,22.507381163191077,21.66216930956236,20.320931260752097,18.791590769934754,24.269552061517672,22.51435360153336,21.505881613871104,20.34754787670335,18.74743644457865,24.20848603609115,22.696728126007997,21.84174380705477,20.307946864609246,18.798319321091835,23.966073971396874,22.891898359474194,21.92560127673804,20.347399263944567,18.784911684508693,23.876077678202336,23.14752424362443,22.12516156585437,20.376622375205756,18.78580877073382,23.93107956841724,23.30060469808735,22.060259672165852,20.499508419412283,18.782417895011957,23.967533679876702,23.333512964188873,22.21424191174657,20.476556715239738,18.812700980247843,23.863417271051745,23.077793119510577,21.85537632515534,20.601372249029588,18.842699732256744,23.953594080622878,22.842129663757888,21.884315055270783,20.59875628292933,18.88511506019622,24.250538728708857,22.74146416927029,21.750405484536564,20.524267873590265,18.860564028802923,24.24084099766612,22.46267998196657,21.700684896765512,20.454671941618493,18.911163830106794,24.190353022974186,22.2981087489715,21.56619994077927,20.531045944793505,18.81696192943723
24.629224082106123,22.819531433413967,22.043600718538002,21.128476091397165,18.36290786977671,23.534156741245628,22.230076962203334,21.87848811722249,20.927712110939755,18.544995425737106,24.44528558475858,23.409270821093656,21.809369570783414,20.577169965731702,18.986627897421897,23.676881622551534,22.834849216730653,22.47575551653126,20.910196804073657,18.322308570932712,24.048835817581026,22.860635106357535,22.02115224531352,20.89332233100003,18.556272222799503,24.276978670273188,22.95154174895145,22.032146678728804,20.734360336499,18.652191645253133,24.304904888667785,23.12304570827929,22.094348469714177,20.621398082553263,18.6636485864751,24.506531952438387,22.817720617657223,22.256265467326532,20.59530875855849,18.545293392864295,24.674914240267313,22.927174013949724,22.174026685501595,20.501547740300147,18.576456108562397,24.83122658050468,22.802003426112524,22.222512350420143,20.547618775791555,18.53095269720189,24.694449761970926,22.55435546160206,22.16651905606155,20.58924643338717,18.5160111529735,24.690147598469128,22.187622609313625,22.128126466316747,20.577808820749095,18.46775659125598,24.408130009491366,22.476327323999477,21.996888152566548,20.50202838324257,18.558831567287292,24.09153853999779,22.388034995385958,21.85805945221551,20.49278747205114,18.51100580928152,24.001434418793014,22.50499410043821,21.90978076221731,20.34370861746291,18.55290976029516,23.811692015135417,22.636515326073564,21.79094244919642,20.377679823611487,18.489881018842176,23.91520825924686,23.045209282766386,21.692869718596477,20.480840649522904,18.53316731234324,23.927178019489325,22.693083981548387,21.62467337183197,20.6452489634518,18.425949147846698,24.234626861347174,22.594248039966864,21.89372918506921,20.733389021678114,18.54015634986851,24.273270214117556,22.641358565283355,21.6241591982795,20.715726339066084,18.51139926831714,24.45362860374336,22.741528840143697,21.627526965992935,20.6250207959438,18.60091528275094,24.24012271365635,22.645850957952167,21.60796641099109,20.53180764743221,18.533086881336725,24.228348011859964,22.974754798522333,21.608988894576648,20.40826811051405,18.575280458533474,24.258996794562155,23.2619179352098,21.45782340047466,20.37887151139646,18.584289814712704,24.419072727824048,23.085615420385075,21.516392464357985,20.490218922884576,18.76764772027517,24.363023798196977,23.080825867657733,21.595948489498927,20.611108286872938,18.878701970056323,24.339350388010267,23.174205824117227,21.8395309293329,20.595684300502064,19.05803258426334,24.433980351138874,23.048243978910204,21.935276366176538,20.629212198523938,19.02286471621748,24.685298718728312,22.664841965127856,21.873473728932208,20.703389157334858,18.940528881889684,24.482040897162836,22.91835296406057,22.05595626321125,20.651081181445615,18.806808961035546,24.309433149063985,22.805878797291495,22.131572987056835,20.599982594578,18.621943151165055,24.205220063011872,22.655252336678448,21.90115596468315,20.65742308989411,18.517566658692242,24.20245341526539,22.70988659988064,21.864764823428523,20.635967918265468,18.400682974013364,23.91378139998552,22.854201444164,21.872807328479762,20.596832509916776,18.423243756493356,23.941903261190053,22.755211644064403,21.875680042926575,20.532598460437214,18.508232390535035,24.068183724283266,22.901629485415846,21.796850959090907,20.700037726568603,18.520792767878802,24.452341054384966,22.993145936301467,21.916062232463343,20.91491615893529,18.45865936567627,24.500032351339666,22.949230623829443,21.956386159649078,20.84391488753014,18.578539019415388,24.36226509313905,22.951065753089722,21.94254075070157,20.853098930562492,18.453063416552226,24.400427155380687,22.910084590128783,21.96478165831911,20.831621579480956,18.244565402823095,24.287861824482746,22.649068706926716,21.843007672473767,20.63586491636639,18.15644212333354,24.104603759822265,22.476088093368098,21.702167226060595,20.610849502575228,18.252071709517992
24.637148683159744,22.859844027939527,22.048990665934145,21.135448501170032,18.35474547309239,23.53772883468997,22.209873737492135,21.867173951857122,20.929791047856334,18.507786616482964,24.456406672148386,23.46323769608199,21.841658801888126,20.59747085051354,18.955761827945956,23.72031407374964,22.842890831604574,22.470926226551523,20.920637936936,18.29779346798744,24.06337943263162,22.87540452308606,22.029964666088837,20.905632810681276,18.544388060583994,24.29412729122688,22.968054588143374,22.04728226764227,20.748648750555923,18.648311453942878,24.329855239780343,23.14401791599851,22.107128266013788,20.63757791436754,18.673710409182057,24.530762504537563,22.839632122770944,22.26303645997321,20.59965379482631,18.570468049496622,24.696725385504486,22.945783881328975,22.17758864072772,20.50067481195189,18.601965390310482,24.85885368897371,22.82390124022166,22.222787543490586,20.548500353731637,18.548304865595703,24.721076201216935,22.567532985070788,22.16500668714643,20.589207566458775,18.52050034606148,24.71078163045818,22.20478156389854,22.13404079959532,20.57618104062112,18.456417232058044,24.426592303602956,22.47573554350051,22.008108497288596,20.50203729609253,18.538586037574778,24.09810213902947,22.389016455259537,21.870597505252718,20.504400046994135,18.508103229993388,23.995298305845104,22.49964975022413,21.916858784040837,20.35425959623168,18.55950904008127,23.794907421240538,22.636637215546784,21.795535245319584,20.374293401254185,18.505070029086273,23.89392215024409,23.03675019184763,21.694044046524393,20.47724139150835,18.563417146548698,23.910380727947533,22.696910810718027,21.62170174069535,20.647819920101163,18.44519330112295,24.225909120407074,22.590009908783124,21.891949230871354,20.72679521442054,18.541421604575948,24.273847325672456,22.646706339533843,21.625501997493366,20.70594233717129,18.51476392632467,24.459897144071267,22.746449787023845,21.632967031812484,20.6348600279983,18.60017720535034,24.23796408255663,22.65549972808201,21.62616974802237,20.536160093693884,18.522748457459517,24.2145096496615,22.981784546518064,21.61582621196993,20.416740212739377,18.573356542231487,24.241616122702673,23.27861314189586,21.466338520602125,20.388863327218715,18.584073993688026,24.39365058036712,23.10216517689749,21.52306714914294,20.499164507004544,18.7631447607031,24.341025049795356,23.089577375466146,21.593680220246654,20.60806789877629,18.880101288659894,24.333667135417798,23.188490823352232,21.825006477979578,20.59688943847535,19.064566221749487,24.427539312912064,23.056960544899773,21.937707992637087,20.625664005951514,19.034987966490355,24.687739179637234,22.667696474397864,21.89226754936389,20.70943232716251,18.975382176889052,24.49179806940861,22.916215900263495,22.09419767697151,20.660907794732893,18.838067562607712,24.322795039586925,22.82310003165828,22.16977013215087,20.628246942944017,18.648567213228556,24.21337930203388,22.66379850779355,21.93173670321101,20.682283839634646,18.5358445274346,24.22073964139817,22.720369804143505,21.89027019295108,20.65570667553131,18.44937675447269,23.92767869518002,22.854990244559524,21.865213456243772,20.602591832658376,18.454563028376658,23.947041674841344,22.760119395974886,21.842913644844664,20.529718858327062,18.523339263226404,24.06238005074436,22.88654450266994,21.754568655124615,20.678870080117342,18.536815994477614,24.455673444391334,22.97168818548347,21.88442236366721,20.901537688067606,18.4934556245366,24.50088128821323,22.925829870392334,21.914500213640125,20.835619060730735,18.6009193925486,24.36133243328336,22.944194876422856,21.912329397182493,20.842553277060713,18.489896812746657,24.40121755652545,22.897519782234987,21.942512677603087,20.818468358881113,18.287865332465692,24.302476747264347,22.63866685359878,21.834829680858878,20.62417464457475,18.191297505485938,24.109609936733342,22.469326849490542,21.694580419388657,20.599552586810542,18.276597614526914
24.62098910475988,22.82646559782776,22.0215144336999,21.109008263570598,18.421465741201704,23.525423867647422,22.1788247196025,21.86639493536568,20.934027089161976,18.5307429006203,24.438508579936727,23.402534927439532,21.78792311060685,20.574861319308244,18.949551970894067,23.721487356329078,22.800531004872987,22.490075606327594,20.902420218248725,18.269859974687947,24.054216185118776,22.835669645290714,22.008357168863785,20.886705427913345,18.55984058289685,24.284824115584414,22.92893905821408,22.021261497040484,20.732677983542153,18.635829715685283,24.32617658634488,23.11353335229601,22.084034038212927,20.61747783363618,18.653995595970887,24.53172382145301,22.813647579212027,22.254793106324087,20.587624591194395,18.547139930974712,24.699278018728634,22.932355422599027,22.160352538100934,20.48710631307482,18.59194364854313,24.855568757649067,22.821759897899113,22.22283407609252,20.53977252547718,18.53181132843691,24.715000749464778,22.571080607140857,22.16363780369271,20.580221402904787,18.512164499259065,24.70744658612042,22.2115866450354,22.13675688275282,20.573129789094253,18.4617115343435,24.42582699186405,22.496503260307172,22.003639424358184,20.505261808540002,18.55779698424563,24.105842697369404,22.407025167999503,21.8690687256008,20.50115121642936,18.51249890119083,24.01248001597759,22.5119424162773,21.904221332245832,20.350924745447323,18.575989563041503,23.826843653402786,22.648301608194792,21.790515398129724,20.375974776907544,18.525821192011083,23.920789179101337,23.0497411658487,21.689598465076063,20.481764178849538,18.5635795858856,23.935235211320425,22.69941549018011,21.622936081872986,20.637927955845456,18.443249177613875,24.24048528786495,22.59007827698782,21.89478278136913,20.730425253629953,18.557796062327363,24.282147449250957,22.634802101146455,21.629283698657407,20.710592881053053,18.506740478518665,24.45938311789057,22.734245399648426,21.63404031506356,20.633092590779654,18.602662126822764,24.237655049832288,22.626100347552832,21.614969866172988,20.53267844518296,18.563908958658534,24.226632651529595,22.950731697133243,21.610643592903322,20.4061191322612,18.616786509863523,24.254253124255406,23.246641190479917,21.456700855832928,20.37147054574128,18.617168196980863,24.412778416857975,23.077256657214118,21.508753878571117,20.478319087822932,18.81156147744533,24.356389429222546,23.063647558021977,21.588535378714113,20.595485424073512,18.91609239794306,24.349703717704866,23.16452228048188,21.826611760149195,20.58337025687963,19.074988551802978,24.431616083434896,23.040823447984774,21.931455980777876,20.629465905347992,19.02189301017684,24.685069818017226,22.65831497478617,21.875484367965235,20.701243125419033,18.949392365862714,24.478212522115882,22.915608853759046,22.071538633666364,20.654380357140177,18.803730790996237,24.302930042315964,22.805589601664316,22.142568483315948,20.607874339217393,18.628726631895574,24.195607685711515,22.66489655633655,21.907573572209397,20.665645996051193,18.51811139177359,24.19986437227049,22.719936852921563,21.857972299411237,20.63805389087313,18.42234447589113,23.91024979359087,22.8589713164557,21.858206537839724,20.6073283347266,18.450519038252047,23.944563193962075,22.76124414395601,21.85415620362507,20.54363106857328,18.53586319302608,24.075014490663715,22.91116290699602,21.78020820271899,20.70815626004193,18.5434369643473,24.45249564645231,22.98294693896853,21.902149632294066,20.92321605141256,18.497898709524282,24.499792766567552,22.943710458533054,21.945988531798758,20.854693972796042,18.619719200131975,24.365245396794606,22.95116298100231,21.94931715614586,20.858298613305603,18.501782611212256,24.401935415929675,22.89837310635143,21.976195506481943,20.83626173684046,18.29753826866728,24.28894314038908,22.63009551428248,21.858591579863837,20.636491751706437,18.202880254897444,24.10715382302896,22.469079863580173,21.71754057930196,20.612249450904113,18.2903288722161
24.615969692639357,23.364169131096784,23.325015174070067,21.477364262690845,18.491261869929073,25.2233469743582,22.693869372751365,22.336578760801853,21.502028713860916,19.194594554575616,24.147908721042626,23.203934433527724,22.29405865427555,21.332332270758585,18.77758267516486,24.86243578089467,23.19592612309447,22.96638729833665,21.058030599031394,18.50693793554301,24.62110903451404,23.167349356400763,22.724836198954023,21.352078067274437,18.76126209407248,24.668484744410783,23.40473231876783,22.819415785537153,21.342067161539244,18.819829484864634,24.754352408053812,23.414500034608746,22.776707550466437,21.15434855607863,18.806163950882414,25.00089807725164,23.432984982470135,22.880791953610547,21.02748944635014,18.80136264450833,24.922615223724883,23.49369857789614,22.776729528745403,21.07505083417057,18.76837075531399,25.04712020850385,23.280421098886,22.876421723591697,21.001727785281485,18.81120366881393,25.06667369230697,22.850310133244296,22.604686929434543,20.997008638566133,18.94082476084207,24.831025083854733,22.736240173587465,22.603180578053692,20.981086830513746,18.797058827710465,24.64803442906625,22.665270626319444,22.445424729295283,20.855118549201876,18.96278025065191,24.33332226939459,22.596448781477,22.314084622280557,20.764121430787146,19.086214263699524,24.401814859199245,22.775555137017633,22.180096354948915,20.727579893358786,19.063788215961203,24.371393188081225,23.016677945055935,22.14307286235867,20.69800168596999,18.86579182949155,23.988223616825643,23.303218118293863,22.13724730520692,20.722604055892567,18.903028208251687,23.86062203167567,23.32335693761069,22.309795277384687,20.927664648557347,18.71485015982071,24.02756769697459,23.058356249536068,22.673176706362263,21.082912306881145,18.748686086541184,23.916239151420584,23.114768471833393,22.459075219682745,21.06639019312542,18.646255511180534,23.785414479621103,23.116593028258016,22.368641405390903,20.834734827716908,18.70233307509175,23.95595889520032,22.92251972290479,22.368838290768156,20.943622640948256,18.72238250754571,24.314483263489016,22.9465460527175,22.271090211750316,20.81161751170538,18.681478191603265,24.36584097855036,23.406520393954214,22.1150481042148,20.753316278765745,18.63316302563908,24.18029396620855,23.34005119355666,22.18281159180011,20.84156083013254,19.002485928831817,24.447502324683562,23.19339172933752,22.41797648691834,21.186489635953244,19.371593952509755,24.667599447999017,23.390322994440645,22.692746134751495,21.22657682025302,19.61922625681718,24.559681548568104,23.34154111586709,22.833775480202867,21.30307353965793,19.737538857107225,24.79393578187253,22.8796918006388,22.690363977823313,21.2411569694115,19.6533934487877,24.946273869695446,22.99363399360257,22.80467987589501,21.230522217288335,19.333801988899715,24.708077470657035,23.077336162210607,22.68580341705747,21.145704949261514,19.02963626153834,24.55912917064443,22.71578592069787,22.46132013512031,21.126588959159523,18.739241843883626,24.47655376324932,22.917014345867507,22.25511605129322,21.16219014549272,18.641744897050415,24.216333446945406,23.179325295882876,22.407496797232152,21.156289698767722,18.69682806665037,24.180530450407787,23.035898230604356,22.329375801179303,21.02734125628669,18.75742696474861,24.512709884699213,23.203414595048486,22.599579380335037,21.09701360783488,18.702294199826262,24.934757435487136,23.57876602985636,22.638056880562843,21.160042655448958,18.72205554408486,25.132512059558234,23.4033438913453,22.714437344690467,21.09831325116135,18.720322313541622,25.210543665738776,23.400319767341937,22.63283827611614,21.077713405081234,18.645496795395548,25.23555962501122,23.525645227409555,22.855921130503667,21.135750661882803,18.5201215925282,25.085438442976393,23.214845854694545,22.48544215666528,20.91493431923596,18.481440012572214,24.732658800865572,22.999638460260034,22.356658358114892,20.959265997453087,18.533932904661878
24.612793264448182,23.376812575211225,23.319425620379263,21.490876090079436,18.475387573450142,25.20268654824911,22.678388251261136,22.29776214142595,21.478482714490063,19.15643789660031,24.170899634201096,23.16948623356541,22.29643566406436,21.366764351206637,18.822006726093726,24.837483457475187,23.208072370084775,22.9719871534002,21.038682786477644,18.46050513870609,24.614926718070706,23.14770889599119,22.72660014713443,21.352553260829886,18.738255598434883,24.666935900702736,23.383446116424352,22.822070545738676,21.34204203793335,18.786785922529624,24.763673211136286,23.39591362045722,22.78345414061566,21.161264960734947,18.775133135093547,25.003767827107954,23.421028337994326,22.884774819734265,21.029655233978048,18.751546257289668,24.928693268865405,23.484402193694482,22.7766415679997,21.083198045317918,18.74398248857791,25.05604546570561,23.285657752468612,22.870085141099388,21.013648217373408,18.78881702092157,25.067883349108243,22.855469427860307,22.604050111046043,21.00428512000605,18.931012689720692,24.82565100353007,22.740150761405808,22.608745333654134,20.993131498309232,18.800965363817316,24.646231411749188,22.664652120295766,22.4494765848193,20.85892863991128,18.965463334259702,24.33264979149158,22.59667685444911,22.322830215218676,20.766587264291257,19.071826712391353,24.402261815754166,22.766110038701804,22.178703128225827,20.728367404033786,19.06240706530914,24.372617007921015,23.009270982375785,22.132493039320167,20.701667394404716,18.870591403340647,23.986778663183593,23.29693483474994,22.126738243869642,20.721076086083876,18.910018704063766,23.85453478490624,23.327280009824563,22.3070816310258,20.93076783544443,18.736464781152417,24.02741886861007,23.059764715311708,22.66492495177426,21.08888292280124,18.769423939743636,23.909845714841858,23.1211237120931,22.4628414356608,21.07058666949999,18.662552490914067,23.780998717494498,23.11961724091185,22.381538729496064,20.82698423918933,18.704724585228313,23.953467211243815,22.916251996339764,22.38052925886159,20.940235999088884,18.711117113028962,24.31334006003135,22.93171900382836,22.27787485307686,20.810260156652067,18.66643051648598,24.355845542501918,23.386262837899945,22.127052353887102,20.751403791256944,18.625463597238422,24.17677661425324,23.32985082125882,22.178446541795243,20.839152060621835,18.997171836646118,24.443183473787673,23.183944256050324,22.40891951056154,21.199795582864674,19.37525243666271,24.660491220406566,23.390488725621502,22.68163254269913,21.232552595105037,19.622536850694537,24.557438578188616,23.348298768064897,22.81620498468294,21.302556092628016,19.72813547202868,24.794947023732597,22.90469935599288,22.669014604918864,21.23536274302959,19.631098404021134,24.945563582653417,23.015184589829218,22.797386207904353,21.21968491367783,19.305790582079005,24.710557647349205,23.10155209761089,22.672773182574538,21.13022919111693,18.995424620957596,24.56162890953714,22.72966362985388,22.453156583902427,21.111547826969293,18.714090752485955,24.476170013186028,22.92750448534973,22.262664220499794,21.152693171116013,18.62720417485736,24.21179492834893,23.169266060123626,22.422001440343678,21.146436536459944,18.6969991354235,24.17387459512424,23.01714547366564,22.344880461776604,21.0226339187954,18.755370447598327,24.503362034468594,23.175183268884997,22.618182111038838,21.093879444919118,18.700585576582544,24.924769600228284,23.56189681614572,22.655470070835726,21.159292013606557,18.717412066006112,25.121789815515495,23.385318765062443,22.72204661059076,21.099410981329793,18.716170428918637,25.205562329241936,23.38252886316473,22.636974507315546,21.073426393921043,18.63099788867944,25.221222919055954,23.515458612588894,22.852015125372375,21.125866182318283,18.509807551558872,25.070773702697924,23.211914801635817,22.47285808704955,20.895009412522718,18.47697230139795,24.714287738036482,23.003813856063534,22.344681001552097,20.932983392474153,18.521933425059807
23.430428874762807,23.381429420098858,22.622886500431985,21.324713454748903,18.458849260439408,24.551445885167322,21.779179934411903,21.68166033796699,20.750704030516584,18.875128385259583,24.265180451157157,22.923042545505368,22.137155917702568,20.57797011876697,18.831269589402435,24.101705418392047,22.37616178270157,22.477717355483186,20.55192627136773,18.603810983752034,24.19446966355954,22.616252734200447,22.204686373981197,20.886545305523125,18.707267400472567,24.571396029359654,22.65694969868423,22.3024962856613,20.818647953172565,18.735398350689046,24.57442493879683,22.88541328173384,22.384248334121512,20.700314919253692,18.701868627111423,24.52663465220713,22.91749096339113,22.481715820322073,20.671280965422586,18.61407007679271,24.613692458911064,22.98894071124456,22.529370155991693,20.702296023092103,18.584267009091818,24.451243949341098,22.88275997301608,22.661040933558972,20.524287218549127,18.595941901253703,24.19849607924029,22.57438892438792,22.429113327941085,20.480558452151747,18.63498737556793,24.083635927190358,22.448264096172764,22.25908674761741,20.56070874823576,18.608122055177414,24.005911305624316,22.426714987564196,22.08999320102677,20.504485746921638,18.733163709880557,23.691568242150208,22.46794481615939,21.851558517208794,20.468183763889773,18.80887178247974,23.813203759680555,22.551863390384163,21.75987634887899,20.57971340956339,18.811688727985604,23.868102568353514,22.81625495487261,21.800697348825853,20.596584333801257,18.785323338017065,23.613948800035605,22.90916211362652,21.910835210627596,20.540373187594014,18.72291804619252,23.64621864867245,22.840807320604977,22.00627929458475,20.639678520709598,18.696344675344967,23.87165398582125,22.56652974147861,22.439116482537187,20.769471486140617,18.75532147295412,23.874309340006928,22.819033171441095,22.192434057935152,20.678233929403973,18.725674239214676,23.918074328973876,22.915535738354976,22.023169855897283,20.443045713871804,18.714678674959355,23.922720317106005,22.85980977969131,21.995097019077438,20.495749929269053,18.7314075514635,24.196000958049126,22.949553132838375,22.036532956829472,20.42557515496416,18.631543095850848,24.07257707676544,23.28767081929259,21.666495922798532,20.291352156184367,18.5271386758075,24.020608709258774,23.210846774756273,21.828633286029998,20.314216083027517,18.659727063234328,24.17733655996826,22.88404526629336,21.95223432191896,20.64116486126835,18.886636743482978,24.437724194716516,23.00661530460447,22.24657200357129,20.76043385390588,19.096309740326525,24.31505510252594,22.949206128815813,22.218190724622783,20.832248880074776,19.169062064494476,24.6690846239102,22.813235095972082,22.088663059206233,20.902766409325302,19.119141341778388,24.619040199353925,22.815866369702434,22.097394198438018,20.976002650225517,19.04094152680988,24.206492195453016,22.8837999488088,22.133021801477817,20.94729541695414,18.846015376774112,24.04321937213559,22.740346409243028,21.8535991322402,20.927569110842995,18.601559637892716,24.051610045805386,22.877672163012214,21.83296184024019,20.926722423165028,18.582270515146693,23.55733278728203,22.851347140672438,22.037471314950686,20.92530494928878,18.600426588692045,23.574118865593483,22.687866173185064,22.017714239653635,20.872871093651312,18.550139925812363,23.993002420094378,22.91919071558942,22.23273068912015,20.916104606218415,18.48013367170008,24.32445348825176,23.059230599706996,22.377737732087716,20.96992735889514,18.565510094530566,24.33005944789438,22.83335958486658,22.286035688882688,20.976751148713653,18.598167791807434,24.470118989658737,22.85449503849913,22.20505969992141,20.91732299314935,18.509942541394892,24.59038599857442,22.882166258919998,22.318293986248392,20.857863699876184,18.46139120139944,24.516052491651656,22.583539153411397,21.93321954460123,20.75432664100848,18.514630624610007,24.265868210134215,22.384053774547546,21.8123196804434,20.80994188601109,18.533824737004824
23.601627473195148,23.980239125584564,21.844556020414085,21.033787434235744,18.46628167330499,23.099434928295707,22.330941314308337,21.799907998852632,20.718010223811483,18.27591552686837,22.71540582474363,23.309836443112363,21.724132880293297,20.3312434158811,18.933498016412052,21.973914167243638,22.27074235776354,21.43573069976482,20.417646415636728,18.476926932499072,23.02174387010554,22.978872193065808,21.76009244010309,20.62738218507204,18.473523807767354,23.197389892114167,22.526732722565534,21.802322483662575,20.53590842940225,18.50338904051589,23.341590073980818,22.63521294623808,21.780909723797595,20.394066351854253,18.580918064470062,23.602033076132063,22.40872555036904,21.936496256582988,20.424869398389497,18.463532072315264,23.67432680726622,22.420837780258744,22.059277254808965,20.376413822871243,18.423306405905908,23.755979014825332,22.220898185793754,21.85444090224143,20.325755383097736,18.4959290089805,23.50590993798092,22.370476048769586,21.771967098132983,20.191711577553118,18.47033800406073,23.53401279569527,22.244238296536007,21.622258413836633,20.155915715722358,18.423356018506485,23.624233441470697,22.443203457522905,21.364473694252077,20.13499083892335,18.573811900412046,23.93840131330885,22.504789926943282,21.210075138542813,20.145246145948313,18.623287457851998,23.89732055564861,22.513547714704195,21.330827114042375,20.098132066675703,18.628391659781784,24.109049199380454,22.56910000312981,21.266613093400544,20.21337198357399,18.561647876477732,23.692724532750958,22.736063961010863,21.497427876977127,20.29237717671694,18.527928571274877,23.509181889841663,22.498832992974258,21.633915200889664,20.236291663088913,18.360266942775134,23.45259135869038,22.35448663584349,21.97236824225112,20.310902304297628,18.37099562449195,23.56340210159991,22.53525417278448,21.799803137704206,20.278757778820495,18.351457597970846,23.538602640749197,22.496262776058337,21.711551265783278,20.13124317218948,18.441373581162868,24.01647904411346,22.35341378801909,21.462827454131848,20.101265127913617,18.386665217965245,24.05182873378786,22.527583575588345,21.472558455672335,20.123209570072298,18.355295336709403,24.124946124148657,22.790948279058675,21.07870848232732,20.047249886741586,18.33649374081967,24.043139220956135,22.742345748668136,21.220273689024985,20.04501892950514,18.35908845126528,24.22119842256377,22.666593161782426,21.318140600656225,20.20138450252982,18.45583882541022,24.126514919030576,22.73998538827926,21.687346238187537,20.328965934193395,18.600571606242816,24.237997774724303,22.552806211535824,21.541960196177673,20.276149252755552,18.65317246050848,24.43052004362641,22.433861878777414,21.40533395089572,20.298369223503258,18.67860593677538,24.453920899000146,22.56947926158814,21.332519098259848,20.29787566426562,18.53803877726932,24.024766141893423,22.563114690769112,21.34439646430323,20.249174889350364,18.385292181811195,23.84081895710134,22.41221715996998,21.072269883595304,20.146385114622795,18.29485898881655,23.976248279922235,22.642890565759586,21.087667560589885,20.186667987747445,18.28410381883839,23.593173872303844,22.65142860561541,21.311215446524844,20.202072774587972,18.21107976400769,23.533048344256315,22.563624284584638,21.33015115780227,20.219727600731495,18.34121158050708,23.79476656936477,22.745925076887552,21.512779560178206,20.279382071560153,18.304628436631912,23.897179007131648,22.849555739790922,21.63083922886744,20.35561907066979,18.313846042914466,23.548863592377497,22.614434881925465,21.613885083438888,20.409689154054753,18.34481726872189,23.5938514300048,22.431006225680203,21.603425817695165,20.365203544565567,18.25225460637838,23.52574915741273,22.250901729794727,21.66357328530239,20.423504798722792,18.1848321721417,23.772897877219886,22.0589832166635,21.34958358446088,20.332859925845064,18.197123783490007,23.9332271719831,21.93268358950025,21.130564925873195,20.354116403703948,18.245465608891312
25.205986639925474,24.680327776823802,22.286083195457167,21.589823187338197,18.894071761661813,24.412204157898667,23.706918011036976,22.36657277706811,21.568091483941643,19.233395711334534,24.559524451799494,23.429968719310537,22.513962956143793,21.288856519097198,19.630606253803297,23.34605838017529,23.42185002617582,21.81274227436402,21.807762752070193,19.124325305303923,24.503778709679157,23.777275164087193,22.345201391868375,21.528960661214683,19.175875970219455,24.752212347807237,23.588718023744388,22.52456528695681,21.502826622942656,19.177344266246767,24.787120466302476,23.673388355225743,22.56499547024304,21.310143545489876,19.163211877506747,24.880822127049907,23.79979423531371,22.76565246866651,21.33208763763192,19.158574494098385,25.10374978280898,23.860741679357915,22.883503886495788,21.193724161770604,19.19412233139057,25.184422233524497,23.697875542048884,22.867024840826723,21.280502083795938,19.26298543453553,24.819260981101316,23.503979111175987,22.6633503291336,21.12892144071717,19.360447300116668,24.839278206093596,23.362052601635146,22.67234540504856,21.210532279751828,19.40734034986134,24.706501217805233,23.403673887401474,22.577272714935088,21.208535317920113,19.34375331087383,24.749064852348212,23.317290458660572,22.558983603469393,21.226863917891404,19.329889037752626,24.707212848756907,23.507572849916578,22.55356855013133,21.07702288500876,19.30409028789867,24.591329857455488,23.654826924675397,22.43885949385368,21.186122903289693,19.32699593538431,24.373482428986925,23.650083278810932,22.399759458316524,21.195800139332114,19.26306970471831,24.55430784966162,23.388976908868433,22.224856793402203,21.169833173356217,19.208183639196296,24.442664862050336,23.400880036919414,22.36504502823315,21.216991063438833,19.19042727315603,24.445945797274184,23.402199274627225,22.175402083403768,21.201716879055358,19.196850702701138,24.577064784298976,23.33478379477201,22.212507395248657,21.10360829819114,19.17126511592309,24.484530745207884,23.358608406472214,22.17898113295326,21.14254644390163,19.131532828799998,24.5485490492647,23.485128731453194,22.231128639576845,20.959803125062166,19.18654938015709,24.82163025581724,23.69338243298135,22.13537902371375,20.896537017564942,19.23813736612545,24.787450798969616,23.553281111627193,22.365929673777888,20.998083850158128,19.31297220053934,24.88056173483104,23.617830737012362,22.366560091606033,21.101277671753543,19.342473646541432,25.223997969452864,23.676406034377695,22.64693151297775,21.122911982139374,19.48373135360537,25.153097008840156,23.548880241607453,22.78392148955681,21.28302608992748,19.43455014217563,25.034266081050813,23.32860619729941,22.71095860217368,21.362770610823492,19.410906515663427,24.90907099344972,23.547894196007903,22.719372478122857,21.25215351265633,19.364591858702575,24.61128679597042,23.51818423705021,22.817131479134865,21.306067764981393,19.34649996509089,24.27887315437493,23.330207247049547,22.56801528145271,21.261484398881063,19.37908150833647,24.14421798708272,23.410650814412186,22.41630336748339,21.346618584138437,19.40563569651702,24.073378731475945,23.456102151467796,22.49538791376981,21.291811809295872,19.44658608220535,24.20102961064467,23.327339341273607,22.603851694808878,21.216665998283812,19.393759888359494,24.569309353866558,23.388597688715258,22.65347499472615,21.251497132754228,19.337200616703672,25.085043685159526,23.32441613246455,22.732180890760826,21.374006925637882,19.22363766054669,25.192447145158837,23.245160067827282,22.74673750886661,21.161200621098494,19.179623875592267,25.04853337275169,23.118761989934853,22.744818507224903,21.0943405690904,19.048418574949153,24.80688746869928,22.93738868613144,22.68357138543747,21.163659217562042,19.056323312134065,24.776858434801596,22.601015409891783,22.58738943344769,21.01513105360249,19.065708646666913,24.544402255733935,22.723907352052176,22.409666843962036,21.035609107558138,19.021158454459616
25.119873306890398,23.760962396354483,22.254798783201483,21.449629744509803,18.973608492155893,24.988016912966742,22.92921156524717,22.331276277833886,21.680494968586487,19.025552592254755,24.692639883121494,23.497121133736865,22.25107000230063,21.10617744283232,19.19645310832735,24.325182993165367,23.19474529146976,22.676607190102953,21.48967586968108,18.913605475594448,24.785283848702427,23.26526351774556,22.356724759635913,21.442019053101056,19.033527481199076,25.02676415220291,23.42978201279877,22.494126286820983,21.406736608672002,19.14850911194906,24.965142748522016,23.60495322512292,22.54912684889789,21.23625738463559,19.101104102918704,25.10891785857891,23.445092253419453,22.773954457567385,21.19124045065381,19.068880851165467,25.052887836249344,23.614057013735664,22.670716192983214,21.116260567479927,19.06970768908372,25.21173415869735,23.472435878501404,22.798562480300667,21.180575621479232,19.040247025521495,24.964010237532523,23.12291015341338,22.5725970324939,21.14000186264984,18.912273137996856,25.095004552904392,22.74382802299286,22.558183390834376,21.124644229300795,18.915482647702476,24.853707008826134,23.028432441062378,22.39766954168719,21.069300172735655,18.94588007689886,24.87639507348517,22.89539178387794,22.376070797212172,21.009536778230373,18.944918648913557,24.752098434686836,23.05797694203941,22.323605794264104,20.902550871186644,18.929552002079276,24.67511157256903,23.1041168951714,22.311761602614332,20.907922325755344,18.95103260631664,24.58013071057515,23.494943292743223,22.246342288716676,20.97997057477415,19.011860403251717,24.758000916165198,23.259956313749537,22.19098267542549,21.067442452684457,18.956188049444297,24.88083138255345,23.10517314962061,22.456940345932566,21.207761387230683,19.00064290744613,24.770472591534233,23.210550927019437,22.2095797438519,21.004144130235517,19.000644370755595,24.90628184064341,23.32583863814026,22.17988143348101,20.959063961910367,19.09040907420294,24.84769870178767,23.149555347475335,22.097948576870287,20.88841624922701,19.067382753017846,24.759890775232353,23.14796131508445,21.93739154742775,20.852547945048663,19.12011135897483,24.807451354940483,23.535751311373154,21.84180069596523,20.83390153243755,19.12858582990414,25.123590985022094,23.376816885066873,22.014769289496726,21.056086831418803,19.380344153450363,25.119135836607377,23.306829730832977,22.057117349944292,21.13936512802576,19.4310531933403,24.961983031109263,23.390884615496827,22.343965977693593,21.169354645539904,19.539033631426605,25.10192710817106,23.323723322135713,22.676393094935005,21.254522141072094,19.422852900209044,25.304523900224495,22.961333334004173,22.59439529536638,21.234250106138457,19.38477729025032,24.887557166493036,23.244386164231635,22.700712344825252,21.17936414659,19.154028894539383,24.67630691192351,23.14813309456479,22.831285102920425,21.16783523225086,19.086462992567558,24.49681350751599,22.96725319885004,22.65341014783526,21.178481612625127,18.997261692834762,24.411958509648308,22.92959720326974,22.5048958835007,21.104381573081426,19.006160039806435,24.16391838988121,23.044385119638907,22.350575875692208,21.045620597003584,19.063147831768198,24.224286788782457,22.86501640555877,22.313279251665293,20.942344158025076,19.13241479716574,24.521132883265405,23.11404595119718,22.332288680842087,21.15722357683088,18.983003864500663,25.150162514385215,23.279564601971217,22.468389829383067,21.448995847854455,18.897776041188656,25.198925987220363,23.348883397871646,22.46598780737109,21.334681002056726,18.91298818381212,25.291795567487917,23.383336703417115,22.50479768884586,21.35568013954542,18.721286301003747,25.414525387876804,23.391841566418567,22.578712333458295,21.409185235964067,18.579854774077013,25.315677904340205,23.044542206704445,22.35808043296502,21.123406566479026,18.598471682908386,25.104250643812605,22.74712744711738,22.004069014368234,21.019025029259982,18.674426371664833
25.138411192869473,23.739607479811106,22.22952727019357,21.452042766131058,18.997164295693214,24.992854002599135,22.92604647188577,22.296472221740938,21.68266547149549,19.01516090002105,24.680430042820785,23.51871965630218,22.26505739567473,21.092788916524334,19.18987883574343,24.29954470438078,23.21271683770879,22.686063716754013,21.47119515362323,18.933726849201815,24.7786293824145,23.271632918649438,22.348799098439976,21.43013644082389,19.032081178373687,25.014269511358428,23.441260948781405,22.498511789688294,21.39901527492815,19.13715898770915,24.945452927357668,23.614307216551133,22.56626670600867,21.2246510359235,19.107677683282365,25.089876975525677,23.454888346020006,22.784847655445787,21.179747239759756,19.084446876962893,25.04148594512197,23.625555155774766,22.679166729630477,21.107160275474808,19.07748640881109,25.206409446799352,23.48048553848924,22.811298642061637,21.177498764285087,19.048976609046193,24.968078153844612,23.141431287172043,22.576841059758642,21.139992889926607,18.92719938697457,25.103430736728853,22.755056016601987,22.54777293077459,21.12698620263773,18.934105661234625,24.865163627863176,23.034997187096305,22.398465087504434,21.072728512735274,18.96383608612446,24.888034797076195,22.901628977035763,22.373096579325626,21.01484720880838,18.961535474317902,24.756298595645198,23.070612988704234,22.32693958789509,20.91200858991011,18.955171207405243,24.66973812088005,23.115612110216336,22.313265695473692,20.910915490778518,18.985824968575532,24.57495143730038,23.523741060761672,22.255678478570957,20.98417788786599,19.034580377719628,24.745794286947245,23.281890428966783,22.192136226002514,21.07400663926409,18.96892580552447,24.861703004579724,23.130267798638492,22.46510178560495,21.219284077223172,19.021093055902803,24.760162546637787,23.227767634111547,22.214395031380672,21.010316687872738,19.021748126465283,24.902075876051722,23.33690492454191,22.19104633745608,20.962023430776906,19.094992108543238,24.847402924149872,23.15356591739274,22.112596404484144,20.89523230356327,19.058743280042503,24.765383801649826,23.164166210264792,21.951468301781972,20.858368834935828,19.093973443347068,24.8159921690495,23.545085320918606,21.855824216763192,20.8395320344276,19.100412051508076,25.130622882342145,23.38826260903508,22.023241786113896,21.064648679538017,19.342092988240207,25.121435598033628,23.314365127805097,22.06626299671675,21.151507389362443,19.39832417342346,24.95854898107415,23.399602027839585,22.349503771736163,21.181211190466417,19.510428670228624,25.096466553661706,23.334754042380165,22.68783779160983,21.26311448271307,19.420077603213436,25.301936480507415,22.983646292515704,22.597323726373105,21.244019669084217,19.379545805082603,24.888125137360145,23.262242503934505,22.70780523143244,21.18189760380143,19.168918054742278,24.68344942111737,23.167436833137344,22.83029185466879,21.171104930320883,19.103201200805902,24.514982903421757,22.98711099250598,22.643202198406787,21.178129866961264,19.02048080130504,24.431446264388562,22.944431304932323,22.4869689539543,21.101017049192784,19.041216115320346,24.187447381277494,23.05043057688369,22.34106749571004,21.036791203537156,19.104312180909623,24.237754765769637,22.873376808392653,22.298298559613073,20.937067262311608,19.170863526424455,24.52774736345176,23.123706393942165,22.323443126578603,21.14430469111711,19.01080351485543,25.147500153970334,23.287236960228167,22.472687065715526,21.44037337750262,18.924779771806747,25.201356658564304,23.354249048111697,22.474921967078508,21.33243315201003,18.927138057583093,25.288453560900507,23.38213546068462,22.51671326036992,21.35221640465037,18.737152848797017,25.42027495439374,23.388338489409783,22.59530743562322,21.405802227462168,18.585694298117254,25.325455874066314,23.03274657228647,22.364701992290353,21.12411778280289,18.627087079020775,25.1199292430088,22.737039863092697,22.01197933868,21.01863620039784,18.692532186934397
25.883307381008823,24.21910143980031,23.170319798473948,21.483771637098478,18.39324865609671,25.16949936389501,22.98209478716247,22.6407863727562,21.720028079342573,18.919095154681017,24.616392467740926,23.567840309450435,22.088185651213305,21.180243480914548,18.488518331790516,25.591510146930723,23.120777837266832,22.727169576866544,21.004812766492766,18.354761643337966,25.356979186608477,23.519803121314865,22.63637496447394,21.326796415028717,18.618904113388645,25.350446903997906,23.666715354215306,22.684184519050884,21.22342967041471,18.686197758356496,25.471123827490498,23.710651838042168,22.69358413730838,21.049087770286462,18.707109743695526,25.615776339138677,23.68682370819584,22.940555027365114,20.99651184007262,18.72430608094434,25.575008268046627,23.835651456308454,22.875156462359566,21.029182191228653,18.758560063211824,25.474501937163176,23.568524819838274,22.895059379360582,21.018546579600805,18.7552079411221,25.257598972573753,23.198856360824813,22.658129107537462,21.067626673784865,18.726542256554133,25.051034223749156,23.05163745002478,22.621623721833597,21.01303703803478,18.58079264675817,24.857325696444327,23.11262415307413,22.3644769439815,20.883025325789642,18.697312766356703,24.354322606032763,23.01814345217619,22.288145286656505,20.834531079202947,18.679462158190333,24.564737381823733,23.20178221529469,22.340950800610685,20.811019625101626,18.560284311309218,24.650112627136576,23.30212516337317,22.251682052767386,20.81851415944526,18.58443265914901,24.429832886385647,23.570691992294464,22.16678199577307,20.81875387083281,18.596914699174125,24.335008304833746,23.43762747296723,22.28242219172381,20.962002553684535,18.52264457542814,24.594945040619358,23.29046815385339,22.59515779369081,21.07612821077734,18.658518208083006,24.441284455696042,23.351546168337123,22.27269166133528,20.941840144582326,18.714348863638786,24.388871387750093,23.330169071665438,22.157169204017148,20.77331614018454,18.692036841010328,24.460836963727004,23.14433964359705,22.11027793089985,20.823136550452734,18.687236359541135,24.82620213050738,23.29495166171774,22.10455806724849,20.841338982480274,18.721784252100797,25.018421343265988,23.603629866702807,21.9831762308167,20.77225532712665,18.582662296667213,25.01408919803624,23.645227214481856,22.37114004234288,21.17766252704211,19.24531100924124,25.15908314976996,23.8139375801583,22.929150989785743,21.75584390091287,20.027532871433714,25.30345455884995,24.01944027845088,23.452641838178895,22.208605011071995,20.86036174173175,25.265847430124193,23.740053791260458,23.566011362078957,22.221423273353924,20.94306762537962,25.339157165288018,23.361452468903458,23.404541439673736,22.230818052625487,20.947392615364567,25.195982950451487,23.50941577902883,23.26189951603778,21.973981991453215,20.28150372728375,25.002338441380463,23.3695729397197,22.8715360167621,21.594335193863557,19.52794076583532,24.934194446164305,22.986567949898628,22.508651748238968,21.21314646632971,18.74678561380968,24.811541250024636,23.262053804149385,22.327257961769185,21.167713788268507,18.50750483716418,24.522896270335895,23.513354434860098,22.45857305741944,21.13969372829219,18.51078540006197,24.566023666629814,23.307617468865068,22.375362443276508,21.01450586960778,18.59459985940203,24.82294737092014,23.489271418098117,22.741217366060127,21.099151688809748,18.574005629103603,25.19942497295794,23.79518278573011,22.702435311789376,21.212563015217604,18.524611968878865,25.295382451170017,23.703257865677276,22.64472188034711,21.091223013514526,18.67134857342984,25.280119269912298,23.658189396407856,22.46734553434302,21.048179505429612,18.592869390360967,25.291088714428277,23.739932407955088,22.633465752641694,21.090856565628222,18.492921608954504,25.328078722163823,23.450156698560175,22.1414289008945,20.85106358362949,18.530431966039878,25.119592662291232,23.255096189623114,22.06620877093094,20.843378923190556,18.500615090676018
24.48771344206635,24.165235844899797,22.77777534364334,21.368349001304107,18.35417995895115,25.20458379316511,22.606238965649148,21.999147836693098,21.241434231621874,18.74079258873861,23.676764782096786,23.18402633532894,22.255266928824938,20.99521103211957,18.964386519098905,24.75599030739786,22.83685574542585,22.670965830875005,20.857758256716632,18.434497939945114,24.64102476695308,23.198300954625488,22.487930622680224,21.17985375401709,18.696540904262818,24.862942377174132,23.211779880654138,22.595107309552585,21.140840431474555,18.74160881657655,24.84686997698117,23.34991911837033,22.809117879676606,21.021283246651585,18.762559038772196,25.119163023802134,23.419185037835955,23.036814502613815,20.962178154947857,18.67148776301353,25.127213716698698,23.613249100796267,22.986520939346427,21.036915986286967,18.658733291729153,25.011803629425113,23.458805673158377,23.02349011019053,20.944141360440813,18.655057011934332,24.799209815642055,23.195307218981803,22.812646863933406,20.89134755488748,18.692698165838504,24.700480644296853,22.937225773247803,22.652232382374216,20.855141516720792,18.57704257055625,24.42964180494405,22.947040256022515,22.329117486860696,20.77872986248126,18.70380732319176,24.16156819163197,22.798402897367957,22.20775428724184,20.68815702246031,18.753179336554357,24.407174969558646,22.926693975561356,22.09940193725619,20.702221791268094,18.66573930423891,24.51878591808543,23.027827013127734,22.041001078511048,20.696747062148084,18.648574957597788,24.14231144296434,23.293096938036168,22.006438988041957,20.743583615825564,18.62589916893973,24.2392724754062,23.065090742428104,22.105768374278316,20.80790879701464,18.54281611228793,24.387637085367526,22.863615214197274,22.471627985735402,20.982819226365613,18.613322307140635,24.256546443382472,23.01997075580048,22.296665109975994,20.868481567109015,18.64466459387733,23.985551619412906,23.007110050197205,22.231426302839708,20.679787340443518,18.62317516485253,24.127437482350913,22.88134938304271,22.109303492316467,20.70521015681494,18.650707658987347,24.45290771396743,23.160164711863935,22.170884409818406,20.728874136902014,18.608386746388362,24.561438176677978,23.57794218786433,21.974514074278353,20.608375017420112,18.582982336837464,24.457394036917513,23.54396621240131,22.217673057025724,20.828094300363357,18.92412728844042,24.92634113996424,23.465225640840732,22.415165387733605,21.25271143135051,19.402082038580385,25.173407003702614,23.701510556697613,22.82507210397896,21.538033146771816,19.948491269174134,25.073388345170034,23.43306201855022,22.941289492169286,21.54598424322599,20.02110781422484,25.21620584050169,22.992995060516858,22.782442788259694,21.558100023624725,19.928258702249522,25.098082911237743,23.147775950542204,22.734876586661997,21.477795640102485,19.554074988037446,24.775305151927945,23.263360780573475,22.715468963147163,21.33576917324806,19.102329846754408,24.651473430626783,23.007333022549023,22.399797114470637,21.129713255868023,18.603665082508265,24.703115623222843,23.199121833965375,22.238116946147166,21.130641415565655,18.568332871808554,24.344897488249675,23.43653070619913,22.34764875540124,21.065846692300237,18.54289841166556,24.426592897310094,23.114549398427833,22.305711431799683,20.960830541585597,18.636793077219004,24.725092546969414,23.25176587585782,22.59377504340858,21.07847939612352,18.61736507857833,25.04255482144372,23.355860161953956,22.634706129613694,21.157744367186602,18.635812969827235,24.98079077568242,23.178623083804588,22.57873753011362,21.06532044209758,18.64592477352123,25.023609051911954,23.13903309977788,22.467965566958874,21.067736427625086,18.589471514615816,25.127609573053885,23.264477183763084,22.573715879636303,21.033848453778038,18.439793889295306,25.05485747391491,22.864669838764428,22.13000226230347,20.763511448183948,18.4856208468506,24.824203273466562,22.731437786046484,22.0547602379414,20.77774390606275,18.486956324428412
24.851111628342974,24.745227508832105,22.30306522100844,21.39087219609269,18.446464492393282,24.46994232254689,23.15643746617248,22.203163392878853,21.24202895979998,18.559564530176,24.614740286023277,23.912682687637968,21.98566784378905,21.0307082391787,18.85746130889345,25.305855284418147,22.90902290087306,22.49213888947234,20.98065328870138,18.988952999934902,24.918648943237265,23.553984449217488,22.253362234704934,21.160578644683238,18.750012108608434,25.18117128789809,23.364372754635838,22.311894417802236,21.081398820461352,18.88314670748806,25.221709371045698,23.501122374797,22.440960192821475,21.001544482886537,18.965995966310146,25.344205911234276,23.366788906149814,22.726786502644416,21.009424543167444,18.90855082912953,25.24697103031541,23.50884821129576,22.68283527115195,21.01384908315394,18.8643931541957,24.96436065392585,23.362879959775356,22.697728921935898,21.03103390610493,18.848482805446817,24.62703930079093,23.26118449282137,22.67546557155633,21.006181716561805,18.815309988539337,24.57738336694166,23.05615336400085,22.590124247735666,20.98318221648788,18.62620162986575,24.401968202617518,23.249784709216886,22.353909317603776,20.848946120855867,18.770810099810472,24.187771074808126,23.210600839763757,22.23276082871704,20.814482892845568,18.759278186691763,24.68068806498755,23.39513549666979,22.268352451026733,20.765508292208356,18.706238140293134,24.715687584812237,23.4644436492821,22.147034766179775,20.77713795176803,18.752795105069858,24.59569435957377,23.639868874378827,22.087869194777046,20.770237012364657,18.848575518048825,24.558927842465188,23.357713933109665,22.117602993733062,20.83071510761241,18.742196643519122,24.77945319790795,23.272705798878285,22.503281020787206,20.91537285969104,18.81923686683978,24.590454357222598,23.335377768512974,22.340610082019314,20.832308168548074,18.832951313206497,24.687195493927867,23.24945121431052,22.17716192238,20.76219245277647,18.77780481031492,24.60012085525462,23.17014577656183,22.0673596113676,20.786783190903382,18.716256094688962,24.90700778770806,23.423837204598804,22.076262880416543,20.81385283598561,18.758468813322253,24.870906758407834,23.71379824851956,21.935762598925997,20.792099388274828,18.72557250078703,24.95406127230165,23.64884985976884,22.154255270147885,20.986568213742185,19.031350855121005,24.846273985630596,23.69758605320078,22.369285476979687,21.190810929543105,19.310656791891418,25.1378966268846,23.886055122580984,22.76670002658508,21.332994705017,19.80228753915953,25.09856270992431,23.648234394857433,22.82396803237365,21.337341474296633,19.77249242133924,25.257950989242733,23.2635148962386,22.48418190740793,21.345645350243448,19.721589112055817,24.885885098423234,23.513843299754654,22.516425071152803,21.204900133521782,19.397616394938215,24.812276715376548,23.490696335322497,22.507274254524802,21.108278488905636,19.10988510460361,24.664720599259795,23.16363224379245,22.1488331924412,21.06046435422034,18.77474145241127,24.724524947721527,23.22733028136704,22.073171902507447,21.06271488775274,18.674494841323128,24.458315078290493,23.419152729037897,22.305542326046197,21.012907407872085,18.66216220034806,24.562196313233567,23.123403250782225,22.189487260676295,20.96754063844633,18.77793971201694,24.81865681847212,23.303387361098018,22.47810093550272,21.026310951510112,18.754802871330867,25.10079678620204,23.45086356186749,22.59556958746189,21.065751783192436,18.684195899466918,24.815143309417373,23.47453665928186,22.53593985719231,21.009240407241833,18.81028342889056,24.865577632930012,23.374291840081252,22.511923923039255,20.97042342923185,18.740858186350767,24.910569060444626,23.53004087080958,22.54361495700567,21.003246852845233,18.620104735126557,24.858399543329934,23.112194904907504,22.144446265558788,20.86988333561515,18.66438306541382,24.763247397349158,22.921408215654786,22.07625612936257,20.876908389061015,18.711706397023864
25.284333515438256,24.670908234379468,23.042098951019824,22.189116990673586,18.975603484824504,25.947150687149957,23.261597959796852,22.380247766885972,22.04518517548741,19.72580906068539,24.48445322813166,23.892653833756377,22.843698752154985,21.718901874260386,19.72950947248953,25.25026395099669,22.964647330887693,22.849167169234885,21.640212160854023,19.62349894660141,25.145414517487097,23.71230300094583,22.865241359615673,21.822853093697862,19.501952482350568,25.2745016000333,23.68779424516992,22.924802656355887,21.584498841060412,19.650145553556374,25.01095646500433,24.000780596664818,23.12998383005899,21.36502750339394,19.66325966506189,25.2706402721273,23.876058340601208,23.229255918656257,21.34497859944664,19.5504064624576,24.91678784875844,24.04754607560752,23.189131652636867,21.251073582147328,19.54893019241236,25.07014200617479,23.945133948962205,23.179062655761157,21.347313923516502,19.535395999256167,24.919163241119286,23.70355574562795,23.012709886507942,21.462504772525048,19.444097626083156,24.89425759543076,23.57994853053281,23.0339040376983,21.521726402308122,19.411054042835417,24.78300685597457,23.628733223896024,22.987776993786525,21.497277242167655,19.56989707903797,25.01530631986527,23.76195622181614,23.00772262635424,21.511671021970294,19.51963700586784,25.14628815445355,23.908519022722373,22.996410045394363,21.365831689675815,19.46193917292355,25.121705089630105,23.937412333071112,22.98755332403129,21.38044745956996,19.554455170098162,25.16923760913553,24.0791123594935,22.85339714123156,21.39107371970323,19.524778053627262,25.071469972739482,24.003976279843705,22.675800846973722,21.341417728168206,19.402517194052454,25.144431475503385,23.90072099146946,22.809796331832906,21.435607822032335,19.483148391827655,25.053071510759633,23.969678355611276,22.569559404372715,21.383642568795864,19.529615694155115,25.202323455366724,24.005321256533637,22.580009968342825,21.26510568662771,19.42292448407033,25.156772158966497,23.789609023442893,22.60503984594225,21.18098965110136,19.35468514981936,25.37431187558384,23.86901484819839,22.682139887763398,21.252949915560325,19.304606392282764,25.461786683532573,24.048532153741412,22.683105732642446,21.209537344761245,19.290111941262666,25.577423317001283,23.978407868398506,22.919455132593352,21.316171443100625,19.45798449997431,25.690901130483695,23.97796861048375,22.967943420501747,21.42180498959708,19.641423854997434,25.326583959787335,24.10742797066917,23.099764785854784,21.551400213589282,19.825479579450857,25.246710287443037,24.15992890785974,23.289099015325597,21.53109959033286,19.77577676147367,25.32367629022067,23.913394517282363,23.128694781558554,21.553050475730817,19.725864241048733,25.258994133418245,24.013567150401748,23.181642681511853,21.50660599791342,19.515227762520578,24.939788260262187,24.122731428190196,23.31083142176245,21.594905661209232,19.393290822990608,25.308032966382,23.893398607436968,23.02520602442953,21.551702313677907,19.27433162602394,25.37840198934702,23.8560871811838,22.84791696663909,21.584726463297038,19.412349553419283,25.043175939914683,23.895213509210173,22.896178443692584,21.560049646626307,19.400937369174095,24.909864254771826,23.60023953741584,22.82635917663191,21.505327138657538,19.479071664521136,25.15886720461533,23.575675978147068,22.86485387741744,21.541163517541417,19.48413815618815,25.42619250792209,23.571182966664203,22.986190831426676,21.651139654964567,19.438784691139677,25.518069108401534,23.605400476793953,23.025325227339,21.43400669472748,19.36707354538192,25.720561666983098,23.48743548340988,22.967238842052257,21.38407783677452,19.29937321843121,25.70465424736554,23.629586763647204,22.9082309741849,21.44927926271613,19.218672000209825,25.800256482315223,23.344444007176108,22.584128670927715,21.144077366564428,19.100227025861876,25.70573742804359,23.23503009974743,22.41191791391949,21.183773649918106,19.076047197208812
25.817098363306314,24.115488578646065,23.020252150666966,21.599382597324823,18.80177014995586,25.770813206474955,23.296136342377206,22.88779751947714,21.927459321808442,19.020903641500905,25.062817772530217,23.814824629788593,22.418985467584577,21.279350996400716,19.13200635297083,25.844502963164214,23.130362068546418,22.759118781994413,21.291530181654398,19.069103230299206,25.534836195304173,23.63177954044466,22.746006360729645,21.479776551376148,19.02981815917398,25.625408005883457,23.78108076959861,22.82818181732181,21.50551148995482,19.357764089858147,25.560016450171066,23.8969546897785,22.83653502031623,21.315321868896092,19.425500989655777,25.735001875796417,23.856406749636193,23.08373357062013,21.313099580702005,19.446682830546095,25.8315658786347,24.059976620517137,23.062238440485874,21.342030533318045,19.481828066374227,25.76451603203872,23.969902472569967,23.070899228267614,21.416271859573,19.37685525384385,25.623878842554614,23.64285167118106,22.820373446074427,21.287481581523057,19.095306819558303,25.464527661672996,23.41553996691223,22.813011668141737,21.233109810574273,19.08131004670649,25.07917447606324,23.41979610429059,22.651588061779936,21.161040612047408,19.112291040523065,24.83552008994991,23.391121149456858,22.516835703914907,21.097701228326482,19.07224409098445,25.22397273885442,23.425882819373783,22.54586915332912,21.04154814098616,19.092129774438803,25.184801932037622,23.54933855614113,22.579737263132564,21.121564087197243,19.037936144860023,24.947163448396974,23.87189272473583,22.568739443579783,21.122172379839597,18.97336758580252,25.13364320451928,23.784991459606168,22.491449107374198,21.18479177721789,18.785943623353944,24.92805232764689,23.574097289290183,22.78327831510125,21.285922813267206,18.77824165349981,24.816479423443827,23.726352796198597,22.44582599420619,21.04839599119241,18.812181804441224,24.815415551679543,23.65559094486959,22.304604271522706,20.875820711053073,18.903674377599167,25.041945589360598,23.453529990890992,22.090338596703766,20.931735242050795,18.825280224869058,25.186647398869972,23.639241856355653,22.058212373989903,20.892810971735095,18.988972735889206,25.437560549765593,23.906995510717767,21.972762738794913,20.80441710449857,18.98886587477095,25.376462872163856,23.71544193869983,22.37923762812345,21.23512163120173,19.500107680001665,25.394672384393182,23.843901945311593,22.566291497106533,21.549209286885027,19.836357520049397,25.570944439462494,24.055528163379268,22.91521465979541,21.628600326202964,20.145979595506525,25.537580083216504,23.76558644096987,23.122604895821112,21.699598734495083,20.08848250853465,25.611147947555782,23.3253640237778,23.059369068610916,21.771007198663273,20.0221302381511,25.18952796344156,23.52856849973128,23.00879964914374,21.573680970630072,19.50179037279381,25.06891979129481,23.371779747005533,22.906012271078243,21.407498077510873,19.12847904362983,24.88949669803389,22.959859834718337,22.648465495825228,21.405143428343102,18.861023829974567,24.928401566283526,23.101771782197602,22.584367961776586,21.35774630969519,18.748079665667596,25.03555251037356,23.475065345239976,22.56675771664158,21.206173187511215,18.78336715468229,25.19304107219802,23.332575211423823,22.387575945675014,21.134740222330937,18.816601874878195,25.471775074857476,23.574960310275145,22.725276987879447,21.25986317520501,18.782565658262094,25.798827700249195,23.80899443420465,22.812224314449118,21.399797044846995,18.774264343893496,25.715094198456494,23.80337955816531,22.495961671279463,21.26064333779698,18.83301200648065,25.400190379654333,23.75118471692202,22.418718561494508,21.341208464679923,18.7483122504917,25.447081122346052,23.72695225423879,22.62491116705306,21.375965788897815,18.73616911739959,25.477680726833693,23.426988884136,22.138582759942096,21.109983093810463,18.70902828989333,25.266548076726842,23.22703917453917,21.99352891002063,21.061968393088385,18.78545989561997
