0,1,2,3,4,5,6,7,8,9,10,11,12,13,14,15,16,17,18,19,20,21,22,23,24,25,26,27,28,29,30,31,32,33,34,35,36,37,38,39,40,41,42,43,44,45,46,47,48,49,50,51,52,53,54,55,56,57,58,59,60,61,62,63,64,65,66,67,68,69,70,71,72,73,74,75,76,77,78,79,80,81,82,83,84,85,86,87,88,89,90,91,92,93,94,95,96,97,98,99,100,101,102,103,104,105,106,107,108,109,110,111,112,113,114,115,116,117,118,119,120,121,122,123,124,125,126,127,128,129,130,131,132,133,134,135,136,137,138,139,140,141,142,143,144,145,146,147,148,149,150,151,152,153,154,155,156,157,158,159,160,161,162,163,164,165,166,167,168,169,170,171,172,173,174,175,176,177,178,179,180,181,182,183,184,185,186,187,188,189,190,191,192,193,194,195,196,197,198,199,200,201,202,203,204,205,206,207,208,209
32.4402603213256,24.94957367457863,22.646684648443458,21.63639967862761,21.439562127138718,29.139105231742413,26.78171096147635,22.280900843926585,21.88047526078788,21.63034841622927,29.479058139623426,26.081041738451308,22.506814348259987,21.211907401082335,21.932863814725476,27.696252229726202,25.186220103126793,23.488751555984194,22.22951254238188,22.45175645153692,29.788898847856437,25.817940433969248,22.5750696620773,21.702486928226925,21.774169828993614,28.15213399426481,25.391352380820045,22.449427574837806,21.730805598931646,21.68304657646187,28.22048193763218,25.197889780379487,22.57977380581778,21.608639099441792,21.558342635291595,27.161196671470314,24.54310983744754,22.51145649207211,21.62007144354302,21.417369437516154,27.315640158027957,24.429167729779618,22.20924029659745,21.467724903511236,21.148839330681962,26.773438990549955,24.236760175029424,22.268403649878394,21.47962243674001,21.01965655238353,27.926539140943294,24.74806765540347,22.55751773381271,21.59019424955847,21.24807526646712,27.50103547359628,24.449346746706265,22.504250726690422,21.665974461905954,21.273526615679714,28.365703429580073,24.737994801182122,22.446752757770238,21.716060182903597,21.49871201255703,28.33546622135695,24.85297838161488,22.634727924985505,21.86815325735909,21.760315128922215,28.088063988527402,24.705898898008407,22.78521042426282,21.953582557587783,21.899929891749807,27.659936055721108,24.53041746719642,22.514835843888545,21.95744851345588,21.80954602391433,27.06538152841526,24.270817706350876,22.55298533656498,22.0562122103885,21.78434389329559,27.33714125839623,24.779367650802563,22.88836316978784,22.100419735649204,21.520492672779636,26.540178476229038,24.369484562373884,22.68045790087418,22.023853008299927,21.43328026012139,26.41519662947514,24.026596110905444,22.418513466911055,22.030632244532338,21.235423561129767,26.59574857677719,24.428368442102347,22.784098970536025,22.00053214626639,21.306839288436798,27.239835544177744,25.046003727121622,22.887733573111905,22.001491976586145,21.467862759164852,26.863276608676937,24.65323810341329,22.70413175074706,22.056032654447314,21.63902051662771,27.747426748236684,25.36933443859724,22.987212687896015,22.05205754959962,21.645852049848493,27.936582331782937,25.790550876288126,23.17793622503286,22.007395211280123,21.842942163841535,28.225966436987704,25.425029430266633,22.940988513102035,21.917057487145254,21.851499324651876,27.71930070056206,24.88856865454881,22.654924092522833,21.773639724901418,21.474841027742187,28.01794238606012,25.353322475278375,22.765109396335035,21.783770182391645,21.59721506734232,27.058694273088275,24.674096232614044,22.418317249252034,21.64152788685774,21.256801808446923,27.246375135167238,24.414915708779013,22.471084871800105,21.639015304276022,21.182212637305575,26.624205505516592,24.266881943576,22.388150673947717,21.763806350268943,21.179554623025393,26.531425470546896,24.359997253865263,22.329906174819456,21.943734197429084,21.62299127370816,25.770781739362327,23.769361160673718,22.339355323056047,21.989945449774297,21.26744182717716,26.863977601720745,24.228972632499403,22.762767795533584,22.22803236021499,21.51910621838267,26.70653751167871,24.155630969846037,22.593764911256592,22.234793634423532,21.486461748728875,27.097212548005064,24.438336168085566,22.657111353334308,22.184986323848584,21.395679309968948,27.157228390338737,24.33937351273901,22.55813006942908,21.988603381041784,21.151923562230987,26.822083306483883,23.97050548744385,22.125862821474534,21.899694184253505,21.414103244900144,26.212080407250177,23.79910571881072,21.872323807793656,21.785884388495354,21.542553616176242,26.79768852560008,23.960620911014367,21.611086450911387,21.67963961124853,21.487316198717096,26.23314771839576,23.675169829425705,21.53754927922,21.58477957982239,21.225444599943856,26.395973863229823,23.767008732254126,21.459219025840454,21.54064709847013,21.041089447443788
32.50803579641662,25.005822999125687,22.83031248409516,20.345354506932473,20.656726120789713,29.100678281573636,26.419009303418946,22.41266046388474,21.680512590234347,20.57082965957306,29.605037250273238,26.114313625852517,22.241390348658904,20.856328801263583,21.34558198678224,27.754633973083834,25.15132253177167,23.29334608752934,21.834698467784925,21.43918003142811,29.880324980248268,25.783938318399926,22.61338111664984,21.223695904150095,21.053860474347818,28.412347783132667,25.33331324973948,22.347837573177912,21.419084946827454,21.10991912127296,28.50602736082997,25.240662750244322,22.420693938314532,21.248726495373838,21.090709969801576,27.334697026506785,24.680556863839207,22.438172352892675,21.250115992916715,21.05914520588839,27.517861986985288,24.583301882310586,22.227258224788482,21.160154984408912,20.797617474547028,26.848577505020366,24.280806807560303,22.20517155581403,21.12129941885213,20.694229371270104,27.876701758573347,24.89609125435051,22.631947824071766,21.111225724523955,20.780259326654395,27.120134047656357,24.41504381286869,22.537982296080713,21.268623752507466,20.769191603264773,28.097330033937318,24.60406103447184,22.47180056077576,21.310587384374085,20.953565563028974,28.062353784449385,24.77540927074186,22.54971486884447,21.347058042095618,21.578641058151607,27.563524128244826,24.658754477238453,22.63105511451878,21.43617791544874,21.67733205502252,27.102664125352124,24.428523635577857,22.32082236212539,21.485656026013004,21.75515140972372,26.916555140744652,24.34442902274133,22.465773486180765,21.478902069698872,21.834013954312923,27.17231405590586,24.893147462570898,22.682687433512594,21.627495942031597,21.633928404042855,26.270963924653717,24.388685540156096,22.441196144096285,21.58656654504275,21.314949907025145,26.313030738059968,24.11691758446178,22.31044350527971,21.634165346641876,21.342068514426966,26.534503891674014,24.57211307399863,22.65988062787799,21.75355271437962,21.304010916468865,27.09993403740371,25.163849335321558,22.691268853989346,21.86027766002517,21.501646005851473,26.694093441303277,24.709448763219875,22.59294238106786,21.745989924396092,21.51760078403384,27.69374667346609,25.452104660732434,22.959625602702758,21.898998500907997,21.62232103229564,27.950862347863563,25.81842797548655,23.034531551976734,21.825941547738598,21.53164724291124,28.173569527860828,25.376203730975753,22.71506898672127,21.759041226410016,21.538725504805576,27.655659257880323,24.805172508842617,22.45746178630152,21.697883748433707,21.30580566746649,28.004347570841627,25.316124200060226,22.558742245677568,21.81321405062457,21.545503793851545,27.119899648556277,24.672002609221785,22.267164494914628,21.76970894891738,21.20156902896482,27.32860282942387,24.43865700157432,22.413455011005894,21.799841186633955,21.2802199349916,26.48785029649102,24.308691500448877,22.409944699578496,21.736596806193702,21.322608759212123,26.31693966408555,24.449033374333805,22.381902024388886,21.644429134560056,21.59153394992857,25.569740613881006,23.938366797011426,22.44589802371076,21.69999166270978,21.27865442678221,26.5569935064917,24.28553877504079,22.826530254478218,21.646050119480215,21.37952380491759,26.211088990984045,24.092876889170917,22.5865614799041,21.63796255859948,21.28752128213186,26.80344577373008,24.32491530322674,22.677742053368455,21.660976205224216,21.132641153473884,26.897741990096613,24.21350515470223,22.637600781185327,21.812902152581596,20.945025609593063,26.587425182369838,23.69498850528425,22.16258601819201,21.703402439565217,21.055649893575712,25.621123803235868,23.517370942293812,21.819905936589056,21.717418834797016,21.132110835384395,26.488782330559985,23.79809902307472,21.63778060601835,21.64708118481527,21.093890928249113,25.972257126645417,23.590960651371528,21.56698922406458,21.685456650132977,20.988675509269193,26.201777851989362,23.68642304318404,21.4445428936725,21.473097269393527,20.966037897651184
32.34399743931447,24.864532001448058,22.85749304327618,21.154394789200843,20.7331475102964,28.706584627423812,25.867390033405716,22.333089575337265,22.11090098383477,20.912712946350698,29.47300797548734,25.820136019795974,22.213537809394143,20.821605576348333,20.338440778274144,27.448372696672237,24.707541909626933,23.308429934270062,22.23594177041292,21.59827273116092,29.649583755722603,25.472799477765157,22.57714763966813,21.643596485873807,20.980026873329102,28.18755367231728,25.046735454049006,22.31439919473817,21.68127608421288,20.894370315508564,28.344555015699388,25.039666255817657,22.359103749603065,21.406824017236673,20.783928197228224,27.160512603544554,24.513492102443486,22.382593926781883,21.519754552182704,20.85082905241598,27.352821948595334,24.477827647701282,22.142132871028775,21.367688201079027,20.530169631083652,26.547614046924554,24.140531579977413,22.160371445158752,21.278941699569913,20.35318080492795,27.571889649070624,24.77164025311167,22.546778214466013,21.333481903982694,20.524436686827453,26.6136492524797,24.320817504964918,22.442287372068215,21.476506348936724,20.540842075861228,27.619300617290275,24.521675156241663,22.395315754563494,21.450111440002456,20.760063856634382,27.62639711900357,24.71915016478828,22.450087699532737,21.476999713760865,21.410411069346495,27.375690455497068,24.55025439643054,22.425217863393133,21.49912689710557,21.569007508635405,26.9251456389651,24.27091898207965,22.166805338291297,21.498229741124998,21.70211293183367,26.876313631031696,24.187357515192062,22.377051125221918,21.651939112982667,21.883771147836473,27.094969600978267,24.710026695196103,22.534668578174063,21.79717263872209,21.84275706463854,26.473318336677853,24.237823019118977,22.338678883105608,21.84302792483727,21.49886512950503,26.435436048692527,24.145330546950863,22.36422013429382,21.913453001590806,21.531557761206557,26.690415558120016,24.637736399452457,22.663488597681557,22.032432410336618,21.398968627077824,27.32163518755424,25.201257172867162,22.63007577880784,22.04470840648466,21.506725715049534,26.939957315325717,24.76654764718574,22.48706515254336,22.01197513857725,21.538677760931478,27.664653360131346,25.451919551769578,22.839878319444754,22.058841891525173,21.646412225681694,27.82960186553343,25.7335013684859,22.8035523548331,22.07397396636331,21.51706707147757,27.97627019493056,25.31126764816924,22.522805849547815,22.026202674049447,21.63812740756488,27.338797046544357,24.679837479410573,22.32847934137047,21.9631917532288,21.232025404529175,27.685626135733933,25.183772235373645,22.458156957644444,22.026348906859386,21.385489459564845,26.819915394320287,24.518104005334614,22.208861816424182,21.9806267379749,21.157765835063977,27.03241927812739,24.309246012560784,22.362787177248872,21.985178209562946,21.221851622359566,26.134965675492936,24.190328223808024,22.425184455375497,21.949674889393854,21.166753298001172,26.151626219421207,24.376597595500492,22.47003312940896,21.844151337316777,21.61749758475577,25.551059869530597,23.89656048853294,22.612093738509436,21.824720617825673,21.220492992786326,26.532534106252104,24.24248796123973,22.986539019266438,21.885089497972437,21.26490925198227,26.249157978143938,24.080400796843467,22.877397413849224,21.866787057226315,21.172101698508087,26.926100426996292,24.28262070111796,22.884518622034545,21.913204319733687,21.156423604838068,26.940705736695264,24.19744947124109,22.770654932002245,22.058174091914086,20.8830235083661,26.478000067019742,23.656589169914035,22.356184071780255,22.04068695243929,20.950991672040185,25.5968979545954,23.331951651383786,22.001873242796886,21.972714224468263,21.010691492867593,26.437621690103377,23.527164338194197,21.81293213420545,21.891953281356347,21.061875618252913,25.91614181530871,23.296948512890825,21.703802437897682,21.846668996849136,20.879907832203024,26.181496742015874,23.388036621487505,21.622293677952435,21.68498530007658,20.925433495136204
30.65764544387272,23.514071250138393,22.483798419498797,21.211348640999272,20.863880917718205,27.645721219290255,24.859302391890857,22.134700033239458,21.635747043800748,19.922958897584834,27.61654515467989,24.797569438506937,22.037071520967892,21.421879779246996,20.44733716699406,26.224682503390788,24.151498480051576,22.66530503818585,21.953873061648682,21.076692767344028,28.1226970072033,24.323494778606875,22.216968412539213,21.53846505765686,20.521106405736884,26.958162688829624,24.04550565019536,21.964542065991935,21.575472185019894,20.357346807115768,27.04571110393609,23.891203140321625,21.985447506586645,21.49199008605784,20.2207238552029,26.181414132812176,23.346546545762322,21.983780564591314,21.377518187958124,20.090340139349813,26.306645505206326,23.204532204873566,21.875131849271135,21.21100251227651,19.78848167391491,25.919285332814997,23.088320381905508,21.85311308708608,21.217826413197628,19.68822304153592,26.583805582630625,23.369359811374924,22.108049484203285,21.145596626172154,19.802699303080338,26.33297138482821,23.215391829083945,22.09447616396997,21.174454283995942,19.963115770041583,27.09766012060033,23.351667577930563,22.080514220833514,21.30527441693996,20.255083834951744,27.15334953727396,23.481242551297818,22.028316550118767,21.427264527938533,20.706524815110015,26.934574122002495,23.56141005404333,22.25674803442272,21.353109424681428,20.740604289377732,26.654200439379515,23.513019857497667,22.085881556400903,21.452006088236814,20.69207102200757,26.169011927137273,23.415299721019224,22.267101866437134,21.362120073168754,20.6215414925147,26.38193968693427,23.89719210251325,22.273752010337525,21.338570787544597,20.449673328339752,25.766444212477857,23.572084329604966,22.189301929454373,21.298297595831393,20.229044935480136,25.673041402275224,23.03925241065698,21.963066741487822,21.17050715615477,20.12442701347303,25.804224490452906,23.39401173022278,22.17883497229429,21.155224595171838,20.192111955861726,26.20639843471792,23.74249866203666,22.069083920145683,21.32766005045202,20.412017378142952,25.870209780717516,23.408882256637288,22.131659759944228,21.419094449182982,20.538656102937928,26.480377017881683,23.952926180822832,22.239945351431366,21.493897087478405,20.758721421305445,26.690467506028178,24.495041535014902,22.336084357662465,21.622174629511512,20.880431738347504,26.934915855344762,24.24907333771226,22.28758786657633,21.563653312284536,20.943130357237568,26.62909664130163,23.971539323753536,22.02331892808761,21.536175985702325,20.618186848882594,26.9072618874607,24.39157743579395,22.037030624301725,21.458071034843822,20.661769399073673,26.103639756140314,23.929170669196218,21.910924293793194,21.356593142529693,20.133077189049104,26.060738614549148,23.606472131449543,21.889694555213214,21.36334462453228,20.160423918059173,25.618730341816207,23.53720337655491,21.69917457499198,21.388786803741525,20.15459417113934,25.43269421311873,23.63083939951374,21.72011122347286,21.406504721300735,20.490060285521373,24.66200480831611,23.262615782977196,21.796303785133897,21.459938537318425,20.101663650255276,25.591369871978735,23.644389614679007,22.191375184489342,21.510048940237095,20.308876817407196,25.568857668680064,23.717793198495446,22.15330732444216,21.550864047247572,20.17961295026145,25.799708576353474,23.89635215917881,22.333397826597885,21.510219765005797,20.064783635730457,25.87875135343441,23.776307189575455,22.381473443813363,21.522451706134415,19.87997334398508,25.830167409071418,23.470061968887258,22.1217692303997,21.50239351494499,20.104209102022388,25.17487471932418,23.228927213189696,21.772028850963004,21.436088510471574,20.33333788179391,25.614475483211756,23.123087977199788,21.41935840424617,21.306776640785706,20.314498257051618,25.094255450597256,22.808584479551,21.29972014592665,21.39882301442533,20.024535581399917,25.14247709129965,22.774878116594873,21.09288161819709,21.09641560541609,19.867565695739238
30.67084294841248,23.451804858656125,22.491479325799258,20.85837561672366,20.216570048311546,26.96981404738058,24.06900791624881,22.370879375983904,21.528462868575865,19.383895704178336,27.656657393474813,24.5716396563595,21.559285292910257,20.621824281836574,19.19374645441897,26.249506873825112,23.577258392793063,22.79408019729556,21.978097781340793,20.679836252303513,28.006743115631927,23.99868079901998,22.177325863068305,21.2059251982135,19.874144051891307,26.803168738241162,23.82289955751897,21.88689310942734,21.252533208484046,19.696556472821538,26.979420580083236,23.83144548993901,21.87202527060716,21.031518450613827,19.588873611687795,26.0086591317551,23.490674626751932,21.984952333195345,21.006284018112225,19.545188756884816,26.116317972661022,23.490935430223978,21.81603121997396,20.72034353408415,19.07313527884174,25.427070403529108,23.23267420763311,21.81688574185977,20.662340505772598,19.01611364806478,26.177752088589422,23.611281514208624,22.11609988093705,20.620887504283093,19.22555208204708,25.421708273324466,23.345852391130002,22.00604625445594,20.72461207012438,19.324268871170496,26.296495230212475,23.335479767633906,21.984868178706783,20.81775617279037,19.71368529583182,26.34706066946655,23.480315710179983,21.943356712134594,20.967477339783574,20.41009620356686,26.302642763624107,23.418681113670424,21.911284103960185,20.92729904174203,20.359717805186587,25.91563273589734,23.175827063683137,21.750211538711902,20.990770041531317,20.393445169057436,25.983085462847043,23.166075437231207,21.963440023778283,20.988808791715673,20.49634251030604,26.141536146005535,23.64529581337237,21.963038276522468,20.997285425549556,20.329271932547293,25.53629577243978,23.236982848287717,21.913632154094355,20.937312035725427,19.92715544024754,25.32415481656747,23.253855881020463,22.022861947807694,20.983524454903552,20.04111253824869,25.579585203552483,23.703112214629215,22.215971120237604,20.977810718775608,19.877302594777227,25.96769515657586,24.080523573367437,22.076613169912655,21.097549555633794,20.021955798822756,25.593827110051542,23.69609344594135,22.028804650919753,21.111481753198355,20.091427143296617,26.268514774459117,24.296656784126295,22.218055878432175,21.233362506380967,20.33873084282328,26.45187911677881,24.521379666139158,22.16635158665561,21.306343204880637,20.18601427311564,26.532887057643315,24.252043859661136,21.95980077852346,21.275778431230627,20.30357247122873,26.17018586604803,23.722649298052453,21.836184608364594,21.313651096062614,20.01269498230871,26.525654721429145,24.19921381440727,21.95224382722119,21.38076268101071,20.17520491930305,25.697582169174165,23.73238476067187,21.839954434439605,21.32843013794362,19.876917809390626,25.7392728808245,23.41404391121019,21.93594508311807,21.320759769720816,20.02402550758848,25.129533393546307,23.344640000343166,21.999422489646555,21.285681411533783,19.88219492071705,25.123607774522828,23.656668324747432,22.08796674199311,21.120325159898076,20.116406759227452,24.668677830150333,23.344361363138113,22.241967179793246,21.18453360422682,19.709841642548348,25.656264419554084,23.6153822209652,22.54199756108209,21.20848278664697,19.77663966713711,25.657578644384635,23.57995990238996,22.508861895961523,21.208440538149013,19.729350832642794,26.08729843775642,23.67068990404752,22.49012422942704,21.228548640158397,19.851820334939454,25.99556008192628,23.553255441805938,22.425981677761875,21.351453841471162,19.716573744899144,25.641457646051528,23.05189112653729,22.03210029080434,21.216447936917014,19.752907625313917,24.998570087004083,22.740732621857255,21.65660344827818,21.177286840017224,19.755360672737247,25.599428287539748,22.818410270940667,21.45368580257811,21.15687568112812,19.753599756352042,25.136172975631595,22.602180517744856,21.464519985985255,21.16429554237386,19.49602910448974,25.30213610699532,22.66487578560996,21.28201043737017,20.94979079838432,19.48445090582706
28.564591736995613,22.592800723328143,21.519353847731182,20.991779148190773,20.655876941518883,27.10029906414809,24.40253649248524,21.28290498073646,21.63889979353633,20.88306303785961,26.7740494373322,23.898781861758568,22.25151120727398,21.21365398809521,20.93367121300218,24.020148121567242,23.45521806040416,21.596100427817884,21.964850570301664,20.885292002226482,26.624914620336842,23.485073845111195,21.61561192925088,21.401250159745235,20.727903694972177,25.772647263753935,23.27614219408171,21.523010910768257,21.436394568406467,20.642106479073398,25.64437206927456,23.032735169080315,21.705741263191637,21.38056407060761,20.516035396226073,24.981907718537816,22.74716293769882,21.63845118872032,21.370063166103247,20.28928342536376,25.189647478098856,22.64547666222719,21.6552580945891,21.16629486586224,20.125469350461422,25.321561422012806,22.855934213282364,21.816314344442276,21.264041189393527,20.091003479258084,25.565167032936532,23.00931596524917,21.858410784960324,21.435081882978,20.280236535978908,25.852082354688264,23.25143460287009,21.98535189242857,21.39726024433991,20.450728583670664,26.353947354738217,23.276668281217756,21.934631116766273,21.48553701827327,20.698143052045097,26.538507449968318,23.152012402925372,21.953897922089645,21.668788347695806,20.94358507433497,26.561099774045637,23.222531070522496,22.121873486381258,21.566553710859218,21.037951752899243,26.685508348548137,23.398160176192988,22.194661689242785,21.469501615909216,20.956738008139947,26.073541810758172,23.134889154084824,22.05004229297601,21.368603190036467,20.67616104655375,26.319631964622147,23.31321349711977,22.232632495704273,21.39400133583128,20.642013233371845,26.419993239817426,23.566545472425513,22.203805366606254,21.322259949996674,20.60993220131686,26.171575384466696,23.31285749985085,21.945598644671197,21.357779399300632,20.518232230396258,26.43090750862971,23.395725269735003,22.05164144312854,21.387606024510635,20.68441882423919,26.65253652554934,23.750240097372778,22.06098519157489,21.669779512116435,20.909945054659477,26.649187146504936,23.761155007471313,22.002631516709158,21.67101510882355,21.046891889400037,26.489568600464395,24.011292853015473,22.105330096914336,21.728852664980945,21.048398607057738,26.48507147634903,24.215703679343058,22.200999815652928,21.726018693824418,21.20362324515842,26.543129983290008,24.155493922357802,22.27780315480175,21.629561824125613,21.156797655843214,26.191692663423037,23.79630083094342,22.17521000342028,21.49816245346189,21.0325537246666,26.04426727725531,23.965556252997807,22.061699773805902,21.550271107012996,21.006494507778775,25.765342187045565,23.68536200000677,21.96021014274615,21.476530585147934,20.814778759000276,25.57969243769125,23.23737457161131,21.793546254298708,21.54585390936443,20.822102233641473,25.602053267737052,23.31820726027319,21.792484699948268,21.757958747309715,20.835924118463616,25.78626083222042,23.31965504144746,21.728002788365906,21.81480950573115,20.898770136849823,25.35801380759087,23.159794996553334,21.909792505869987,21.717626944286778,20.63013121114833,26.103584363309892,23.57150146494965,22.146561825056796,21.872622639853443,20.92703975036265,26.58174627353113,23.995443507004822,22.295795369567404,21.921435869477506,20.84851304619236,26.439405426040082,24.00065634542961,22.234670959496956,21.85876922883172,20.73266983738163,26.27487454452202,23.992102451825957,21.934435911006823,21.799685175419086,20.539029755281227,26.190089906496684,23.91169513586629,21.597299264812357,21.774880113605285,20.5822738273335,25.986517908519723,23.669576707452087,21.398239672789785,21.727895241953163,20.497826556008693,25.74207197851471,23.281927054337682,21.055258429511603,21.599589205055718,20.39106585398639,25.134150970120658,22.991217906246067,21.052349501369495,21.47993906159386,20.343468905770163,25.125644123040964,22.907518438415618,21.20633121909139,21.288189355884242,20.573731693079356
28.57338945364929,22.692157912911547,21.749225653623636,19.772434218394643,19.464915354273785,26.95752875952514,23.64325582483259,21.6693112236778,20.838555971480414,19.330412011879027,26.25802325999795,23.716096494744498,21.807376688212592,20.456009518584718,19.277977939352255,23.380713858063878,23.442362594482873,21.808479945056586,21.152843674389537,19.349633183092948,26.338116480723198,23.24838496664929,21.622728049604483,20.582967520218272,19.27121866845447,25.4866335147526,22.947596754329332,21.43338185645066,20.792906520193306,19.14398864661039,25.39918559221858,22.73442916423055,21.439905351098805,20.76792030546996,18.980171703831026,24.76676499190794,22.23601192455938,21.410451327350344,20.73417052875605,18.839083757166076,25.12011805507135,22.117945261734942,21.354484121568557,20.54698436616965,18.611082363092848,25.10535390334781,22.17616633483351,21.39961066908866,20.61737436924387,18.595727843380025,25.369317413976404,22.267654419949306,21.60446064936493,20.540687874364124,18.66996536441266,25.470127843609948,22.445080863845618,21.686802665410266,20.489007196394994,18.739065031244127,25.987316052789208,22.627399890587782,21.608902184765316,20.482069827122842,18.769871080905418,26.101964830798295,22.552302937086814,21.5789893913962,20.528445547375476,19.009315726536965,26.065872666928755,22.75835387371808,21.854961746807682,20.471133583382404,19.001718446838133,26.044844812152906,22.893489135707096,21.65930573811206,20.4559339236906,18.912427763575202,25.462812183439205,22.667059746861376,21.683680628813125,20.414140142146532,18.791757168330015,25.698510466642965,22.935967653446436,21.74140170460398,20.500192672118054,18.89061891642199,25.55837213056237,22.98469640598328,21.69513723158993,20.51735724590754,18.868025714802712,25.37684104808606,22.551205249084724,21.430764543838514,20.276358738259972,18.76989235608054,25.561859348512392,22.760920654988748,21.682333988940762,20.256478583352838,18.894832650245196,25.85207545766456,23.096373111352978,21.592113765905125,20.30655818424927,19.12176318402269,25.72128149717223,23.0345256776856,21.69418717185713,20.265060273493994,19.382082482596505,25.81957704059331,23.335861384017836,21.773039843562763,20.247097343242874,19.557157280337705,25.87979315968439,23.681468551294845,21.86088730690104,20.472703847773058,19.726988276450093,26.025564292653193,23.57044634921308,21.913304573029706,20.449034126673475,19.77819246621713,25.761897816547446,23.371454300607688,21.718562343177062,20.5744024922222,19.614205861037522,25.78789245111198,23.59196775081336,21.655848766879632,20.600811608619573,19.41446110098087,25.332577418365606,23.345108305936265,21.569085528012277,20.718259787486762,19.04177095378978,25.150229025090404,23.066135847073873,21.51365017759997,20.648031464758656,19.06417498222068,25.086002262010947,23.09426581412133,21.32888905238006,20.730607719742242,19.053978613647438,25.06492001442937,23.13324701591882,21.3181967022518,20.69251737345977,19.155577605942025,24.416468501447827,23.038765519500128,21.490072646609917,20.841500201062452,18.959200351938595,25.193188809541407,23.390121599526726,21.776563611682768,20.839058453972775,19.184452763811088,25.50916445054217,23.59425644158262,21.723866467436373,20.9275314447374,19.01016021083696,25.488360959855214,23.59463929717048,21.826371427599128,20.928856389025157,18.90401994289859,25.48636730028851,23.53529016564052,21.857258681801063,20.88515784682925,18.819118989057735,25.577676843522664,23.323350105641637,21.48458510191292,20.69815122235788,18.820103735223665,25.32968766104588,23.05075126684801,21.21725357521094,20.58561702263751,18.86612050170914,25.311651933333433,22.74562855021126,20.7814723780673,20.37234073160546,18.891086177648,24.769587038012013,22.534556889154263,20.788824325217803,20.50946274976962,18.713568604054515,24.6016866638131,22.380577711178994,20.619829487051398,20.2789049435114,18.614885551270856
28.733478919062797,22.71577046762042,21.836436286605664,19.802381460010373,19.42337777669233,26.747384550651386,23.58486831983243,21.55044186802144,20.76999832688482,19.184815271621773,26.144563754413333,23.745219471615595,21.721833572219,20.537976174965877,19.1245244100308,23.45405875188015,23.425023367752953,21.835955686062483,21.13806581167838,19.318532255744994,26.32962174269686,23.233642546598702,21.603764158813377,20.583248219089246,19.17181105525182,25.461171971143745,22.95587169559783,21.38823289685571,20.784166951233452,19.0470899615677,25.404916974387344,22.74515005094792,21.42281568111695,20.771597901011774,18.885514805662385,24.796227220864377,22.22055850402932,21.405019327461012,20.71363983244993,18.731129956729717,25.129071334156897,22.078572199059106,21.34263404050951,20.527387184812454,18.507567827078624,25.085420882259136,22.13672177977572,21.359044887550773,20.604588304087617,18.49103278632392,25.38185439580123,22.187050361391837,21.548054552241087,20.523791262315825,18.54802876822629,25.462656233299345,22.343952785572522,21.620656866447764,20.469539004877102,18.609210064791096,25.969863677333468,22.541375757603483,21.537263812903955,20.479910625648873,18.697061859497154,26.096069525669918,22.507670322217987,21.50063943241496,20.53799010254265,18.93612756865986,26.042786665525767,22.716454505488187,21.799712427613464,20.46985942914493,18.945493992321286,25.959423290303285,22.859363175824814,21.611706302836097,20.458169307169307,18.869769867360134,25.413693642180608,22.639706892313626,21.653034742457162,20.432158371402625,18.758381505618274,25.65346876768576,22.909156552811123,21.721548149804907,20.500544837769787,18.82578149430527,25.474148949745285,22.912916619044477,21.672016296250753,20.500521180311118,18.778955087350628,25.303028156905647,22.45480332496033,21.406599528168982,20.254086984991837,18.65733059236223,25.487008094349303,22.661390741854156,21.66170069973045,20.23373597237375,18.787540690352106,25.741241919539824,22.994739675486592,21.54889392647443,20.272263821777987,19.032683210460725,25.583128881354867,22.92669975268833,21.64247975967305,20.22512347978924,19.28340874284681,25.742563939804665,23.257169313551252,21.719935836851757,20.193754856778845,19.46886581181749,25.81524448689431,23.61712947728791,21.818138799723062,20.423803493635955,19.65509204672975,25.975399196746064,23.52420598823832,21.862557262317715,20.406916372941804,19.69593117856192,25.752964952170704,23.34104049568743,21.668784654497873,20.52978578059514,19.525656327753907,25.772754548977964,23.57052737319063,21.60587009470185,20.563468978793544,19.333209066765555,25.256364113919968,23.308693723717713,21.540536945094594,20.70720137758097,18.949370805617527,25.073920344967068,23.04386524412942,21.473597241250243,20.642031920380912,18.960292407561475,24.9837604002899,23.058235164925648,21.28806144074961,20.716603071246897,18.948366930489176,24.92363974952901,23.109500409436958,21.284627791868495,20.680496220455545,19.04663298184934,24.297725493608713,23.016751040332046,21.462497504449274,20.840659378916676,18.843831109793744,25.076276285370806,23.365524429025264,21.743477387653424,20.827526237605746,19.07441999628537,25.39347719092183,23.54839930782457,21.676914588003022,20.921334372417427,18.913638635140195,25.359398067329934,23.54258180863089,21.79559388388831,20.92126630607826,18.804070094676895,25.41765051921542,23.478297132353482,21.848267800274677,20.884533659381994,18.74625411738727,25.52556597980235,23.252221573831598,21.474850342346755,20.697957792715233,18.762551617890136,25.238324688361256,22.97632949243275,21.18879122319084,20.568924271703366,18.80810610305832,25.233155157953544,22.673241143897037,20.792509852453072,20.350892741763708,18.83973611647462,24.740753509602694,22.469979548233788,20.78684204898565,20.499531628054232,18.647808473876506,24.543106980927682,22.302677328781108,20.605233165120676,20.254406166816125,18.503885045312263
28.62651559491274,22.097160578369994,21.422644684721682,19.247280394777107,18.3574640906298,25.72380121444409,22.870167253730017,21.359896309609155,20.148092316157573,18.119143682531355,25.74722970340052,23.60212174972687,21.092876903762253,20.738734367335475,18.343774319920698,24.74795449104324,22.869332579943503,22.05110672812895,20.983370553613522,18.668347793050614,26.25191408483471,22.787840696858336,21.378930639171692,20.333285589797782,18.264277742188487,25.44706412829871,22.6816509686901,21.273380618031254,20.563674826376637,18.203182328698777,25.54928719711196,22.544482253865112,21.428368362823978,20.5605177546396,18.080293783296945,24.68259386383939,22.095956973856953,21.492496343994066,20.45584078398316,17.959665247391158,24.750687734306382,21.93428011574023,21.431881522143854,20.176363145547327,17.708265445595366,24.457650815952213,22.027940964264015,21.381211952791904,20.223898157868234,17.711025081064275,24.78165948145716,22.03775845346589,21.46868995334301,20.16061294859322,17.75816481704544,24.565043297956397,22.072963882120685,21.300542871131917,20.116100371604198,17.858755111878917,25.36022195527045,21.98697274997492,21.28805791169065,20.015975451884135,18.014179935232033,25.493145984623784,22.197189469491057,21.086007769431852,20.083321454776012,18.388350624281333,25.360935867664313,22.265092316069396,21.27963298634129,19.924351260639533,18.455856947228227,25.116156599627537,22.350925474601816,21.157852903757025,19.909775490537005,18.431282336925584,24.863125361510903,22.385834843783826,21.392692744983187,19.922115871722944,18.416011623621944,25.069980010793365,22.907626587642973,21.406100352414985,19.989688471808655,18.353048915273302,24.558704820843122,22.587364062920194,21.474393354936158,20.061935871565755,18.12447314369426,24.466762352673555,22.07418906421007,21.394597401278567,19.948654294860802,17.986709039814336,24.62632719624374,22.32526088064399,21.586763841187825,19.907486105653863,18.050876830360636,24.874883026434258,22.466189596693816,21.416342693862713,19.975763438488194,18.18185237722146,24.508681012029914,22.329613375872974,21.346738487992564,20.038257661263973,18.297858308140096,24.965478312052664,22.75282823454837,21.347139544791183,20.024063270364888,18.504109208291105,25.22516281384073,23.241592829961913,21.412550027252117,20.13734304939596,18.628849298025933,25.387047502228384,23.22864414243886,21.42962282367504,20.189423927843624,18.68832163257527,25.213092694136577,23.10520489841152,21.27264659224326,20.30592633536219,18.51943284828018,25.54080579423432,23.35044635807447,21.34695452802365,20.236658262855123,18.502226695485298,25.07926828680516,23.191492477655363,21.43912403623071,20.404919241299574,18.14616836194144,24.90679239964123,23.070917344474378,21.416690471142374,20.354675819227587,18.15978645837146,24.622329553927052,22.98445551763622,21.20563061968784,20.34169598256698,18.138249452038462,24.454635412785688,23.073112857468274,21.290042951076284,20.316911511697214,18.233121592677055,23.889445106477968,22.958109707017318,21.475149116778926,20.55602135106644,17.93208569352452,24.409851064726595,23.190110728599667,21.711341759835488,20.44570387823378,18.051412267689642,24.328818851952075,23.139950599318716,21.619532176897337,20.57207807343203,17.899383960550573,24.498435443364578,23.242655519823536,21.712992502370376,20.568606471124674,17.716238718431278,24.586632396017777,23.102469528890694,21.63083849360436,20.609726809343346,17.688174438588376,24.53174927823492,22.747203814626296,21.349002949863525,20.3647958660945,17.86520783873784,23.99341521379269,22.478082142695648,20.949036951412086,20.1992329171748,18.00066881400721,24.451804786074707,22.383803732533153,20.730450421370342,20.049445566151583,18.07919557243349,23.946357390967467,22.074790288327087,20.745803093257173,20.225899489279897,18.055984081002823,24.00257492619321,22.001359062166586,20.651473601505618,19.832598876074737,17.95629587850841
28.456482077544095,22.51184006732805,21.10047232766422,19.307727236618312,18.04172493491213,25.552090749134738,22.772524896133543,21.915727563302344,20.267925623779565,17.729438161745897,25.70932044779046,23.353911056967014,20.92707200753765,20.494724812932148,17.891498881654528,25.172710812296014,22.602011093872928,22.371703090606374,20.85615403059538,18.52007679858914,26.295349456393375,22.802089193084306,21.46864438221788,20.19166676593535,17.90974283549282,25.516550107831115,22.6958315485169,21.357140617714784,20.344294878991654,17.856515576540755,25.61378349740956,22.62421029186114,21.408811845754656,20.212122301275365,17.760981982375547,24.858738354733006,22.405402851532592,21.534223416642558,20.092430532874932,17.676144114868883,24.830324511652588,22.32746663184422,21.4117983313034,19.823485336558566,17.39789090007136,24.354366318919467,22.32806829150578,21.46776475542651,19.829392123364265,17.488410121109503,24.73756803201093,22.387275699919325,21.600405822182005,19.765387728186006,17.56074868916812,24.465411408642524,22.31108842068281,21.3846728026728,19.77397473945978,17.61849011621345,25.161289555735827,22.086931712778643,21.350229782126725,19.718268472076183,17.827304306241132,25.262051473281304,22.299949290155787,21.20567991778113,19.749859756945398,18.2861706142232,25.070652814853318,22.26467486635939,21.2151230584414,19.56805611012563,18.295318322826567,24.797428810005506,22.245300299514515,21.19545300703175,19.555036617046575,18.25894234527083,24.515560584867217,22.370594025513203,21.505015768755218,19.56010492161031,18.356956811864713,24.674240916369392,22.883704110371525,21.45743634639613,19.589112203388066,18.236222689123753,24.16677993752052,22.601625640829333,21.470761297672553,19.697489174172826,17.933565340850013,24.277755749461054,22.422579948107558,21.51491354950114,19.803638980112154,17.816007158431788,24.454370049710548,22.70070103675837,21.567469751334233,19.768209048573052,17.79772343710003,24.755873469802875,22.82892428724939,21.41872905579456,19.875438150977836,17.80503680286687,24.336389215684317,22.657473833098503,21.345372120276927,19.907242368668626,17.899068892460868,24.842940671912622,22.981460404671342,21.378782144931023,19.884712602947964,18.07418328828083,25.0035611007268,23.220321366573025,21.34283584963494,19.960268267159098,18.167833023531646,25.048349988325732,23.193441724142225,21.338405739314275,20.04711405633365,18.23330159570655,25.00717437692937,23.036820651446522,21.10267274303738,20.12556771941971,18.14818725346482,25.435537532386938,23.2763542286573,21.267139552594,20.069578862070653,18.19464467763926,24.8531319521331,23.210057242924513,21.242440992915594,20.19234301948664,17.959206688387457,24.735007962096677,23.140018870655563,21.29419123812921,20.084731683677244,18.03544795437848,24.35109425827413,23.026697434637526,21.192420983186032,19.98822104609892,18.02292805922277,24.178135936709936,23.099248888532603,21.313676377888378,19.92552183070656,18.082208077155205,23.717524548162395,22.912795031564276,21.355034854416377,20.183801767075654,17.783816680752647,24.41074834757153,23.04621533166874,21.6293239659476,20.06667050238039,17.844171787490417,24.440872428384072,22.877251888852875,21.52363346888074,20.18319761948295,17.74003786425896,24.730734311496313,22.998326192396533,21.53183833344174,20.17033982401646,17.636081594979572,24.80631185734931,22.826601460734693,21.457576262384514,20.208087285864373,17.632058834798595,24.623442555016474,22.582775793457806,21.33672696534065,19.94960951435134,17.7022696275616,24.056111940394132,22.28230234634859,20.924784145207155,19.80785229997114,17.764820285591114,24.449973919483146,22.445844641540695,20.68932308209108,19.69493250479195,17.788075150896418,24.07617664089389,22.27355291835954,20.712204262733188,19.879790819480753,17.843022676608136,24.076971825517603,22.353108007062115,20.669255014927767,19.58947131917171,17.82436819876764
28.759773297145788,22.439846231529287,21.596472810944633,19.576540212896667,18.18225393974902,25.373500040897596,22.260438808722153,21.92060796157648,20.789861218242844,17.656406400974788,25.747219274806024,23.369962256010773,20.97229386607799,20.19883871254337,17.77056269078855,25.033685505614756,22.40968660729063,22.4804512976003,21.16615104573499,18.688026647530492,26.29790577645631,22.63900130630554,21.597361787435105,20.33746657278589,18.02805790350174,25.48371582030057,22.517767724896938,21.381044461763995,20.484955805679018,17.935690753225476,25.619810868731264,22.548589273912825,21.442667409254565,20.23749962649368,17.846045705441206,24.713690192147,22.34078107198774,21.562311290093756,20.157315326947057,17.76440314786569,24.713386190066863,22.366300788780684,21.408709729184032,19.8261184246769,17.4510908244924,24.138402600084316,22.274120825287802,21.42161964685318,19.820500510982704,17.46466878004683,24.53329284168631,22.489591229145443,21.574114871642024,19.72362155043252,17.611073304084208,24.0441235365328,22.372980247987876,21.33183109489576,19.786312506365903,17.71659450454224,24.91351671450026,22.188472658081658,21.31424056143775,19.74471706245148,17.99483605912021,25.052055901131574,22.309555616984504,21.231778545937413,19.78193886615841,18.486003549446224,25.041432466286093,22.256437494324366,21.23384189335679,19.618150889326763,18.43895690489902,24.74952071898297,22.108375663688218,21.236553061329943,19.645874836057263,18.44644198234386,24.79631008269731,22.146929931358933,21.54581402874887,19.61263976210626,18.49415837541536,24.923495799703982,22.585640438544576,21.471348710762065,19.648079144264262,18.39792512453251,24.3197891139011,22.287437854894964,21.455859404122386,19.740385260924427,18.049150208032877,24.2053795829398,22.30262833887305,21.58769349616598,19.85811719901025,18.061243863092635,24.405943710224943,22.60064875765422,21.629691162669552,19.790891380016568,17.94017452622785,24.630146757982597,22.833208138522732,21.395648559952168,19.903520397060245,18.030877860145544,24.221568405164362,22.62477842277433,21.338599578712646,19.960630598062885,18.13915680588556,24.81953317478004,23.037557163881125,21.41519671270634,20.002274127908816,18.39608484052703,25.0424311527946,23.224619077917,21.358181044777517,20.0699463712685,18.384005420352022,25.04576546587209,23.147130397428448,21.25543473829911,20.141478541154363,18.451781651402676,24.943119170928988,22.83165433984932,21.14832639906664,20.267983951404993,18.282702941392266,25.37304273001918,23.13768496734277,21.318729913587518,20.262881688966466,18.2790984554564,24.729426359134056,22.906704577819447,21.292978817107794,20.346673971523707,18.02486584471621,24.662151601507272,22.677167991848957,21.328303355481978,20.272689671295094,18.1000697339363,24.239752837028174,22.65099171766904,21.366854775796483,20.14166698926663,17.99255097073929,24.14384240109167,22.929549322027487,21.466533598192484,20.019460746950127,18.104326330526167,23.712446114897716,22.798532689282844,21.57978476164243,20.242311898026024,17.831519234841004,24.517048925285664,23.040617781214326,21.854661284432595,20.151809437640413,17.843138942911807,24.545850889156213,22.98415154043365,21.769525110986656,20.25123159898564,17.83452415239272,24.85818370677014,23.02766700780231,21.703688102392647,20.327583588311647,17.913060612038766,24.7838512906075,22.87416654562591,21.615317912346523,20.386658383472643,17.901766854744558,24.588244040666215,22.44007543401157,21.382814332116062,20.087224875349524,17.933094604992263,24.080589546953526,22.086242911399676,20.976240007947364,19.965982917766684,17.97863115866873,24.53439655026255,22.223871833562207,20.804073834588092,19.925204417533443,17.958580353337602,24.15727761385394,22.04826739156933,20.926863632694197,20.045551466441957,17.88398859904734,24.26870564944546,22.125240973009976,20.83689307533791,19.77979461820807,17.859910406792533
29.195183940405137,22.443681090740025,21.993667932983016,20.229838041930012,19.172199455047693,25.50422634625211,22.39307804856083,21.93295962497482,21.266194273140783,18.365286188143077,26.07281040205608,23.611025991093094,20.90987243335019,20.139634484421133,18.253126702866073,25.409168126082978,22.72182297459105,22.671531439123072,21.678459906960697,19.504394080422077,26.602871358573214,22.894142973228384,21.72479603478397,20.744753954259515,18.795611035434003,25.638417947133348,22.89496881779025,21.47071122208913,20.84378225451207,18.62324706085024,25.79195470156224,22.956917531335808,21.479682704963935,20.62744285295305,18.524348836064263,25.05137127770777,22.676563716618972,21.65798057905123,20.578586258577705,18.426167202282496,25.030407636089762,22.663478340432704,21.44730051062633,20.21450918568987,18.02868445364304,24.597177614107743,22.49389831103505,21.52821741830231,20.235334935542248,18.052577945242064,25.12932655927322,22.684830947585773,21.751723831332562,20.142769542476895,18.24126037986289,24.692785153067927,22.62376005826703,21.672448955308546,20.213918676090014,18.359222390991448,25.456360341663125,22.608669630518186,21.663784671531875,20.29960372903154,18.74280221736837,25.59818042596269,22.746566148412448,21.605952720697616,20.41619687170688,19.310127872206216,25.733122303389557,22.636284495176135,21.579047998604658,20.383033250330335,19.20631905307901,25.373663062517686,22.38647950648742,21.51640325243714,20.450799226478864,19.229536013961912,25.41624753847757,22.428089381785473,21.718299954656864,20.396191236076536,19.270649183245098,25.458451808493596,22.769602027939495,21.639736470646643,20.339181679766988,19.112873614981616,24.952546245831307,22.429400242327333,21.653803495503958,20.366753495329704,18.76259132672168,24.49568668083207,22.582345002562963,21.783223834574578,20.34148013987953,18.847111131379517,24.80820675092654,23.020705520192873,21.872481864497438,20.24441217565758,18.710384759280846,25.046205409785184,23.19117490540337,21.618896142932858,20.31544090225559,18.844655415630953,24.79642363443827,22.985958907966868,21.561930857979284,20.390472282189428,18.976766284288566,25.350409484672713,23.483084404935646,21.711179295635684,20.44051962395829,19.229422364918204,25.54382709689275,23.627406739446627,21.63571330566084,20.533960018061972,19.141214119283294,25.46692472957293,23.47550540794152,21.487817859720344,20.60771863850797,19.195781464664595,25.362815501875737,23.17402493762671,21.503535263892363,20.775099998473273,18.970511876013326,25.626364224083993,23.465390762407004,21.654291354047707,20.819644187670466,18.994989477382234,24.905023896381522,23.182939868222594,21.59942371953925,20.838956295524238,18.684649049653075,24.78132275822703,22.86836392157906,21.64252957054618,20.75997872636863,18.79782773468404,24.50578115998035,22.854348531645236,21.715633065508815,20.65038035843718,18.72253666455021,24.470220103093205,23.11872413661964,21.805834152047332,20.45113237452849,18.88500772036266,24.170673609827976,22.991941681257938,22.025546738039065,20.641655436722523,18.571919053965352,25.097277225895475,23.154914775884507,22.254672424256903,20.6464502315323,18.660994723262426,25.35927778264735,23.164554696369002,22.229504373481525,20.71157168870378,18.64416952945964,25.549683914172572,23.11652182696421,22.178058223727582,20.792329492988834,18.75186585282506,25.321613581419918,22.980170865593344,22.028889676369754,20.897222029982185,18.656426990522654,25.048228011354638,22.489563218411334,21.664379503169478,20.6204611899425,18.659466407454232,24.648221105943332,22.215603353411726,21.341061861620027,20.526458609362578,18.65614021420661,25.006252220694186,22.302800771528865,21.193426137688903,20.46517415481754,18.64779675037331,24.629190283753395,22.14374759538191,21.28777416075143,20.49127732133594,18.415056100346916,24.74363156699344,22.137284359656178,21.142031371883483,20.22440215726497,18.425073545517566
29.2443152075638,22.313420439053438,22.13084098309657,20.4820114998461,19.522879151618937,25.607985823713776,22.106083021444743,21.958539416439127,21.154205849923756,18.506226992094664,26.325147181559977,23.73391804172102,21.12688687102033,20.198613814350963,18.74266192777282,25.053542718460598,22.603992978557137,22.585565339122077,21.665903574545307,19.81915270526495,26.602729845998375,22.878442871253903,21.770695886210905,20.807379190226026,19.16414532142471,25.49830702517378,22.93681194217298,21.526757048524,20.873279689333195,18.995291576923947,25.653968958495106,23.107503351828605,21.475790194762897,20.726178957393305,18.988633202686398,24.863019431615662,22.774409637754797,21.684770459791388,20.644602444959013,18.934313532277706,24.94749119064284,22.816054902830757,21.417115896203473,20.31726915012228,18.572170083198422,24.725906836238607,22.787794310308204,21.54502687495047,20.36127490047996,18.57918245235308,25.423897876554555,23.01450076436185,21.78249953475823,20.319966038039667,18.741042981555644,25.245687461788243,23.032866313551164,21.81151869752596,20.41170301111713,18.814396126468456,26.115935053532475,23.18878230451987,21.710933611802496,20.51594149067628,19.05780285565124,26.203133689784217,23.289025919549648,21.695150923410786,20.647097442997207,19.580754513253424,26.38965608310118,23.127951445894375,21.6189056950004,20.6125670652796,19.408783213829743,26.03107403100892,22.862304325102635,21.482140864763295,20.646929358932777,19.418354466649532,25.784211077269852,22.829447213444887,21.56123616758833,20.510619798279293,19.473376636941047,25.70649661924106,23.111174859875756,21.536418605200954,20.517467943967507,19.36666044530275,25.48547501483095,22.85798433557515,21.67101033095529,20.53583322395248,19.047849137251426,25.057250150651548,22.923541512673626,21.82150913579983,20.526325801964518,19.22200729326655,25.451663614397262,23.400339251825994,22.002509353117627,20.457893062997385,19.18064230126661,25.778886156014398,23.550542147898188,21.882213131599535,20.563477177262065,19.334543250241477,25.742175823892286,23.37454787349323,21.778552171287227,20.53667262024369,19.549324585656358,26.098535762177256,23.784494328600896,21.888179423657753,20.5349134570841,19.789093168285312,25.964992138806547,23.902838142415717,21.863703825108665,20.572249520567755,19.74330661324454,25.774020798936316,23.693069358834105,21.699066468939392,20.615569158988436,19.762052470694435,25.516614338735916,23.445708798180107,21.6659259206023,20.777027611255,19.535416701594478,25.568885593021896,23.625065731506265,21.826510847252273,20.889749908458164,19.474308993254443,24.83574862519336,23.42850853111779,21.717887280942875,20.900153929754048,19.204945870270016,24.793063106892003,23.16835112696136,21.718466666466036,20.865425194640178,19.29644960148772,24.712205106248778,23.227956618061064,21.82320801698221,20.78722226472821,19.24090507474207,24.838475802427535,23.335707587067382,21.915317973013156,20.607413286957062,19.372641336977416,24.6915915704329,23.233237527138378,22.181271693759562,20.819101226459434,19.09490976198395,25.707533081603856,23.275917888953067,22.411026762546513,20.887616315687964,19.127815310807314,26.20826738400253,23.3712998412827,22.475882882894094,20.97943201619203,19.059630103610644,26.26748716218922,23.241754685043343,22.40792000020523,21.067001829168664,19.152059414140247,25.88624744149292,23.20195831678204,22.246848631161704,21.112400869802315,19.023592105590893,25.423563605881856,22.617507811404614,21.796658886524433,20.82806463552992,19.001566949925632,25.161503954070696,22.543388244424047,21.566829542909147,20.715146852897224,19.056640914997523,25.228668750081333,22.451659937877594,21.346294679000927,20.625776829976083,19.009118796380125,24.79230460804452,22.292221521582736,21.36719305562689,20.57798311486107,18.82262924869454,24.8804788723739,22.261210803580965,21.253279716868086,20.34815471174472,18.897300196154813
29.378173079965425,22.52529009491823,21.951725909467545,20.8238523434599,19.596238011207532,26.634898539280126,22.703560554543802,22.144142772763768,21.361969554325615,19.979110417377026,26.78904723354455,23.859389777130065,21.54970988187927,21.26215005875246,20.243398992504304,25.51021237541465,22.651677343177536,22.315751391736455,22.0164963259795,20.633446264130257,27.04205265941933,23.07437220610176,21.87505969011597,21.4387150693706,20.195237192272774,25.8504926166635,23.036862669148153,21.730896345672377,21.495699844019402,20.22407180940781,25.92676739399593,23.128626756363545,21.755127036010112,21.34490851921415,20.24297019671701,25.272139041651208,22.880074269021527,21.853364574212954,21.287966263261076,20.153081244405328,25.344289902207485,22.96333180353772,21.618089373242825,21.064907598748405,19.93856551269676,25.36917774527083,23.13870270219129,21.723003672687003,21.070916721616886,19.907060721830288,26.188662481397056,23.48036052654829,21.94141208709963,21.225308174896277,20.191476123015935,26.139604157944508,23.657086087329205,22.011888377949596,21.33072045051494,20.21149250856788,26.90152297836235,23.881615398053277,22.031203045976156,21.426464771133347,20.43483476419645,26.925557788708097,23.933573743374133,22.051332729634318,21.664420949815387,20.888140080087233,27.073770840868708,23.845948323696398,22.07263318387201,21.606773465096534,20.888795887466266,26.725032047204202,23.65004912452762,21.944607018381923,21.419700907956983,20.776803603244108,26.23604393930861,23.581750636469376,21.861523070223768,21.390176533945315,20.79361614528637,26.00218800760835,23.661996900787184,21.783976167351152,21.207466204704424,20.620318632855067,26.016713372491616,23.48856064403892,21.905694487702146,21.113311739047838,20.32638890722867,25.63535659442895,23.378128501033736,21.944353805518965,21.091426526669224,20.443114298118466,26.108737985088958,23.85011994178027,22.155826044821826,21.218334331112395,20.557068203225217,26.529186610232706,23.889673813723114,22.22689348936945,21.32897101495112,20.885942247552794,26.696097265351803,23.92942527348753,22.1579215901182,21.566101332857986,21.097428892424382,26.86880740836898,24.325041538265204,22.358033931566485,21.566115822730374,21.202150220457366,26.68968979086361,24.441982089680366,22.393518777305108,21.56882624671433,21.158132346893744,26.46300787992185,24.220383635680484,22.165124849736554,21.60609241202461,21.026068879852605,26.08720303762168,24.015594131951094,21.942281278469235,21.608438815498456,20.76025483610113,25.996388145788494,24.04412612821979,22.00770832307095,21.640103261698798,20.76345738728536,25.370496985019788,23.870938760448166,21.833471147252432,21.61816073593213,20.79834224128556,25.260394335820006,23.648334137036773,21.684113363117344,21.585188369039162,20.859649979109754,25.285904029099278,23.743743907516304,21.86255671789739,21.582370534787746,20.9724755027926,25.468985935530185,23.75836392116711,22.02996080912086,21.551482506465533,21.042264102752306,25.458661290692966,23.613479846662166,22.356670993835174,21.6363269171538,20.8571045453101,26.4705679000112,23.646003436655505,22.530494040440765,21.717506002039077,20.83449565176324,27.109353053357847,23.77943810630569,22.764133896832004,21.880749656749465,20.70562715543393,27.053986527441804,23.60669632072784,22.746692362261317,21.865341903187915,20.684713245519568,26.725376089713546,23.54698173939691,22.43907598690187,21.928582221671785,20.575353531238868,26.09511124237851,23.086083984123803,21.877233422342268,21.693648422541486,20.47114743049906,25.86579405901714,23.138842417194475,21.694650773551515,21.556759926753735,20.38408947918147,25.646620529262158,22.957650329831782,21.406273833451408,21.409741508759925,20.351675897926604,25.10155906790947,22.74207281969052,21.368490425528577,21.32431414474555,20.340450960576526,25.06991778615722,22.719406249079654,21.382116236483313,21.20111822735207,20.502701077734212
25.136653717957266,21.837918282408122,21.27411092426272,21.5502973577698,21.72193014730708,25.408900193900507,22.994060050114378,21.563608975604566,22.196321125696237,21.653038200463484,25.86701382933354,23.31269990356372,21.58448600667135,21.284223443225223,21.474651894281234,24.54879439259392,22.939059648006275,21.579866834623836,21.38303111401719,20.828744940171944,25.072780507985225,22.65220500894926,21.39354497643371,21.495749006690254,21.225240385148872,24.809435535909156,22.60260780693675,21.46647629241349,21.315085733120526,20.774977426094434,24.871804780985922,22.48963560212807,21.566989792188032,20.976159890937843,20.40035909769166,24.34478601380691,22.31246881711065,21.605644456954224,20.860988727650216,19.998548042551956,24.221560380562575,22.257086309824277,21.548988923893564,20.585736864411622,19.77314835515777,24.684192284470946,22.476936169844123,21.640178876800345,20.520735196578677,19.59613874233825,24.910946317669097,22.64927033510651,21.65445485901771,20.592707229680933,19.75777111116187,25.219700251768177,22.982757274630774,21.706507283249373,20.659716703818052,19.713441832968755,25.52785490861084,22.94388750295879,21.67357284434776,20.60102232909519,19.688871366682854,25.700516631630613,22.882999536390546,21.779234923620525,20.76234980338861,19.729862554060585,25.75766061843824,23.016431722793964,22.045705595765348,20.82331043007788,19.85325470149542,25.885304599261026,23.12787965630315,21.943041678342254,20.769384685553494,19.786142854516385,25.37820854004331,22.918317341423524,21.827451280040837,20.78778557218858,19.784390571120774,25.553932642189302,23.078287479446296,21.80680272112834,20.84771519921167,19.960384028306443,25.759828999337543,23.258274234426178,21.73186035282569,20.77128605759492,19.939631490877254,25.46891805898111,23.06979114024653,21.492534243852724,20.727930122585786,19.8949576785893,25.70109989409371,23.090781092922395,21.638295026437497,20.775231650117977,19.89670446834519,25.869708830170964,23.301704046553652,21.688528106740375,20.79906680272974,20.02876413988239,26.074139942583066,23.40447387703772,21.78152410341746,21.0116187793575,20.531365877958507,25.919512866124393,23.59104829156889,21.874983363579016,21.282332075085442,20.833313580464896,25.8949033133959,23.757431809407414,21.923095679874926,21.3723457699406,21.071651984791135,25.772282139623616,23.65685635174747,22.030869581293977,21.41593914588922,21.35163598005415,25.450454213210435,23.432220983598235,21.93385182121171,21.504386419610455,21.58840414870445,25.265822537825365,23.48133242815368,21.92426527609757,21.493717338701046,21.350732845702428,25.29721868493029,23.271924462349716,21.793974772087136,21.46369411016731,21.203713192427895,25.134817093498672,22.910946499153958,21.685385619273216,21.493262922602117,21.144118838632412,25.33620931928781,23.02119540468557,21.58223810393569,21.497927960060704,20.96633646744915,25.503139702120507,22.98837587808832,21.4526119348946,21.424523271698412,20.667279797172675,25.11988408549706,22.924311874411746,21.60246037302922,21.31244929412015,20.337643280006862,25.56429301495669,23.313246803958332,21.82370844875493,21.231647390115462,20.344724558092558,26.00229457286258,23.656974609497496,21.875800901540302,21.20758940978849,20.19682579496108,25.867520984060548,23.545493019325672,21.79428856995789,21.099913344649444,20.09695086354865,25.687610123281832,23.491256418487175,21.735674493077717,20.96495108403179,20.035675147709263,25.669114171205944,23.47096898414941,21.293232374483267,20.827449457263228,20.01209429475523,25.500529733714185,23.166849716860632,21.056421492041164,20.74325433967597,19.93571051341406,24.980292222032034,22.820586197219104,20.624094986632887,20.58271477389215,19.823474820905,24.44124684922422,22.80682797778452,20.71794880152514,20.534057706118904,19.689343014724678,24.22396626962249,22.776337499517975,20.629022995087045,20.50332307354073,19.693118058059987
26.44661884836859,21.82664507313685,20.93812826433182,20.150450523678586,19.80950500290452,25.004318710822236,22.776461789251496,20.86125406858963,20.822520564861247,20.088996114771,24.939277311070555,23.00431844263637,21.188211844576156,20.226299365376267,19.393933820897097,23.227928777345483,22.92061135111645,21.175853070004848,20.440936078637296,19.402701288949046,24.847947329467267,22.483621269689163,20.959203418028086,20.327616633602688,19.53675213363976,24.381175535988003,22.275217429515994,20.864064977646432,20.303045854245294,19.234131948792474,24.43749841345822,22.06205176251574,20.956394352956508,20.096759581647525,18.93912670170611,24.058197771558127,21.6370110485797,20.96627692172638,19.997602149427713,18.753144843031173,24.138204336194413,21.501765179919566,20.940771234480643,19.849779946595874,18.494182745396735,24.368165750169375,21.599646679613024,21.03713911292998,20.014948374383312,18.38624318676157,24.449191293889335,21.766137195063138,21.18410575913767,19.984935451124024,18.4735848016269,24.63138183904315,22.0552657249987,21.243808034992078,19.99712298288486,18.46508859368644,24.822161317413656,22.148414267110947,21.21570084374475,20.015263678797858,18.475845247094952,24.943156900795294,22.06754162732352,21.239377812637766,19.939569850101122,18.61045279531242,24.956307957398273,22.25341811085492,21.45397593748673,19.761651972940456,18.701937286220115,24.947185033669236,22.380552957645584,21.267526624500807,19.79999565760326,18.66991911358692,24.452292036192063,22.160618293137524,21.213386332636283,19.76529719967788,18.601652444034954,24.735095785840183,22.39573251737674,21.211431482394396,19.831772878037196,18.75608837286672,24.835478061835943,22.544537524614405,21.141418917210746,19.90557426078137,18.677912805179854,24.64861810645336,22.310110304580665,20.94581543886384,19.822932670382365,18.541875904892557,24.88063423360928,22.351356373426036,21.115654759454582,19.75852257114069,18.631257073407674,24.991329840037395,22.655324990988667,21.08538431482791,19.76452276680912,18.71031490455053,25.037378712116094,22.685098020231543,21.20361176715779,19.77715701276078,19.06679376104723,24.947481965414333,22.857174028162767,21.346524384172916,19.949110798702257,19.38658863152242,24.977854980944386,23.055866209836097,21.392042002873502,20.15797187936825,19.689226670734822,24.98570203951953,22.98406042489834,21.604027360988862,20.1898963573572,19.863319679260314,24.82096835256748,22.798728533906836,21.471125395468512,20.407976497298687,20.058175537432938,24.70461818213173,22.937241762403268,21.434515777519476,20.455293029111118,19.759006499793106,24.58226323461394,22.785891125150435,21.334802907684406,20.500655889080907,19.566855491328646,24.290249798914566,22.522072223208674,21.242032132384676,20.410642841897914,19.412627647992743,24.41617265638371,22.66811836669797,21.089911800468617,20.46351901144202,19.271502082846666,24.510874318390513,22.67533053135084,21.08197820161761,20.44786929943081,19.061048006800135,24.118499879727825,22.622316571977727,21.234144138416816,20.54720845802217,18.87568374784592,24.689011025018665,22.91499711982647,21.38781972794137,20.52116218043462,18.849221236228672,25.099168398133592,23.141924586696867,21.34797220354549,20.664485065487924,18.745961207143104,24.97587204947309,22.991018421525858,21.32367295026874,20.635309270443447,18.642431831010867,24.9402133646839,22.879800483640793,21.27575602544369,20.464763214085234,18.633274010357443,25.08655346792694,22.766171086115282,20.90458223547348,20.230727621871626,18.56353952853384,24.90389276859191,22.50033030379891,20.60174745479766,20.09435758381714,18.577499263010434,24.636228336287015,22.21974164857837,20.293779303659054,19.893279623388132,18.586441841289044,24.096165644090192,22.169065020005768,20.286571990830655,19.9656017359888,18.50422909984068,23.801195027546036,22.05861946033091,20.189964931997007,19.86152693850779,18.384921324545154
26.13863370448596,21.21721122189922,20.429029480696613,19.09599840655043,18.030177939060017,24.443886335981052,21.962256340032408,20.008545217665702,19.479324995593444,18.141584468311684,24.88233335062336,22.580582072046102,20.595304524206888,19.762443129987233,17.795886311817856,22.17299600725819,22.473572334822578,21.85807282223515,19.943310222777534,17.556530171964877,24.414588517016917,22.001567283637925,20.60221561210299,19.50535714742943,17.75808090344534,24.06963250841857,21.931527751687874,20.540564294850363,19.60441915700148,17.63488844065056,24.20885912516023,21.714183981669102,20.830185223268803,19.55645376792696,17.40908145621194,23.776478107067387,21.256473320793766,20.868212521680874,19.475074685759335,17.29441765858057,24.09158765282344,21.154824570457407,20.673141675699235,19.383642693741002,17.283832841220026,24.170268395295004,21.17812418306317,20.777326029826995,19.655016188134237,17.257414699304412,24.000857873264177,21.218419779195727,20.907153606123124,19.653747646063124,17.318475311815547,23.971875023614768,21.51831838774359,20.7445723228083,19.676646770690354,17.39237248802321,24.159970038564886,21.637762027936454,20.722786843069315,19.660499698095997,17.37002404597023,24.311025314042908,21.555307595782786,20.618586470003628,19.607785491564336,17.405977845620278,24.281848860777757,21.79407192509952,20.706680810764603,19.321105773977315,17.548783240533126,24.308735801384127,21.82308722768044,20.541181138343727,19.374943647143663,17.48682377821567,23.931627251882148,21.714351060464963,20.60500687591342,19.339551202806003,17.46705796970467,24.300187182505866,22.099801342758365,20.70491523802236,19.449992704944698,17.64931143738894,24.15097473123895,22.11859588060927,20.74003129341373,19.549610641022632,17.594194636425733,24.259549106702153,21.69489356503622,20.731706202105013,19.48889320008904,17.441313811177427,24.40595702262556,21.810890116448952,20.875145739273176,19.279406454879997,17.54896712177863,24.530951947025123,21.997194497723292,20.81803047642131,19.298998514700127,17.632884326168245,24.37638820823549,21.839424603874004,20.756640721558078,19.173074407295836,17.827742012355593,24.467227607039575,22.072388971857784,20.70454781791577,19.067698740182017,18.061182414149197,24.359888483905685,22.392054258537247,20.730554440418516,19.233236334070252,18.238890473977605,24.53761168091907,22.35479755532941,20.903310620143166,19.326680516309114,18.314776103866173,24.51302467337492,22.225678339034644,20.850958884343097,19.539954987786345,18.336973192727847,24.470360869843866,22.327033731873463,20.855647244715215,19.556087605273216,18.140459025540586,24.15105440397864,22.25542653649178,20.88660196195937,19.77646515592662,17.966275104697818,23.823179844198304,22.1156893074684,20.77507874189906,19.688013812785023,17.951742744313787,23.780445279049296,22.254853238988446,20.631784777172648,19.79482173382782,17.87499495221435,23.626023124908432,22.24941318292324,20.620355191093466,19.781404875056733,17.81963613455946,23.215441158632895,22.381984529663377,20.84894325746526,20.044742851275203,17.689666626035272,23.666949700842824,22.551897689613515,21.108994203033724,19.98249818697248,17.67414439572024,23.96663510686229,22.637005676294212,21.135644546220384,20.214210018631952,17.594331679441193,23.8973514979415,22.53108427195529,21.20507236809667,20.21398238298614,17.544211785193497,24.048187023629982,22.481852983759428,21.176109845065557,20.1262574718961,17.526560811586368,24.0568552823738,22.207655717891395,20.866290049484938,19.88150276874619,17.506986292090453,23.788641939525533,21.935496250483446,20.512238732130765,19.723894063144066,17.549195197101014,23.805756600132174,21.81323454068818,20.3521591237419,19.540606977964323,17.55060032382612,23.45581751481414,21.660542362726147,20.238881976808766,19.639129193464427,17.45811080700991,23.29933742818609,21.399765450199986,20.082742224939558,19.409615845688595,17.33261362117043
26.022410466704834,20.602973490065107,19.91045200760531,18.36744185714135,17.310317236273235,23.985188789708946,21.44609226857743,20.265553170852492,19.079729755003378,17.337753062079106,24.19029126909361,22.367548802033355,20.17577292103252,19.75835494417083,17.161562483859953,22.502957720044876,21.368729010154144,21.411745160834855,19.60339132861877,17.352038402169104,24.221629418752105,21.517869622135382,20.31439808993609,19.24047584638854,17.08776247342016,23.79375829566244,21.51100117231361,20.280349927287695,19.464814753069874,16.98935750439952,23.89991912605955,21.39007159364254,20.537410317295233,19.362804294043976,16.871604158981864,23.23617068488732,20.997494577737505,20.592934642214956,19.15283304732766,16.76289007928218,23.418285891604874,20.939075557462242,20.492148572325526,18.985167418040298,16.642676102099724,23.223759793913025,20.899117098699765,20.67017776377903,19.124011669948583,16.733298067462087,23.35483836463832,20.768793721878417,20.8260167181715,19.042217562903815,16.77871770445387,23.17823757852195,20.890766580037898,20.598060371828687,19.07656527710365,16.80328855778426,23.799474865684097,20.834890783156034,20.5880593787652,19.081153078776293,16.830794484627244,23.941948110576526,20.944100730356425,20.366214878723433,19.106424568050887,16.9620324636482,23.86243116366547,21.07977010210341,20.29418235687221,18.764529329141013,17.062000627848946,23.705872885921423,21.2129248000494,20.019113778140593,18.767191024267472,17.00436804438569,23.467325197330464,21.29867211524667,20.101197432904524,18.819572116825192,16.997229923987817,23.60258335830191,21.69442400791073,20.06575159946511,18.919380756148318,17.073165080223987,23.22873150476788,21.480150276467818,20.18523912769274,19.026028311286886,17.000474559179008,23.2854014311751,21.12151311554797,20.211014451531916,19.069145084408298,16.872367109493844,23.384242492285544,21.357895520355587,20.423809404254996,18.884067540232216,16.911695446989988,23.46661805387827,21.352354494413813,20.303280577242596,18.918373363911908,16.986903057235164,23.015119836985008,21.264356416425898,20.275614848911214,18.853889604303752,17.126075583017645,23.32194649196182,21.58409902355622,20.026531198417054,18.726075728593052,17.245323561747167,23.48134715793396,21.929624239255613,20.07997950311717,18.843216272359037,17.334437926754415,23.610447118792102,22.052714467439245,20.257513023597184,19.026313759944408,17.46049265659355,23.702359282788038,22.0484930199813,20.202308726876176,19.21245388162508,17.46270066554631,24.051515429410607,22.20908395487682,20.235098664603125,19.185092191875505,17.318893243099517,23.669086962111162,22.228413276968276,20.52772786833188,19.453331840941555,17.0819855835857,23.408656844005222,22.15050634319014,20.451559110190864,19.36290558856947,17.06543147199096,23.21225876645443,21.99589249878303,20.256065828578365,19.297713895175406,17.024604660623375,23.008553091198344,21.91060860858761,20.331268014617756,19.206881466865447,16.928003805439186,22.572394381883655,21.816131211227948,20.508529645277548,19.48995741094378,16.789416119372067,22.97042658868911,21.882687880067085,20.618264950800942,19.368162445605357,16.916871383239844,23.158533772436225,21.842389503021543,20.660807265228108,19.54013952301739,16.77465843847323,23.168210795533934,21.98038368046117,20.8018931560702,19.634421363053907,16.728192481238697,23.399073221835103,21.838964691238683,20.71350561123154,19.605626363025443,16.805776360912475,23.555796913210095,21.63428633641612,20.592282472067495,19.377760855403544,16.89570984336924,23.32225758809006,21.328484499248347,20.297385212295115,19.202261154536536,16.910697523927137,23.454490671211197,21.193722947796694,20.181675966421402,19.08207720754142,17.099595902176716,23.031776001059956,20.99092929782598,19.91791565232932,19.2005849454209,16.977365907749213,22.84228032205217,21.07066403099732,19.854549687717206,18.97206608691146,16.891508521957753
26.04821451478792,20.748846732097245,20.105855272102165,18.17665654118491,16.57853893798096,23.869901310201055,21.366848418107732,20.982325179588965,19.403717557098496,16.67834115493599,23.840586683865496,21.412592350747595,20.253735548890173,19.601308607003325,16.870004715408584,23.536962413826366,20.309483481183705,20.966372342411418,19.55929383972953,17.240870566135875,24.341576456967505,20.973594791729106,20.493698852855513,19.17379590307475,16.803225069343796,24.020512138200555,20.8915807014768,20.551456855873184,19.34263962635268,16.77367120723776,24.00911550224954,20.839556432711753,20.659950775537368,19.11130210268027,16.708012151844265,23.353674085565274,20.81893551895011,20.78876299909189,18.907509271432644,16.64024912437904,23.17113050821004,20.967418973578724,20.701260476749074,18.711767837841595,16.501943942869495,22.65983217499706,21.162554734741434,20.678688361990243,18.676022559834212,16.445064717101896,22.75498232356564,21.279806829196207,20.63381338310265,18.670775994850697,16.46700098498377,22.488558347366414,21.1881184079071,20.30582809363857,18.69759797957769,16.52104973975623,23.00864217354403,21.09877372141237,20.23871536999844,18.661933616375848,16.6033311214457,23.171723287427053,21.186801085560383,20.128452499157746,18.651940510993803,16.7645188223607,23.25137682885661,21.05250795053532,20.16557697955514,18.482346571925063,16.8543839342325,22.97954122466009,21.012779924124754,20.095473157841532,18.458397212809892,16.88635383041221,22.846070598201965,21.230401975463934,20.443812196683673,18.524643243677314,16.900950557806993,23.041837806863647,21.50710974486298,20.46132595636104,18.588403152069052,16.887654285312134,22.583840919791644,21.391019052492624,20.556870609902838,18.75683382254446,16.68971434112093,22.513758704300255,21.38418150639999,20.66360463007127,18.809639224385798,16.515862608289673,22.591431624103294,21.538942060063036,20.73161043580524,18.639658959947774,16.51581007453533,22.872385711644277,21.515277866488297,20.45651175890228,18.667357084180175,16.50549558332839,22.5237776665108,21.54357335748302,20.32696045136316,18.652656374080358,16.61064725806075,22.951488752786,21.63254972233532,20.17138798960176,18.504793307757033,16.84554062691845,23.108985559790128,21.68911607919943,20.079286611115727,18.584643090702578,16.99118706328469,23.09052629150288,21.843371953451367,20.057063358744724,18.743363589538678,16.970696462771606,23.04087755144541,21.743765208669736,20.030467235011564,18.891346052860392,16.991180773166285,23.39033366212928,21.749954294559906,20.047867878939563,18.852372445183676,16.890581758051592,23.086709927037482,21.881313759929903,20.063501077346366,19.06485090664717,16.70945865006309,23.236258519569944,21.90210382572056,20.142177837723935,18.98545724101417,16.692587480903033,23.010619777486355,21.733465611107956,20.063785391916074,18.85850269654002,16.673109759911718,22.86774936537923,21.782938465863687,20.11037338596379,18.757690812989882,16.592887137541318,22.49069869367171,21.730409162319066,20.24848919521555,19.058997781042212,16.479364963024445,23.037260587335503,21.823762373043245,20.57942615973118,18.90937546236067,16.513778425995746,22.906363054561535,21.736021048080865,20.43964925439299,19.063606291076034,16.472270441965883,23.15831263598971,21.929703051031993,20.528873342453267,19.143921268403368,16.513319109515674,23.331936089577724,21.860615292067713,20.42926173808056,19.15888245986665,16.616831079252286,23.36400301819024,21.545038605546512,20.348607116684555,18.86265131250129,16.633286074521532,22.990652402986715,21.193578569805673,19.970583722671773,18.716776955438107,16.579738106165863,23.320635330285295,21.219052595020877,19.97833631551691,18.67260921099059,16.609683929447364,23.000322989393617,21.134799857867545,19.85657729440815,18.80826837813003,16.611286264927124,22.848121723844987,21.287320478307485,19.924290520902378,18.541666973579243,16.464682729925496
26.105732815587412,20.825902481481144,20.566930061583715,18.376452887074233,16.766463914927915,23.017892388386105,20.801586362742672,20.656795900707845,19.499764188507683,16.28262764429479,23.78826813166813,21.568024290704336,19.903721193904417,19.229415937483168,16.534662368426666,23.497122120407788,20.21773871643368,21.233206887544423,19.99935222896913,17.08851333834759,24.14059596827417,20.8278210838803,20.520936440897053,19.171980002618376,16.627225591144995,23.650601448393715,20.747585903148913,20.33287087197424,19.32998849662366,16.508994451182467,23.795589294312162,20.751293649823726,20.444558518728133,19.14097675587868,16.527616517048507,23.009090425707182,20.59448510264239,20.585306838107194,19.00149892987114,16.51217289554695,22.813381842593337,20.718360177542245,20.433408123369908,18.69315995940793,16.39053148647056,22.443915114016637,20.934154330648845,20.406609205249786,18.68699472503756,16.382312160927135,22.638000949559036,20.970417420400278,20.465987012773247,18.641229993623863,16.541470762129634,22.362932638295124,20.887835359820805,20.205863275469827,18.67800853870235,16.5537761346055,23.0422949128101,20.86037385739929,20.20379117926369,18.617304695703407,16.65920364984459,23.265140414715905,20.958155482937663,20.17555886172137,18.59089516053589,16.85883731101462,23.283996488127823,20.788927688908778,20.13485135928898,18.450913470308237,16.888012270647177,22.95596933176646,20.751578573800135,20.082102224309306,18.408051690597972,16.87658312701229,22.83335594465488,20.821579665273696,20.374608427381293,18.39246177290118,16.881207082156475,22.96993468593864,21.05206958660877,20.32056531352049,18.48118891869753,16.814192040001608,22.412787053109042,20.868625642500895,20.333931302651354,18.719942232764478,16.588364284980628,22.278857047876137,20.958684653833675,20.481025151037628,18.817990458795016,16.504030555820425,22.52196153169946,21.254156332892876,20.523337634912185,18.74516554426026,16.458601567233888,22.84777136441797,21.3261745116084,20.23707301997878,18.77502748378045,16.476851721441175,22.45998328288803,21.32123918205504,20.137016194688382,18.75913340058839,16.632482938391853,23.011560199618458,21.528040835282713,20.09300253107163,18.582499865655073,16.890979264721572,23.112963893011678,21.57758098359532,20.075382080104795,18.627529463940487,16.892169303039292,22.96756823075414,21.59319548038291,20.019152244320978,18.74677639398978,16.892326878312733,22.9497198531336,21.442634885543196,20.00933172169213,18.945801858666947,16.84671678831571,23.362277454782088,21.46652226844344,20.13995614379176,18.95014143134963,16.69040266878247,22.793798152956377,21.428952663089603,20.140574762280636,19.12974533196036,16.47973954292723,22.898769885427676,21.259170599911634,20.171695744272604,19.003681735323475,16.49613375436004,22.72097028756981,21.235571324443193,20.30259487714717,18.896512574123573,16.416820871922663,22.66530628251674,21.34402211143907,20.33248411266587,18.745776112691072,16.418243896856794,22.245434470269,21.448081132109273,20.411486724635203,19.049324310487588,16.34191810801836,23.11156568765106,21.600417699244645,20.650259708510013,18.96501522247055,16.39368650571543,22.956289894268423,21.519810297411507,20.500784906438177,19.169848189628944,16.451755591706778,23.175637204917905,21.511890958140576,20.36933557041451,19.178041564600996,16.434499842693292,23.107471011709958,21.525682635387895,20.13619601037092,19.16757802719291,16.524429957306147,23.125228901639673,21.09377836310384,19.884409228171613,18.807354318611637,16.48218757624877,22.705324487628037,20.835781761921208,19.518240915258584,18.58829919885188,16.434015584887543,23.070665663158007,21.06235830663841,19.346200863246015,18.537936260656625,16.44182021792565,22.73735397693439,21.001570089815914,19.43000526257119,18.65107152048471,16.487716687853894,22.71213011329838,21.11765625398463,19.626804454681547,18.377616086868766,16.412354869882467
26.94445838233712,21.17016443337836,21.123655473294043,19.009885002765877,17.580482598862954,24.0889944849968,21.079329241788436,21.089130123271044,20.1872254904959,17.070477118152446,24.28334834226086,22.19012227758945,20.440035805129874,19.371838634112752,16.899841865401257,23.913963167148925,22.008364137550316,22.240961812118815,20.582931036730503,17.813756296586305,24.801681849732184,21.66066790697122,21.12241602871979,19.63553504374547,17.244179853940643,24.083543114424284,21.671469669294538,20.880007415320915,19.80174580998543,17.15968995057121,24.161796759402485,21.647257646120636,20.964724672085765,19.58692580806008,17.052738853820088,23.52713056224634,21.459829315426106,21.098169298036375,19.4652102539502,16.940001641504196,23.463477616477586,21.467627272628174,20.864069497053784,19.165577337457993,16.7362788209952,23.290689034780623,21.539590255468816,20.84411607512651,19.260014391940388,16.865570878551193,23.68657959590317,21.66149419922449,21.022315921345168,19.124916459512058,16.93782006813627,23.607973496292246,21.812852015380727,20.913410207374035,19.16999622571272,17.108233153401265,24.33854079412321,21.793325378991955,20.899068775287972,19.19918366324203,17.369561444497812,24.46536882612005,21.79860892607133,20.895652324656783,19.202145363118934,17.618482805581344,24.598646862877764,21.536343722449455,20.922527192109786,19.119368624801268,17.56969297456536,24.326935725354815,21.321292025033095,20.957170011518137,19.168101001753676,17.61797726994723,24.09071200471876,21.256633661089474,21.150328522697926,19.085911486599883,17.54971800915201,24.05881818386468,21.49229728579289,21.12183211094075,19.114767662918908,17.49335477535545,23.678382535205042,21.270145038981354,21.093336961795035,19.284994140258704,17.313577516809495,23.32517083991631,21.437190425932634,21.26906845610909,19.346592256566993,17.17773210437865,23.594856709866235,21.85188282308006,21.171840116424125,19.250317534709033,17.06709482471807,23.831027474906982,21.887844822647992,20.850912880653254,19.252689009601006,17.156360743982198,23.692056080055483,21.849307344745945,20.760942196877405,19.303067655402675,17.439834718300226,24.132693899709928,22.11315255417848,20.86744490949224,19.1975301794779,17.777516950227266,23.98921220558392,22.250289325588753,20.81500532535573,19.229335465621745,17.94261846086737,23.742844548244317,22.186379151984703,20.838484056050188,19.382140617877234,18.02145096589329,23.7584710245366,22.26611238958899,20.886982254428073,19.6680995881154,17.90155808684182,23.9245906800984,22.318097568033725,21.03732913797156,19.710118160184845,17.671576275287713,23.314671889217646,22.27332651248887,20.955559411711608,19.818152799250687,17.245644656382737,23.474571436205103,21.95968772800479,20.929772997064333,19.674004262430962,17.21271644107008,23.444710478613207,21.981749875197686,21.04369881859901,19.52198703636619,17.15735243747496,23.420902405055422,21.978733880727468,21.16085481342847,19.370704524705424,17.22597459101731,23.20457685562162,22.083674696174835,21.394771302099592,19.62227060796925,17.06185539502707,24.11666613617968,22.13436835043032,21.562091258482848,19.60734970226943,17.19512189245533,24.247718594095595,22.220389800666133,21.49931980866446,19.80355773583234,17.148154738584708,24.420798636983697,22.119845450214747,21.33080988197846,19.86789775927245,17.18087731265759,24.25413715322724,22.10505719112347,21.073042414078262,19.8894359832012,17.173100708019565,24.021992446266196,21.605809355310043,20.605467008370773,19.521473850080536,17.144588835261324,23.725136562525584,21.464577873365208,20.37592425748519,19.313380461190054,17.083936164865584,23.884377364113607,21.559940819774887,20.249156399116664,19.21472737738456,17.159979411390616,23.41170885810102,21.406501170068385,20.36209885385621,19.294262854090814,17.105139086215743,23.468496529089062,21.40539971394832,20.388782043347323,19.07956934516529,17.112340293094977
27.23711733175619,21.25549278485067,21.568117689786472,19.563379737588406,18.522908968359527,24.99184851364087,21.7619897988418,21.462985374944633,20.255613184178575,17.368243846872335,24.66692631489317,22.610740746743836,20.79801857774171,19.575311282886062,17.511585773743743,24.29476497220023,21.972296425118895,21.792106154339802,20.237621268434363,18.24284475614436,25.22506917823776,22.08139589489762,21.305171800064862,19.84756528337928,17.853084158524116,24.354881565171105,22.161871616688785,21.113036694413765,19.943533110351503,17.67878130292021,24.327255977908532,22.116883647992903,21.177499891649283,19.78390682701452,17.635969474641982,23.76801372441189,21.968574812637858,21.361963680410827,19.680231908675317,17.508828651252646,23.777053485835374,22.068847641240573,21.13488132703172,19.501840128253072,17.282456510636983,23.920240489951453,22.18133209591381,21.149980169774757,19.52928746235973,17.34365622130413,24.45670505906029,22.389333780132723,21.27179648689482,19.46928833737772,17.41405014863212,24.539394523939126,22.656441639979946,21.210080064859547,19.515431191980475,17.49705287064123,25.310980471863267,22.758456518168693,21.135208518885637,19.585183903807497,17.736932655860436,25.37289980565246,22.719027978761762,21.12610609640598,19.556111406904513,17.921902716112616,25.454648176285083,22.556268974892244,21.1023538144621,19.57229642343547,17.8774045265423,25.24894793165794,22.41187973601741,21.053992827928006,19.524314722585814,17.869158288606986,24.843205279297432,22.375194284808437,21.080097101848725,19.388998570408653,17.871786177673634,24.547482717642293,22.44914105083341,20.965160038560764,19.367958353386435,17.863641933797766,24.403971239353687,22.21946836675002,21.148800242324914,19.501416076512516,17.812959823529933,24.0403856781451,22.180990298201614,21.31203463263181,19.46981637634409,17.791192642541304,24.394758011451717,22.546002974356657,21.361539705522326,19.361458924234917,17.853991383273783,24.735589058982086,22.489718864678455,21.32263120736159,19.42966885279252,17.987406487025144,24.913279629645398,22.551694247636288,21.277163380964524,19.5849944696388,18.508897094185237,25.17661157464226,22.87191297131554,21.383921492585277,19.63143336572702,19.037262343661702,25.060525983938867,23.03350761026847,21.390435154600368,19.663541758006755,19.42846118271607,24.829740898029282,22.893696741724714,21.375489376226334,19.88042925741042,19.615834684712574,24.70237462172194,22.86392410202148,21.254345761458133,20.122835119697662,19.661087254206674,24.645588305463594,22.811337634083692,21.38648409724938,20.120469365619456,19.244962598812474,24.080762963685903,22.77827496208471,21.23817672996659,20.119094240469718,18.656297505591635,23.97592500103801,22.51075399494877,21.205911779034658,20.02638072716254,18.300534257319466,24.022269472080257,22.627237482784444,21.27876832975959,19.889381665339275,18.09325433592149,24.079287225342632,22.59517689628693,21.418571597966757,19.73805077022036,17.884509873753792,24.17362640685544,22.672650656429045,21.72678034187502,19.949205885483337,17.710440571720916,25.142263537044904,22.67879955883449,21.873688179610323,19.91172818034479,17.8306515737709,25.630141666595314,22.758635859518694,21.896761659645573,20.082001866898917,17.881601422123723,25.574442222616007,22.57699378229286,21.838192865690342,20.13146626398209,17.844732293205215,25.30435168180349,22.63361833921021,21.623474867757317,20.194801894375566,17.917437060154025,24.851151235515772,22.196910644470318,21.086770967477747,19.825141498058144,17.844447480321286,24.59451237673475,22.23558179017092,20.987629497733668,19.728753370229533,17.782709651589037,24.34239019109034,22.22714353495403,20.85059564419124,19.574952267061583,17.732058069217036,23.844807358438562,22.054058086120946,20.939144732366863,19.591896567343504,17.68196427691468,23.805489200965035,21.9380760123508,20.8980115288864,19.36431643064757,17.66394729372459
26.89462613265932,21.716192318632896,21.70752415232998,20.05080129645534,19.639613569984352,26.402406855888678,22.81153579849926,21.905886853371516,20.969374339672722,18.43872967196917,25.2765986463835,22.96735088701521,21.20625867706777,20.385146809145073,18.62698336379951,25.71490732844019,22.257401030966072,22.28092609750384,20.62786904024673,19.200163114221652,25.866304909194305,22.63663716019455,21.680856233709267,20.429582859876035,18.85059242732147,25.073767537502324,22.6603677916552,21.59650956283165,20.51185068013346,18.604100248567384,24.851065705733685,22.568240762569246,21.64494637603955,20.290953534290846,18.61920252502372,24.404861607403983,22.510857817357646,21.88632109428841,20.100230764375606,18.503453861696478,24.25394754578371,22.62473300398226,21.6424619525383,19.96738836417812,18.188259210811115,24.61655644743318,22.803461650660097,21.701454559794755,20.0078094679814,18.283926304515102,25.21652086330552,23.12006923075702,21.806195739544115,20.04974243044655,18.387582384373136,25.502415672156445,23.424071113878448,21.732768531472264,20.15062195047212,18.412131109960594,26.22881598011034,23.594560399977716,21.575259521792294,20.188592133324303,18.588344183447468,26.35055203668004,23.51208073233705,21.45678504340602,20.18200507924158,18.886344159384024,26.477335323648628,23.433667277941115,21.466058744208638,20.206629378514513,18.88027131557235,26.358621956741366,23.34099974925749,21.406329644458175,20.081376323484218,18.794521512691528,25.823219722476143,23.36463985161358,21.420045873785387,19.911777044332815,18.825523886420466,25.425877078663014,23.26076757930683,21.28384762632708,19.991723678780204,18.830359100794045,25.359911163393058,23.201068803337073,21.59267556982122,20.059792364183107,18.77594656171016,24.968836870612087,23.085203996301665,21.632071213837165,20.043252239053263,18.71247628555356,25.348556865228428,23.410983712516202,21.754661952721847,20.08492308457982,18.89851115491348,25.673084492033816,23.26593210062115,21.85630639294652,20.207628579866686,18.973864953165947,26.03170693194509,23.461641626852764,21.82352939693663,20.234797404012426,19.257389602944368,26.160315253411653,23.66416356057733,21.910978770086473,20.307141795995637,19.597636236926387,26.069106265940103,23.801070692113637,21.93488292723314,20.434670781572713,19.901424900981315,25.854267119395267,23.65654589884692,21.864081107624298,20.45007685751576,20.00277680222714,25.618757142010317,23.580145242347307,21.685431805897824,20.531875631454866,19.941432645394052,25.21654188643181,23.392220546399997,21.811955527598645,20.596714892782114,19.746464051641745,24.824517987764445,23.430173581987656,21.657940738908124,20.584364734448112,19.284099883886324,24.66790761835306,23.15958662621842,21.589861332336508,20.413786254912203,19.083840213408898,24.78364258055746,23.29736146328778,21.721340662197946,20.45475740990527,18.942664261810023,24.959634538430056,23.278996190876512,21.74012633083246,20.398591020046304,18.949087719434083,25.25635244092871,23.31952130755147,22.00262457623706,20.59982978360541,18.81815495484713,26.109579436613608,23.39941709152181,22.159909177934853,20.52856599521089,18.911757886714835,26.68326848488375,23.59400675445435,22.376548097409284,20.67419734900232,18.92437065698862,26.56513997411846,23.4471408823878,22.255499452954954,20.674998086478062,18.860605978520816,26.23421572743934,23.444971811130124,22.140907056393992,20.725829960171417,18.797226751520984,25.693898117173415,23.226125807777358,21.67905836983517,20.45461589335788,18.68538658074261,25.528736801341942,23.239592268465586,21.615755392863928,20.398079194051043,18.763654205724634,24.905957591335966,23.10584622921298,21.302570244244656,20.170844456590913,18.63908890132859,24.262257677544866,22.894827417744413,21.366447650000556,20.0402624827816,18.542333362063324,24.14032203832641,22.807784112079183,21.333939418707434,19.84170252277486,18.61277816385854
25.139239157829202,21.90717411256724,21.705123638839513,22.89410860804254,22.62529322038777,23.549849063013625,22.590545608421998,21.84582652970299,23.16067862012668,22.966929344825875,25.06305808542239,22.94425696884269,21.011977624212832,23.065876017501353,22.545510145260444,24.605535766743873,22.865691240251643,21.683464522123447,22.899667228001935,22.626955190456083,24.557568066072463,22.54204828155204,21.55877345295463,22.86407032154168,22.602139813702937,24.253915850153135,22.52802776493155,21.548663918979937,22.710148321094938,22.488553706357628,24.532109700748872,22.496741558228962,21.5830126919628,22.464126710143184,22.271153143355342,24.145853116048677,22.310681564116756,21.847872099648008,22.320635581963383,22.08876431278645,23.999999824943522,22.229840574022525,21.87098345171173,22.19181966564397,21.856534675143074,24.347665871052353,22.200952107561694,21.85482452552545,22.19627044805305,21.730521652651028,24.788143613820104,22.30997116943723,21.81140460924386,22.20485538126385,21.669712850188525,25.022262560095065,22.533211232737933,21.87840900567746,22.29215752116044,21.501827020228554,25.131112052280507,22.53179456926071,21.760778015952845,22.239405673284793,21.49888108211074,25.38228264336343,22.496052515217205,21.7945922425907,22.26066679896665,21.65144529048982,25.285025270436936,22.709274977652548,21.966075861777007,22.172438721632126,21.611670305911098,25.031282320045996,22.818864896242708,21.921073847844855,22.13045527598819,21.546681433116703,24.680308120723563,22.66436431837073,21.843404943092192,21.984437324623123,21.63957797933464,24.83235560119016,22.84876801944178,21.83637085893931,22.047320732033985,21.782729338424446,24.877575255208345,22.951974822950216,21.697621554995283,22.073261326126975,21.753643268443362,24.75846444436839,22.785465873233875,21.552395928290718,22.173235207273056,21.8937926904216,25.046940792081763,22.767329422984027,21.602612975942858,22.18468464654385,22.01964243881079,25.11840904530785,22.91869393807409,21.6072365942668,22.373839239955196,22.135859036087545,25.412198118880802,22.96145233989476,21.68350769530037,22.57670570568348,22.46315996622613,25.337043402926184,23.109269399239377,21.8198263511909,22.68588306352286,22.790088822900977,25.272105340346165,23.26893523183692,21.880554535800638,22.807803761885438,23.004912794689623,25.09006357366618,23.206619402862582,22.033144895355157,23.064488416231075,23.226514618536186,24.776255685024612,23.09650400197905,22.08897558943367,23.174030019171056,23.432541366964678,24.59334735513574,23.239011467651547,22.099866759350196,23.091283986935867,23.311806209247944,24.625074399420644,23.1314405925728,22.15029950430709,23.016861273582418,23.029726421089535,24.305171616244717,22.881449698273457,22.061949845864383,22.987867592379175,22.907284932488814,24.523042310206073,22.934858869212707,21.961446607870222,22.937536846722345,22.793751458526465,24.827961535271655,22.91466765999547,21.852927083882072,22.848793925566934,22.651450642838263,24.75324270774776,22.7561817218517,21.97719365003838,22.747624095311394,22.373148139311944,25.126767254628113,23.053034376238728,22.000423869839715,22.815498752411294,22.368386461598444,25.721735756386465,23.228322685692454,21.996763011927744,22.807704909069994,22.300780259165727,25.581947936676677,23.147807213371326,21.953637267303474,22.75192891468974,22.20079303840983,25.543677679600677,22.99890199827613,21.83161966392006,22.67609639160589,22.180833959779555,25.433025114069455,23.082630605496046,21.56805749573541,22.71260701907959,22.193730288248588,25.0834237437289,22.73394362742021,21.421086129428126,22.635336775160592,22.193987430212093,24.39919351139876,22.549863857175836,21.39835559253463,22.625398653350913,22.081376398250313,24.01362031499064,22.599194385106053,21.52643158197619,22.484571249537787,22.023843678172973,23.66532366639273,22.60928688838416,21.48087578035979,22.508196579989747,21.872041346345654
23.42965082241596,21.01200473144701,20.986003807296235,20.13989215870154,19.610737808314447,22.938719893755763,21.19986248663191,20.57053051403982,20.505922884259686,20.11139131758822,24.438317389081025,22.490571295081516,20.680439379579244,20.388418570494856,19.855907153652613,23.56713695276906,22.227188428384633,20.684574558249345,20.1869215376598,19.546154240924565,23.504007460959674,21.708764295682336,20.78028867088733,20.265918064453466,19.64260115674415,23.446807267535313,21.734114535884878,20.679518386622973,20.269218484276802,19.466895784415318,23.73386776456588,21.783296764471295,20.913646566394544,20.123847516718076,19.221273750445302,23.3828689545671,21.516888192454036,20.992199528690158,20.032113336362457,18.974266538555437,23.287282504995993,21.41515971746194,21.031772885853396,19.965044296523125,18.725084326619445,23.79297467319034,21.46854579550186,21.03735058907234,20.090518602807546,18.65912243575079,24.02830176066154,21.59628426056774,21.10262668090648,20.027770711159885,18.667561915831474,24.228647981886404,21.901920359568,21.01656703244019,20.06206513556769,18.63734557398545,24.359095880663983,21.857933592371033,20.994085719841433,20.040384878343996,18.60851813720983,24.487260317467,21.87440280689422,21.121132781920316,19.96367640162685,18.72759077105143,24.345770711557957,22.044664567522517,21.19055132418503,19.834074938783935,18.811204128211358,24.238777316058055,22.085007389989073,21.070300308890946,19.827496879914072,18.828619828602605,23.89648154168459,21.875189686045783,21.08711517716383,19.707591739807242,18.78815287529849,23.98648703605477,22.143914139878298,21.047423058633417,19.677783051218494,18.975981914273866,24.03510302360502,22.22036975214447,20.85462429947668,19.736294119124388,18.998927091254988,23.908841666066422,22.082022138885414,20.799610193252143,19.678366532936252,18.873495009094867,24.13909180173989,22.028065625758977,20.91054721589429,19.693737440490278,18.924455169941233,24.192737778743705,22.24236594998132,20.865112472666222,19.834011046097636,19.002459112998626,24.451015503963536,22.296184108523548,20.971201142995106,19.940335562802808,19.291686609639022,24.47203060864911,22.44331891159944,21.118731202956702,20.106970241458413,19.53345114109546,24.41029768785609,22.584406353721683,21.155166848056858,20.228504308747283,19.766650415946238,24.26738402966971,22.58321014965752,21.347965804838772,20.29344416476249,19.932652421810456,24.0437501210017,22.467363917263366,21.206095860534266,20.387683273329824,20.149668389341993,23.83142738747589,22.558648246762214,21.261604304896885,20.510029185556096,19.935310453494665,23.88377743516117,22.44972832287887,21.26170558143185,20.520205371441275,19.80917281556929,23.606417509339604,22.17269192391175,21.04678543820633,20.50012874800323,19.788244405876533,23.85663064096263,22.314006873959126,20.99089871308279,20.574305832337075,19.672101010289236,24.065059659285254,22.280180875027604,21.027698609610752,20.634676156282143,19.515810960863597,23.812844294498905,22.204595988493622,21.080375159795885,20.600130276739243,19.333640847774923,24.15190332685909,22.472457625767102,21.104935184046365,20.494470253384694,19.27433444642957,24.6357387565348,22.67669609707653,21.147851841312452,20.581690823277142,19.213659270777995,24.489536259355095,22.53139683252606,21.096911082837686,20.492842569367788,19.18839809097235,24.384481657237217,22.39540571609157,21.075324244245785,20.262996687552,19.057385322521885,24.52627226676713,22.41485183400138,20.7379393002965,20.106816396684856,18.99721618474661,24.223259774128714,22.0300097157916,20.384557337662244,20.11122336937614,18.947859966123726,23.763341280866957,21.876851413931025,20.127888003996084,19.985601560785916,18.836608765890585,23.3754194248487,21.93276532978484,20.053415997292866,19.951647100644045,18.656507708815717,23.153570613574168,21.94230252205761,19.8536385308298,20.016954602619855,18.67272136242686
22.591027803405357,20.823402646468875,20.618866248825206,18.723743655275793,17.4916073646939,22.955081231443696,20.75845724997186,19.93615933216611,18.734810427159225,17.67374833056777,23.37303310105067,21.778701299750242,19.972447343052764,19.03237897814784,17.58265607018494,21.648510699798454,21.772407600379026,20.7889136536301,19.42014652535786,17.43287389089009,22.55711454529812,21.242107815549204,20.294615316472857,18.959107677088465,17.38703572852275,22.60217591608524,21.25061806259768,19.999689018111773,18.987197576076216,17.213241959043955,22.81978103661151,21.18922950897062,20.2176462805908,18.905790672925995,16.994856837039165,22.429821279268868,20.85856257047919,20.233750850954603,18.8787416700194,16.787856551123472,22.62167881860017,20.654083182038175,20.230395491666403,18.696697900769202,16.625920573625592,22.975929778312597,20.65670444492374,20.504426769875547,18.916127743427708,16.65967296061674,22.834357386141,20.65288430233567,20.74435520357988,18.898679539228073,16.749731644092595,22.854108083029693,20.914269637682963,20.618183174526013,18.95474609404763,16.84199960892668,23.08380147124984,20.871357679144612,20.53557793434937,18.91879453422684,16.850945883479618,23.094491969418144,20.98777590590329,20.539887617269777,18.893753327218256,16.926239386385934,23.047254824086174,21.22461594067006,20.3776263055947,18.572660056650168,17.019066302008106,23.124242443461952,21.163044386767275,20.189812129260115,18.617874356325203,16.993847011212136,22.820895538704725,20.987095909650805,20.273700627661434,18.582025044814166,16.932408989210366,22.979144940667272,21.33393479664489,20.326141946871864,18.60394198439891,17.098830552082386,23.007384192416215,21.30415305533504,20.11506771739195,18.800292211095506,17.070798458899766,22.978302870863736,21.016623305826762,19.986861634004093,18.86384743136445,16.89125176445437,23.168761470451862,21.122581054726943,19.970121095315832,18.767969760828528,16.918273694137135,23.199547882399695,21.36150640779187,19.828221090009944,18.791067418336084,16.94273543914236,23.180406474267947,21.391018043877146,19.90039149884179,18.75832258157945,17.121138310747128,23.267086333584807,21.531098894333915,19.93633252058823,18.65480343831296,17.28014531752037,23.171239481712995,21.689752434686604,20.07859858748398,18.754328516160818,17.40011076315185,23.205645622897507,21.690970428766253,20.44421041643829,18.81466190080333,17.517388286577813,23.085335503713345,21.65294790975551,20.384204144039284,18.98994443973988,17.65559583847976,22.986458210497965,21.70347013458569,20.417537954941956,19.07004061087652,17.484289338408566,22.710101452784095,21.664709067656666,20.483917087355618,19.1774774901858,17.421902969290606,22.498864218515514,21.508841185931807,20.275607245056683,19.095233579290902,17.45725969383942,22.676895934076082,21.63016858816992,20.164375895618107,19.1660691242216,17.36074414856153,22.739335468465644,21.54822355294156,20.218117272188998,19.183021868597592,17.24523428489611,22.477683149585605,21.514460019339605,20.370854863493513,19.392210666768815,17.16283231888515,22.977499791640227,21.655702965089105,20.413110989488604,19.384512724594266,17.08390037577601,23.18022600469451,21.75434807074911,20.540248029562868,19.63885383349743,17.0603287842626,23.043889310018137,21.54094086328111,20.611646406454632,19.64380400111702,17.080406274513564,23.023440551096122,21.428708949184887,20.575259960196732,19.456527421500716,17.01964174951989,23.25757339114436,21.388440100506976,20.255981755564704,19.201942720411914,16.99223601628445,23.07969597131406,21.07765783331688,20.059957929444113,19.055691502909934,17.02910634071909,22.969844376387012,20.990464817055713,19.97390751971718,18.809840696321423,17.000977846253903,22.63524811618303,20.97251645624962,19.782406323398032,18.79977577959019,16.90572696551704,22.483994818028854,20.8585580590755,19.618926820729737,18.773489652748736,16.841734224915673
21.833213513525287,20.192926379292842,19.15969249793749,18.34504476436719,16.22950521203457,22.664392388637914,20.298313233945617,18.3956393924198,17.920031886515837,16.467339432391178,22.01778083693386,20.948640983607383,19.124750781290267,18.269293515082893,16.50505990588702,21.22820262835812,20.606682032396332,20.27075517536384,18.741350398399806,16.408581420638146,21.94038402270495,20.53926538684607,19.17260243000859,18.251129642739638,16.289902383066433,22.03475479790154,20.507602926181765,19.130573768404485,18.167817060408243,16.276869523713327,22.01229992371545,20.378957729062414,19.50336926530884,18.06219174144706,16.224780110179747,21.868563157147896,20.182004579456873,19.55938384931369,17.955494043952623,16.103923428126205,21.98272312647287,19.945533639816528,19.512087836713697,17.812172975095528,16.077620558259937,22.377945879050632,19.858722647011945,19.863034768755057,17.94990716299715,16.13957199149353,22.399778094539492,19.762499310542285,19.9903753693864,18.04529197598607,16.168763389217734,22.252547936633935,20.012492603136042,19.800234692071168,18.098370785425722,16.148206673362395,22.394187206739065,19.607307553397483,19.761032901469733,18.12679110728035,16.13984079686046,22.463870022817993,19.63921368047793,19.617262030160962,18.062914758427677,16.11182441188989,22.179540815429977,19.8224407321321,19.460320238716754,17.854656074902795,16.12530913610294,22.081557566314107,19.819477675733687,19.30191072999163,17.796873421332712,16.06079958230361,21.79691827816868,19.88175669907374,19.353382409053808,17.769058568609786,16.04377398785679,21.94302629342726,20.528662145337655,19.33748821484789,17.806660203238213,16.123594199460708,21.769998723824603,20.631298637041716,19.337290197280215,17.958809562627724,16.131615111011875,21.839542541755648,20.28283821146586,19.220965330568323,17.981252695301258,16.05600985689195,21.951497483358647,20.427783196993325,19.174677124334657,17.8429982131365,16.14273725821823,22.090752095013052,20.448106167521868,18.974171236454932,17.92247794704459,16.194204878690176,21.91934396476649,20.354395251944748,19.037246306264823,17.85153232456519,16.27294261323707,22.0530069905891,20.535797666591048,18.86142843594683,17.636213804730588,16.341331143172994,21.92015793049357,20.748811420680404,18.877603363342093,17.72548763608308,16.34229811752694,22.00266488656516,20.764990143336284,19.132662748296283,17.71730492836085,16.37766661470115,22.071531695992853,20.70765196108879,19.238923641955626,17.802076000641033,16.387709468101736,22.035331510326397,20.714473647264917,19.146678731405384,17.89278999647917,16.28034909982256,21.701820483596332,20.70581431270886,19.397984822249164,18.129624204577308,16.249905507774137,21.435903739283518,20.72602447070003,19.239902093046403,18.082215655551956,16.337683167668164,21.408001068972794,20.775605813138604,19.18492966371899,18.258567307083165,16.27288712492404,21.28792410601016,20.66845229376655,19.179013650571587,18.297501107397533,16.194669953639384,21.076952359335962,20.768101418133718,19.432978388734377,18.4587651805428,16.15128440443139,21.424953031801618,20.859126535824416,19.40809839351965,18.39995241300371,16.159041729515327,21.95521090624636,20.994009757423996,19.729451839391682,18.62528539231331,16.150230631758507,22.062987943808874,21.053007494117658,19.9414348650935,18.632493469942993,16.182117524520265,22.182045211106303,20.992116036333645,19.96103071258067,18.616495731633353,16.19995680809374,22.385823698454566,20.79275989789822,19.74170169795672,18.450992234636498,16.28770865587066,22.432736578533056,20.288344363572705,19.61621941460063,18.260533519604316,16.251845510300903,22.105495235892498,20.025259304751504,19.596490323743787,18.088709325364864,16.32422374394394,21.737758334430858,19.77134122132512,19.234980950835045,18.104483777546136,16.315131199120668,21.596033617695635,19.611294259905872,19.147630970697215,17.914791407458388,16.29417065938871
23.590233495420957,19.460840313865614,18.347232760915613,17.51805070181634,15.908687402895735,21.920383480654497,19.282939897696032,19.02253513957376,17.859961680137545,16.20696151752594,21.47683361867839,19.259285001105965,18.394256179063802,17.994649826797875,15.984018512126267,21.39348771997443,19.49218229922502,19.298429442366235,17.532727240312422,16.382425407028,22.1398714224619,19.593184596734957,18.757087758436928,17.67241871139074,16.023135041804018,22.099211687551197,19.42483810176073,18.932309979406103,17.77477977987833,15.999582810612273,22.23012860628299,19.53344519572615,18.98149363469986,17.60417966137594,16.027872546245376,22.205482192054948,19.54446156280694,19.1697228984119,17.51468540495774,16.07177673304495,22.29762272334446,19.608617855085203,19.167582558416452,17.44422182599057,16.071432450465473,22.116318013894166,19.480535000440046,19.04675920020324,17.403145116587986,16.175004137901947,21.999130340989794,19.717397184993068,18.924629419820597,17.29930158336487,16.192897277034472,21.75888811448236,19.5148219620051,18.86729479982023,17.380976421718152,16.18559845977548,21.780983686025326,19.560101256853194,18.805142569136386,17.304954459570602,16.145589545564636,21.97096558697732,19.57960264421365,18.63865912257261,17.33795227098293,16.0758389027837,22.283608316989238,19.619228750197898,18.73551585335336,17.31456721232907,16.17649778346694,22.530387788933453,19.34973202840555,18.760039619611327,17.282878353279038,16.244357912577964,22.32639382997107,19.55644170646133,18.657252967984306,17.31995219527514,16.18392453416692,22.127927941090427,19.42663066558693,18.621333720296057,17.418330349412187,16.213823940835802,21.663221359012148,19.255509231349553,18.682862127909708,17.507647139175845,16.16191076560485,21.45237388043261,19.165380330465105,18.780187416738418,17.51904322883551,16.029285975962857,21.248220865741175,19.530445397876516,18.68254441768456,17.495605750093368,16.08098020598694,21.670373208847927,19.35311879904429,18.709370328954193,17.536548431827157,16.126420109065787,21.74650251815357,19.66241576553997,18.738514949128792,17.44004256131635,16.164021447781998,22.08628138980593,19.782507242467698,18.61410868531653,17.291235766272894,16.31929273105552,21.911466838527712,19.81488357346256,18.42755469857011,17.344749302712785,16.34424834345207,21.656306477726865,19.64891017308768,18.315074646950055,17.490077369022174,16.279789685349638,21.54276960126319,19.77266924945158,18.245269195167527,17.6039592548789,16.192497296012373,21.834993467732126,19.746936966927212,17.99378594305758,17.62348954196917,16.151503497471033,21.586858780139416,19.874600544051948,18.078368556749048,17.824717702657573,16.0164164307485,21.803573672386026,19.81639152589348,18.243882425772124,17.71548213847757,16.030154295521907,22.08849665133683,19.82327313681632,18.317423701545096,17.587751517441752,16.054666012449893,21.74560316228126,19.72442569723335,18.397628133622312,17.445196702245045,16.117825906116053,21.571354469554077,19.7197837128635,18.465990732330212,17.59020701896716,16.048425486243246,21.80948874938877,19.74241062348506,18.489544551924475,17.497689081686723,16.0764052367194,21.601945597738805,19.889595036727467,18.3946564424841,17.724564833658103,16.0008451734842,21.44782111891838,19.868807667917725,18.468231097829822,17.78609776321171,16.01777037736221,21.7231458097905,20.011983035025946,18.41101109794868,17.763549587502244,16.049381841836492,21.77516777643115,19.650051649787834,18.537749656998656,17.677969475110825,16.02917127874296,21.65422921929616,19.32352787408464,18.46887039709295,17.58165883803633,16.05990463274856,21.89226304779778,19.297568169960833,18.50680516412651,17.51060255251963,16.122169026775715,21.559710432467234,19.46865060763445,18.54093301993118,17.584315901042196,16.001780993334965,21.498184213177762,19.396147833801376,18.651286853932397,17.50874831428081,15.911687282137294
23.249621220385766,19.808671771967155,19.880872382659916,17.03706586537579,15.858320074128454,21.917284468591752,19.796364037039517,19.391300323834773,18.00644231953494,15.489561055540484,21.1232287493467,19.95489617276248,18.968438142148326,17.9098346519174,15.316808791238106,21.768021065565303,20.02927164190729,19.464963357829447,18.491852395814494,16.173263059216616,21.999476135065173,19.944009825493975,19.52253867972527,17.84796759787577,15.626579256602957,21.731239926956157,19.787065240843994,19.290029494351607,18.069999214798365,15.525325090704717,21.490727126251034,19.65032157669369,19.422475366425353,17.891341343716867,15.545562821692858,21.23786077413319,19.58551808111708,19.47935376968668,17.731050360108476,15.570905539917874,21.07332364494875,19.677323956648394,19.555370785343257,17.538575604027585,15.478757979505792,20.94813776322031,19.670167274882356,19.355888195541787,17.584890457690406,15.598019229636577,21.10774939162897,19.771407348826358,19.347734531677048,17.558801001167712,15.671990244383318,21.48394277533113,19.973751289703507,19.156359177174767,17.63878787712911,15.633967491116383,21.813778790561365,19.923422377228285,18.985099952045935,17.652623520538707,15.743364810903017,21.907488226113788,19.7056867878048,18.89742208300853,17.607362943748395,15.87243240555878,22.007796940645285,19.472333542321095,18.8323930222137,17.5046035042956,15.893526733306057,21.714018508911625,19.403272295404882,18.867121467343743,17.380565588679055,15.992368133274889,21.471075712474452,19.31001485248526,18.964642837412494,17.383205350155414,15.965413808793901,21.560900685308457,19.47888720452392,19.174911944835326,17.485649351475217,15.927932535739725,21.441969615045366,19.452327242123793,19.09760954309576,17.606790804730103,15.835211928413155,21.059590597263828,19.679542102214565,19.273829401354554,17.600489288205573,15.743150919893793,21.40146836451887,19.829388173543613,19.12832666231987,17.545992561855087,15.612505003862248,21.613998184809283,19.6929447992286,18.964159370123262,17.405566602856464,15.705381351560723,21.555717275327744,19.7823745763995,18.93103311748032,17.35182722482185,15.840491091976508,21.800419190580044,19.892580595104114,19.04938273159465,17.344365749173544,16.051074459738157,21.971264381719404,19.962167462826468,19.131571395666175,17.432934157970372,16.093592476557223,21.543592030459244,20.041606759068845,19.35098610975431,17.578343979311093,16.145764921399973,21.516224296756285,20.33341294602105,19.420755111425883,17.982815628077816,16.0193049118632,21.551066209626264,20.20226942316528,19.467022819964306,18.114400608742056,15.93921747574168,21.27348471052526,20.20531151616745,19.419052168561954,18.259019319025477,15.711668815494505,21.423432277379884,19.927488252909434,19.36810360749532,18.15464157988314,15.683137818620548,21.61400490081952,20.027431278664878,19.402736475478292,18.060042462611346,15.697671829705348,21.64380801805996,19.840725173647204,19.459142900694093,17.876856046625296,15.772177322686147,21.510783519059906,20.06224331950573,19.66824554528148,18.0348248594645,15.642538873670782,22.08343716702744,20.17337089447097,19.78879180142199,17.942560738147,15.685527373253361,22.00891686090806,20.41504146753246,19.800698353105215,18.13499211651883,15.621746288297851,21.989764398525903,20.219749882079746,19.72997889535287,18.106122983471902,15.578297516648584,21.831974192821026,20.378399152025555,19.521624670639888,18.10464779638755,15.668283449923916,21.66612597494554,20.03278685357217,19.040006211951557,17.734435768946845,15.685363196667785,21.355603090812608,20.009229739971264,18.813467034209726,17.573296128093798,15.569085142696414,21.391163745089905,19.997934741313475,18.588788586870834,17.45659342654859,15.712216567432653,21.331315011401166,20.030053940307074,18.602321031373503,17.474214537051406,15.752278907459674,21.199086495501405,19.96127616866401,18.657637824395305,17.23541092458936,15.758348098751886
24.320168814235522,20.227100565249504,20.801905868650817,18.39495589640293,17.080976604593648,22.788756964269,20.954836720219554,20.682112950376148,19.176861312234855,16.374673656244575,22.602568636924776,21.344655076293552,20.041395716426837,18.91151873758618,16.126545289425575,22.73302934225089,21.269349969914362,21.191821571786182,19.468327964161407,17.2532380828936,23.04580916867465,21.078181846245396,20.702133648787722,18.92984080154447,16.582705757430876,22.664882244040626,21.10578779886476,20.56466156607228,19.029245633235888,16.476859038485525,22.433148169368728,20.929834742473197,20.754429967252804,18.867914836815466,16.418235929494067,21.963629527373207,20.81967477911621,20.903692941550283,18.69850972096831,16.4122595563694,21.826529477883142,20.844625160178232,20.85271762866053,18.51881583724883,16.210141436599834,22.023774854031835,20.894676703964493,20.722864664775255,18.527242960582036,16.33739683203463,22.241629392475907,21.09728399552977,20.698624408899125,18.474957786526737,16.338583633768227,22.723613252599467,21.362317054738277,20.445586536305434,18.45899493288589,16.39771524641595,23.336101311239936,21.36474938173995,20.309564620965382,18.475740739506257,16.498097312291016,23.491264545963535,21.26337061695359,20.234344539471426,18.42518800344041,16.68613569607575,23.549321527817348,20.99882128340979,20.230865896728634,18.380314648505014,16.689307780200394,23.30764901861579,20.87391449049312,20.314199464617424,18.3831004469081,16.742064768304584,22.87045009862261,20.865593862755098,20.39673774625885,18.338929026668556,16.736328526354253,22.63768972773132,20.913749745959347,20.42741436262633,18.41794942215939,16.816145555011566,22.466244099139395,20.789401625835886,20.45854244714173,18.551279951989045,16.77751932017298,22.019153899303955,20.868943340298408,20.585751891109105,18.586690094731164,16.688740518850732,22.403168924247012,21.014292880265053,20.411578609652274,18.43463857786314,16.684258956777267,22.709903413295464,20.86152655071664,20.25913300677268,18.445583807585244,16.75498741776145,22.996023678884725,21.008444422116433,20.228982689035423,18.454240247422955,17.0262253193252,23.36725965514004,21.122137030070895,20.273517410218595,18.468890743336395,17.299225341399673,23.369652003732778,21.331905254632634,20.402696560373464,18.507208400428656,17.541676586854244,23.016984258682033,21.28906395708387,20.549165269783117,18.731712553539722,17.557275082155208,22.939934433083977,21.594008483062733,20.62407804163383,19.060842151472777,17.500710773858593,22.840155588833674,21.422101117757887,20.673227408175492,19.192521330454134,17.237410598309133,22.338456953795493,21.509113278883568,20.58200304994813,19.29511639864075,16.8421160674067,22.429465331463984,21.077010154009677,20.423425067460478,19.1785183960342,16.711965671572358,22.684120431675343,21.321621107555035,20.5208371329177,19.057743730317306,16.69069439255199,22.858580596236663,21.037777806625982,20.551068245895525,18.875949954270144,16.653024254239945,22.90395807970007,21.28640626991601,20.956729976986892,19.058849378440605,16.531412188929465,23.606684119918786,21.335029327727717,21.035310835033876,19.009748586344994,16.616592279430815,23.645634516639483,21.64718017092854,21.118111782136264,19.222479495331374,16.555368215066505,23.571169606211235,21.447025211963325,21.007846931340545,19.231906025867577,16.53892311098324,23.286825603144106,21.583080186627207,20.86412330375071,19.31832856727264,16.59806438322985,23.066032585816618,21.231210522212045,20.162318359064603,18.91475644261066,16.54375358764304,22.82794654819211,21.26833264163981,20.078784805532667,18.71400649856536,16.44369340831453,22.67143029850913,21.252972116459627,19.84050376179243,18.565831152336422,16.417636590923287,22.55660901087268,21.119897476914154,19.93854349154981,18.56190145604811,16.355106125130344,22.52782510606373,20.98040045931029,19.881804471536064,18.257301342613964,16.416658296684368
24.726844998956157,21.135806068499534,21.595707937274046,19.9381471060417,19.260229402266557,24.743248356431778,22.040696733810133,21.360620620769325,20.012892847906734,17.85648812628364,23.370489937653737,21.866135016101918,20.691559729126972,19.614460103418903,17.901457691895814,24.2384037958775,21.794184353616874,21.388753302200012,20.021220237094845,18.916264587572872,24.22434600925393,21.917366123301882,21.218138426805993,19.880894217366944,18.449371232314626,23.659692992666933,21.862136754612884,21.052864057697136,19.823479787818314,18.1632937824851,23.350205155477703,21.663343214626863,21.15979515972374,19.684760093690848,18.142102851314675,23.02490838595343,21.68008210463049,21.371125000595658,19.563869731380528,18.033243154612066,22.908674050334035,21.73313447003243,21.263490435780763,19.41986360561348,17.710585249952256,23.118861247821524,21.806321700571075,21.23558097891986,19.333515805921877,17.6881273297701,23.593138080305998,22.087625515826282,21.228162075118167,19.35089109031137,17.742905833932234,24.002965704283028,22.41426041606468,21.03166044563404,19.35564730175013,17.852580217945075,24.631611929116907,22.433936769205637,20.854586145014213,19.345420975343906,18.038866396044504,24.773899519739572,22.367802056601754,20.794210406964954,19.393738477906645,18.345104299827216,24.912643589395223,22.27270187729622,20.752742352205082,19.419367460654122,18.3567982807834,24.856812091690383,22.25601512972459,20.81244017186478,19.359094687106026,18.41324430231926,24.33200360285891,22.314607770991845,20.824371621455604,19.24267440453062,18.460199038758084,24.034654680871085,22.23056602086064,20.679104254081814,19.346971712106303,18.541759686475498,23.743367557785614,22.024059199732836,20.847665406058223,19.403902103243343,18.48681325842037,23.277851496755414,21.89612655973962,20.923316199947088,19.401342726565986,18.503225377352667,23.580418979345218,22.075002553882168,20.93909850230415,19.365670744572647,18.66056750213945,23.948373580830122,21.811278568052977,21.00957219244636,19.490122029890237,18.77088314780953,24.212137113609494,22.06030104022058,21.079426025199428,19.79941512171903,19.433118626466396,24.49911069797472,22.311621564384463,21.18783010440726,20.02221487482492,20.092909074562264,24.518905045417757,22.48688527707745,21.269731858363222,20.212456080038343,20.592386152852654,24.332963639897237,22.36432616192737,21.303622183089054,20.50886673867654,20.880534545557293,24.14242046088063,22.502765695990433,21.200996152912843,20.710000816678523,21.019389756946406,23.93240731025089,22.280828531462372,21.280872697681268,20.65186430887151,20.556301694314875,23.574542166772375,22.37907758808247,21.113963288618542,20.551335126801284,20.00048808923172,23.53175853085138,22.120031182852355,21.025856543757225,20.464953322806217,19.68277674196749,23.552852629950745,22.30181642013353,21.027675971197453,20.26542122979625,19.37124532803444,23.732595158834396,22.189628673141627,21.065947300298234,20.245130688137397,19.18604592282521,23.94324168699082,22.411679536629958,21.381228234974465,20.28466460789226,18.949605986743855,24.65604430173664,22.420887826036893,21.457464642933523,20.09389892625384,18.916359811428332,24.937207639680576,22.544415068249656,21.54591464353357,20.16115633870523,18.832535960219722,24.91692378598565,22.327040707499396,21.52823896559646,20.18845425187999,18.754212913435833,24.687289639014928,22.40213547415646,21.44975111702942,20.145286968368275,18.69546489096004,24.25388880269194,22.17288897516559,20.848492112323918,19.826733703530003,18.672903728574653,24.090296169393,22.210384011944182,20.828074639127458,19.856809944423865,18.57086314535465,23.52772806822131,22.22965284741978,20.628207522932527,19.68334037866701,18.57559116421171,23.129123888961736,22.173463538019,20.710182465777685,19.619725740503586,18.593010792406716,23.093282783793022,22.00035881961832,20.654061551741375,19.550068765098597,18.635678229830887
24.998626190359136,21.87480845392227,22.223330467247553,22.329284990133708,22.750570886412582,25.861053310316535,22.837823857055753,21.9921197917359,21.281628754284473,21.33068668689696,24.0783106503368,22.51978140449954,21.065702729554495,21.073466262160576,20.911085439633368,25.432095636931958,21.921720267471006,22.35678850028259,21.90342862241742,21.206725908743365,25.078698063110505,22.50220931712075,21.848590350628378,21.51724958707237,21.44732028683086,24.48600494608316,22.44602377799179,21.73102799932507,21.238099039683192,21.035254165824618,24.135306727053862,22.25985263544497,21.75935736784657,21.268027573143844,20.80659374744482,23.85840147862291,22.273824741227255,22.036167679882602,21.25404885572366,20.64930792381161,23.66653023541239,22.403702020044516,21.775889504712577,21.029107621910576,20.460754354314492,23.823789934395755,22.500917940882644,21.77564054022554,21.127567983664285,20.42415148778938,24.44403323561186,22.740430383256427,21.85449659278961,21.180637620621614,20.422857441390086,24.833237706747898,22.986337770426736,21.712468413521066,21.145227560878805,20.423804539355366,25.467551436339033,23.030756425129006,21.505451283267266,21.21555030255415,20.555357149709064,25.72079255944079,22.81200701455026,21.469042329275002,21.365723392400586,20.863241613677825,25.884571717062773,22.74962214860881,21.409258172373832,21.35176665462356,20.90678002221893,25.83551944143479,22.76292282861198,21.275667432798144,21.322942912255293,20.99901590140737,25.292310079958654,22.93720649477988,21.374720343216758,21.3841662200794,21.090852832067505,25.058632682825795,22.967002961095606,21.318243907604394,21.51447373326736,21.290881159856557,24.673695872184595,22.94774878457252,21.537437609970112,21.477312132886354,21.070656015744856,24.239317721227874,22.85874066680678,21.69784527941067,21.54316932045695,21.144261437542816,24.473476884801,23.01918387719079,21.794807753261367,21.68786266526307,21.27795597426858,24.83443602261797,22.739225384473745,21.888684963204813,21.735177905390582,21.574743261399767,25.041048110867756,22.915455255826338,22.061640430002168,22.149072657388682,22.320635813327904,25.303202718308594,23.05225296302775,22.13144490855276,22.70458258485918,23.259096887555113,25.33677003467986,23.19418798553287,22.21682023764727,23.116332092655824,23.93109104119453,25.281244089167263,23.06015674226207,22.12329745790075,23.520992518235893,24.520290106098052,25.0927946079701,23.21394270466275,22.02333484001246,23.804202661314328,24.86887472922367,24.80586340436809,22.912182860920886,21.94439235510698,23.657239344684147,24.445279135024812,24.504882608838802,23.09302455768174,21.880396727324186,23.34615722212846,23.81594380835435,24.490829129425467,22.805115028153914,21.61433907111725,23.223813781087568,23.302278176920527,24.458399707471976,22.993558618716534,21.78282810671549,22.99464700808411,22.760675762826153,24.65463989904422,22.890519864259815,21.75702178909591,22.788056028962608,22.349703939983804,24.822401133157932,23.033684175354,21.982067082385893,22.595987233656945,22.03694278486217,25.506793705221178,23.130989416946843,22.034299236188644,22.4879809560075,21.91478152191372,25.7797991888885,23.302068930902472,22.31106557508275,22.317168685800006,21.817344311835285,25.737363052219376,23.135051978799673,22.254641138522487,22.094261788414048,21.638812901895772,25.43718531668598,23.084547737070334,22.155496088688917,22.07331995890349,21.50838865874885,25.004301802773465,22.977347095817755,21.839748007469645,21.90914372724462,21.278235349915718,24.88256762896156,22.94077061455308,21.828970569396503,21.791082784362718,21.116206374015558,24.199344356528034,22.888030239441775,21.639906914339157,21.607717040552963,20.981197042708466,23.693682036998265,22.835740076418894,21.684487530633866,21.61883591112599,20.890607142726147,23.609480319408227,22.696694117104474,21.62924353640982,21.53111952745668,20.856268547869544
26.545957350046077,21.45744347157742,21.580833562812497,21.312491472554527,20.659628471838698,22.96863265816648,22.187621277058593,21.58125461304891,21.171581698544813,21.047793381797817,24.70851772245911,23.06467859386563,20.559208920021263,21.626905775285675,20.52941353607467,24.768200249745874,22.675634549275046,21.489375783366796,21.299975309046765,20.250628791430707,24.677590583699136,22.42911129327773,21.37893156645159,21.272561396489273,20.560302961531,23.91726676269223,22.489178903639722,21.365810682523517,21.176332819410273,20.383918417718725,24.19292191770497,22.508269047614988,21.409385546954617,21.02780852462991,20.21331504601093,23.925946674610994,22.333149310828496,21.65669521437021,20.81244377954193,20.028159338779346,23.69399041084359,22.2794008554692,21.67965742214832,20.690382803193998,19.933499500013475,23.931683398388895,22.18775548161467,21.547868582589846,20.61708973091341,19.78871809001301,24.608915469827053,22.288399363569898,21.510019158041693,20.669591488471575,19.785090172459256,24.783957698215374,22.40387555051991,21.536132616258264,20.738204299103035,19.636243618052067,24.72462039285643,22.356566053013633,21.422032689856977,20.768726468576318,19.636819582825648,24.929196218605785,22.37608019246892,21.436979254812645,20.720763576224062,19.66001031641968,24.79793503830383,22.480159255610822,21.531480566445655,20.688197935610987,19.62040021699201,24.44582471219118,22.54620084841694,21.425387289238593,20.492028887340606,19.54258362191441,24.12933464151905,22.533454005221977,21.38941534104827,20.318509257449143,19.556917880975913,24.25902745119704,22.76458485154721,21.549144563847584,20.30478901761087,19.609375151751873,24.259898129985846,22.74639464709835,21.418311044763108,20.366010191142397,19.56919267608883,24.063518627629357,22.65517032224276,21.417361215341124,20.355495477323768,19.647410406277668,24.22470191776609,22.713137782008946,21.488143925682692,20.315100841674923,19.706049758071067,24.399531189564037,22.717952517073517,21.48095637068117,20.510894029566675,19.780323885608418,24.614180869408,22.686057882621096,21.42799610721697,20.617761124526865,20.104263801926937,24.810395764588712,22.761112180412578,21.51540728163881,20.612131302032658,20.46491694730444,24.911091187611873,22.90818377226578,21.51610655245205,20.748615943462802,20.65745515374363,24.6085074167403,22.825739453144894,21.645683700048565,21.03838895730947,20.888553768453725,24.428563447833604,22.8027752998366,21.71426442048258,21.072386793455653,21.13127018867626,24.436720142933822,22.91079484425963,21.690862987179276,21.09242031645485,20.96686065960999,24.421202173452766,22.854583111816986,21.722958879277485,21.176935866424895,20.682096045737335,24.119582999057336,22.639021482532463,21.49849482569124,21.17047848817611,20.55297372829955,24.390923137675316,22.710465273439148,21.43464992970505,21.12709233139386,20.533166159509086,24.544259762888043,22.716382338095716,21.268801168271114,21.162039900136243,20.37741648472213,24.296609659895417,22.59069339534598,21.408150756576795,21.077594991154758,20.149722343343786,24.486496521117537,22.848743459195397,21.443504880232695,20.99718893436812,20.157101186759967,24.773464026231874,22.982390018925116,21.574825503652562,20.967710780536798,20.092684007014604,24.73714639721499,22.844150643007872,21.57747729903382,20.897807078201275,19.8960670349554,24.656726688664406,22.716323240664455,21.416114357906544,20.828838497279982,19.811877586382,24.56460454147703,22.780179518499303,21.13703217811304,20.764251774132585,19.85392803675122,24.12973639070931,22.397662959621446,20.963529260505016,20.750837714154603,19.89495693826262,23.998969470762503,22.207470168036973,20.89833263244533,20.77778464075591,19.821606226699835,23.668491957362797,22.382612343793618,20.90800560235346,20.60722603108861,19.769590413171773,23.383367670092742,22.424687881951954,20.962286487700574,20.594614587602187,19.70432025968436
25.843197081372516,21.037406884531247,21.926706393350322,19.34754445060995,18.229232741407817,22.521846893222232,21.094434639554404,20.9783545530201,19.371098224446452,18.183737415354802,23.752803808187007,22.249752061502306,20.163979727047945,20.009869398427476,18.313376323296907,23.360949052611613,21.91086276630619,20.872808669780618,20.129997143569323,18.524686102996743,23.748130465362845,21.60269782261081,21.102403516812693,19.776373248029532,18.30432060058195,23.072480081460903,21.664208487801794,20.76229342633067,19.781822422889,18.205032652168114,23.27563322166026,21.767397848221282,20.84884477119234,19.72557002997499,18.148616835747468,23.03298085774435,21.554611799784862,21.03005287664095,19.656530745203916,17.977308456663728,22.908373936413177,21.56415738434734,21.128156245196024,19.40446555788935,17.79692930143124,23.217901479013126,21.467914579552808,21.032937892506418,19.315120835025095,17.679380904093488,23.75462914261183,21.490362103824943,21.0420445384751,19.357404031275273,17.80586223451408,23.935042495276086,21.58269116355165,21.006890865194926,19.421386599203963,17.87251167316227,23.89990831287042,21.570036114423175,20.94156602304239,19.387702946109176,18.035089243253566,24.131264577401335,21.620757790188268,20.989086791301425,19.477287150801263,18.28540024557798,24.0257173021363,21.808310627275183,20.877204385701,19.342923031103968,18.40091742119352,23.76148921480617,21.88621668020793,20.899298956524017,19.28220870996062,18.305095375885877,23.449993412713194,21.819918474915372,20.926263741957815,19.155567091862377,18.20707023646145,23.51061176482515,22.050833195633167,21.122603625794344,19.08406361420253,18.169607053658073,23.47471388833987,21.913095467939947,20.921946519843125,19.1759174452587,18.006733886521467,23.364475545070555,21.867513457620255,21.02398437773794,19.297219024851383,17.99465943571319,23.469343975786533,21.861624270640554,21.06991260322178,19.290870783906602,18.01996688331487,23.49875440316924,21.997962180126343,21.047491214057096,19.484911567280665,18.113974256362184,23.82429114270058,21.9650799297919,20.940763065630776,19.49260202896627,18.176270118945343,24.005997966290597,22.086188490623158,21.00661278627612,19.460446508273012,18.32456826332873,23.9733388260717,22.122976386417452,21.001332572273736,19.498287830312314,18.373429323975323,23.830506847705877,22.12878137756066,21.155648993379067,19.555436303930982,18.393494250795904,23.80373476323436,22.085697258237158,21.129744342266456,19.563412580042346,18.329042199533944,23.82517185367664,22.257262602669734,21.159071022896747,19.737828660117124,18.391262716851294,23.820458822676102,22.22783945825862,21.205869460548563,19.797887714464196,18.279574826727263,23.419729271287,22.03846781677231,20.995738997163244,19.681580807351303,18.242267795044473,23.5739291449807,22.03599190694597,20.899359688297288,19.74089301924884,18.429527903561613,23.68239231837932,21.962283135673488,20.869197909686797,19.73413742695171,18.50039626889586,23.383847072456,21.756189875907733,20.921916038175073,19.73607629550282,18.391808755701586,23.631508187085608,21.98982038816073,20.944294684591732,19.637157264825447,18.455003326696126,24.07728206495119,22.197731216450276,21.049132507600376,19.72857932680749,18.472245929223156,24.049982347740745,22.051440936322926,21.033226022806492,19.745014705603847,18.357071619235768,24.148945445979653,21.97044366678288,20.955407944100877,19.649504837310722,18.355867982307945,24.231385621570915,22.147888188085933,20.719900360389225,19.456660191951777,18.34497243803823,23.76078203731742,21.76808186395205,20.494576686638595,19.362731663230893,18.38778462547158,23.643081447521816,21.62478610188625,20.38835605272603,19.36353678631965,18.26717629394034,23.263304458859857,21.914605940173352,20.404397540056,19.20597647394982,18.159239892122564,22.789374467452497,21.979232624883863,20.374312331227983,19.16980428110177,18.039708770500962
24.155536152453518,20.75976710353872,21.76532467149982,18.850824541250017,17.2214252804487,21.549555040788587,20.496261259427754,20.220133738255218,18.542109374167378,16.989990880398715,23.377017181804508,21.36616088187554,19.895023283205187,18.76612944648325,17.340015376454375,22.475616608530018,21.657120413010706,20.03309848115225,19.24017145235646,17.293118590518056,22.760195546115128,20.90738047233985,20.63460560279585,18.944363374294714,17.11591977574728,22.324678508267528,20.93250903501237,20.12154454840006,18.898352311448612,16.99772043122436,22.780346300311443,21.02849373444469,20.319695771229775,18.85547329412018,16.934396255974526,22.426300217180145,20.888668384526778,20.447118454628285,18.93336607306143,16.842587453940762,22.296848938828653,20.687476890795832,20.620973678661855,18.752801833086416,16.700864328248166,22.619207056419167,20.719674663572288,20.50593611329808,18.71409300649463,16.716283142531317,22.89853967572322,20.6434560625245,20.57593833749188,18.712691279518687,16.81653011067811,22.76300201092477,20.7514257474901,20.342398969022977,18.69023294794981,16.938158786409204,23.005018851886817,20.586301050990944,20.20097009858887,18.61802315801477,16.898297293255613,23.274534821312812,20.722785936414173,20.229861581748224,18.64641019427072,17.0371983408895,23.2493052447143,20.930692021610582,20.143066238584694,18.422078112843206,17.11261496210883,23.06258787449546,21.03841464906888,20.139209897033226,18.36960230115587,17.071927134613485,22.80712057593872,20.807754288335772,20.321857003895467,18.379615016007172,16.928910764261676,22.520907195268805,21.12842758649549,20.535344094360802,18.298384279518313,17.03607851682741,22.400012597728967,21.008356270411745,20.345440542336924,18.36800284168763,16.981932930398873,22.24741296929713,20.973575322927434,20.422415196670585,18.45518359806427,16.940570698807097,22.39487933061164,20.91702057254144,20.4985371582194,18.501095490829407,16.939569848367807,22.45082623780437,21.120414009327,20.433643132541754,18.507327861286072,16.99998914097253,22.840756266056186,21.038115410534854,20.36171110928192,18.510446300170983,16.997877491249312,23.056696115356175,21.23273321524449,20.400112503469163,18.483895361514925,17.068139000747927,23.094618596562356,21.288130543863623,20.374566261445352,18.559447804753557,17.080420424048594,23.018080439436677,21.244379710897874,20.58244231560286,18.626856367745987,17.17897869685338,23.138082050034434,21.334971920289856,20.456515887986768,18.795053547957114,17.21312514328109,23.05495463419104,21.480269669938632,20.51579203118434,18.927728819447093,17.249787603099822,22.88020941037961,21.44970639589581,20.570718248086553,19.058657299262897,17.159265417820315,22.56483399335469,21.27531728342846,20.362849299790973,19.044478032194075,17.169702286017575,22.77888188918974,21.39249533705823,20.29468423363096,19.002625718618816,17.199110903783588,22.785295752370025,21.24824257671178,20.40397551708248,18.975257450796,17.24110200150456,22.501282284342587,21.16627168804063,20.37585375956396,19.071097627424734,17.191137898544092,22.932031321433783,21.217340940460183,20.338022775715668,18.9523479306194,17.244169444020237,23.175748569396536,21.31941220317155,20.462541131055886,19.076436730875567,17.297499478333666,23.196245901713166,21.231435503336865,20.459902847613666,19.106851767779013,17.229137088886834,23.23967442691644,21.17705295592285,20.435908055480464,18.975433894241526,17.17472721581236,23.386813579494568,21.219856633870968,20.27198673820608,18.741366497533335,17.1319075592722,22.979082229323712,20.9620493520404,20.182048091126124,18.657913563583556,17.175126293068598,22.830609808897215,20.932394720976347,19.99949497676027,18.529351032486222,17.087898987171116,22.326070592419825,21.07752673626097,19.889768248368817,18.44087130130517,16.98333261972577,22.224205755647866,21.078572180319934,19.72946452115036,18.428961242071722,16.973035561149846
23.674711917401897,20.16751537120068,20.70889852218542,18.176529322827886,16.01656124388619,22.295638450791873,19.20055064315412,19.07495389536696,17.35870562494055,16.001391724318566,22.125962445572338,20.120394160241688,18.99030797747327,17.302220823920223,16.476198297973646,22.36742586078539,19.83450058300398,19.358181748573557,17.938872253019124,16.59655143597957,22.507957914207587,19.715649344846952,19.51791220661375,17.770502434877432,16.245017988037077,21.89776767617422,19.53167556031692,19.038405850998046,17.65691123919916,16.29465463148038,21.893132275831544,19.63391730040513,19.02297082153236,17.71307713629348,16.26049211428911,21.703937371626196,19.547684664463855,19.132906342770816,17.865455759744602,16.193780883317704,21.496483339175086,19.455530895113217,19.2731977680245,17.79587344442066,16.108391073042913,21.4962583418645,19.431215483317168,19.308652055879655,17.7864283321021,16.042374212773577,21.570068833155112,19.478471014923482,19.328556329940625,17.756355397558206,16.05623751732154,21.50133867703637,19.550208196011408,19.238769464846257,17.55618355204289,16.165664033702527,21.303759558202106,19.34306960429432,19.037751358925387,17.552845612123992,16.17964364476502,21.362924786814165,19.46126169403383,18.93830862427256,17.496293771130023,16.073427424647264,21.31680034330187,19.6638501286506,18.80048743401482,17.386619177389186,16.16471771949862,21.515336844278174,19.608168787142983,18.95501370781807,17.306448798877966,16.142242286228402,21.419017259487756,19.564019482355246,19.22754125783869,17.524152763867924,16.036080276884483,21.586233902041492,19.82465790040962,19.475094741690675,17.409289373601382,15.946913291582016,21.73870813726914,19.62838361908495,19.268317270580177,17.556954052227567,16.03157238302058,21.711077908730395,19.500241357708937,19.302039103680553,17.43764763132305,16.002706849593878,21.67902098542994,19.632832367864722,19.17866661740924,17.51105672065596,15.908586867031326,21.714628907395287,19.474367927700133,19.00155845422794,17.409887993529644,15.95486058252104,21.724122406257056,19.440563066425227,18.860768711919615,17.310070209182772,16.04662294924808,21.543166338277057,19.61276551919305,18.892035914550064,17.19378048093127,16.12445074223466,21.47927066067121,19.687278325621094,18.88593676787313,17.297080424716658,16.126688859772003,21.357135569161585,19.804718365111558,19.01390381902055,17.294729907525223,16.18081739813936,21.20720835492486,20.129959885983304,18.94128742865265,17.440578590782835,16.116982968110687,21.31493072964883,20.292817366689953,18.94721539639914,17.58317306270009,16.151600475440457,21.43440153414945,20.350831026482684,19.00333470068683,17.67355820154885,16.03779219727965,21.210139062556273,20.39777173040782,18.87980056183399,17.747615113336668,16.019567771628786,21.499754147795322,20.256817389003466,18.779546467996813,17.780998946040945,16.03336447759125,21.703818381725306,20.03029761270583,18.84751521728658,17.741738288905943,16.04818995168712,21.60342479870885,19.939638742002348,18.81224602662646,17.880807421000462,16.025517345808648,21.680128862896588,19.969457223485335,18.73089691525393,17.778563321093493,16.072916378006898,22.008830031155387,19.820598214317265,18.945456473549477,17.830311616422968,16.168148320727884,21.84502481878754,19.77472249659889,18.966758979098152,17.748009422769407,16.14299498862659,21.775328818798076,19.796823251627583,18.90103604474714,17.643346677140286,16.13312298224051,21.805870030408848,19.89797912235061,18.885391938824927,17.359491941321046,16.048248503988194,21.756419339633197,19.69313094994618,18.980730548062184,17.407805488725167,16.007590424883283,21.630143973325797,19.90091082172752,18.70791181304174,17.3075335999576,15.877492087936536,21.424615615482978,20.00011003746419,18.708842003058557,17.357911040381577,15.902510229640782,21.283030383660847,19.934359101908473,18.679688328946007,17.34817764433033,16.010737216663276
16.46379497018017,15.236670401365949,13.975616944269037,13.310268479446599,12.79977639741622,15.819632149733275,14.56587443889419,13.388373979765138,13.469712869595686,12.71696798433518,16.014827386539544,14.079107972830698,13.508652352735375,13.221848264280434,13.041837548650653,15.833896293295014,14.397007843601273,14.132720571505374,13.281396792083989,13.344479030280795,15.942087839314226,14.572000968720285,13.870859262124942,13.424207427738338,12.933274300770957,15.668903847408425,14.4415269940336,13.705530224742654,13.489314471773278,12.988382119363422,15.531031813716393,14.411948855880388,13.771924570554447,13.52426517472895,12.955099151458302,15.440265174103857,14.503388759821192,13.786179501319026,13.529481250259247,12.880584856065122,15.41572058589407,14.450881222128132,13.63698746273612,13.522042451092503,12.85092905718162,15.487137244266236,14.44443302450514,13.681912192672161,13.385638148324926,12.93136178369161,15.457409258673488,14.334904218276474,13.881711753837886,13.35604724546614,12.898201078274479,15.704543216093906,14.447659925751205,13.806565675113038,13.222803384918723,12.881714443963592,15.703746219104989,14.3985097588977,13.817873057135575,13.211684573422028,12.877299402333687,15.771481016888671,14.33489694192645,13.924594952273775,13.168256707746824,12.806001669153613,15.617252641177718,14.240709827712289,13.665556628503136,13.19577456202848,12.679749566803391,15.706407129807545,14.240075117806834,13.546524996652101,13.222401942962147,12.685659000401063,15.753036158499373,14.048369835138098,13.527827129762489,13.296413261904211,12.718694035007452,15.760796872904866,13.754299445784113,13.507756857786472,13.281006055422925,12.734786038735336,15.633553403485717,13.848970358844394,13.401400827782666,13.312673091073043,12.699290049358414,15.53579556406377,13.973146445590041,13.37068762868935,13.295496193826335,12.726315795212258,15.638007889497377,14.000777411487093,13.377606746953868,13.158339759455288,12.707076747536522,15.408986972697168,14.081201495947473,13.445944130814528,13.249823492443292,12.758515945273738,15.367415258850016,14.305856942369065,13.533383283778864,13.279758987296606,12.7554224850014,15.264230147704348,14.089822209378525,13.67064746204989,13.33102111905016,12.802319339467616,15.502426031830614,13.988844849365668,13.846886129581359,13.410795064243828,12.858938233371598,15.355967726204744,14.031082083516967,13.995002873930403,13.56192529751126,12.851308350218403,15.496214683303615,13.988782380737254,14.00729842730271,13.506494072341582,12.799049210311045,15.6218590176328,14.082383603330651,14.039493540743653,13.563658908320324,12.823684062237977,15.729741952340712,14.27651406025536,14.079194874832831,13.630453435026292,12.730861266647267,15.703740798712051,14.336530475001979,14.096428060076175,13.596587374064857,12.707696395145977,15.847843249267257,14.488244990390658,13.841492830280703,13.522680725616135,12.666997567354802,15.577849164874198,14.575796829023298,13.93771512391192,13.468072861822984,12.686720310738988,15.352517116760046,14.569449009600513,13.817548010954743,13.34455075438506,12.64371637894887,15.441228125483885,14.683306907269019,13.668469988284006,13.28893949176084,12.71951483132896,15.406080765009596,14.58307895753974,13.566322779884976,13.213224209925304,12.740187929137823,15.332273237635809,14.479316115583615,13.706003312998615,13.269004516338132,12.8276528027248,15.532531969057004,14.430968703950715,13.508842826234911,13.297496348100756,12.804811722268985,15.69887156028712,14.52636172988392,13.686228140337793,13.287004709143625,12.79431067230519,15.849128640134884,14.562223999297899,13.696325402936065,13.285855940292524,12.762967287018071,15.62072108580358,14.538101985864435,13.735145744217803,13.293248778447241,12.712967946658882,15.535326428837177,14.468669993015613,13.529269956748266,13.179900658727238,12.620240971210915,15.358886252147666,14.367061542383244,13.560383117415075,13.18891426056626,12.63266556889562
22.624022067569992,19.56004526283115,20.033375524361052,17.2221740525657,16.36178131236609,21.621424974538165,19.774036118130834,19.663186940031014,17.789312818172505,15.882060930808402,21.961166701227693,19.76115428498823,18.051326062184575,17.4584156000582,16.120465008479712,22.243459078299047,20.14439300684471,19.1914910779253,17.736849197396136,16.05400144513903,22.19426892919487,20.069502503312854,19.19644193984474,17.58678827788661,16.06513105716209,22.02582974324672,19.952367606050203,18.980360781888034,17.676509514494285,15.93906376748291,22.081515448661005,19.76813694720993,19.11618772630917,17.590764859469044,15.944707383767692,22.169422409727332,19.79054266884904,19.379530518757537,17.540856520475046,15.970701537483555,22.22517399863664,19.81181042954355,19.338004035025627,17.53424156596322,15.926882455937374,21.96168872398343,19.618435729173218,19.326524014259846,17.51223630365336,15.881421931214465,21.729574463512428,19.852265675575183,19.284143560466624,17.399560226542235,15.927715658254595,22.017891175188318,20.19836010202716,18.873992319679328,17.42299076432989,15.856816117143065,21.74689473506778,20.041490979910378,18.584733844193885,17.44981298078992,15.71081342354599,21.677099860650372,19.971743824375135,18.663127502848557,17.36657937336096,15.744237401516248,21.926380561967303,19.789206948419867,18.579718730276745,17.30726909377672,15.773557423888889,22.28870201886211,19.766631255503356,18.62200951398729,17.463461741302588,15.713559342978664,21.891787543908944,19.713604009187645,18.587957127791707,17.366239498916155,15.733778929814102,22.116928512597877,19.887294448366976,18.74215748684969,17.44974961336511,15.822136978891876,22.00720267516498,19.68984342998712,18.56481025346173,17.471855063737518,15.818374043873888,21.655006608472753,19.780401852932187,18.540649705968978,17.54585366727145,15.824719501112321,21.69891544130133,19.742021314483516,18.396597503187287,17.455638257774876,15.857886776112263,21.74928397445121,19.65888201270168,18.58767200696324,17.50487020216749,15.847138683392796,21.716875482595167,19.74957770736807,18.832208122462582,17.454028633421714,15.83553006025428,21.927065464150612,19.801217410744023,19.067627941163394,17.465772059457535,15.826013825716165,22.04214468214453,20.005731475142614,19.199515424274466,17.398513984434434,15.845821414673555,21.760587038309563,19.93384614118862,19.36579126714445,17.359552700558737,15.847221871105523,21.94012465281136,20.021555747755446,19.36242400148144,17.537199155724558,15.92950537185909,21.86455903031821,19.751150007121158,19.185723376415744,17.62288297924564,16.01292136171432,21.615864963171212,19.899837598891217,19.064548707363365,17.797222794078323,16.08774372090384,21.783651945599935,19.625089159649242,19.018076808479712,17.828462753983693,16.153280019653266,21.97808872157563,19.828383298411534,18.91997665423687,17.869754147185382,16.163670644938612,21.958229842427208,19.752085019500477,18.885393746865464,17.838845329322776,16.1457785464903,21.922269565259086,20.084522305897526,19.053970189596118,17.753799826981577,16.00006811296415,22.134317468085992,20.22232171136787,19.140049841877868,17.61283711604591,15.942781469968248,22.213630819347735,20.386602128205574,19.164430829600683,17.6691680380309,15.935650624520804,22.17797493726222,20.239158486644275,19.27007827392095,17.610044433788968,15.997553055506803,21.80289388820378,20.15693388704717,19.17070616261054,17.50323691655001,16.021461344905532,21.616704437656814,20.090587763831447,18.88958608211413,17.49492544205797,16.055646155530567,21.593721813885885,19.972170788666027,18.714500903207377,17.38094252898177,15.995076661421445,21.321790523704788,19.978628445113003,18.65062785444651,17.3636976705293,15.905445616044883,21.32745621408198,19.957385143593676,18.67463241090874,17.370840460093433,15.81238049615809,21.39545882239424,19.861667696918754,18.71809499340059,17.303423360881357,15.768560041888662
24.83599430225291,20.96270105437942,20.865894911539886,18.753531959331873,17.455073678773406,24.10991695914174,21.74672609679263,21.111638334399778,19.38836688319934,17.030107802543668,22.36811449161675,21.30692747572895,19.995652477437318,19.00448686419618,17.377357759835586,23.300435908212986,21.444878100242807,20.917014855859776,19.228691353331918,17.766584067692595,23.71729607213409,21.538260039799546,20.680039963280635,19.092526264670358,17.25196745044974,23.008147209870383,21.344023284557093,20.644036084431992,19.05959151648239,17.107135777191623,22.615491164941826,21.12040123368706,20.735516422583697,18.874065489101003,17.119244992371595,22.49602251217836,21.160834735563324,20.96689951851158,18.758092204802875,16.955471326387094,22.437576213309264,21.179637483328804,20.902539523452056,18.721069784235624,16.772995495959098,22.48627625295867,21.184692338341645,20.91176991227628,18.72286905441497,16.927991286006876,22.846742434691187,21.47421559587708,20.79048397425411,18.80339857390748,17.037692782269684,23.32498656524008,21.758783630444526,20.475663945779107,18.83761032834193,17.016512810468356,23.623821649300265,21.686988772850224,20.267936498569252,18.856885511591,17.131412769837983,23.732273987834816,21.528153170664833,20.176283285348596,18.846047624280864,17.339746969733614,23.756009499626437,21.447687930422624,20.0642623302554,18.76598197919404,17.26548719350044,23.73591068031319,21.448279868047884,20.15215835192435,18.70498952711131,17.206932178914304,23.204047863760472,21.546491474812807,20.177842596442012,18.555599208099533,17.297558807791344,23.246847164802467,21.56612280647917,20.170451722395285,18.716620166858284,17.400422393789132,22.891206389996835,21.38022661524986,20.287028425888188,18.708867747040117,17.31995727233922,22.55369655999107,21.275779852265043,20.4132255959666,18.712739879858365,17.377345433604635,22.697151940608002,21.367666969375996,20.353093694684578,18.57109709604597,17.472693652942382,22.901977033404023,21.11920383610846,20.405592771442144,18.769538641474618,17.424343379109786,22.973554771830862,21.28197423692763,20.441023347633113,18.68580525812996,17.517975104576184,23.308163014483814,21.394769691719343,20.519714727039325,18.76684157398328,17.562056586040868,23.42563656979295,21.634983536070827,20.569174529563806,18.890705560232398,17.647417315087235,23.471633735519507,21.48035848831187,20.653828624866016,19.043258083482378,17.800032390121515,23.36647025007348,21.63610964396203,20.49340217812671,19.12887641535513,17.83253614261308,23.22184582113643,21.399456730544916,20.436298521285643,19.23282700115352,17.7127336607242,23.034100935333647,21.705063237393933,20.344376313757852,19.302364711868464,17.701816079043233,22.991876644958086,21.37781758478042,20.175166818976468,19.13397614741685,17.614930007335307,22.86172780297914,21.64357616520014,20.13997199031565,19.066964379350374,17.4409576160621,23.068370031333984,21.43252275496492,20.274160583483216,19.00040726217834,17.41385674404767,23.142721896355855,21.683561400876464,20.64013087512512,19.084701007565734,17.39084382459661,23.570148318377683,21.743808112807006,20.664492464382928,18.92595573946792,17.298652261813494,23.661632303877468,21.964668906275616,20.823503490204583,19.174993662572636,17.32196903718098,23.720761429976115,21.704997365751986,20.864209592247242,19.196191035310147,17.314746208955345,23.65075233076172,21.787639844321173,20.825090193086925,19.25103981519564,17.256523851144962,23.40554736668631,21.679217961585415,20.41403910892307,19.044071809168877,17.248179777078214,23.264802601120188,21.606238353135574,20.419121378638813,19.031268762244583,17.31851370190938,22.97519385652513,21.530354086656725,20.302832917687233,18.827966341900545,17.19004135848504,22.77974151428065,21.584711967162114,20.359239701505917,18.85496518055734,17.17659001671299,22.57507243590091,21.275244577618185,20.318251347101107,18.71278768921342,17.311390549922933
24.877607717209905,20.961069402660502,20.87824066144652,18.834631297645604,17.389991594544387,24.15477855073865,21.806606744381885,21.09037520370984,19.38936586987352,16.98864899582966,22.311467051956328,21.349899682467843,19.98059792630566,19.04829983716696,17.411829187477448,23.338789632073834,21.571017496046817,20.901633049815796,19.21750222584796,17.788556699415338,23.739886731983127,21.58622481749101,20.668124755282896,19.10931629548701,17.279555005141077,23.016844153014596,21.39712717734328,20.640548456324368,19.072370297257628,17.15165576121694,22.62660522677022,21.144140863816354,20.758595476792813,18.894745158127485,17.165864689350535,22.524615258795716,21.17838068878751,20.9927254863592,18.77800310657785,16.996330675851922,22.455766285994873,21.176744295674755,20.93201216637857,18.73588426515741,16.808111933248632,22.49328571474351,21.188468890460317,20.955125278095352,18.75127748456591,16.93030710877166,22.864962318192983,21.48530435845852,20.81249515920873,18.822482647978426,17.0400815766423,23.33586047814905,21.787858283220743,20.495012192836825,18.844685912432887,17.05578238478113,23.64043332075923,21.722606874321492,20.27947720440285,18.867107901600654,17.174305744901893,23.761235427171716,21.548183732330443,20.18495363927722,18.871309617310022,17.38964341188116,23.79486902603139,21.462874253667692,20.075018814804338,18.79436700909519,17.316109342140848,23.781854707428053,21.461315079798833,20.178332134842645,18.74880554394455,17.25769236176273,23.239215061893074,21.563721263463,20.202839428679944,18.611986327193957,17.325508941488923,23.27999025419712,21.57445193070325,20.181341289175762,18.753883245189456,17.412561030058452,22.922837173139886,21.40596641912412,20.299672988484076,18.737945233986,17.313467337850376,22.573725298330878,21.2923830388094,20.414497761602412,18.736786970636704,17.371444422608032,22.706061604963633,21.365054700612117,20.38024228584812,18.595080815021046,17.47726273563067,22.924418263927215,21.111576703502372,20.424821901692862,18.789371900047513,17.438005584344097,22.991566527888317,21.27856124201157,20.502365225160794,18.716609612033416,17.559803694325772,23.31808857130442,21.397590775643117,20.58287999206174,18.804483831749717,17.641399644042227,23.43449157665202,21.64842233940565,20.631590684183156,18.916599304268697,17.711118312164395,23.485378723948422,21.50805848540902,20.6722301616124,19.062213562009173,17.85861935847938,23.382074565647855,21.663305536663362,20.50062557368144,19.146691362630612,17.867240815179994,23.238707132656895,21.452497415393157,20.41608411908201,19.247811252127676,17.74447326197543,23.047609015581635,21.750757347386298,20.344221997977808,19.312955895587073,17.715819458425354,23.013684900805156,21.39953484712629,20.17724407134695,19.16839265579374,17.646857948492606,22.881268864747344,21.667680157070574,20.142030860368493,19.08556565822723,17.45583449747865,23.091200220866874,21.460195151982592,20.276480042456253,19.015325448973364,17.43274246342003,23.168599427569397,21.694974789863284,20.652939269948575,19.096586131207673,17.408464601539023,23.606570117178443,21.7565048610016,20.659379091464018,18.951275467064725,17.317004112900072,23.697057061786786,21.995451559698513,20.81503470219184,19.19392561281436,17.32077464867926,23.75049507527445,21.720097123909408,20.85868001725931,19.239145175656233,17.32701552948636,23.662463098771408,21.79132133879704,20.81927292108761,19.303140916302006,17.24525655771496,23.406832548091693,21.667665861606736,20.40278609640386,19.10946159722161,17.203114118968138,23.268536014216675,21.58804605000476,20.40948775164245,19.08775881615083,17.249486283889098,22.965384693297217,21.516662692753737,20.289303704473134,18.8643030565252,17.150230135569977,22.761599432786245,21.579623036458315,20.368042137644125,18.868183567026897,17.131315885150272,22.573693326238384,21.283912438421176,20.337486829544275,18.722355818207326,17.28090956982878
26.84342265605065,22.133662912432932,21.370556165960863,20.60650958410181,20.46082381634034,25.62841505350677,22.805965027110144,22.172546472296432,20.84405925233155,20.169641004020136,23.825402732577444,22.397351263426604,21.107102052613346,20.451422016684024,19.69681863695367,25.294573490986494,22.51143108340401,22.091213100529174,20.997513538125045,20.64788642418017,25.505567524195353,22.650487498845035,21.589618619238514,20.750395786503027,20.2084235763767,24.495364898531115,22.45942000103434,21.647295528134517,20.753427569575614,19.988644866914292,24.087136174202296,22.258180167746605,21.670404962331922,20.659777658032958,19.948043760702816,23.869624079932443,22.26922658630064,21.876985746134412,20.581128580383314,19.898825445513985,23.708831293977084,22.228060245970475,21.66723594720963,20.459658505985253,19.684947818875912,23.513344040637797,22.23989657830454,21.696200199163695,20.52346490715782,19.72267091155527,24.152753183606617,22.478994978689837,21.59498522022767,20.622900000996715,19.89361517348407,24.532623417633665,22.698924039436754,21.30701397771258,20.6845746753568,19.81486709668063,25.016145527411346,22.6891441711246,21.12215242942566,20.77007053095727,19.997359340434638,25.288466187561358,22.553916156619298,21.112736178850767,20.93555855354611,20.352800314876326,25.44363751486299,22.505020964289344,21.011907904497992,20.87378795096999,20.25572873014976,25.33390196376724,22.622019603547223,20.99061128328913,20.743491517369,20.259465004254054,24.78517023528457,22.82386490664177,21.07069070582039,20.744912327061613,20.306417026444482,24.705345545903093,22.868750210800133,20.94491532559535,20.854421507128265,20.318842667623628,24.113870730529293,22.712517162714512,21.049731840038067,20.777679558758297,20.05347795429922,23.6138931847998,22.499040548161396,21.226256888948456,20.811731360583387,20.188165492628524,23.702598606299325,22.459232276322417,21.35087449404306,20.852072913125177,20.269776054280545,23.983666657171884,22.185731701514335,21.481740364396956,20.89183975284997,20.48375097815093,24.04942334152122,22.289853749160223,21.637869657074454,21.054915752334587,21.012325643460336,24.401764276740746,22.471427372208215,21.682424727940877,21.36956571469625,21.535879391374305,24.580679106115987,22.72980907566944,21.640838434634496,21.531482413180285,21.81647663787009,24.654683375958435,22.724379500308068,21.581971347869807,21.771923480523935,22.08728443687458,24.511527966377013,22.871642644176212,21.467331500176773,21.927190130702296,22.160668780302778,24.391227574731765,22.740541379080163,21.346803357388648,21.924846001095165,21.805760008849244,24.1327854589958,22.993334449165555,21.341237500142917,21.766545578843388,21.401988109460234,24.245892845328818,22.698878159420445,21.188885076686297,21.664775989612778,21.188994856829204,24.0735844411679,22.85419021645744,21.241576937381016,21.569527436454,20.891033350166044,24.409007473147362,22.71320543731603,21.166656686925325,21.45098767460821,20.77774031598083,24.31057609423079,22.69646957033017,21.483698417314816,21.346774388184286,20.579534779843485,24.767984606779528,22.71340911011271,21.43698613404911,21.188559996691705,20.486669655511637,24.869347709027647,22.9055748870948,21.630921524216745,21.24970613359251,20.370153828368956,24.977744236996216,22.705578050438067,21.649846188768773,21.163936353984475,20.339265140234644,24.770406327751328,22.67259538951968,21.64806504196968,21.19189002901591,20.17241895107774,24.563256045762163,22.764974220030272,21.353176492550073,21.128845364468113,20.166247414830327,24.569951593755434,22.767713535048493,21.40859349375547,21.154128097871872,20.235747671379418,24.180032886909768,22.779849457982056,21.335715991843852,20.921577253035558,20.281728574247733,23.88905729765734,22.806125171645085,21.384038922657954,20.867587179265097,20.23944757688306,23.700487820217802,22.630535609478223,21.332296504360045,20.767618310218115,20.386781162998812
27.85314456037032,22.368019648763635,22.787931594676692,21.397966606119592,20.071476756273192,23.964757190958625,22.43644695890261,22.01547386197995,20.721423223390342,20.099068780374754,25.17083478926614,23.406206543030528,20.547903995520475,21.47460789109667,20.231445471751947,24.525223698877973,22.96818890952058,21.629229273455884,21.388659898049326,19.9231095621374,25.276578739895392,22.71832727886764,21.908570659103138,21.251840311622463,20.040233279397505,24.39017900920225,22.54833813412341,21.69151728626136,21.10677518771748,19.82635816684974,24.45210195984155,22.623840801855003,21.62613659530599,20.936493559761132,19.686624595448556,24.008024036843562,22.303253430717206,21.86824867046286,20.717779963466107,19.46470689563044,23.813742993049626,22.175942028208347,21.979339262345796,20.393975341084968,19.267378857845348,23.865055719516345,22.156093550469354,21.7639459645977,20.221737922673363,19.110633110340775,24.501527551326344,22.23363969754104,21.676610841142836,20.20500048062676,19.17399751572317,24.569289959698,22.08110661505098,21.776995953271047,20.428815774016122,19.233690812032176,24.52087180973041,22.118447649879332,21.796884281711595,20.5296514273662,19.266033129819725,24.97489852183805,22.30200729095214,21.773667734691205,20.884375602619834,19.716331967967967,24.859373830743493,22.379457376477216,21.752300517055893,20.892645236996685,19.793356912038966,24.495306622417747,22.527537224390294,21.7264484336691,20.846343457916156,19.99575402624464,24.198287664656064,22.686623713675914,21.61008112589213,20.791480774530264,19.982757633381567,24.54230115997231,22.944564401481216,21.918990082643237,20.788003858205087,20.012109162501012,24.204016582824387,22.6337168340823,21.77713836105703,20.666310609907477,19.847831278198683,24.068332824354048,22.519419505594392,21.836959484398854,20.65352599673567,19.899442406465322,24.190944106196547,22.559130176611657,21.941968016402292,20.919869329974755,19.97871873670662,24.447760722354698,22.442518823080984,22.02462452979069,21.024168420097517,20.14933353829025,24.480000353568617,22.341826219105403,21.653141640845277,21.02687751657698,20.294633406706385,24.886387729606312,22.40269547930693,21.673259285823995,21.099795838942804,20.308426323998425,25.059129632318434,22.562740368475044,21.740628263393397,21.162514422590466,20.334439222661224,24.940839342918217,22.434322247302582,21.70364787109971,21.047378833266894,20.202637417100398,24.649740242921098,22.526758094540646,21.681633791937912,21.009753329972337,20.123000066492796,24.774968655241935,22.594566410499173,21.695296423140558,21.157637986146657,20.24176526550732,24.644947392733478,22.85948798414021,22.023474311818916,21.30517205367873,20.246428420845582,24.623604516427463,22.710257708149697,21.68479325297928,21.465374823634942,20.41513412597924,24.583398952137827,22.80792894947872,21.814940801018103,21.476274200684102,20.506877536006964,24.842626929104583,22.825839143411226,21.689986505632312,21.550919583174288,20.53880800448307,24.556953751435778,22.739420867014665,21.881983401160063,21.482145750293107,20.385386700571395,24.64717856014345,22.7437126511293,21.61138295998264,21.375609078490022,20.368208219999595,24.541498246985203,22.78490419174023,21.825468205426276,21.364415136940877,20.271408966936864,24.59983539304439,22.919696220681335,21.844042102751676,21.397629880981334,20.321671505956683,24.667860021685676,22.79571539158677,21.88809968215968,21.3447239044497,20.252638338179374,24.590906620979982,22.941520225623197,21.653783311219428,21.32086150470794,20.173210914323157,24.047029995248145,22.55194111344369,21.61939193882781,21.292245457594742,20.122819610608765,24.141318029959045,22.361842091939643,21.621806169488487,21.28441048598934,19.99662460856171,23.710999527089385,22.362541509973937,21.482096306047822,21.110990805705573,19.778727438815004,23.242904846796513,22.363124212670055,21.366886482961394,21.009311197953597,19.824553466792675
27.210377838142936,21.63823245668203,23.11039571886318,20.297579379417574,18.990713074640254,22.97380330439681,22.038103501426328,21.423338279414548,19.86979195742717,18.72833958259254,23.70430011054849,22.32234941639321,20.52448500472244,20.100755486386735,18.378986071652278,23.414815000121823,22.534237647222795,21.067299366163045,20.346052150748218,18.734360830973813,24.307815677422735,22.011387173346826,21.77638695672103,20.275193561086272,18.695186375190303,23.51979615543585,22.012762416598246,21.359590776735082,20.165952817610382,18.51113048294384,23.676059416962556,22.053398827727328,21.400704870693392,20.016322418111347,18.448389548541677,23.404532668451903,21.851222784416258,21.59559394100464,19.95512797139002,18.406114966518455,23.36053886411934,21.715527023984343,21.788824639634782,19.772211022157517,18.214448440448717,23.415788023731476,21.81388013924077,21.481538756298253,19.619638673517976,18.09762410871979,23.956842048980292,21.83649784453827,21.41815485603836,19.693998516382223,18.115899570494282,23.982371430947335,21.673877772566883,21.40924814043531,19.805233232372327,18.029321481158824,24.00254622899036,21.766331548648516,21.37470023504593,19.809403132848786,18.001632776210677,24.270072967737782,21.888688488422336,21.281693367555572,19.88911651214178,18.283325724155958,24.204591593954465,21.91532327627656,21.129380833354375,19.758646815138423,18.298853282449592,23.921534873705518,21.924929472832577,21.19300275186803,19.640640123340336,18.330765701963035,23.589333891263653,22.053573849807787,21.189719137886634,19.595820955436217,18.409855681721098,23.73823008526299,22.154540212892137,21.612142157950693,19.629338222067044,18.376031333098364,23.539719298303382,21.893696827738893,21.471514306771294,19.62996092700964,18.244394840011182,23.308995160008823,21.893269462788815,21.673380823044795,19.64091602809814,18.291534931700678,23.290177346785704,21.96001451181138,21.686491343212783,19.610141923322963,18.34943299167432,23.52700685433755,21.91891327748342,21.62078879387469,19.708226098433652,18.37444534137722,23.582317541246862,21.85501840526723,21.195224109709617,19.648686340502678,18.574599110232633,23.882398249825084,21.82492133390858,21.255365050132212,19.67009401121852,18.75055112727167,24.098946993276826,21.862905320569553,21.25788900358922,19.787601551792864,18.777334215476028,24.089360514052082,21.820345124431455,21.305681991970026,19.874983741761813,18.847364687091787,24.04839806861984,21.895572870806195,21.330741046843116,19.92944707608619,18.902417583251207,24.320995467647055,22.03969513893588,21.342887419670266,20.030134753526745,18.900429824971273,24.149834608788403,22.31129309104765,21.526596713912983,20.15826316981866,18.715026881592184,23.7862649957117,22.15633910483561,21.25167021185755,20.18594483676019,18.81888218085458,23.642676969250367,22.07330360874839,21.27918605319405,20.14662021930282,18.809960821434924,23.69363102207057,22.04043634991028,21.220332539885106,20.103789184623132,18.768417725527282,23.37474503980604,21.916154844965877,21.29717838890594,20.099692275520145,18.688802169805268,23.685625265762432,21.964653311543756,21.131361581637254,20.071548704790434,18.769523947437193,23.838830884838988,22.144108278498194,21.25195584898342,20.13765337753979,18.661442809070426,23.884628125070073,22.315530932531537,21.268026109857285,20.247248693986265,18.638803649088352,24.037528474153163,22.19997381032018,21.21729092551957,20.22028586559141,18.668745003379783,23.73274618857108,22.33953259958826,21.08179471780402,20.181155231159316,18.62086763198626,23.1358220907643,22.096734075470753,20.994527562742263,20.035351716650418,18.635991015082173,23.400969353157745,21.8584651291848,20.95762669973625,19.993451465546745,18.60852395751926,23.020965029390286,21.977436767708262,20.846587377887325,19.815654300143827,18.568439216014966,22.66285461960657,22.05685434661994,20.85036178376237,19.65238378319841,18.54388599089081
26.05766982353558,21.014920692491224,23.318446228705614,19.44165979652668,18.073580361407537,22.645028862399496,21.247293264519847,20.764771814634926,18.91633849051291,17.80650812885178,23.44493393241297,21.192089673061236,20.237238617098217,19.263284083785614,17.604920644809074,22.775535739294423,22.452098061686513,20.750215730503477,19.601621230614413,17.77374287169905,23.668657880451825,21.316733582930077,21.506197257195257,19.531041745462197,17.851104912632334,23.055140758557396,21.42087726261327,20.93983533629945,19.45459597562702,17.701498430431155,23.175350215393493,21.484081891482624,20.996356969927948,19.347898811547346,17.626665419182135,22.990716460199245,21.42222962907627,21.19184792349109,19.375945241324892,17.555139761396834,22.914737448688047,21.14522033968191,21.387277688698084,19.279938313301745,17.415437218088186,22.977591956575615,21.335648661137192,21.071979891200233,19.098483503609884,17.27285002876466,23.382537980720198,21.313801787493475,20.9899879392518,19.18588678853592,17.257465551581248,23.306223615269765,21.302042247583376,21.015070138145195,19.33741056365582,17.230133720205043,23.204440995315956,21.287330290979774,20.889380324000662,19.31103695134192,17.266633836731756,23.517923193585602,21.45326345784199,20.812449461439048,19.27787555911915,17.42197255987616,23.497171249632288,21.434436498179505,20.64648875480671,19.111163621729396,17.441095385667076,23.29914516376083,21.413248240554562,20.81829244816821,18.999986760873583,17.43613875532542,22.99728323164772,21.370467474859012,20.887361335666917,18.975579570900916,17.50565679833249,23.003247582996927,21.560728161729436,21.368496774461082,18.990448117909935,17.496293890110476,22.675384146220306,21.28263587096253,21.154770840682716,19.049510406650292,17.415126783825677,22.445648390473682,21.30105182240739,21.369501447188895,19.09491788624399,17.461712001074588,22.38840619742726,21.428579056575387,21.287275565739275,19.034268628299195,17.524596037801892,22.763092498558002,21.3675783309451,21.149481880306098,19.026603907797735,17.447539903519363,22.91297930720758,21.301260084911583,20.708834772905377,18.913399471920382,17.53734785148717,23.29547440483926,21.344961093724315,20.758151861695318,18.93574354099615,17.763629937941513,23.57175549504093,21.342775599290622,20.745936847399104,19.027940371915456,17.8000239166502,23.512153828511753,21.247021358843,20.822557173311623,19.143436618315782,17.854953280540407,23.288744671299263,21.391294180829018,20.816260561763187,19.32499111787295,17.93198593089293,23.49576357208084,21.538045808864588,20.879107893844882,19.445806719055877,17.956931895346518,23.42079796473365,21.73039105736438,21.047379437577273,19.551654282368666,17.694102077334154,22.96065576166047,21.685490858299683,20.8031215165903,19.465264923040525,17.608005464367476,22.894275134684925,21.63805603236819,20.70895665203502,19.415121056865427,17.648957882838666,23.22488504634921,21.581286180155274,20.67670445592042,19.303905412234325,17.65805850145486,23.086454179158373,21.394079930165507,20.635937188378406,19.35891336934136,17.65689623689616,23.336743831473136,21.380127134913494,20.554456713692424,19.250505566442115,17.802601659870852,23.515750222899747,21.461885094450622,20.64186767394897,19.35839257115935,17.888061500589412,23.573851033685926,21.555491833044925,20.671275522104132,19.456333356216373,17.80539724133525,23.544040676776195,21.439375685178845,20.625423281573795,19.392922945463432,17.834241618066933,23.303726574270524,21.638713467411712,20.567924686569643,19.232326103164578,17.74422925482678,22.841939603253905,21.5277799273394,20.37981117205975,19.078772127731085,17.76636121189279,23.026108468425015,21.400200158016066,20.403201425586115,19.072171183680215,17.691642193974587,22.841100534556052,21.517358132186587,20.45517211111993,18.91794447699475,17.6118299524258,22.465026676884637,21.611732998218482,20.52876745849177,18.825149140273346,17.53537335628348
25.595737172994273,21.01545620591507,22.826370297378332,19.08932813335252,17.435475372826556,23.12856015313701,21.442481338280583,20.18886226202033,18.765519159904525,16.293406628523567,22.45098037620054,21.304096944525103,20.495605280421536,18.548861379299627,16.639053275853627,22.665696469523656,21.783853750325967,20.79237984601955,18.634300339422428,17.00343865218718,23.468627790422723,21.36654185315913,21.226739734581635,18.94331019684409,16.86437659413488,22.932965098356988,21.38367920749942,20.74209135237723,18.91361398757035,16.771309279251533,22.732950657953943,21.250927335644576,20.849405487657606,18.750009744135884,16.807686516553368,22.70442654794318,21.11140188170419,20.88165150722183,18.763916976951826,16.746508624734155,22.84485216765927,20.874633456568553,21.00026463786371,18.717059351802067,16.662281534918762,22.72125279881085,20.93003904232041,20.668769031551655,18.572929539544724,16.541722030217112,23.025046890698878,20.9466860179622,20.572549504378706,18.566555315125907,16.468014960925366,23.150281594665714,21.049147055124234,20.556753705690895,18.71929924052579,16.432793083462826,23.18720581978915,20.992729513963035,20.473962993122598,18.76062352772447,16.52706189226394,22.94513851082244,21.12205878136802,20.25218710654027,18.74071085406082,16.616342509250252,22.87038317760336,21.06613985077352,20.086963129413913,18.62097167357274,16.69062811521064,22.586962601935923,21.018789543440956,20.239139103401314,18.50842446587985,16.67651755252295,22.397960580105206,21.02277313780236,20.321244277756804,18.531632172183986,16.768456180797994,22.59375524942366,21.22592951870309,20.831760300344335,18.642832725743062,16.810542949509728,22.69117406264568,21.060659801751207,20.669584622872218,18.716729709012036,16.6432528670266,22.459814003043462,21.107997257278196,20.904430794999524,18.737978642800833,16.641001347162778,22.372099718331008,21.127355748205346,20.80459864480949,18.726696387839887,16.717400696975236,22.513123083819078,20.967787358221354,20.590869302540195,18.59126766727281,16.735662148010896,22.192818832812726,20.91196944510565,20.008847010043958,18.308726476805276,16.685674479861277,22.356485326204727,20.885357333399774,20.249138030992782,18.289434096371007,16.993598313808814,22.59669414837708,20.83328065814183,20.221258358385104,18.369097876304693,17.014256625620032,22.823559290653154,20.852908502029376,20.250515937245005,18.433400974112427,17.067688239537354,22.95289287147215,20.890859154258635,20.257652852331137,18.640265694302524,17.08241765983957,23.25749298315428,20.98637938685248,20.3279689527728,18.69780190181222,17.008997115496623,23.142643333661557,20.976306938993144,20.23911948445449,18.86960991032704,16.689040569320508,22.944848590831338,20.90073749252768,20.086616488316615,18.802593580031058,16.63423560318868,22.73565737100943,20.771017217752554,19.942218666643534,18.71342530344046,16.59525707017647,22.68647959875664,20.73207536418298,19.862043025979727,18.646099993947832,16.5156495686322,22.680838707272613,20.649293524229055,19.72066993817549,18.823373670638418,16.597255578978988,22.97903780331377,20.86466888179138,19.623284943556786,18.764289718812307,16.74537683522788,22.984880087904084,20.93669226968811,19.62742734097467,18.86148149766222,16.825332473002927,23.06931989087743,21.067997738139283,19.728976952855867,18.936597311844274,16.758434533562472,23.109823116080122,21.155287241388137,19.773696385473123,18.888261653013366,16.79897684589909,22.969885066701014,21.138831373940782,19.90439480518797,18.74724662395111,16.732849399215116,22.647099515471105,20.940526187517165,19.708287228475676,18.501536650121064,16.712510964929596,23.05856051576673,20.72737203622742,19.823325022795892,18.51346538973532,16.693142931972268,22.861374810893174,20.77972548993123,19.749542785663998,18.48174231272754,16.62752810089588,22.605461815046198,20.754846755691524,19.935069008191498,18.308098969959936,16.568369653605707
26.861232859251825,21.4459442090807,21.21109670016191,19.028009946285742,17.583834816404632,24.02436002597121,20.97191912946773,20.583491853557092,19.453305082254595,16.68387357101377,23.571089551085862,21.456883425953347,20.624072954108918,18.97550115339427,16.881239211401535,23.07635779156639,22.37843378143135,21.24202159535131,19.010245618986986,17.24824807928773,24.44305525269672,21.717931856709676,21.0343792166921,19.254714185319557,17.099423048530227,23.855447817145212,21.503737508730534,21.021096506675455,19.207291908945297,16.915173723366003,23.690725697777545,21.570538798829237,21.131573734832294,19.02018674814328,16.89754532326097,23.402332678218936,21.507561221102158,21.23309900978345,18.99933002708872,16.756013468456533,23.547645462241785,21.38345109595696,21.331752837390997,18.928055554657607,16.65535736556194,23.147670673356586,21.319535770435465,21.22657531847979,18.805409364718688,16.51689022703925,23.319086855882375,21.46227898703612,21.0152048229098,18.92294878249901,16.545855202458693,23.30707434940631,21.607054825726827,20.997774456889704,18.968007445008073,16.482155991781635,23.372996735847916,21.58367593436328,21.01920978960918,18.978600066391113,16.64244610360348,23.438008502736075,21.626192027946182,20.646406981982544,18.884402163971743,16.74991760129188,23.519318243466603,21.53870182084114,20.346511458407527,18.794112676296535,16.865805411812445,23.057280547835923,21.593253781794267,20.473925572620935,18.655961855462426,16.93647023284306,22.747448389990392,21.721995103105275,20.451386565606548,18.66151651172121,17.123028578357793,23.026681151496362,21.888058165587893,20.73664174662168,18.882803362037013,17.12327585847105,22.725120359322514,21.811296584973455,20.861505179705865,19.044982379973703,17.07639484130935,22.520907870661347,21.87952456330273,21.208693163765094,19.01650203299212,17.04587536289423,22.750369131932732,22.020711172020356,21.150426457597074,18.949068516931582,17.0111967498371,23.045183142251965,21.82663870178761,20.965018779961845,18.98666425598551,16.99373871635628,22.884738798688055,21.655032120034104,20.58678147543587,18.728275073811677,17.092153408485864,23.097698305940764,21.618882715112456,20.633669077070515,18.750810499853436,17.267236407393913,23.37058578601745,21.80686444385605,20.5431789015387,18.897045202121205,17.257121116711815,23.52370242862226,21.68478390919113,20.494374252071815,18.94873051692774,17.342989089484725,23.31771219520636,21.597614072607872,20.49850484791326,18.946067954332683,17.366760206203246,23.488962387397695,21.804893818839844,20.400517094352217,18.92644880988776,17.248737272549747,23.40393087708528,21.842184961931395,20.319221755232075,19.03395506565068,17.065303051068163,23.106450951492796,21.517140686830594,20.112645689956693,18.924650146931118,17.097115562050643,22.677896482051498,21.5113187324965,20.04588818904388,18.875091036043163,17.04969256166468,22.801235866427344,21.49755769012584,20.122995258735056,18.942694088940183,17.012144003095564,22.586715819956254,21.53445820431521,20.089340013634185,19.115440380894228,17.078385706659503,22.88190312215964,21.59428164306008,20.070596045065464,19.07217931330747,17.183659912396074,22.99282747225432,21.782451862872552,20.294462044686647,19.318136552943077,17.252373000745866,23.301536534853557,21.807522680205217,20.4687698366599,19.472398639057012,17.281338865824814,23.372037645108783,21.820785779702653,20.31345819529414,19.41158062515933,17.285788594191057,23.226411241919937,21.667137825101406,20.41537650180431,19.273611883641347,17.283959484752938,22.778461490626025,21.416168508764645,20.404481885180214,19.184725035093027,17.24255318187568,23.09046200829487,20.96937957808321,20.384733623100885,19.06860763750897,17.218452280101793,22.769302059576223,21.01539055611988,20.16875722303218,18.992118651374938,17.097879053670464,22.57736365237131,21.05122982190502,20.36316701568582,18.860496303377108,17.12922675667351
25.54671267139216,21.339990226063826,20.383439525548816,18.292422102071598,16.683068186605922,23.90237477796822,20.991343344152583,20.501881829055463,19.47736677783397,16.406501923944216,22.772288453989898,20.20936488179417,20.241275477699748,19.000470441505453,16.624244990317965,22.01923771967836,21.892949578276735,21.059070694470787,18.636267623497158,16.986311013696096,23.695871327118077,21.414512024957503,20.520226311948818,18.841950230589386,16.69880698291908,23.144009805704147,21.16762957513684,20.593497416044407,18.894245782984115,16.681224271694564,22.951823726172112,21.07609345166674,20.700204894059716,18.627532452110916,16.717638937540563,22.877779928121463,21.316423445382203,20.816558878936576,18.575005815603525,16.670268506098644,23.128452144559155,21.221087325365282,20.8127624800371,18.548310786555952,16.628573417707504,22.68395004207336,20.968070586471732,20.917184020719056,18.570611250681445,16.573180584265614,22.838419903788868,21.15721701033619,20.780149153456637,18.620398805372027,16.543924596465022,22.837485862037063,21.39328321935686,20.710537732486205,18.678194350247487,16.54136404687634,22.894282323439324,21.068597312307705,20.728927123673902,18.688895572824997,16.622110831392263,22.97316701885528,20.95096479845244,20.41924513162595,18.618059912882977,16.585098694212494,23.11660283259726,21.043289225652025,20.204508723817685,18.553373355222725,16.591734108465886,23.051684963108585,20.99191285316858,20.238388855456716,18.48679000963578,16.587261502861395,22.581229341774623,21.10586638813196,20.12600044385179,18.36465406757505,16.66331540891884,22.833180034082226,21.308895554777983,20.24012099046533,18.557086734206123,16.675446494793256,22.54366209601652,21.31249083931511,20.466693087258182,18.678997995153598,16.669254203634946,22.283104257988466,21.21673429918759,20.669005592194928,18.69915256113857,16.733061891498046,22.187649275640105,21.479000921191208,20.662484187407653,18.638240735245027,16.820148133350287,22.613739982811403,21.409768030905788,20.595822595340625,18.798332152461917,16.74596350991008,22.468759809201515,21.44359620026829,20.432137383494357,18.514571999771743,16.84626500387455,22.571102179944354,21.59594162492865,20.547572491665054,18.52961383994526,16.96250263845205,22.907841172469467,21.909996342232205,20.54551911203445,18.592553615712497,16.965840259761297,23.165941162782985,21.750822332215705,20.518532035674898,18.668894756657863,16.94430560692104,23.020761159119534,21.590273477872458,20.525008202727918,18.798240390795748,17.006161822523715,23.078152382233846,21.677446910501683,20.346678386687053,18.833197393062257,16.91662262444374,22.96391176301641,21.641165889464936,20.07697357068451,18.888962526201517,16.847238107786797,22.696122380689793,21.262897615908305,19.80008443340514,18.81355311474935,16.84932107321568,22.505477836491263,21.378275099265075,19.671245604015002,18.670462659041316,16.897397954189866,22.5660444683418,21.327149860254334,19.703598147567,18.613279796899633,16.883692858605603,22.542685046462047,21.431249852064457,19.830742793757487,18.680954895846792,16.916714124553753,22.925430006381085,21.591433966709296,20.00788865149908,18.66746469767414,16.93840162031578,23.10559449008808,21.81778229792094,20.25549312393041,18.88967138213294,16.937912519206648,23.13205458223764,21.6067610064465,20.5690459007956,19.073636115830944,16.966986267999715,23.166476891175666,21.68342378633372,20.48482710347008,19.0353409566101,17.000379035870303,22.923060618563092,21.515338159915512,20.39576618920327,18.95167884747234,16.979706463477775,22.517019867076865,21.279105154948876,20.335770103606535,18.825022038879162,16.975309422635956,22.758371083094524,20.989162715513842,20.29113100453663,18.708206641930765,16.966285354124512,22.608241906747093,21.04085382622785,20.04721512978277,18.740378308707456,16.956724760874103,22.39757298815046,21.02599492139124,20.252114580110266,18.565907648638806,17.00204743355147
25.712335234713557,21.573102501833645,20.81946744628729,18.946171070059748,17.786409985777844,24.002413587575766,21.567822942745018,21.280206166992873,19.55776542449788,17.186987041261,23.745287934313914,21.65685107098448,20.166565212654596,19.049835751426443,17.340904260679146,23.17705136223058,21.84909585165146,21.28883518889717,18.944447131513957,18.06391548605839,24.307765361696823,21.857937515294388,20.76271023598249,19.208172601184465,17.568288427261365,23.54682916528239,21.612269687247704,20.74356138805715,19.19275381070232,17.419680294242454,23.313237755141568,21.458929970682583,20.849932275732634,18.94247808552867,17.409464515873417,23.07532790357617,21.535007508881897,21.1049252115536,18.83697026717558,17.309134540826662,23.134729479364324,21.423487507989222,21.025486747842173,18.84032240685519,17.212068814549514,22.871966892811848,21.284258297256077,21.164210836137467,18.8214964543564,17.22276451289772,23.202806602926593,21.521816842027654,21.08245954389131,18.931891548560902,17.317955437820398,23.446351994909733,21.73903150330008,20.820090837401338,19.052730256311616,17.290305838086073,23.398583577550284,21.505488251599072,20.71419331339154,19.152536878418374,17.428350717054748,23.437023602540258,21.4145922880302,20.506622255036486,19.15908567840126,17.542570689784693,23.51145037095631,21.39564577553008,20.32649593692146,19.00845513034873,17.52237910161943,23.499289092505762,21.366920545504577,20.3735729897628,18.95674874454547,17.45604099775017,23.043453477039286,21.44743909937634,20.21288283202493,18.78119960941179,17.584964972041764,23.45952523998326,21.575137332912853,20.30838189485919,18.965882520452162,17.60617164728204,23.239538313558846,21.475500137086453,20.489942369602673,18.98498353765684,17.46785461688009,22.99462336266459,21.440962019157556,20.632507897743178,19.072131499041117,17.553310812058697,22.896103517230053,21.515491904935423,20.57237457135114,18.94763897889232,17.727668669821366,23.093160543921265,21.45154497863937,20.644030309825606,19.172560893783135,17.69954875245897,22.93214014577757,21.45137142485204,20.490631633767226,18.97526024546385,17.865754713310682,23.0628721121354,21.54845918822795,20.57403859586853,19.036236613669384,17.865852096360264,23.19679395664038,21.714456586426454,20.582002145562384,19.086727551551036,17.85316640222527,23.45616613128645,21.570354309569446,20.64097791051226,19.138502865463135,17.8977874634227,23.345643525676074,21.52615544378361,20.57380831059249,19.19376714512641,17.93333041745827,23.335038646838267,21.53526621637614,20.427558882752034,19.287813584053243,17.889387064808112,23.171195957099293,21.710977895077427,20.28410252603896,19.33210645902778,17.984952922711805,23.04095653866041,21.50601701258646,20.059976308259785,19.22723404704404,18.014626976261333,22.776538990742765,21.69162959219931,20.02118298668528,19.17841337349505,17.988445780322355,22.932517086480185,21.586244294901682,20.05644937961209,19.136011106895264,18.038055051909062,22.822773760478277,21.64207597613964,20.349153176087377,19.148019257768905,17.99580436452491,23.13871753849113,21.796629396112206,20.42661834558038,19.101204733017916,17.918030155173028,23.270126614732337,21.947714577782765,20.693394837236763,19.329315228288113,17.864452137823285,23.47845086019238,21.55000061698596,20.842917200008316,19.367756772010885,17.912019151500537,23.478681767422472,21.558199888230156,20.830478267855575,19.377947632980458,17.794398467103054,23.360998997117232,21.52828017898648,20.61269575705025,19.295167046059216,17.823795568625485,23.156643067138553,21.341453385455004,20.63627633658685,19.259958385883287,17.970660407810026,23.048389145930532,21.153331093465358,20.457065563596853,19.147161659010266,17.9275941911788,22.805147262801647,21.487153244034225,20.400859792265155,19.18919875650372,17.807830360439418,22.612029747798903,21.360981916619306,20.511269746090186,19.111708021478684,18.036609450248342
27.256609435726094,22.079118681798203,21.6353260297478,19.540693700972785,18.204162825585133,25.0661517984108,22.069619153203945,21.541646841067234,20.475904039319985,18.518592097069764,23.52074207384915,21.36943296026004,21.04233505615653,19.766733675545535,18.376174916632728,23.953132284709067,22.905504868167135,21.840803643852716,19.91591080684736,18.943904456252064,25.083305813735155,22.25557417761364,21.535632184100017,20.011265331385495,18.443065286592986,24.081866315588133,22.03259020814948,21.455480301279273,20.004704059132493,18.412354652399266,23.814320040643587,21.919144181863135,21.559950686972723,19.759183732152664,18.361923368314685,23.685864162480293,22.10309204181026,21.747612824595148,19.685317429726013,18.29712331502494,23.862114728875035,21.880084397536415,21.689209659152155,19.63607132043449,18.182782580816685,23.552985768870712,21.85943307843262,21.651708601351466,19.61208927567984,18.220750736185742,24.12369528243866,22.115166934302476,21.525778726219126,19.792579836845743,18.3156073639215,24.340956745883354,22.23091494328602,21.334966173861833,19.865228176752943,18.302059228015406,24.501603835308316,22.1374177633552,21.27123368894642,19.956180861182794,18.34600222848679,24.57586041735902,22.175350274180072,20.997151043924294,19.963700877207007,18.470935344284342,24.656066081479718,22.13427148322068,20.89823212215049,19.832057661238583,18.514334185225266,24.569662238342115,22.179390390576067,21.026498773418147,19.716664019742296,18.474779587566175,23.97644250634918,22.422796207558417,21.032783432415684,19.699914866420023,18.606145886752522,24.07683549977802,22.40331970206795,21.082929282090284,19.824848843504856,18.64257599886131,23.536299974868758,22.227228917867713,21.310998293289455,19.852457750256207,18.558370624850255,23.324042155271204,22.11446406900571,21.432715861516847,19.80493381973183,18.532754700320066,23.22725027041667,22.111994080601303,21.332822237685374,19.71707072394731,18.6177885501888,23.52498524014181,21.940983031881753,21.229174557623576,19.850616134048224,18.534965335346282,23.62276873434758,22.02689373202279,21.036159089489576,19.730105810845796,18.82693420152841,23.99492483987801,22.08154280921674,21.08560289968827,19.834386310063636,18.95969939393592,24.147388165388058,22.345891238414712,20.915751217162857,19.981554131186275,19.06887441867881,24.276498252149405,22.142137785582747,20.960553896916363,20.050474607536163,19.175793880431648,24.388268260882203,22.197524778886052,20.897872488192668,20.028130665694523,19.198810566880855,24.35506676131672,22.21427425179224,20.7581070487453,20.09832148199197,19.041906299134666,24.013562697140213,22.450353133045738,20.723360040910215,20.11968157875465,18.991112867995504,24.019925622827923,22.02319046910548,20.63511407501342,20.09971050120968,18.916141073430754,23.896141377643104,22.259367077573337,20.65573058622966,20.07855972158784,18.805789059447093,24.102860732302446,22.142587591049963,20.7614210766188,20.06502068030074,18.845628197780957,23.950402686313215,22.13619167092695,21.11088130237416,20.12527038774556,18.753452835370734,24.375269097339103,22.20321123080373,21.061499211362623,20.004995046136365,18.640487514548376,24.36480814571535,22.56841844753111,21.34150438070173,20.105330883094854,18.67751096009701,24.494751157604117,22.3423423165221,21.459643347013728,20.11532066588116,18.708909679064995,24.457645710848194,22.36759712450317,21.43120324556045,20.12358997449966,18.581679429686893,24.45092354479386,22.473142413427503,21.21932654503428,19.96643447611225,18.607410673431765,24.256935668149307,22.380659562136863,21.236291528639622,19.962883172235067,18.642703455644035,24.18360813734954,22.220973438628032,21.114900159968993,19.865633879005582,18.571120256080906,23.933002623235005,22.43115123113726,21.095932023154596,19.89352725157127,18.523424885075606,23.491923434855494,22.09558619699937,21.220790568989596,19.80866622078893,18.64707538724415
26.876223551203612,22.542365322143763,22.10774395695705,20.564441082882002,19.689152900528665,25.33482205580347,23.024331533223005,21.89287950951284,20.661822684218265,18.595503603674327,24.248032429505468,21.93217578444739,20.79442148966908,20.087266108696916,18.373598069874816,25.285918610886387,23.020223838283243,21.94220348209327,20.58245089068148,19.20911796209097,25.470728143869668,22.722756630163886,21.649564142526827,20.46128254654212,18.875669491313445,24.54202036963733,22.450738983813512,21.58763917419508,20.275948640961907,18.497707560036183,24.223005781666664,22.241095853595983,21.622482550927163,20.06625193331005,18.49079094178729,23.9387518051633,22.346757157225248,21.884906032597314,19.933034434159833,18.3937914743638,23.743690903132652,22.161705770618017,21.755737620598428,19.731538845361694,18.183507644290074,23.561671898619995,22.19841112016462,21.734963866675578,19.724751973558703,18.133781827929038,24.187466022709376,22.37670518922925,21.565776189646215,19.893952360237833,18.32419754574537,24.42780100008742,22.481796730953445,21.343108189316876,19.947087183723575,18.23358638441453,24.649007711260733,22.381740097397078,21.327101492159958,20.105039271671494,18.398246992423367,24.887433739060405,22.415322341438216,21.161869662690663,20.248545949058126,18.76490282249582,24.92718150195857,22.323570469820325,21.12775802700103,20.244845057186335,18.840707130679725,24.70936318116212,22.43009379113832,21.219433436863607,20.120489557190293,18.810225447964303,24.194476296244368,22.69129852263564,21.229449284642026,20.168584496345296,18.892864217142808,24.406180052573113,22.866237254616983,21.210696693972473,20.245981222826675,18.91240328757854,23.863863420165522,22.63657346372139,21.37115967956116,20.200151083829546,18.6911618891434,23.510416384537578,22.51361970558093,21.444240273858203,20.109002277837497,18.71039514967748,23.461688569090864,22.505291097340816,21.42820848062208,20.11251590532898,18.760871090520205,23.735528785584197,22.23450813751831,21.540227988195703,20.210870882624114,18.895798116623393,23.64826216820553,22.195687073254863,21.37315077923078,20.17253390909073,19.18730231035973,24.04897590002104,22.325344720553062,21.466680027196514,20.315688780560627,19.40044293801527,24.311069115345315,22.607537896805592,21.30654540415864,20.42436152579458,19.53692861150644,24.56144901108049,22.51347227683839,21.306863477831975,20.44800472342616,19.680335782129724,24.44475408489177,22.616319251309687,21.14003337456515,20.384969543104795,19.630034402972207,24.52354662307937,22.66254924278397,20.99556116634105,20.357301839400925,19.470360390132633,24.274281458046413,22.926184593759025,20.97371557632604,20.321214409006433,19.326355494445615,24.174982778420123,22.551026718432816,20.905886718014692,20.26856075818449,19.20640334713636,23.830582095314263,22.73873764098633,20.938117989632367,20.269128657697415,19.116648574458203,24.002460969534365,22.641349339316992,20.954355395638064,20.203565489488103,19.109798310240517,23.65342462850421,22.59066117066845,21.307433226301484,20.308234577582333,18.980716882628855,24.006679224827455,22.565033325837067,21.18309172031457,20.218897159513165,18.962754688743917,24.18584856406333,22.825904431029546,21.42001721321381,20.40422771333696,19.058223268910048,24.47907210787588,22.671905289917476,21.428300877971584,20.43745394226215,18.987558279026963,24.50387963471012,22.623068198645548,21.3875733028306,20.55500276383416,18.965177008947247,24.498503797639074,22.68073341181826,21.09535441578815,20.40546367715731,19.110704862916677,24.41864252433826,22.737521779723032,21.306938960109967,20.57350857839776,19.084550461787103,24.30573955516963,22.62912522384898,21.289730963733156,20.36821462663713,19.011743796399504,24.035551995723843,22.736663017549315,21.36725554058367,20.348694609036606,19.011184773433833,23.78913508858718,22.537766233617152,21.467878973344483,20.24226929855641,19.074501596522378
28.144877061528533,22.332806412506844,22.905634400418307,21.26470229859991,20.13039644847913,24.37016959594629,22.655255713360976,22.052289337093516,20.64562122961124,19.75526377637738,24.891807601715517,22.61591812688958,20.96752019115353,20.635269357906004,19.565612283383558,24.773199043137044,23.33909369611511,21.82310789425774,21.08236931133198,19.82272267078377,25.52628898806773,22.727362323346398,22.083637702403802,20.96056155436996,19.816908451881357,24.676199293666574,22.55442897057008,21.836370372948295,20.761427197526995,19.565804896369478,24.551281307324604,22.554214449524654,21.783397677232337,20.539077567161407,19.468732099240743,24.075446340222758,22.398021106660693,21.939604498925966,20.477834906645988,19.356230949030408,23.958929427993848,22.20252504060012,22.009204954980646,20.30247070337213,19.21423954921556,23.801924015172553,22.20021981864347,21.68791863695501,20.15475136659146,19.018799921440735,24.34309505204131,22.28853323081956,21.663361414127014,20.20328664856512,19.070550477376425,24.3544029813514,22.029194274738323,21.683977083587504,20.32160277167992,19.097268121534608,24.462208987767543,22.06275044210188,21.672215598882797,20.388868436318507,19.057137521563966,24.716210238842624,22.128204392029282,21.498651975967988,20.301399072057407,19.1991398740824,24.684111408444597,22.13636274847152,21.51337897996331,20.181954607201703,19.240530339276354,24.33517513826866,22.27730898642266,21.493011567604785,20.123034993830117,19.285722151070452,24.241172556168,22.586701473558822,21.44388894197134,20.145564172535984,19.302986214954494,24.50776705628926,22.836533490917347,21.841238779071737,20.106403439918033,19.373692331292528,24.324942953943754,22.591624627425794,21.826731997790905,20.199404746603665,19.25734859541551,24.031062207408105,22.503208050770354,21.901739184093014,20.168377192744018,19.340821105149946,24.15692183415019,22.546885804227735,21.806365887346292,20.156794135773918,19.353961651953192,24.36781133819965,22.445817424015992,21.807324431186025,20.26963266225461,19.30102553266297,24.402619900277834,22.32369832075351,21.364593630713863,20.246424181507695,19.358275470513938,24.628277360903134,22.320750060685903,21.43207124894636,20.31552898571001,19.584558500910056,24.997349484906618,22.488658955851356,21.4390328114749,20.36520398289469,19.526217845298287,24.92599124309364,22.317080168560572,21.51993394456975,20.384232737127338,19.633549266083275,24.718325420700086,22.38324648074269,21.59038785571571,20.37780520083613,19.707214973140218,24.816007161126524,22.425849364301513,21.621556878556607,20.43104138249081,19.746536104236657,24.66763481968939,22.726118526336265,21.76485863196762,20.59202387387341,19.47812898320324,24.353124044332056,22.55449918218255,21.521743062666946,20.69854512630777,19.557109730488257,24.157476999131852,22.667338091089228,21.533093397300803,20.70522358276033,19.546220903587717,24.27503785512135,22.63793429702391,21.41354811406641,20.699803578317855,19.529979521284783,23.961194085889957,22.56029627150316,21.548495148187918,20.694897758274372,19.446760628518128,24.20238287924581,22.56048691889389,21.386971202730535,20.588961303302394,19.554520377248444,24.28646348018335,22.6144113866122,21.638027681602374,20.728266084088283,19.52483223278074,24.4064809074269,22.660334027247455,21.655125210998012,20.740410534105592,19.38081256119627,24.48247252875965,22.593851143693854,21.537576983409135,20.708665990153225,19.331421839047103,24.39729075607998,22.742254127667582,21.355981684697085,20.666059106865276,19.329516559769658,23.701832536051647,22.44648993484709,21.317401564413068,20.538614349796482,19.28080973022221,23.954850874973836,22.202090213987653,21.290875285034378,20.45399007774075,19.225399362771746,23.515337831122583,22.317193425161033,21.27513904626439,20.31376573603543,19.194487142888033,23.219404196465813,22.367261550200432,21.35257544404725,20.185327560921447,19.194481117180676
27.674045132597428,22.32671584498955,23.26913782638371,21.354406124518377,20.48199382389661,24.009632166904613,22.40835493377564,21.704323649805676,20.364425678252037,19.469510343455287,24.28963564315477,22.360088322590002,21.04815230598485,20.327874548598118,19.46608731334727,24.18260950652108,23.25436473647724,21.645819510029494,20.805073475753602,19.6525017700426,25.103088421275164,22.49290169335097,22.147417955231592,20.7740017208217,19.751427786326964,24.35875646008471,22.3155357447365,21.751501764026635,20.540998761034864,19.37478098549984,24.340580679806358,22.306947672833335,21.778392347017462,20.39651592821533,19.261777559778157,23.965645964282526,22.11772427435793,21.879901838726404,20.367657628906667,19.118110039070107,23.879482148395958,21.845360340628922,22.037428834084658,20.189500693290846,18.94456143044645,23.709208941152532,21.93951672510766,21.67454612624144,20.034150516796707,18.728886036753632,24.166246890026308,22.051304646440606,21.690734660260414,20.082715410878155,18.808850917279763,24.146152743871514,21.885501551927433,21.675236291996974,20.14628765809558,18.866603702598706,24.261827298782844,21.959470052502528,21.69356233314369,20.202277224310908,18.807854292898828,24.49696225865913,22.1508353970145,21.47034823608808,20.16154066769868,18.995040727204305,24.435113365296008,22.108602257913304,21.411800732356156,20.064583201928656,19.0008072346998,24.092517738994083,22.173770634403976,21.42263462388779,20.017437492640205,19.045695275138694,23.918850689407066,22.382647086239707,21.392029034153552,20.04735091555046,19.031956556473318,24.15030174938223,22.610022472679855,21.860306791714134,20.01704836183411,19.128689535357125,23.814849510032843,22.26288708146354,21.790288753555824,20.083376152837907,18.95248493936932,23.482343214852644,22.19824819975535,21.936950946028492,20.013900998034366,19.11415598088994,23.562934400676298,22.258538628356387,21.8775481069978,19.95457335668319,19.122276168908098,23.69664261297217,22.14078741423497,21.798597681802157,19.989488435965253,19.080393621392446,23.570137587069542,21.974789466839905,21.279576707878753,19.94782433969109,19.136066990984524,23.981640663385416,21.940909072635872,21.36605092927387,20.02837260069678,19.44161535281891,24.441960875689528,22.110123852065612,21.33846687474145,20.117626761180283,19.369224457566038,24.470982074555028,21.98287080332252,21.318868137161573,20.120265290233814,19.469140028527697,24.261821993266608,22.06508495428197,21.46626795489812,20.17228078399023,19.569150832490394,24.545076275269178,22.167653312018466,21.484897026008866,20.206932190126885,19.62411706439591,24.342670524552602,22.506048410891253,21.641010715535977,20.353954835596532,19.35846585964372,23.9793380899228,22.34798076423918,21.3772205358071,20.444719472316116,19.41932078472463,23.664249752944635,22.389939078509002,21.46446317149485,20.485709083545323,19.34567088885974,23.886607625341657,22.345720727777643,21.37711219728818,20.483044789952196,19.33309041793429,23.572172039842073,22.294434169345163,21.42154825436055,20.512843554459494,19.26851485838569,23.896664656305763,22.272522464377765,21.251813784143575,20.3965139922225,19.315489153318815,24.081575676409344,22.346049204589065,21.528000191645027,20.527525498338406,19.278963167316324,24.28088675207878,22.45682366017857,21.488512070807637,20.568439491232354,19.207187518476125,24.439156696885437,22.395919417404496,21.360679508848158,20.557778807945546,19.19568994808016,24.281694518289306,22.55393049815158,21.293904616924813,20.56376750119023,19.181457243669495,23.649233310172217,22.316090734846988,21.226597266614235,20.470635645104583,19.209117666844843,23.813228847168972,22.066345715573085,21.2001625415849,20.403324832575073,19.2137007024214,23.423983008894172,22.126892741880276,21.2299062819966,20.19038718393345,19.19898477920741,23.066854600214093,22.211104809432026,21.273525791525334,20.051334409346417,19.13994090511443
27.76534262838221,22.260344286579034,23.1246008428366,20.705949604397848,19.80213061476792,24.167308358417337,21.89911962177613,21.381298539068787,20.25327948555716,18.44441716756976,24.568210631707988,21.822960529793328,20.926470404199755,19.881510696905437,18.601383940775865,23.886629272893533,23.04489933291511,21.57279904673135,20.264064578895717,18.755366893829354,25.097714550261966,22.255218975599785,21.99190510373875,20.434251275293022,18.90885633088717,24.34780235542604,22.055975389534183,21.637810361099376,20.209359405824394,18.500273500658075,24.320854238951608,22.12871276660012,21.644624066945546,20.01773833537921,18.418268400476187,23.908263536995346,21.969393446806396,21.782290767967186,19.99054542616705,18.22080096860744,23.87759778522154,21.79895438452485,21.934165902432078,19.879009648857334,18.06202573930785,23.64808883555842,21.89021226761383,21.644460677995262,19.705723479189466,17.834020002857358,24.03743677210782,21.998971602483184,21.620342777158005,19.816797467778823,17.914148918304097,23.96661721190233,21.871078030625302,21.655175352092076,19.862332784797594,17.91665506176017,23.934611590552684,22.014835489326167,21.61578140544932,19.90835893964414,17.991639422756986,24.18864306481516,22.09653613285397,21.347496921610276,19.78788073272078,18.103660881638266,24.275186944970937,22.06980516460485,21.129379549178413,19.651689498803268,18.099391094851267,24.008615190846246,22.107261074300986,21.166616585892335,19.618125654067217,18.140437781969666,23.703982560240387,22.32248938901206,21.16265378054699,19.656262780309575,18.189235100022632,24.058935983418486,22.503692513815658,21.678917242880985,19.74452811503694,18.254954843135458,23.669295857599785,22.206812860262936,21.57815516336532,19.86622571444604,18.12789976122972,23.22649708058392,22.129689117464054,21.801736451034436,19.84480214271365,18.24578888198519,23.229689942597396,22.24991377417855,21.740307222913,19.69208179728335,18.23399178035425,23.39970073538825,22.027667163293852,21.610026825556236,19.70016098420525,18.199778694844277,23.264822263579955,21.801069640545904,21.12367643696135,19.54725837813466,18.27503382053741,23.629902288206914,21.689677225350117,21.332687759577247,19.663710508514765,18.652409065218947,24.057672351847465,21.7994992489119,21.321751394360216,19.74365280605128,18.631362246726468,24.182331152506087,21.650721446017393,21.353452091755717,19.784633983307817,18.73679655037704,24.181076416342126,21.71923224447583,21.431859485345104,19.847526216227173,18.861732348280682,24.393564147896736,21.88938919681768,21.36554712407919,19.84756883186439,18.782540521173438,24.175164863947344,22.241177159540506,21.38328374761222,19.9236111693057,18.442269247509252,23.778586282592045,22.078022920760624,21.18142236641401,19.92221610018383,18.40132837791447,23.27889096686782,22.064975711523495,21.100566247691393,19.957197296474256,18.328654689053064,23.37150996198161,21.997209197251244,21.11227008332417,19.946494850657395,18.29938346142861,23.150043945450243,21.968701469160447,21.163503385114637,20.0499287035234,18.306591551940727,23.55524204635635,21.96804217049794,21.03066261653054,19.91976882189374,18.345275247229615,23.838543001850283,22.087147350928028,21.125528657520107,20.06141052958373,18.44277007943507,24.160546049660226,22.195403246351646,21.21688302026965,20.127045669687753,18.38174978248312,24.317772641959646,22.206347433603973,21.178424195340767,20.102273879547806,18.387566245065898,24.02661016899229,22.285609727294048,21.20180995380587,20.045240059129732,18.367485139799193,23.517427100417656,22.13227485297326,21.201796886310007,20.009116331645618,18.476952608233415,23.80091735463055,21.828708516493947,21.285902308651625,19.979377291560517,18.42757296247239,23.388280941317408,21.949760444143365,21.21701540264245,19.82257507106801,18.404669222820097,23.050112448541928,22.038291900458223,21.236222863572173,19.68685913409535,18.24671985127879
26.862064539965317,21.410576331464128,21.243439629315624,18.99506853335241,17.5483629259924,24.005154489246475,20.965983841918526,20.601307662449518,19.508133691763792,16.562823031034085,23.557972521455635,21.413392773326322,20.613957517246224,18.97980208730062,16.89858088981588,23.11427063257222,22.42382037771934,21.233893161299278,19.014254309858355,17.267648528250838,24.442695909409288,21.70572034081084,21.04714149022822,19.261218734970043,17.070557907303414,23.863322885854085,21.50087532870997,21.035725882470615,19.231523627163615,16.872949537942198,23.70603514301725,21.579647750065035,21.153626020627737,19.040941024443743,16.922866177383654,23.42667380771794,21.53769241795641,21.263115824524323,19.021395225243545,16.757535331735898,23.565691350232676,21.415878090273612,21.366209114303434,18.94587149523167,16.651484962323195,23.167377625041404,21.343730971793256,21.246849450291467,18.813976238095783,16.52010140845671,23.331299795500307,21.48055961986146,21.033242834006586,18.927188377590237,16.574954891063502,23.312663476307932,21.601704614831753,21.020065664768502,18.977643576505294,16.524693359359496,23.380637060293687,21.564170614692618,21.033479661408922,18.988096735307547,16.702069940295367,23.44124589326004,21.598728825718357,20.66005519929989,18.878205439163075,16.806490522806133,23.516203508686935,21.530500245413286,20.37854985169377,18.78300370880425,16.923552988365675,23.065940680603276,21.589677500835013,20.51281292558986,18.6446791242833,16.98070853512389,22.751439393732227,21.73899984087994,20.486067681100852,18.62653258372179,17.074802738199754,23.020746510665912,21.913162529274764,20.77164521562958,18.848969869729817,17.080007563048014,22.72811305902793,21.816791160846357,20.894387388053865,19.033859298534836,17.02962230290467,22.52489438117718,21.88713936308285,21.24166354227039,19.01122426053432,16.99284526346013,22.738566392897447,22.0225528324228,21.17726547614969,18.9466708418642,16.95896205724349,23.043875158484603,21.831506060307532,20.96822385292739,18.996644731849354,16.974741370633208,22.882417190752754,21.655838126231238,20.594376206261977,18.731980712058398,17.0902223577119,23.082098250917362,21.633242296176835,20.638503066414643,18.766556481109944,17.276215964310545,23.357979933863454,21.815180391548942,20.549335634772426,18.923238827792378,17.27500928969608,23.517383945175837,21.6997323992506,20.487697701013712,18.957061793571537,17.353186999758524,23.311670594574302,21.58443706829014,20.50382747836396,18.962120800567742,17.370589579749105,23.48593301127031,21.791877751201465,20.40948396732252,18.96098376990436,17.251382855294025,23.41124167018655,21.82102256430796,20.32074057026252,19.048245072674934,17.05289581385618,23.11403141346137,21.491615180124587,20.097803893867614,18.94098546497572,17.056796492869307,22.68770073237806,21.496633441933835,20.036370334487458,18.920908978056083,17.018011706026677,22.801625021939586,21.49199352251353,20.11064581586354,18.975406313852467,17.01812257865996,22.57652297050853,21.521807634102117,20.062752523397958,19.12995260997633,17.077310652380618,22.874172040332926,21.59625059418625,20.060399694411593,19.087588988259533,17.20999222569983,22.997168320668823,21.784319979336203,20.28799276908986,19.32533070343984,17.289468444868373,23.30465853454647,21.806367877217063,20.475708174784376,19.45410562380367,17.302004665915785,23.388361202276563,21.83361547674383,20.32085187767779,19.39160890493724,17.26714680058244,23.248775280123212,21.69350796451017,20.42409205228555,19.265510110175022,17.277627723431845,22.798357041599676,21.437058870466764,20.40148510890333,19.18245160886614,17.223290555074186,23.09962973358121,20.992507072165655,20.370988743321373,19.066628177617684,17.207668807222554,22.77718516164316,21.039809191371155,20.144759040136698,18.984817827038945,17.116396472733584,22.577732620705074,21.07058064283257,20.350002804778935,18.851983614221417,17.136170814402345
27.12133832565933,22.288937794206635,21.288062153447125,19.287825567835018,18.618798559973612,24.884300231681316,22.009247793653504,21.366741084329743,20.42007586578398,17.983892673397857,24.119576715900273,21.513968026161542,21.143883977803497,19.75468370484737,18.274743358877576,24.20285247342905,23.384083961920997,21.84895450904942,20.372099475889684,18.859626494881457,25.168093299081214,22.48200156788186,21.520659690151128,20.151938894731636,18.410879730457577,24.42383231741556,22.247385090584984,21.600486414476674,20.231063408424596,18.303825928624256,24.08541822281699,22.225447965895704,21.693341028428982,19.961661417953557,18.28225705670723,23.806337042000017,22.34357218850993,21.800219664710955,19.91104513406332,18.251078588762695,23.76233509756873,22.1534303266191,21.813094947341117,19.731949742144767,18.14694727165254,23.44912643049016,22.056965796324242,21.767314759603494,19.558142579210916,18.054068972541494,23.821750887060993,22.24433326552395,21.629299660591734,19.718833005487845,18.11309264446236,24.046104747172013,22.303986122884925,21.521680863394216,19.779655477616295,18.12340821923618,24.040277049646324,22.21752596884946,21.50770357957803,19.80186299677987,18.21326666931743,24.225200504185135,22.14690242415986,21.10522449857779,19.76485304571159,18.40866566410739,24.193363583650743,22.09803637779225,20.90056591466938,19.626854600826526,18.562800902960877,23.884003752798254,22.125025757120117,21.026856297488386,19.38040296277917,18.671816442386575,23.550685090136138,22.30036227720949,21.054350285440954,19.413777588080148,18.78942659737669,23.93299968272548,22.50775998311361,21.267667282591905,19.69570880357451,18.747380340788133,23.526600058080614,22.352113698584976,21.488928627698655,19.83188569214898,18.69317946836221,23.366801488174147,22.35252924424777,21.680603163369565,19.85101826354718,18.686188981470014,23.47842004175027,22.44155738798455,21.52559465900721,19.859257238512544,18.57778998156136,23.673683140264046,22.305965180716818,21.43762983316602,19.980074947793106,18.74179081202636,23.537604715246673,22.10410910187109,21.189510281500187,19.788759892005245,18.93207494237086,23.875634412993072,22.211109560216244,21.299456040836084,19.822132363836534,18.988240895792792,24.25192702201687,22.422677807117843,21.23827563458773,19.97012302283226,18.981671205639845,24.475705511377136,22.22879942138725,21.29552955482032,20.06803452119003,19.07937320772304,24.36374730395848,22.13789994947863,21.247543850271267,20.03939981095773,18.893688576785546,24.493426882587528,22.317979465026745,21.09289308144296,20.028967491484575,18.81675263015429,24.248619853254656,22.462754651290318,21.024475645691446,20.09323811367779,18.750117943601296,23.89914810763828,22.156877273411762,20.72296578160195,20.059632114587053,18.85108535390941,23.60401654368742,22.260166867487293,20.696854063839414,20.02964468281521,18.86204655814906,23.512290015098426,22.267508623413903,20.638769023145322,20.086263646973467,18.969468540781484,23.119485580775642,22.308895729669505,20.807957704742698,20.152102530845518,18.997202413375806,23.482617598970137,22.40638280891356,20.67094517652776,20.071162152266943,19.013582107607988,23.56627918004163,22.64162685131232,20.97746803955547,20.255943645244788,18.923510585099812,23.76675589759022,22.557025336954545,21.136636720318702,20.40825709748611,18.999292512002686,23.996046651661665,22.603802725152956,21.17574222793028,20.39016926361702,18.98983000226648,23.981379222663488,22.510442095342235,21.0365051907175,20.320484089603955,19.027384936315126,23.571163828695333,22.197747189746458,21.219707952746354,20.340770757286048,19.052830791314697,23.837480430851848,21.782236382057707,21.205650648771066,20.21164272266849,19.113437747447072,23.52007546447158,21.932075513941673,21.025974248786504,20.14900332194552,19.07767695518732,23.24452690246133,21.84227170621378,21.17589325448612,20.124025158970923,19.160418511729866
27.57934347649588,22.306434668065823,21.5995331536872,19.895980407216925,19.228397549993044,25.097000275126163,22.688851086011187,21.65505712037437,20.556289344429633,17.890571731841288,24.016694209564356,21.967140926573578,20.89288179154382,19.88255424896736,18.46575797676622,24.662960390574078,23.407268213913234,21.849167257193148,20.564028524851608,19.064269859242962,25.441604021706755,22.686710631851238,21.532587814221607,20.35051984271488,18.633640103785766,24.461983735390373,22.430338660582663,21.568455808690963,20.344317574899797,18.378384794375464,24.22425864545873,22.31053724168693,21.64102605600193,20.0820201333327,18.376122099288104,23.973401649573294,22.3951914578622,21.85748910473243,19.991298846524938,18.284883831914534,23.9197075009143,22.10970200263312,21.809150602980118,19.803543576240834,18.138387614715796,23.580202839840492,22.112722349186733,21.798323456597167,19.694960403802913,17.966900156037127,24.192314833611327,22.30438259352273,21.618523194492145,19.839607935476675,18.06635757605964,24.388372293915253,22.337457759613862,21.445315416949995,19.936568868472303,18.107991217228157,24.569639934359813,22.19297888255528,21.423913176553732,20.02611988925181,18.1870384072978,24.78280979881874,22.274732484631137,21.121830435391885,20.054246461037447,18.438562537701706,24.87969313247425,22.181141202915295,20.992458799672683,19.917318605649122,18.63734211615815,24.595349803284524,22.28050997201578,21.12161543293177,19.68502064640763,18.680777446333135,24.085021692598126,22.560897952547613,21.098527111023635,19.700364311645234,18.695375173859595,24.418312887781312,22.811112972065033,21.26167338952735,19.90695611617214,18.690368287663865,23.90979159007814,22.49298818358868,21.517753839285316,19.924113353648128,18.518218035655043,23.7861477031896,22.406122235263428,21.656249632593756,19.896357600248574,18.477612482866313,23.728311555317124,22.40888333215289,21.606567733396904,19.8876031696497,18.426040284307657,23.974441088860612,22.154652871680632,21.684468262252587,19.95248932513979,18.640216057599854,23.745054947336094,21.983934699162155,21.39688217289755,19.765565601155675,18.832337613951758,24.116335308584404,22.06636750634606,21.469405392618143,19.88397920096237,18.95879472959885,24.28104866587114,22.336952543063084,21.33803243820823,20.045899459230235,18.957579882455224,24.611051221564384,22.18982390580654,21.290180684213976,20.120372921915653,19.101056867515304,24.493202371211424,22.223468701971342,21.176050413427543,20.119810182158908,18.921768278183805,24.672804982579805,22.354262081491495,21.03238074440155,20.117547348573247,18.880691518305404,24.45351070386145,22.693296425532743,20.981121283489163,20.185142806938124,18.75592176698827,24.235759821680798,22.39832484006128,20.77012363506924,20.149665668350814,18.824706718923938,23.80972101665872,22.57190207027753,20.788720120559322,20.118596889237985,18.773350407405808,23.95987212102928,22.52162674194516,20.78494409404622,20.07878049093004,18.879863233120098,23.601118911219356,22.452007646711344,21.091417753532095,20.175806384047085,18.80362699869621,23.949605927868905,22.434355682395058,20.929081908824774,20.057308715358396,18.835320910005997,23.996303965384147,22.620696165170802,21.210360540055927,20.225246616799502,18.80870490206514,24.261950238864532,22.5236150898209,21.289807271192956,20.349014463901646,18.860461453963843,24.356841069857655,22.52872821574428,21.22069791419036,20.435837130488235,18.870719522228626,24.32597432828976,22.578287804500498,20.96314486969352,20.322847379611204,18.989302123463432,24.020710199440543,22.40852099014225,21.20166063359908,20.244454567173744,19.036644483519247,24.12780830047446,22.15006649761476,21.23113911982382,20.085510395084395,19.086194295754986,23.912297754618816,22.26472133422011,21.21957032549667,20.03090144009393,19.04137473611123,23.59289087715006,22.15473563191226,21.367643179046038,19.925754964079015,19.079025711545704
27.58415380658086,22.33384585739013,21.664299540168912,19.916148049230657,19.190842919621318,25.11451472616568,22.69838934940809,21.624380952621472,20.534031238791588,17.94500263391893,24.048643253195483,21.925352130233875,20.93614655607668,19.881962587106337,18.504655571912103,24.67802759701575,23.403074443249164,21.826744532468453,20.620463917112286,19.061382810891605,25.45450463582987,22.695240142020086,21.547494293818993,20.36452763770084,18.63553862157716,24.476024360539405,22.419586499300884,21.569916872305026,20.35040975132942,18.369090947875208,24.238320766611558,22.295203082435822,21.657829090229605,20.080928324320883,18.351766257014322,23.98256082288113,22.38853814989907,21.862764552920435,19.984863617484898,18.24857887099854,23.924689017657265,22.105161978943954,21.820390929759675,19.7812079299566,18.083830710729334,23.59018685758876,22.100309663284797,21.80321519117117,19.65764349364926,17.921531269261997,24.189820020281086,22.299353897895145,21.623628823278786,19.801376348262476,18.02786674101167,24.382840307063773,22.330020876297816,21.4425098355716,19.909936526975176,18.049628297792133,24.55155489610384,22.18650218404462,21.415327145898495,19.99388103610885,18.117662428542207,24.754968713005585,22.258047621314063,21.110862601737857,20.01566011744476,18.396342625707106,24.846473338721,22.159703943756323,20.99129442314344,19.88136108185197,18.617074116174713,24.567160568705468,22.256972951908658,21.12233225083014,19.6572809811328,18.66661191571425,24.055312278674226,22.543620028024012,21.086302933349987,19.673227669346108,18.7132466115787,24.396464236923666,22.792833119869627,21.25720738314937,19.891028230582872,18.742649750982313,23.90171828191752,22.487143679286554,21.51180601586899,19.927485414944986,18.5555859096949,23.77993807412697,22.4000301655821,21.640943314826423,19.912093879205663,18.480401287037488,23.717165446467465,22.404397415239114,21.59474642592931,19.91037914260182,18.42520364494307,23.950648007852966,22.142050412832326,21.679319404597997,19.969796949106176,18.624141800433062,23.71730550831566,21.96926310055492,21.395745216554047,19.78282673292436,18.793026468583214,24.08893236190595,22.051785458667947,21.464039149024142,19.890216430894334,18.91511673725697,24.26002904569907,22.32092699494018,21.33521215253693,20.042979807379314,18.914433493400043,24.600363734683924,22.186221437591097,21.280156962354322,20.107166778950944,19.081829422517366,24.496154094160968,22.2227758220695,21.170372022911874,20.10509477191106,18.91224983830788,24.6722356511888,22.34309544810666,21.02135642407929,20.101616959399603,18.874332498620824,24.450645271833103,22.671553363695786,20.97739575211098,20.17470854733573,18.743448160261593,24.226435326675023,22.377817038238973,20.775293806357617,20.136787568150908,18.813184599621863,23.80654903751229,22.553965703427597,20.805599175551542,20.11799955407227,18.744674699025914,23.964096536367872,22.490325068487007,20.808605769365183,20.07782719051547,18.829936933867412,23.61494520853109,22.44529170685378,21.122052624484517,20.17735326877125,18.754112154490954,23.9628191080541,22.43671561537741,20.96824834494455,20.056816234515157,18.80918915972871,24.01000888519492,22.61846539021371,21.224789199196607,20.231808889248178,18.77607814349667,24.268261575036956,22.508587136073963,21.30025543777934,20.34798951660453,18.828684141489912,24.352108973240263,22.53383294476101,21.20715103383126,20.437514122728594,18.84924134547748,24.324122383165733,22.566033160254406,20.94085326049011,20.335171123757526,18.967502465634453,24.019913017891287,22.388052288776265,21.177454695193294,20.250902329779343,19.010821326260004,24.131551979875287,22.143258097687788,21.21643315995361,20.086529710163134,19.085776836688936,23.912118901295084,22.262173418537444,21.203327594560594,20.027043245464082,19.038898720883104,23.59365182458842,22.142490412705424,21.363865587601097,19.9268128499576,19.102693828246906
28.713974197421415,22.707161903969965,22.253455405694922,21.746409121753562,20.94743334821276,25.16800888375484,22.85103917354538,22.21918596384282,21.115627341986812,19.751579569829623,25.445455919662923,23.172519584472553,21.62373092950971,21.110864745022536,19.268633806435663,25.52323437112078,23.433373197235692,22.460762368234267,21.30097977055708,19.770660863459625,26.129296504940566,23.109039668951716,22.146325582007584,21.302120777738914,19.756529283465497,25.11090192889846,22.841603986168252,22.09652673918577,21.07916851720061,19.32274636207066,24.905842018287544,22.855819479445604,22.119748298452492,20.943094287626487,19.201992464266542,24.32457153468352,22.606771911655663,22.220339962619107,20.814854265461342,19.121493992185385,24.14443107832389,22.475859463795615,22.185679463662808,20.705969298534804,18.907869103821547,23.979535120179218,22.513261935216764,21.95715612249645,20.62613657000305,18.900657311490328,24.622373154640087,22.671819668481312,21.774837356841267,20.663104234636478,18.98867181218646,24.717171201035445,22.52917019964982,21.65283037386198,20.67684126172448,19.030811776582656,25.031152380904196,22.60983983919126,21.5380024439461,20.795973452877032,19.146158335944218,25.26998014762727,22.634737121599905,21.309914762020853,20.634866873514394,19.39753246143158,25.117823395989838,22.465230284630994,21.42791064031083,20.526034985295315,19.435643312879392,24.704076341449287,22.604949538952102,21.626995171429865,20.524946481237553,19.497638113489717,24.462111229921533,22.846657745369775,21.652529729685057,20.584205120736986,19.60102415967749,24.674543064850972,23.06251176296993,22.018878494538967,20.580032181588127,19.53622852598077,24.25710043574442,22.624751336544414,22.162879794523967,20.736768679362992,19.428324967870278,23.92359311664336,22.57370118720387,22.22778310126526,20.753742850291736,19.446700995427246,24.020140986248656,22.568082031421433,22.067001631923883,20.673967622861277,19.376282705747823,24.282399354579873,22.360246786899864,22.041138940960064,20.72634774693703,19.296419595569954,24.08413770766166,22.23229403863593,21.79889537734784,20.670156693222193,19.386231363729102,24.505815547180482,22.55848195646454,21.87416889620658,20.764337598424966,19.574566794791252,24.996083752545363,22.80041559430513,21.8514975932912,20.808594539101374,19.612902571307597,25.083169229717768,22.592286590459974,21.9148574469498,20.775580047929953,19.645859415953346,24.786678757156984,22.680123754561777,22.00255033245856,20.824808224992672,19.68842196631767,25.063670229348677,22.76048307930016,21.890728293272637,20.888256026679475,19.742162835028807,24.925377722481382,22.941484878709783,21.849111803173233,20.93104031169752,19.545733969506102,24.59222564670341,22.720956766424955,21.65287621747519,20.968247578671384,19.48182319405548,24.268944011725974,22.872138589353757,21.722487864068675,21.103499048608036,19.621740358726747,24.386782855833466,22.939977705241347,21.630530444369423,21.03578348884692,19.53879080148821,24.076174738160528,22.833195921019573,21.77150139973905,20.974895586831042,19.395538100427903,24.295024877456683,22.733366767246043,21.7067537016973,20.950326428119745,19.424452639774767,24.568954436755387,22.71235675944135,21.966832871048695,21.08851627919092,19.59850180468366,24.83392035515815,22.83043063538711,21.893718832578255,21.085038274736096,19.505531855891142,24.950098727554106,22.695102587144927,21.84031600846304,21.163152507160852,19.62154879263074,24.759005300700267,22.721570330620597,21.77065827245222,21.163732227898887,19.696131792103806,24.246474807289736,22.430703568486813,21.782413194138094,21.05586274280776,19.7347617423472,24.367177807066685,22.202762129879154,21.84896401160466,21.006317790177114,19.56231154289818,23.847990098141747,22.181005929674864,21.84759363278246,20.87907214630149,19.505207424957668,23.564786566752318,22.21392669281904,21.857269156700504,20.68839760059719,19.39301672172429
28.06792109055255,22.728922532969623,22.58282379572328,21.612511507678327,20.61073114591371,24.79631361418197,22.26435095266024,22.040736061104365,20.92027440354052,19.609952675337958,24.603333476357015,22.557788273650882,20.898368443292206,20.583816033952814,19.689790404968,25.35016505281984,23.068221090291132,22.002440941559286,20.833117992197547,19.888702819446017,25.755989223839077,22.707636926610213,21.998883405910867,20.986590390263206,19.89695893930486,24.90285220414226,22.37954419402658,21.837150699126305,20.7332040352813,19.45385596270454,24.76281984185207,22.4436410202123,21.821450960144734,20.546624998896952,19.303634918267118,24.40419892807584,22.25519091576492,22.09401264159876,20.46911244872968,19.05591759330192,24.237663843756856,22.20626753897588,22.13262703331035,20.33800433473094,18.809353556294894,23.9557430609586,22.287798405101785,21.901583535202892,20.253309493831516,18.61013999053723,24.49153235124459,22.410477487400517,21.808674494916605,20.289849619530482,18.729875991545363,24.477860265854765,22.27333003279923,21.78251611580837,20.259143849825954,18.747195780571293,24.638167318584753,22.369813425128633,21.60707468850846,20.34003740601679,18.749527477969487,24.83105353759919,22.3957958284197,21.34299800808212,20.14166302670558,18.89652194678249,24.68526933437345,22.281461058182646,21.3127222098324,20.035584294232816,18.902851859870527,24.30447874662118,22.443140045555285,21.322832192126512,20.032029300101573,18.930591666474992,24.18639688216144,22.68468239415504,21.27221108358429,20.12870912503782,18.9610126137885,24.493253334483303,22.89402755427192,21.691233482513468,20.148968502892746,19.096941558700433,24.13604917018414,22.478059536086686,21.798397364732875,20.34310876563918,19.03792236477967,23.98533962363479,22.41349082823674,21.906088328488078,20.29322444501866,19.15960656436281,24.064901435167126,22.456300190335067,21.882231506807987,20.1518621532044,19.109448082372573,24.138405514085854,22.311752800825857,21.835853975535098,20.198978074701618,19.111100733414748,24.019373779680894,22.127537081905132,21.454538653712664,20.10872485529629,19.125697764770457,24.367211723762388,22.11567049494273,21.495685898472964,20.229375193258644,19.364749956969852,24.723443774376683,22.323472940048266,21.502262971116842,20.31790029760243,19.339688753891426,24.751776597231064,22.121563494402047,21.544512766427353,20.34688398401682,19.48266034025523,24.626571561490955,22.139749530914383,21.62656355943291,20.367794190469645,19.568998415016566,24.770672894199397,22.245827282098467,21.593719044871406,20.378377500486742,19.555985814952408,24.737096427666305,22.65941699015693,21.630495519314344,20.48383903384788,19.273114380667852,24.499469849050126,22.466099972683228,21.34502164826645,20.52019079604371,19.241807095895773,24.217021002727297,22.577563292942017,21.364511980342396,20.58211473168247,19.232910422725233,24.326781893519694,22.588753577227326,21.34515991775246,20.51704257728457,19.175600168821838,24.076346109089684,22.55148121754592,21.40744890330949,20.57640467391632,19.172333767198126,24.286434328259652,22.514762826400766,21.29463146603286,20.472432155380663,19.253017202223113,24.415856013034233,22.506298521298174,21.583188549665813,20.60730346448421,19.336422273506724,24.69529065134109,22.600193393913557,21.514293636302014,20.673747047954237,19.23975469979584,24.81692046603562,22.611682320644967,21.40630513885949,20.701634832419,19.219927117913734,24.53014164687256,22.707989512489924,21.40555188305287,20.68451036987554,19.241479278421547,23.807786226781392,22.535572581106713,21.442642811605516,20.642665392386004,19.320419407795228,23.969994217767482,22.30902384240148,21.418527662130707,20.58623372524891,19.273099883771675,23.36357071269136,22.374725909502416,21.43983247390222,20.376099482659477,19.244004197496402,23.044156042223985,22.339222442510682,21.45709052920455,20.292287405938715,19.232662647550185
28.399332483430793,22.724529204062318,21.67479189185703,20.36755953133561,19.151699964315245,25.322513053325416,22.66045013606474,21.95275769792169,20.51560137069851,18.62304544882779,24.781804737836193,22.55060799500854,21.065724308148113,20.24692909836876,18.44567835493934,24.99576933578039,23.384555104453693,21.961368903963088,20.662181747566002,18.756062305707506,25.826812577069553,22.85272308386805,21.74739815720284,20.54630639838252,18.635988613055922,24.849076985157392,22.520935313913235,21.78943046737003,20.446664605554908,18.37803575944836,24.561952538569127,22.463793801179058,21.798611774270178,20.305787695074628,18.285541646058427,24.123275114460732,22.290526106582853,21.985354475756626,20.203533247775596,18.166650804380033,24.00397017014186,22.166982111964405,21.979185095317046,20.04091808762517,17.876254847357096,23.75880517929652,22.214224449498992,21.802089660225185,19.9359063722344,17.801002131402,24.304047784806208,22.437344456094998,21.61524259700923,20.06464835626432,17.906999208579162,24.31295223078346,22.481230162972327,21.5660864966438,20.060814764206775,17.880239500405274,24.567216998054768,22.593120988665813,21.462946205983076,20.15772766475433,17.966754046246756,24.806318135332564,22.65281554944202,21.099155263086146,20.02228451833809,18.166774555570605,24.697543026792776,22.523727257241614,21.006753998583264,19.844437810068165,18.259555174148623,24.349754129173597,22.552841060395146,21.16573723109226,19.749716067647938,18.27413384581013,24.12016730311792,22.74252679582022,21.081849081004673,19.78912460507512,18.388339307606582,24.28364845603347,22.91070683227958,21.398549349872777,19.904890680983936,18.331254530307895,23.826361932422525,22.51525209451772,21.63055433051216,20.058341503243703,18.40760323163221,23.471166389717617,22.446547553197195,21.837880015387505,20.017786245294456,18.369738551480587,23.569105701695392,22.49280187315342,21.73662912556959,19.922728728701145,18.307152850542696,23.860754931983642,22.29330105888299,21.69692322164426,20.004067311428663,18.392352120190672,23.711373540829506,22.02173611720222,21.38857110788046,19.85383212364426,18.586305513405016,24.136272219400418,22.05095338604457,21.42694694537284,19.95765494872431,18.634397133715716,24.709529163569314,22.276995165042973,21.356709678587315,20.14324081969993,18.620436403180747,24.795926952833078,22.15227752294352,21.33331306109337,20.12316656513746,18.73664688208611,24.508913334206355,22.144296907834455,21.402762149380962,20.10363174997874,18.69231994521485,24.762791743587616,22.335435636841822,21.279991732489762,20.12750645518923,18.642813799015634,24.625736676429376,22.65143944534054,21.288119180606436,20.204343825151973,18.50826524108816,24.252416995733647,22.450567783550333,21.034763022763475,20.15630015078662,18.564026046855837,23.95009300269687,22.50421812396861,21.05400643324662,20.226606477322996,18.539217821883412,24.015858062482117,22.488511021664657,20.990682685505597,20.176864666473488,18.43441954463653,23.635008075574582,22.476519229757447,21.063807900287614,20.219109143286424,18.329418895322128,23.86211482080997,22.432048972721375,20.970819251054923,20.126904281879252,18.448203244492568,24.15880074025406,22.548487569692952,21.25237466723015,20.31753215875072,18.52076842840855,24.423780598257146,22.69243236804467,21.262863044881772,20.4378660930651,18.499566651284844,24.638732278630574,22.629695997955267,21.19773385916256,20.50949782792903,18.522038723521028,24.485916561109242,22.656659936134638,21.192351830489876,20.438189797116785,18.637765139396244,24.078959396427436,22.333831734297867,21.287286353326042,20.43785921247195,18.671934163373567,24.189305728401198,21.952165763571315,21.303587518106333,20.26802398364498,18.52336244763961,23.766134115718682,21.925426991358187,21.249857849349308,20.086032974675447,18.48454028943837,23.48385102702386,21.89871413126684,21.282145497914065,19.919826243732253,18.536680701336405
28.145211155135843,22.556045855715382,21.421761208966437,20.19387963920904,19.619282169049107,25.498986101170875,22.66014533401443,21.87081022434113,20.721410570073367,18.700119662881797,24.873625968668403,22.38188833360247,21.056370984230657,20.206250002214883,19.224743788316175,25.22620121050741,23.476006644939236,22.03194250111772,20.831579902954275,19.262891826361713,25.924398954432586,22.809086154049897,21.64590384690398,20.58760957973811,19.068748705636246,24.95931219577313,22.45703359821352,21.73020211964861,20.548906070354757,18.877658744446062,24.594393072048288,22.363777035910708,21.772521254908174,20.296079368939274,18.768897250051484,24.053141658843856,22.26393516904269,21.965508206225557,20.215167916133076,18.669048825422237,23.9601533254153,22.10177410402806,21.91922210744475,20.063390817995206,18.54250167203678,23.621410729938574,22.191363890826917,21.836398979332035,19.979010851397042,18.561738348382697,24.191153103783844,22.43024008875059,21.68215463920871,20.11996513721918,18.605071231320498,24.352406983019716,22.53479139995877,21.652940520947467,20.237410379598753,18.744773949060665,24.691397106098965,22.559794523418276,21.591855256843147,20.327946385940713,18.823294768015995,24.872508528775597,22.546611759592654,21.25618120975955,20.211086494783224,18.891081194428722,24.934052831170188,22.38698386246256,21.170283057943614,20.03964661634284,19.0514727383761,24.562289528584188,22.486875447197715,21.29838650886362,19.85707579978964,19.109667427104675,24.297132287236092,22.66525603138594,21.176699019391727,19.85826594196083,19.21965098861049,24.634306455514555,22.881560926198134,21.37148913239051,19.996138128457837,19.203574960849917,24.175376905868564,22.639329232374376,21.637735681196727,20.136577135457113,19.30604247789131,23.706735617270983,22.598827712203914,21.78424653456965,20.122398743027915,19.244363485923234,23.773145139888197,22.664324640833996,21.70272404196943,20.11154798924309,19.2030608326316,23.932504628167898,22.394885975269357,21.70715491665828,20.234508470921547,19.28455349763027,23.744127115765572,22.16118951313127,21.44357800086505,20.109947243021587,19.453566351637217,24.091917880617284,22.12654583544273,21.52370721785436,20.17976462974288,19.55307419315456,24.5914682681773,22.317682844531014,21.500866874256225,20.34277840395322,19.569778692353676,24.744075980509344,22.100629407157705,21.443443002318876,20.407784667730475,19.71467043567469,24.602260681558892,22.17031568939212,21.48014835307516,20.3796672945279,19.555613232529097,24.71321837104747,22.38852023006093,21.336682156578842,20.44757604709949,19.488159558429064,24.63786699650433,22.766431395614514,21.26396640642687,20.573622389390604,19.421880243307122,24.423812661095134,22.513616397303416,20.974167738027734,20.589819478037352,19.493523448799397,24.07109256018952,22.661771274137664,21.118109730701754,20.5909290923926,19.49366955065796,23.9743966796543,22.592043065354368,21.038782183531787,20.574591088260313,19.57664188416943,23.634389951538527,22.52358694900223,21.263636647148868,20.587383833788728,19.515522844222406,23.86144606483783,22.400942860508955,21.207058590835814,20.483561771695967,19.52514725460279,24.03395959635064,22.564130036798428,21.5037004933288,20.623581250788522,19.46716089027481,24.281041984325725,22.576817931809085,21.478806705541956,20.769743508960385,19.498519007553682,24.572409185442744,22.580849120510862,21.35636117339508,20.827944026371032,19.487472221677923,24.372833297295397,22.573508730416908,21.257986220395903,20.741360760644984,19.620373576279764,23.939001655243015,22.321121546546713,21.414116343478312,20.75674788588959,19.630336095826053,24.08078974290725,22.048493694372336,21.393260023517072,20.600979155485465,19.66142118685438,23.712363693363066,22.092170504528617,21.290548800953786,20.481943921076315,19.615688598529374,23.451605405430954,22.08872521185178,21.425265571275723,20.42178256692268,19.709573212369
28.496666337424074,23.156980305859506,21.792006577139052,21.20369628624912,20.3985139961894,25.428905856883702,22.816805508842414,22.308593673102216,20.88640497576356,19.278352899426302,25.183411070055406,22.98850799299226,21.512914251611768,20.799602171188127,18.944417633715133,25.78073278536251,23.763990827178272,22.424505024370216,21.26542492519644,19.511462739085097,26.243905225413936,23.272927331073483,22.02309067318415,21.063374204484614,19.373851001810653,25.232924424081055,22.912257730744592,22.071897119566206,20.89727752166174,19.00971496283855,24.988085676203063,22.911086589012143,22.03309730547725,20.7829608053777,18.948412176168976,24.628319973695007,22.79357148474227,22.183130109929337,20.655995160194813,18.94092788435778,24.396273400851104,22.582757828188527,22.088129982060774,20.485349892095456,18.771466598430983,24.117973741771856,22.58083733368509,21.908519785921396,20.405885959039935,18.788303571291454,24.755402461636912,22.778648751217048,21.736711552539198,20.52301850048225,18.97295024955283,24.90538780272366,22.74462405845439,21.641932748768188,20.573211828535044,19.047254188613273,25.051577746477577,22.716757154858712,21.546720672860573,20.72768266076695,19.156167246466527,25.348581280437166,22.839164419100577,21.26437200462026,20.658605760250303,19.345591139216147,25.23433068003806,22.673633142852132,21.408580639420986,20.544516284291877,19.406135994357776,24.86104727451276,22.809629518163746,21.572359378723412,20.496111323673887,19.39105335408926,24.54916011597433,23.04160267036119,21.502212957220536,20.509446687911172,19.442801687806607,24.85088751976869,23.277759459965083,21.74261442135849,20.483463058678275,19.358734509404577,24.257445907711055,22.815267588379594,21.96822993235613,20.587428804404105,19.35063630359283,23.841507469874465,22.72428761547739,21.934798078389193,20.626612241428795,19.40068023908443,23.873958150801023,22.69168583048274,21.888416791778727,20.529437665821366,19.343211068429632,23.95710356131788,22.45669395727812,21.922948727138298,20.592371733701874,19.340569517456917,23.726464956969345,22.277506853882663,21.73028537381748,20.544942622266372,19.471317704405042,24.192157518796485,22.367065875371715,21.779280357257576,20.666807658968423,19.49516625239119,24.798420359977907,22.636327688949297,21.711960211739203,20.7329593873773,19.53967895481526,24.98665337648674,22.47460750097944,21.64500870333911,20.73501297237231,19.53852979984969,24.906987204275772,22.55880623172352,21.677777836952437,20.672538736976403,19.564380990414158,25.127169261090884,22.744392169357827,21.481426576416926,20.684402027794782,19.5389773776519,25.005678666488645,23.12041465416082,21.466958955028186,20.696449572253645,19.464934189658457,24.698713207870288,22.76702365567062,21.26340362923986,20.665704815883124,19.397515209973882,24.311539666586544,22.907044996276518,21.27574098932203,20.698097959162318,19.530041994758406,24.36423091175012,22.873495404567166,21.297440947899094,20.708036078516535,19.489458222987654,23.997507447380514,22.715323992001288,21.545895073971618,20.739191090951987,19.518134035290537,24.26193918830544,22.59671352788839,21.47610663401348,20.72742661463901,19.581395195418644,24.430635428683605,22.797171256275682,21.75388514245633,20.863277982418186,19.669663389391495,24.715783356197196,22.85224909067441,21.699491835837527,20.922460001301765,19.608228062975353,24.810321444291695,22.804561108433667,21.634520219046163,21.01509114654626,19.714105355800744,24.812018303561132,22.86665371528911,21.45476084611862,20.958175420536378,19.72299442633451,24.471905582945265,22.587452111998438,21.589347861372623,20.85596020504398,19.782368799748077,24.55498809223197,22.356525862931967,21.622002657091617,20.73488410122679,19.699980574232846,24.20250278591805,22.388102653039315,21.742138700048862,20.641270461354413,19.674932971629154,23.998600853515608,22.348568382432326,21.691550346440373,20.51030888990873,19.560885790111428
