0,1,2,3,4,5,6,7,8,9,10,11,12,13,14,15,16,17,18,19,20,21,22,23,24,25,26,27,28,29,30,31,32,33,34,35,36,37,38,39,40,41,42,43,44,45,46,47,48,49,50,51,52,53,54,55,56,57,58,59,60,61,62,63,64,65,66,67,68,69,70,71,72,73,74,75,76,77,78,79,80,81,82,83,84,85,86,87,88,89,90,91,92,93,94,95,96,97,98,99,100,101,102,103,104,105,106,107,108,109,110,111,112,113,114,115,116,117,118,119,120,121,122,123,124,125,126,127,128,129,130,131,132,133,134,135,136,137,138,139,140,141,142,143,144,145,146,147,148,149,150,151,152,153,154,155,156,157,158,159,160,161,162,163,164,165,166,167,168,169,170,171,172,173,174,175,176,177,178,179,180,181,182,183,184,185,186,187,188,189,190,191,192,193,194,195,196,197,198,199,200,201,202,203,204,205,206,207,208,209
26.553551993723527,23.804577943743716,21.176943252912405,19.84332069595568,19.289744820103707,28.059542237415467,25.3933593928189,22.661543104103597,20.53395614475946,19.39941972215431,28.711400498653173,26.400681867806384,21.705844492549442,19.73992686733475,19.20063906057275,27.74231700984351,24.969293552960284,22.612267612178048,19.70327025539828,19.149864019208422,27.83591983874527,25.105088576963272,22.131716694906494,19.982793957542388,19.198926415500033,27.189878246255468,24.7199742999911,22.000019260423798,20.078464865935295,19.131492877090803,27.125097769065924,24.691406642194643,21.92722199430046,20.05262404506889,19.04547050453934,26.89577242294073,24.51126043775957,22.07711579397047,20.212991340855474,19.133888626820834,26.83037227918287,24.672731959791587,22.02450000253912,20.283094211549514,19.123592575296964,26.64706036032261,24.34197753455154,21.956026052644507,20.408931510417684,19.096563188197994,27.11329193798496,24.70252889989319,22.10286444692076,20.39104589486566,19.118864210009267,26.91319009855173,24.571976628707784,22.227480867162217,20.236771595882427,19.223349557181564,26.864109400762835,24.437265294554564,22.130807687386557,20.105582066430777,19.162826268821572,26.691739463362172,24.09349806077188,21.927653247797053,20.09192253277745,19.307804676221803,26.472480009062235,24.257012302394337,21.889144015479854,20.02496167853721,19.415145383503944,26.81819301698315,24.54588904205624,22.230976798950376,19.984349308002358,19.331988279473105,26.821034897476483,24.418390432438336,21.959113477693712,20.063328486228887,19.27563738867979,27.063595677431447,24.65391475081977,21.96770660717869,20.15598189352889,19.22882417015419,27.34445949993515,24.96189036394754,22.244184970424186,20.302983443523452,19.23456872165699,27.57420828710779,25.210573278345027,22.361465356058382,20.30338434638129,19.218435284886574,27.391811785813037,24.87492126137506,22.388261572512825,20.389303140706062,19.357409075377554,27.431786864721367,25.222145725153943,22.64232349894853,20.545642000542976,19.50680188418418,27.343052491333985,25.11071132828244,22.64400927372883,20.462253462881726,19.60675636534584,26.929569739657115,24.783072846079666,22.524198686614277,20.319428776389913,19.49490593921267,26.846799163488082,24.492336122584977,22.39293544618982,20.204760010280673,19.436583829596703,26.91351747383211,24.626564850848222,22.137514040238827,20.052363439704003,19.440353199583594,26.658488924532822,24.047674233755735,22.022183729129218,19.964037934563855,19.323600219855507,26.451910219002258,23.92240202189271,21.946231456769205,20.051329758567324,19.219212816244276,26.467556554585563,23.971552269143153,21.922244485719467,20.09140514274002,19.113099261801448,26.584087619362457,24.003615241487836,22.067458652952403,20.08227501070467,19.115180906311735,26.50830931742678,24.02905271531435,22.02875317709569,20.132148817636903,19.03122600531463,26.99222513607368,24.71172223220892,22.158101644664576,20.065829058988808,19.00498210465281,27.07471374407978,24.937518785397295,22.369881834470682,19.996925156857532,19.07174402628961,27.39379753714629,25.039741211331556,22.49409091946231,20.113558083779434,19.24745692679583,27.39879165179415,25.110349243954914,22.413053678062035,20.19266601591618,19.294016276693743,27.631917169306423,25.37085701854047,22.633618144337373,20.28931472482335,19.303301985476583,27.40402291498699,25.179486020490867,22.353671236280324,20.242794981003186,19.220135141277677,27.60341847502192,24.98378797129411,22.27593345844381,20.290325222338225,19.204496210701837,27.246934763101148,24.795744827744777,22.209551078251128,20.103717447816578,19.098612574132595,27.238703253881418,24.788407130031636,22.16158391183585,20.135290709634837,19.050759757383236,27.250532990540002,24.653575584471483,21.999374850588758,20.00502844147952,19.124530979513487,27.2516497508582,24.361098559927047,22.13392917637882,20.118255395953938,19.17583242081045
27.904300896171726,25.04381223925153,21.886884371602324,20.169457882093514,18.199549289079627,29.208511430883757,26.745072367701,23.58441957830153,20.458859445441934,19.13740483396829,29.87055122860884,27.677983780197007,22.926520026980775,20.247223048159945,18.78170502263691,29.000224840940554,26.375528216930345,23.593084234005413,20.07804557845895,19.08082208237093,29.066848832694973,26.425307533273717,23.09749236917542,20.159171129841518,18.798976991154824,28.364554308830794,25.93142592113569,22.90746937216935,20.102400385683847,18.84032330084395,28.291792221240637,25.8798343040649,22.85985144757084,20.04631765138916,18.818881550574254,28.087364527747553,25.668630773122846,22.951312260352637,20.158394549452986,18.93311753310467,28.065686242069667,25.790706744372642,22.908314428189364,20.1933068098239,18.956587801267183,27.85597721020188,25.55989263897979,22.810244018262445,20.365621775635095,18.92525937124506,28.39442894836959,26.026982509462478,23.02989340619343,20.375954817279087,19.060977263682567,28.197306149960564,25.958106115069274,23.182488483204768,20.42738320106529,19.091835851358297,28.148224998360796,25.845375862738052,23.12149136590385,20.234571827695156,18.992830160740688,27.983500557081992,25.520116035903065,22.958465679669114,20.28232896402535,19.056203303119883,27.85864593546504,25.607760154471453,22.966108024913442,20.2292763479343,19.281347497981667,28.21577206451932,25.893709567405317,23.32464839248205,20.337703765321848,19.219708834647314,28.185553936016408,25.708355213335373,22.933510362506826,20.283477618235104,19.06671096546894,28.45647410323121,25.954849649122558,22.942735485153293,20.437762617065896,19.084867970148878,28.713362963073838,26.290123648538184,23.156498227848846,20.53783404011939,19.126634803855502,28.93008869389717,26.51217424132934,23.18589801214223,20.606520187999184,18.994003561276394,28.70279724004242,26.244519943240427,23.18164485475615,20.67597543996647,19.00717197044264,28.769856883404564,26.56887287595269,23.449787154758326,20.826722669798176,19.365168842988428,28.56063494855177,26.421485573064615,23.38152459868851,20.730061911717794,19.446686912917865,28.136621971696446,26.06939179048797,23.30230536685172,20.56423140943891,19.386336113051446,27.99779574289304,25.7946159636856,23.19872513214998,20.347654156221164,19.3158248265933,28.0719164447465,25.822110845178617,22.916309684858028,20.165509301845994,19.35664244865249,27.832465510108687,25.171437284206892,22.764437301850236,20.004051791404947,19.173590142651424,27.72018077490934,25.034371133649532,22.754222952691286,20.056636455848434,19.07887094040466,27.744167598524665,25.076939350142197,22.66648840440667,20.075788403539477,18.902631123903227,27.87925939810997,25.12653957338652,22.903015533935715,20.15647513313101,18.778450592074392,27.826215164971252,25.26352987327868,22.945451593156527,20.250259437083507,18.575210021302162,28.28989434226703,25.992952042111284,23.15097525547167,20.377412867255767,18.552765678210687,28.339087508316954,26.258377842961742,23.32786872297289,20.298167627950427,18.610536528309808,28.532026954285936,26.25387916827186,23.357967533004274,20.48103844716574,18.88814391455798,28.551241447746996,26.32252341613521,23.1954243868185,20.585196682460968,18.95271006778275,28.719223326055946,26.486311155875164,23.469757696260434,20.62332920593953,19.119595779923216,28.589951180426162,26.23482433547967,23.139209956571136,20.448215240208302,18.931869392617422,28.79807470426191,26.031965889982473,22.968993056352115,20.49152992717442,18.797139204329213,28.57294972277382,25.90470668575789,23.00450240825455,20.2044438088045,18.4542202597339,28.548441110325104,25.90161071887411,23.03081694735486,20.165931106564926,18.488546986743366,28.603783111463525,25.775307805331018,22.850998186978305,19.97632444967589,18.46327613955112,28.594583978567634,25.58279401369152,22.90381996963516,19.99596923347909,18.476465567771186
27.663003248871412,24.41968016620907,21.73517746908899,20.240322740386034,18.180110894563995,28.502917057956882,26.02267346651781,23.125930158865188,20.203676127591443,19.07597197033118,29.18430603850318,27.02438736419821,22.544082641276784,20.033205855662107,18.872260545167585,28.478130939995044,25.741130763881475,23.248918126916042,19.70209651892074,18.881349860593716,28.520453080001108,25.790124095687624,22.747489361989416,20.037064993523483,18.80619772177611,27.817163661620054,25.309953983348503,22.55016412547694,19.92529260538239,18.88548202587564,27.748423501379943,25.285492181455815,22.544956062921024,19.897212128817962,18.733445656756913,27.497798367530173,25.05298453206761,22.636039653015736,20.00847029917786,18.83696711774001,27.48038196985898,25.186141520425156,22.558730093072818,20.066474596114478,18.825523374245105,27.313496436377598,25.028652887095515,22.542946864786437,20.14302428886582,18.822167737229506,27.812163318301465,25.497668864951265,22.74795084165691,20.19083748572971,18.877263344271846,27.661933442034478,25.46618310816698,22.89745517608679,20.258112397687697,19.043219901968087,27.68505915511516,25.356068961913863,22.80369720934786,20.121455646840133,18.925390465226894,27.60514181623147,25.07181766734296,22.733170922638305,20.24360018645292,19.162497103341373,27.51007275950019,25.138750679017768,22.657212676311293,20.26343429533179,19.306501359999196,27.866658154814512,25.4311249076983,22.960848477413286,20.378777156343457,19.37637055833448,27.805144657871143,25.23565667679957,22.574771326878313,20.32785088549104,19.344228053481583,28.08217931048096,25.513750520717863,22.632186913591777,20.47326074808214,19.489011150163446,28.253210471682934,25.8226545855022,22.77769219625261,20.496743435075835,19.412679810725425,28.40382484296431,25.96645117878868,22.80840055546578,20.52550789784793,19.433934168424663,28.21111324922598,25.764096630505264,22.886938642273247,20.573319746923907,19.472188403275304,28.296386388993234,26.052898666432604,23.11387422734327,20.668484180185953,19.688586103581777,28.076585693738345,25.88979079092931,23.025853372720796,20.634043657143803,19.687376605321294,27.694947698801332,25.561161524343355,22.92240137463155,20.56426382453999,19.59418894048516,27.579907936658138,25.315607912495068,22.822878512083413,20.465730705913334,19.45455916357887,27.642841638053607,25.2870818325539,22.511102287865434,20.29403531967538,19.35571084814823,27.417863884710993,24.69055005461893,22.433508475356906,20.227794456763583,19.206458602454983,27.324246211916794,24.590490238013885,22.388872862982588,20.19188493798844,19.045606014117432,27.313019993738408,24.620725737283056,22.36898274513308,20.064439488139005,18.7672115342798,27.452006081703217,24.677274760397825,22.627491599391327,20.02420043498761,18.44410040715954,27.37165659294816,24.825594560853137,22.63389940565279,19.99461921269353,18.268267340192605,27.79598144383001,25.49499426070105,22.740088574784274,20.060361375625973,18.189688852098207,27.82301901358095,25.74663972821288,22.95847697824511,19.956200416250574,18.19565726557874,27.984651221306212,25.670877137625734,22.942007731387243,20.159598514649936,18.544839129141163,27.989092582841028,25.75096787970179,22.763609103289316,20.252674183274106,18.644913039367687,28.134983841107832,25.892138190050268,23.04058348332974,20.393611475080867,18.8154236500365,28.022285952320203,25.648732460176507,22.77818401350069,20.179260159942114,18.602482354761065,28.22819217126772,25.42533941627095,22.584730738892663,20.227228127659785,18.527046020748855,28.047642605444015,25.320519196956774,22.65593210904863,20.01099688457652,18.1601892069361,27.997908285640175,25.279980103032607,22.670743869248742,19.97371199020727,18.220757142198416,28.0441902337757,25.12538264477434,22.546782284898672,19.731286587633953,18.091011249263296,28.08522939447202,24.954349215291728,22.59612462877147,19.771542190355905,18.131763062392764
26.14938160902183,23.612057788285803,21.54859266948432,19.78956842902551,18.714619711085287,27.510683064840297,24.940964757940407,22.477681439223772,20.450785046824965,18.691168524839576,28.40652982696242,25.976062697457404,21.726160972079228,19.74437033747614,18.63385419529011,27.374667799801905,24.676023775234565,22.603904763161076,19.769247760173897,18.610393324475393,27.404256561398814,24.69766171162474,22.233389534293615,19.93549657888081,18.56172553661652,26.757540382660085,24.324320392832824,22.048630504372937,19.943003888413884,18.463537644660818,26.6898722493685,24.32476284496368,22.024080968999222,19.840517265365975,18.417287277551853,26.407786991453456,24.189004810272376,22.170705762886257,19.890682896884393,18.448503483240337,26.332448284257175,24.364222468731572,22.144199897641297,19.97095197802048,18.477095806961522,26.303223369356107,24.149059552866834,22.04144310112489,20.08754315102766,18.464978924195382,26.75069232508352,24.50828469832657,22.16012403887773,20.03620131316942,18.52987103277706,26.58704032171365,24.43488106883911,22.306059209064834,20.00653761254048,18.530521145691132,26.561473472905003,24.287799613298024,22.21866363220715,19.958323913484946,18.45264858204874,26.40484343731586,23.959464788754836,22.050417365695807,19.905449079338297,18.460291676074824,26.057711168307236,24.117900231237773,22.05006917730131,19.812976033552438,18.57892766092445,26.39096150211889,24.400251357419634,22.39301306652115,19.901394862521,18.422165086031015,26.35942563221119,24.273527453379547,22.073792838470816,19.859345964243648,18.44926559434784,26.568249915775773,24.49046291312001,22.063021157011026,19.98692789585903,18.399122509962602,26.823087171151645,24.713689457201703,22.221607155117926,20.072959434213814,18.476503198362444,27.006539142829336,24.916855769898113,22.247358039674022,20.087873443463184,18.423342698548975,26.872220180235047,24.589294490561677,22.298033459813084,20.306190587118902,18.590838915122312,26.911432768696976,24.876621315250553,22.58656490230219,20.520681922299346,18.760271434038277,26.811814691894323,24.775821329465273,22.646742556241367,20.385103588205734,18.975030692147463,26.4129860980049,24.486596738391224,22.622411909672703,20.321454623599426,18.89102548372792,26.309541487973245,24.144672907517783,22.520157032867328,20.18140237345734,18.855195513216252,26.3598759896236,24.249228465288194,22.270083078718066,19.887930548784674,18.863471505406842,26.12734636376947,23.657338018125074,22.191263870208566,19.769207829766543,18.730860790490464,25.949465006822926,23.557041605105237,21.98990203833477,19.829025184226204,18.55443387273589,25.881161813785365,23.617802462227303,21.93010200781688,19.88898487839669,18.428748146419316,26.085567821091253,23.68903504116102,22.07772088294236,19.926404339734876,18.35975673439932,26.032318034936736,23.71942771234447,21.944125869001077,19.96912070438532,18.243275962203683,26.505941428679954,24.37144942801247,21.949130959508356,19.95334135814129,18.16717132386997,26.605034722737685,24.578452925279016,22.215812357217494,19.915253048461675,18.237214036163966,26.99553182230941,24.674592592158593,22.356304335594736,19.95002976358047,18.468443777948547,26.97805260925413,24.73221848640519,22.279387946869868,20.058331445741512,18.59168171650939,27.102741813919664,25.001412227243385,22.550846727161293,20.18063363174232,18.628710622349555,26.91104647735591,24.842947229032795,22.39825375583102,20.089402999073133,18.49697954482136,27.084120216061383,24.615932364861855,22.32477382539887,20.151832001136164,18.44435414263797,26.702565259163105,24.466998833564254,22.301344074228915,20.011308554092913,18.28031104284573,26.630633378433583,24.465258608272812,22.270321951336363,20.019348910156403,18.228535036141476,26.71980465556633,24.324488587787812,22.16551557644896,19.87138823057363,18.292451074819997,26.68092610888919,24.057194467949298,22.287573978624366,19.971003294843594,18.317870031918822
25.988133719325123,23.54113406508058,21.9275917400081,20.31572234020895,17.773778117552194,27.182808109353825,24.67549862783049,22.281342159371484,19.98924577700837,18.284123377680938,28.15521411086947,25.85968412372361,21.707599164527405,19.54751204665141,18.8327846419579,27.234665383461785,24.750055379008778,22.769949975474823,19.818720313538428,18.597019636020445,27.1805571243504,24.65277056603578,22.276902381483477,19.92004184242966,18.378187944449724,26.660509275460146,24.33368670923945,22.068613880782653,19.753558367302247,18.500359969810567,26.59610539485946,24.39958716109681,22.153639311020168,19.78363552500673,18.45408364560995,26.400106357397117,24.206335581087863,22.274874844206984,19.9843625597722,18.38609250818398,26.459953235826696,24.356611826242464,22.164147254419106,20.008698903795477,18.303242798345742,26.392976095754005,24.295714675662868,22.181339447286412,20.093997328221455,18.301531204159993,26.810401095090903,24.582553744935733,22.305534379153585,20.11357100891611,18.319558460763066,26.697353301856072,24.571597618279448,22.452733585485582,20.09991259098257,18.437259718297863,26.58304161696605,24.46049360728123,22.434975388603714,19.906602981383624,18.41906616796394,26.432485353281994,24.195191765236807,22.453106174802365,19.97147950151782,18.69315894619228,26.319751065287726,24.266760915628787,22.31320945154921,19.94295864454719,18.752267640131723,26.67712441863581,24.564110297809243,22.556168853695937,20.05923326251375,18.793414191196533,26.62246022350619,24.36235976020165,22.19390405555616,19.988393136487865,18.66286762416013,26.911374566377866,24.579915682310848,22.17714050544881,20.23564755412406,18.71010497589699,27.08066764436838,24.81420709806282,22.200979981273793,20.255792031929374,18.64360007610325,27.180448226810036,24.86479188723174,22.231978425386924,20.30422080882151,18.724560985582364,27.003636940158877,24.697796224245472,22.43033507194107,20.476061763477137,18.754737733654814,27.034060502151313,24.953072914150376,22.58873318012745,20.554580082538802,19.022641246815354,26.78200533028874,24.834878794214813,22.60591689364058,20.46524996759816,19.067156224400936,26.425895912758005,24.568375309919162,22.618337138985886,20.425886703513147,18.962531480254757,26.236898958088396,24.189848362186815,22.588049718903857,20.301541028654942,18.771064597151554,26.292738358962776,24.158037234740437,22.22044638783107,20.0576154731097,18.72777755182999,26.281167216841908,23.665903430472316,22.221144974873177,20.091528617474246,18.543159810735247,26.282857984131958,23.604661082367574,22.067584214126555,20.05629723030212,18.412028353867683,26.133499543056196,23.588481118308145,22.029632799987013,20.049223882402448,18.257940434253445,26.3855796115813,23.817811931124034,22.198427343685722,20.02645040030816,18.198349426258865,26.327196793612167,23.956759740487108,22.076160644352534,19.988173888416902,18.119866645656362,26.561792483611907,24.51541390281678,22.04384695707255,20.000153502331116,18.093631407031246,26.57683696941178,24.74889318735191,22.288866142562917,19.885516541380785,18.126541363988867,26.801140811228304,24.67861123945571,22.258585386222826,19.912454641623242,18.313107167387734,26.798122887807104,24.746540176534957,22.1446395367789,20.06008278012721,18.294389350902314,26.88564108784493,24.908902946386057,22.492604013138923,20.219000413171422,18.350159859245238,26.7153119815769,24.680057900985826,22.421602368109234,20.068307750779233,18.288843641644746,26.912739892365373,24.397992531514745,22.261237795308766,20.19425185835262,18.27962825243074,26.782226145396795,24.392691000336097,22.413471859657108,20.104648725595034,18.071196137267062,26.686777724196123,24.339159601478716,22.407418168506194,19.997210587169935,18.191834779637627,26.739115835333877,24.12239107024022,22.35101272396279,19.806720572470994,18.117839302892882,26.816868070363107,23.962716262375615,22.364394267555777,19.850266616694228,18.121398322442598
25.017036756853305,22.617182156901535,20.992925152261797,20.75309153142732,20.553184478331367,27.2968015425316,24.050279350636433,22.304565267471403,20.854714446522756,20.5788793829269,27.469446167037038,24.760897350840743,21.39238752847315,21.219387775785965,20.61354846185677,26.582024044875944,22.877908744677292,22.20955503777,20.391973532641106,20.038323985529075,26.582432153008433,23.533559337822602,21.803552032607097,20.546696483047242,20.05367566546438,26.28075673714947,23.465169263977298,21.889700369675463,20.2872833544185,19.568751420674445,26.173632507463736,23.441289324057596,21.724842410307996,20.00495238200676,19.06990844345498,26.096522007007387,23.467936768226444,21.974713968035122,19.777255860309705,18.72868654220615,26.03531904017364,23.80675148966497,21.86095647435987,19.599119804867208,18.47073487774503,26.332562122510332,23.652443367374886,21.851242857294448,19.73589343268197,18.37071557473286,26.59835949681088,23.739336208942177,21.74159423563571,19.650526172761992,18.39969201747826,26.45319775207422,23.587420867911568,22.119174285994244,19.747905298665067,18.42703935686273,26.28660613215675,23.219659426059998,21.888635681109143,19.662569925908354,18.217243691825743,26.100207621096832,22.84984104861341,21.865478421233554,19.71753000277555,18.24907861212585,25.55727929255565,23.013256515177435,21.769116001339977,19.721950387979753,18.475625685370517,25.78258080861977,23.14766113010174,22.06837524829637,19.8358919694575,18.45083035715542,25.824820014527802,23.246857688443477,21.718366870609593,19.726715731128756,18.40054929881713,25.905303129773348,23.49544123417197,21.759395507198686,19.785794354128235,18.49372055969756,26.08611400659958,23.615302273536862,21.92943902508996,19.888955858599367,18.502131544508277,26.053323706849152,23.62749982855484,22.0830631226979,19.926918434399916,18.383208012022433,26.13077867072632,23.462568029382673,22.338486086474184,20.043899904731255,18.38978166994118,26.23430271726155,23.688927281522353,22.598286899213203,20.2377046320991,18.716288917743544,26.33208997268084,23.735338576029914,22.630637042861483,20.18640242971079,18.809887164253833,25.952979211930472,23.660152678359715,22.40359085467756,20.058922543586867,18.700545151495028,26.031462136195774,23.55628105082014,22.257327273668807,19.631765641177022,18.49473401456112,25.879758849253534,23.695129543151893,21.881034017450084,19.369838697838087,18.451884629721654,25.305383552858864,23.287795957290474,21.815559779292084,19.328690088718407,18.265123070219424,25.045337264896848,23.03243142965356,21.70018094823082,19.301061052629315,18.14930102669148,25.291125631240668,23.12887956450065,21.851559985382607,19.301243108244158,18.03955532183454,25.439465832889447,22.99078456440089,21.93002229643478,19.50699703395206,17.973768101043348,25.3531623680543,22.859064151918478,21.7619969379787,19.57771062054486,17.896148483385762,25.98494155681191,23.312291305769403,21.78939390110318,19.493171506466645,17.947692266083273,26.093496922692623,23.56778489051442,22.015879328016425,19.46428143626921,18.058563635038848,26.46394529834031,23.672710736280983,22.13138291415017,19.581245114279614,18.270121431749295,26.532990660748148,23.81345468576324,22.114394550852698,19.612143991178886,18.53467310241364,26.754004518133797,24.121354766860183,22.29315024127939,19.75437777945192,18.598984417525447,26.554472194339656,23.890143950876226,22.055798328000737,19.682596184625318,18.254090798481283,26.699397209263015,23.73270026828958,21.933485280689677,19.642526918166475,18.017567569646108,26.064909799569996,23.49908492985559,21.87538324158319,19.433521717007032,17.788233653230186,25.794260088647786,23.13903896077842,21.70922822435892,19.540227461605763,17.611082383973503,25.789122766304814,23.020649358069285,21.653800782124044,19.510225496513407,17.56298968560025,25.850489195726492,22.5952979352621,21.863951696104614,19.602394642374747,17.61054045731487
24.425079631160443,21.746169030084214,20.92263717014896,19.502649530844902,19.861570544260477,25.44164910112821,22.67513224798903,21.090471096663695,20.27461508087796,19.257407884206142,26.607270421115885,23.892833247078144,20.46764829241868,19.567432935974743,19.441100324990007,25.21491871908924,22.77494428875438,21.3648254424809,19.74162305755437,18.984832652271177,25.458152439417155,22.6253604348366,21.097504511436775,19.6695487542918,18.976487396089563,24.9046657742358,22.464876009884996,20.93829264398822,19.547423737324916,18.49189172583747,24.836653866325538,22.602796041144362,20.928254720080027,19.310051411941238,18.123882199466284,24.545127119484455,22.53113987494159,21.104722720852244,19.26123635576975,17.73711588960179,24.54384203305218,22.71417604035407,21.01002220122485,19.165401935209097,17.46464376249208,24.63828702273289,22.644617388617824,20.99197044589291,19.200431495196643,17.461632386691655,24.96374872235949,22.917567937371636,21.124909665552337,19.203663537163408,17.498158182194974,24.865114442202277,22.84276333610768,21.319924735651774,19.17181472566833,17.52325937433536,24.774910033454116,22.679274614809056,21.28648751170277,19.06467434172511,17.647754846999987,24.495237051314394,22.38620878967875,21.18582059224135,19.022819350492938,17.77231391517484,23.957023270923443,22.505734086752305,21.123619557675802,18.997241678409132,17.933122209187655,24.25209991789798,22.723068836474244,21.30194584465255,19.007576601126146,17.871578979597018,24.272002192711994,22.64456231981175,21.02837735513189,18.95028840553213,17.893977708963728,24.449423198955657,22.825189386914296,20.965654311185013,19.071551560122636,17.769637039406383,24.75143406900009,22.939431702707232,21.195898089365528,19.16268563175936,17.76526036143382,24.934194815812024,23.081634601127018,21.298946975008857,19.235950962668067,17.700986631133727,24.889853128204713,22.67888820502811,21.52202411075873,19.410347529794212,17.755636661757787,24.87015587736198,22.869777621960903,21.703105166244768,19.660708695941896,17.9543203963162,24.834902087370978,22.824797736034032,21.812072043269954,19.58886206823211,18.136435170912822,24.40797948523514,22.678754593033165,21.69944115877158,19.551745552634138,18.02869388653256,24.35035929103649,22.29986253690125,21.56127647095635,19.364354531842316,17.93174756073689,24.30440080477469,22.47872197572052,21.24266617517189,19.132335484551213,17.922324312885515,24.143710328658074,22.10889667863559,21.325626684527695,19.05755196543929,17.69299475718643,23.95393454825267,22.030175268568037,20.998174091584307,19.100381765819474,17.497046927627423,23.990737290120084,22.051019855518977,21.05101533817557,19.12236445530501,17.43812492422124,24.254943041886232,22.20673641329498,21.104737654936578,19.092575764181483,17.325411675606805,24.201622636590642,22.221201904262728,20.8406586613351,19.16305678345115,17.185150142558093,24.598542275802227,22.66939119737004,20.711922135600663,19.089571091181163,17.160900137970142,24.720062859824157,22.840789053403423,21.035693882863082,19.03971805727418,17.152560383407998,25.062539756254345,22.982450558465807,21.134032562419783,19.06239572331691,17.234741984091123,24.970541301642406,23.02491719959685,21.11802041878891,19.198265266407848,17.307478995834792,25.173985112953762,23.315820366657046,21.401787882964822,19.331917385755382,17.377870391646006,24.928488969204142,23.185632179959363,21.35240434588053,19.242634039431014,17.248681480698973,25.09732035466457,22.841081750843948,21.351628805784852,19.303346164145538,17.221301094749947,24.62936561152116,22.670291533524193,21.388895783131467,19.108984630379187,17.070698641505537,24.521966170302413,22.61264416395296,21.326733410869288,19.10414427072671,17.09869703625916,24.555850944062755,22.4018777978591,21.333415231680583,18.892246487715916,17.06544358867054,24.626421580092874,22.12722649967224,21.48882991705718,18.947281176292485,17.014050115550432
24.429249886124147,21.709587983702633,20.917565250588012,19.47905909379109,19.85750962326261,25.453147306391955,22.682900686352273,21.1174372106082,20.25164804828401,19.206415685896385,26.612084564829903,23.894153671864583,20.44878734236143,19.53527832551053,19.44183992378226,25.220285935591843,22.776562111858603,21.38713919951825,19.73865761354274,19.02638359884106,25.457847337979445,22.614573637569727,21.0948390026531,19.65827571010957,18.9666104233196,24.93457782493396,22.469289709562105,20.9242924385018,19.53921098572638,18.483905705831518,24.864126378976014,22.604214730397736,20.905785409034973,19.309317896680003,18.131516583466826,24.570045948621292,22.530965712422166,21.091493553447723,19.25596716190516,17.724332993185943,24.564412005966638,22.717232711760623,20.99123180139052,19.1643843593617,17.431387794974448,24.66155464175205,22.66341536526866,20.967364404400705,19.20202338949643,17.4421115037759,24.95679358507079,22.933001448061503,21.11664780375518,19.198751206026653,17.471492047487295,24.85596114304274,22.86024057051042,21.318075195562464,19.149498819582043,17.49970262408737,24.765463948017022,22.702402336781176,21.285846235370247,19.055695374916944,17.62743285202159,24.486518104568074,22.40159817141647,21.183968127240057,18.99839301175097,17.76159058451907,23.955907178839485,22.50831376241591,21.139587586361785,18.968848631359073,17.92461946730025,24.2523228992666,22.722790431541913,21.31050027106182,18.97073300904821,17.87782702367679,24.273194087374204,22.643043260315558,21.0440336180035,18.94189730720637,17.874447991790966,24.447527245410765,22.820825994560277,20.981291825873207,19.052231853504374,17.761370398350145,24.750270388115094,22.941921330704268,21.22817293319448,19.15977858398751,17.760235356065483,24.934120882427464,23.085518477630938,21.315491276105814,19.23190704384601,17.70381826944997,24.891871541269026,22.688981735465184,21.538742638501535,19.430233366612924,17.737549357957157,24.87509562771718,22.885262991081966,21.70797971691509,19.668190106322328,17.939460048349176,24.840009544093753,22.846878739932045,21.81977897527697,19.609597384491337,18.124199705091304,24.42020326492734,22.70512346772814,21.70224395515387,19.573851794050142,18.00603534776127,24.35951933037256,22.330666745712612,21.583460672568716,19.381766729558215,17.88448668331972,24.31260434695067,22.504478631118108,21.260285227824404,19.14263846182974,17.886737262949996,24.14585868706873,22.137072687539998,21.350044753802706,19.06638734098836,17.677338477053215,23.961577182762426,22.051259410148635,21.023452271875804,19.09762671418986,17.490834413393355,23.990691500396704,22.059010002706714,21.06137971696001,19.10721397149711,17.44516291683984,24.25455631105182,22.21451204604774,21.109648642053433,19.08255755423224,17.346960812040912,24.199789936268655,22.228761874525716,20.86170945196809,19.149315091683807,17.217196793391402,24.601132437892964,22.66533927512568,20.720588434167876,19.08041252796955,17.17191353112473,24.726382551739512,22.83368015728862,21.032085186769535,19.043867201555166,17.177678909644527,25.06961194477763,22.98174024858279,21.138749489313113,19.068402247711383,17.241851823923955,24.970277943139866,23.029854715208998,21.1230962546875,19.20960162496005,17.326848764574212,25.150261460069995,23.31174968960981,21.404229475247543,19.343165319178517,17.41339444956615,24.904571205982798,23.19364707256075,21.361981290609787,19.24535572897179,17.28588216269909,25.069815630481962,22.861097464428372,21.35439696370979,19.298619622391925,17.266328607810703,24.59941349980903,22.69648348262275,21.381285196880174,19.109068799503405,17.114995602194927,24.492565937627397,22.621940420717266,21.323109216232737,19.095520942227722,17.12525953640305,24.55022202832645,22.41362052326952,21.324522744270656,18.881868362558315,17.060080734473285,24.612245557716506,22.14426485489799,21.478611492588442,18.940829560090354,17.042857306343972
24.415018438637418,21.732195136071116,20.924648376325802,19.471556986077086,19.805603437474723,25.431495984166524,22.62412059231521,21.080955681202354,20.26069866680505,19.17123094834788,26.59982500806017,23.898826471535415,20.475590462762426,19.522100314930636,19.400820141026596,25.21308969425592,22.83141970895545,21.421666322775014,19.688502291586552,18.948066303671297,25.449831034050483,22.616221977600517,21.10076403695428,19.643020286321608,18.913357613319647,24.902700023369988,22.46547656595718,20.930917679061416,19.523672446827067,18.449287907958098,24.829674621866243,22.606117414583956,20.923973211282195,19.288330544131053,18.10535607834642,24.539108104071992,22.530535164433253,21.098062913787942,19.233286275795415,17.71318468340652,24.537647392096186,22.702424043780315,20.992134668003875,19.145278897643706,17.447724176421538,24.628854854263633,22.65180671317649,20.97948876657092,19.185523660397724,17.446144241342296,24.94409649480743,22.92472607588665,21.1326767772835,19.186887145512888,17.47847029896493,24.853979271432234,22.85213914618502,21.32669668057797,19.142795099748593,17.488835942618138,24.76313029569382,22.68926833333263,21.29137223096714,19.04982185565886,17.621823051564803,24.4855129568845,22.39485879608109,21.184792942580515,19.00012994886642,17.739183465204587,23.94746369441091,22.510496874102323,21.126557920061327,18.961953955646326,17.914907753337562,24.25171697813903,22.71892776218258,21.29461887006619,18.979765589541824,17.825749753843073,24.268662468347657,22.64748991210996,21.018294412514326,18.937609983701176,17.866145463994222,24.4481301073567,22.829023641018633,20.957275439279112,19.060702068871265,17.739891501754364,24.74638542475463,22.950264686920878,21.191087664350267,19.158655305477073,17.744971275079394,24.943017048761902,23.086313813852108,21.291713616612558,19.247853199831194,17.69560545446569,24.89258732885292,22.682229088755747,21.510661281418244,19.42798155520314,17.761864221639204,24.869836598023348,22.875532050783427,21.6918716823291,19.670515779360894,17.92609279886925,24.831620422431133,22.832604207138946,21.81685400444054,19.597516629068046,18.11205751578826,24.402455030049996,22.67871157476867,21.715254567582843,19.57878213415426,18.004242790404636,24.334753228924907,22.303907252489715,21.579969183365222,19.370142637612407,17.880455385591194,24.2969281809962,22.482711445986624,21.258127255188885,19.135205058108607,17.876823530524383,24.14216409700118,22.119994787864567,21.344132701133226,19.060539658096154,17.655428982317055,23.953776146618157,22.038856083529517,20.99220821810198,19.094147411937634,17.468375947794403,23.995501156729198,22.066927470803357,21.038995084006416,19.095179182659972,17.40168231082905,24.26361686695612,22.214064941225857,21.093845298514758,19.077242186534313,17.315196036007215,24.20340592131779,22.23190157455634,20.85985351727083,19.137287455939934,17.18280134002167,24.600466846425444,22.668039597371013,20.71771354104492,19.07370576301006,17.17476991108964,24.725819398492348,22.838857233126927,21.043087660407203,19.028874555735165,17.150822146603524,25.061261800072348,22.974586694858004,21.14004044046623,19.063364286660352,17.22731100507636,24.966303658540703,23.02703203853365,21.13396886329265,19.202622093042983,17.27330616237403,25.171466815857926,23.317354209727,21.387869306701038,19.338777601298613,17.337160331602472,24.922676780406086,23.198872770374518,21.339695268930505,19.24168346599287,17.212524996261692,25.0886866361698,22.8537631730467,21.334774079259017,19.30064806608316,17.21887374916838,24.62499383497184,22.68412824150088,21.36849250959724,19.089613431581494,17.065117716245336,24.516052096085943,22.62690775319058,21.298918365170714,19.08148726696752,17.098110072882484,24.55243611793974,22.42151756692796,21.318649314205327,18.855304894698616,17.08251264983696,24.619330092551074,22.13274723824628,21.48041299496843,18.919215085890198,17.02218504258704
24.234876349296744,22.025245740100242,21.38077542401437,19.470959251268606,17.057003220853645,25.088664599756914,22.964012136525852,21.291394073499667,18.987335766427005,17.565312133493727,26.223575584914553,23.977204886140147,20.820892444274172,18.908222189254865,18.025797494329133,25.227641732800336,23.093706943786525,21.656952201786275,19.251685881666393,17.535796390046652,25.17669672522498,22.9427990824994,21.37296643556127,19.18124357592901,17.54557048496399,24.766738815499036,22.779799177046947,21.234620007364327,19.00271375882614,17.677930590142108,24.67612788581112,22.913171855390477,21.325594764663528,19.057590956719302,17.5876087485438,24.5662826241416,22.793214543880033,21.410258131253094,19.22505740163289,17.48575469379931,24.742057877987662,22.9119689658226,21.29636820275352,19.246474765647267,17.405005278442985,24.82691924611795,22.92195240674231,21.359698382294265,19.325833097009678,17.38222728074357,25.15376523763703,23.10859097056883,21.339730219485023,19.370554866029007,17.341046572386055,25.1534425899863,23.04693749432065,21.48604494888532,19.353946762033118,17.418125939763218,24.927599882891826,22.940552173213003,21.55921308678429,19.20164758580022,17.38238689653762,24.77391416291617,22.772600154547305,21.637469727226886,19.216866210732995,17.66415376670445,24.689117059554597,22.876311136234417,21.482643502511845,19.191336668084023,17.67808428815601,25.014654092444353,23.107859621545682,21.635078625839473,19.2882915325334,17.703863876906855,24.969525639679407,22.87322119010825,21.350199108132053,19.254184131537528,17.547093976805805,25.23034791408612,23.024683746322,21.267918746296473,19.439165183452577,17.576061349691244,25.293216350887654,23.152159192716198,21.218420397238127,19.442404598226886,17.47983883816,25.249274465111277,23.094786112026256,21.233418423371607,19.48326952267929,17.55301391721233,25.097950826744444,22.956887867094885,21.623120896475925,19.686313587669275,17.560893150914136,25.055442397072095,23.247143435573115,21.646665810556748,19.756196286209285,17.846442442370307,24.820714337762873,23.129872339957842,21.667152368746844,19.734824756235252,18.001409717095456,24.512500709184206,22.922345067372905,21.69502768591664,19.71828337303213,17.912482069587078,24.281667311926412,22.580448097914257,21.690435347394498,19.566578177263352,17.730068876909183,24.321358741991126,22.551191322300703,21.287735854821403,19.28312333418758,17.732797643302543,24.509339906894912,22.19321428843133,21.418104567977572,19.317399185684884,17.49282998591313,24.495919523829038,22.190260612330956,21.24281521362462,19.21819396657172,17.342280596410127,24.26595148845273,22.175408884768608,21.281354579981617,19.262423073260866,17.282737324348616,24.638774108400593,22.443558918324605,21.38359220002543,19.286606287060785,17.34141816760324,24.617134639152816,22.57794644061635,21.105804117711276,19.31281222004093,17.255347007352995,24.676399125912315,22.985417344805384,20.87556253455789,19.304827467108986,17.269808256198353,24.838452512049535,23.21427341232468,21.103825574125196,19.223925579778772,17.25169392138931,25.162796960309656,23.22285651679966,21.01337214707338,19.18389884142595,17.372448450675414,25.166683867484615,23.232448880447684,20.943600284800123,19.304962370593923,17.323941350904906,25.14495937028456,23.395275943285803,21.349421485413828,19.43002226928804,17.393082269302305,24.9197368236461,23.207048325991515,21.51397105822311,19.32752914799509,17.365228047346847,24.995200214062635,22.812496938731986,21.406883176172762,19.48892271830179,17.358986901836044,24.89093844026963,22.77418983764118,21.64850277664005,19.428224626988637,17.215144904651666,24.7205168724494,22.69786517436994,21.614825646710578,19.29920168366389,17.29673075947673,24.849658005155224,22.389183833758672,21.58897484593842,19.124192788472786,17.221842273468685,24.93472643320146,22.381953478349896,21.610087567508856,19.15515532000135,17.32621452418084
24.24495355340734,21.98218936072775,21.41668980783493,19.485976390418212,17.177777652401375,25.11054360501813,22.986744163179946,21.332728916446055,18.993453857323264,17.46606553366099,26.238928967393917,24.001673299977245,20.770036596089792,18.942559087140616,18.004588221115256,25.215395604864458,23.08494369778756,21.68477259667095,19.23706376046481,17.70020508670367,25.185236197190594,22.95411581629374,21.382915729606374,19.18871046282033,17.586214503159475,24.78799284254469,22.793673156915965,21.245263698358468,19.004218197196884,17.682438643489213,24.700459205988672,22.93201518952607,21.323663877646645,19.069466410585118,17.61394476115249,24.586390449100968,22.812714697010144,21.420353258429408,19.231874878749455,17.518266319350563,24.76300751050815,22.933270216148365,21.304353007838582,19.25819225999127,17.442618943207325,24.845750153888005,22.935773327969926,21.367476338347686,19.33381152380834,17.415724966738917,25.16077071547402,23.121008629371254,21.331470940708336,19.383495753785397,17.369352876643582,25.156058328843898,23.046723986882096,21.480719002145815,19.357705018844264,17.48297019756507,24.92950610718913,22.932226407028235,21.547056691435067,19.19898210728552,17.442977614242995,24.775181550815642,22.761206996935602,21.623751142374932,19.216221286111786,17.676851258989494,24.689980148469935,22.858490654615288,21.47077585379175,19.20124756932861,17.673595349539475,25.015281911663855,23.099865971813916,21.631453518456276,19.299212601926317,17.719897698017245,24.971353750291552,22.890846756318236,21.343199206246297,19.26586891350725,17.5437347805396,25.23620771218787,23.042691917307508,21.267827813204004,19.45341287960099,17.569148400826993,25.301761197456294,23.17849340976186,21.226610208078846,19.450367599008825,17.474838944911177,25.258749993195764,23.121985149958267,21.25099735625175,19.49144395021373,17.568607406750026,25.106423913502045,22.984809979103495,21.638713674839536,19.694351965464946,17.58097079618421,25.06172411588728,23.254137605669435,21.66968071948422,19.75529308349686,17.844823888608005,24.82076503606499,23.14263420766173,21.68290339713092,19.74259181015944,18.01233958546739,24.51989109810389,22.937829625141838,21.692037134392613,19.73744757455047,17.93421203926396,24.29022432008286,22.60562900806584,21.677563920985893,19.586199604224767,17.744303126145656,24.327937068510728,22.576676347538733,21.28563153625409,19.313220142373183,17.749341056143095,24.51287455407105,22.229388560830074,21.412882090473822,19.348776587450658,17.501722603824707,24.50514270320915,22.222654410475425,21.236962290813914,19.236813136007026,17.340709741086236,24.259082344465806,22.204500681876468,21.284030266176714,19.272010782840972,17.28262519635404,24.62967827136909,22.471746697840988,21.383276820357313,19.287681696570182,17.319732859480048,24.60748484324868,22.59795995496166,21.094897469217695,19.296887196465455,17.224376388908713,24.666911288369768,22.992244149749563,20.85742848228857,19.296160634112688,17.249292444768397,24.828405885252643,23.220373866942253,21.093357749775983,19.230055711452206,17.256091762858794,25.164698460973216,23.223582875538774,21.005835629057394,19.18383820686819,17.368143759098277,25.169778544957392,23.229612841402624,20.94345793959341,19.30560868325967,17.351969814700016,25.152453319020317,23.401380911419853,21.355105643953824,19.428709608265905,17.405890050880053,24.9163391096808,23.208985818102068,21.520176977550484,19.315450160107826,17.381262908348024,24.98956484672365,22.81764130976112,21.410763363039933,19.47053841448174,17.379171005734424,24.889937500822516,22.77781583797275,21.653220877142097,19.412635842658858,17.263936981994686,24.7240817565125,22.69574531997252,21.619229888061916,19.2937691624426,17.334867655826244,24.846009217748207,22.385080897986754,21.597243067185495,19.133562431897396,17.257217494258725,24.94489879770746,22.379522666827132,21.62725394262685,19.170941831457778,17.337697761788927
24.256180166496097,21.990128535718753,21.40431809280464,19.498651210519657,17.189061785336172,25.09472098214677,22.96984001231707,21.33563528026873,19.015724510343755,17.628160581353406,26.244941459688743,24.00098092963652,20.89085318287175,18.937630116258067,18.023089150178073,25.235301993954476,23.08329154301539,21.627101368243757,19.282822081587295,17.65214011210087,25.190725838647342,22.943022764838567,21.39635272465716,19.215328567554913,17.612421081471894,24.78738135645792,22.787709446598363,21.255755192670755,19.03550527504663,17.72258315370251,24.70667711681098,22.922964588232738,21.331983680930993,19.097662972330063,17.61943501801688,24.5955173484938,22.802347540385522,21.396863106201927,19.25832906926397,17.53444863456338,24.77228187942253,22.928808933960713,21.294208108410857,19.27828302190547,17.454589341052866,24.861152578587177,22.942329959506576,21.354871418964297,19.3450655672267,17.421933893601125,25.17848686105,23.12913471315338,21.323328101243494,19.397443413453004,17.371905374049373,25.166296881284943,23.05865556576187,21.48261277423855,19.376282192726116,17.47029364328453,24.946366510865346,22.945188839834174,21.559099495737108,19.23228073235836,17.413839377134984,24.79332012624779,22.77532323589915,21.63962372573105,19.2447761554046,17.674660140439432,24.70531938319015,22.877412932330838,21.479439506021066,19.233296926097843,17.677383017044104,25.029325410423688,23.105237965642683,21.654212814343918,19.331395834449275,17.70134578069883,24.99553252536102,22.88510610683278,21.361019536936325,19.301790273488102,17.554598915620296,25.252508002652334,23.038544263324013,21.27753775647897,19.48234888130722,17.59953277512148,25.314889808407656,23.166752845147435,21.223821146253663,19.488329430704532,17.49576165540305,25.268498752645588,23.100759311690876,21.250431125864004,19.52746545827679,17.602617952964987,25.123892604229695,22.96513335135574,21.62761555802942,19.728056177753682,17.633351647455346,25.077709138408867,23.25252838564382,21.653827821347043,19.778318999427235,17.89334603152126,24.839842359481352,23.137948851094546,21.675196210018964,19.760049540917407,18.049371886654182,24.541256259393197,22.92924257126146,21.696968012927194,19.745757059057343,17.977987480898854,24.316012538787334,22.595170156876822,21.684850714543916,19.599171955830215,17.782189414390558,24.34814133774883,22.565944715977743,21.280227337569233,19.31712805331217,17.790481391592884,24.529503425701463,22.207540189476987,21.40536931693385,19.35437210862992,17.538679597285995,24.52522324197141,22.202953571718915,21.23038687500624,19.256644525730806,17.37449046606394,24.286311475393077,22.186852189612317,21.277290932004597,19.299687840954757,17.285113412924385,24.656628678220297,22.45112595958241,21.380564136550348,19.30693015589388,17.340476735623348,24.631603052010906,22.582143772022853,21.085989900823954,19.319832976946074,17.22664687366136,24.69136170518163,22.98303719577445,20.860771247884493,19.314612874534134,17.252760822070712,24.846009685321313,23.21764850649117,21.08721181114408,19.23135316848258,17.255491880770236,25.17384786067735,23.225204280672312,20.996486119205173,19.19915169313687,17.398975637809205,25.17564328699787,23.236289985312702,20.92993279058373,19.324430001175266,17.367532616725462,25.160985370993323,23.41377564682201,21.360960611915353,19.459949305037657,17.41489024132766,24.93239044137108,23.219532530933805,21.51920061182099,19.34352045241676,17.39963994777373,25.006892991916068,22.826110161532277,21.412137352106747,19.497854368181947,17.38993410581312,24.900896932269887,22.780779219697415,21.646632407981663,19.42582101863928,17.25801227635316,24.735292257969185,22.69678195639496,21.61204632334365,19.307188322483647,17.336770435225873,24.862239892992697,22.3872896773696,21.57760993819733,19.120448565644253,17.287882158686177,24.957542834066885,22.394085267998246,21.602747637363546,19.164911155335414,17.370106162942697
24.25237782831873,22.010222554483242,21.370824059664184,19.512141630665656,17.110407070339473,25.079625315423655,22.948871886094395,21.325434795619255,19.045882215228982,17.48606041000964,26.25315259003516,23.98268999237244,20.84397767129646,18.8933906174488,18.079480900107683,25.254460123463698,23.10264974413269,21.69040000915786,19.289695832042973,17.74139287480543,25.193206210692654,22.949662531236278,21.37960639758062,19.206039261008673,17.599251631528396,24.78264994415076,22.786298404474778,21.238904000903663,19.028424235663547,17.715900601194786,24.706577755860298,22.926293534659575,21.322469019635292,19.078103209746978,17.63191920567737,24.596242217388102,22.81011814696988,21.39999617061067,19.25193937258935,17.522353442527486,24.77099105767891,22.93064253274458,21.287302994055867,19.266967001973747,17.406251404811762,24.862925562872128,22.946074305142126,21.36107581183776,19.345482057818902,17.39078153437512,25.18907925974649,23.13652457704213,21.355250192285645,19.388707424621238,17.344952305281403,25.179586406921665,23.077208521557626,21.512143573738285,19.379494242600998,17.45712274990633,24.96318772931149,22.963340306315576,21.58871726181145,19.225678015954287,17.42515560074114,24.80758794374389,22.788844588131656,21.66272203894926,19.245679603205836,17.70186257935145,24.720140356178696,22.884494284716975,21.511701295121046,19.23308110273459,17.68850289875195,25.047816105131872,23.114203307010392,21.658322036691313,19.325545694139063,17.734019885885722,25.010494158921457,22.88717883954257,21.364658131541002,19.2826460475872,17.572915479538754,25.259835495023452,23.045668851355224,21.28055096819069,19.477263026886856,17.611601140522957,25.326273697827496,23.18071440598749,21.23886391368011,19.480587455227244,17.523767053996153,25.273701180128135,23.114379985259262,21.255383115024046,19.51266394974318,17.619909194852468,25.12723644569054,22.983390250058868,21.642629393351555,19.72415802025572,17.626330810760276,25.089116930266727,23.269611053019265,21.66992259807963,19.779081635269517,17.908238145524603,24.85822846382176,23.154322442803583,21.697151805317784,19.7599635939098,18.055907251198185,24.55834446303537,22.945600840153855,21.711857474259407,19.74060814796625,17.97153166739669,24.332014692437717,22.60610036464662,21.705521918172472,19.59642898898188,17.77274852544961,24.36541148429679,22.5712195887288,21.30336687889927,19.31697274718532,17.78792433440605,24.5366751381084,22.20589061697661,21.418451225503222,19.357742049448955,17.505742081636733,24.524382467887133,22.18923669986173,21.237646447568785,19.250663082009932,17.335875026279624,24.287885644312887,22.17275476697399,21.280703677383478,19.29574706843636,17.26111466845321,24.658353971207852,22.44050562106088,21.375173017895328,19.316257066929996,17.312593668133978,24.632880344370093,22.57129990353429,21.092908174349798,19.329233262002464,17.21401494096101,24.698217337871096,22.97510648083998,20.866680973968812,19.32189975062534,17.27324979010347,24.86195337536337,23.213703651647073,21.09456215729084,19.237621275724845,17.283769114593543,25.18971491364386,23.223607032278473,21.01051430280319,19.19670382216778,17.40950811684161,25.19645822747431,23.23769483306311,20.943097949672605,19.317798053116338,17.387326095736803,25.174631989891207,23.413365569040884,21.35153460556043,19.442033021106212,17.421858241285836,24.941001083762487,23.225113775844584,21.52641923183833,19.35157042788,17.37589483430379,25.007453284665736,22.836565078129517,21.421092309336466,19.504852892249794,17.35207715253968,24.90089607091494,22.798142616376687,21.65382995695696,19.45340452951205,17.23039177093532,24.73259093023713,22.70599781714225,21.618193107213536,19.322613529927644,17.308056485037792,24.8659410549281,22.386419971042613,21.589186977772222,19.1502729493432,17.268899950472175,24.95859164620773,22.379042846364253,21.59269748333863,19.191134857899108,17.371287928568464
22.78113799322717,20.713714229687263,21.115200267338334,19.563901136575,17.95855052325856,24.198796886709452,21.72978569771571,21.95433045775073,19.562288174890863,18.077578377368177,24.257443889571963,22.821762972376067,21.922178395376676,19.922174317923666,18.086102662967292,23.755795137836287,21.417380442190552,21.668507268285012,18.897159405847756,17.710876133748098,23.813836580842512,21.581000112733,21.684042154256467,19.528864430046273,17.956053081029598,24.029894865993725,21.80656256991029,21.735097051397254,19.450628686906335,17.88420902821706,24.219448975090067,21.81126232793362,21.554244752218565,19.379291727112626,17.77559477242064,24.44137711465212,21.65921872436044,21.654997580669736,19.321645569538116,17.85143301604309,24.75761229138497,21.885551772736413,21.568456336426525,19.369630904577786,17.98997456443137,25.15653987452965,22.21511381475731,21.785946741031353,19.44563088480394,18.060636818408163,24.98983098057478,22.14325422263138,21.55310720236629,19.455858253659336,18.074575875147566,24.753524534802914,22.268879941913603,22.025033766920824,19.675088125662064,18.21379252236013,24.440991626625316,22.179099665573137,21.873835311293654,19.7068498301987,18.065158286874794,24.088017021664637,22.02173611156447,21.880208254190173,19.813386905024068,18.087133233854786,23.81094047121657,22.10476132959638,21.453694913256534,19.72295377436052,18.096148997842224,24.031406944188344,22.06058894312634,21.776990102375972,19.71559838026453,18.19771239153814,23.98507691853963,22.186185468954815,21.43942101783794,19.542466128810666,18.01282463840247,24.04775637601534,22.475156675100305,21.40455066733815,19.582471883635012,18.14708929328585,24.237669867715532,22.428823910145418,21.534453032293023,19.62257621537659,18.03301115248337,24.053472616396306,22.085133553595337,21.84698234953961,19.820757914876637,18.030544245759607,24.09032058181358,22.38061803050701,22.138622430636453,20.09728763767869,18.029076035525897,24.346634926386013,22.317522023048173,22.185809404582,20.114616354115803,18.33762550744071,24.81521199601602,22.2333186980758,22.206987061635214,20.03863992727791,18.271501062968355,24.598670240392973,22.377389283128515,22.053947680919794,20.01048291255014,18.177193583295328,24.60739012536706,22.36937730088387,21.943169122386074,19.780592227613635,18.029919036288952,24.56347670681699,22.379884419377543,21.646849574915517,19.506541439344254,17.92729872784347,24.256119254993898,22.30978846438576,21.740706400929074,19.42252905328322,17.64105334168978,23.486198772631884,22.24207545475206,21.586850975534073,19.312606062155062,17.574487555711187,23.525455416755168,22.146654468609185,21.644092195437263,19.249395820220272,17.506160215665837,23.386658496023166,22.08852737168519,21.616637044578887,19.230166655175143,17.449057414323356,23.197820161622303,21.77538819165925,21.461231362928373,19.24157547335401,17.355190892956085,23.446423111794,21.57829539407377,21.268100639911715,19.290491659153776,17.466372082371016,23.923316165301355,21.735435191170033,21.430204882857055,19.334852691439984,17.548417091423552,24.140098407212896,21.946556945250336,21.648165974643966,19.438974514598645,17.80234312398384,24.32506948580182,22.087963065782088,21.557346159903464,19.549450502848106,17.841226995639047,24.56846321223545,22.365589176791474,21.728305044315114,19.612298198587748,17.964198290075117,24.373543160968154,22.548456455879084,21.605553386344358,19.599427160782064,17.806815374139195,24.134070114715666,22.172950546269824,21.65313715133653,19.630832315818886,17.66258903273043,23.891707900940553,21.848034352346954,21.63161856890601,19.514472106642593,17.46956391625752,24.08509772030191,21.87060104599243,21.631425270975647,19.45100054438361,17.472138646034814,24.116607904971215,21.84104274691257,21.48170191992063,19.368288931829593,17.275127284030635,24.040921901370403,21.58968137627405,21.698234148329643,19.46285549014616,17.28415735732559
23.82985486581182,21.528567800872835,21.455155690924443,20.413322314766237,20.25923560146079,26.439905177793218,22.58413989790255,22.308867111319685,20.6871931230077,19.884487351498468,26.267525215693457,23.3506889245766,21.721370509922604,20.957881646715716,20.029938595364357,24.909744099034686,21.273122964906126,21.88287156149241,20.589192583097358,20.280748898693826,25.376367760557013,22.244514666678043,21.894186882255983,20.579272411840726,20.13548054544126,25.419781028450334,22.49048329224383,21.904435319690894,20.555472759314803,20.028873167434945,25.232069526193506,22.59851960803729,21.69596720888243,20.417498958249716,19.983593448862134,25.210841337265073,22.77312829753489,21.899641751921912,20.406396286695816,20.01601810911973,25.21786310720428,23.249660681704153,21.783586833481955,20.394777276064485,19.956799438335178,25.65065150281928,23.304875074624977,21.747374500323037,20.49576702781729,19.853465331299102,25.695275125796222,23.175018915897788,21.794208882263888,20.47725468478665,19.936947568723753,25.788283552914017,23.063872167622264,22.214070992935905,20.611387044657643,19.94909545192064,25.486798753416696,22.608336808238345,22.00524442990409,20.535558254266995,19.850287991067283,25.481921587724496,22.34797892276236,22.050238459919523,20.58463730403981,19.852841396869167,24.956414291520847,22.43162482342537,21.956698974090084,20.61017777567485,19.916226252736305,24.942257578607553,22.498963185765643,22.0354559487559,20.672748273507572,19.841159041934926,24.916477952702184,22.715443101230147,21.752548753014217,20.632186326340435,19.828758484905176,25.012053768553933,22.961302665332685,21.7112219093838,20.624661982766547,19.88874747813482,25.05574834906327,22.82266809415722,21.8992534199375,20.700740704629684,19.863640501178068,24.947649215236765,22.686524199204857,22.079639877735353,20.75525897500238,19.847734925974436,25.23716477933717,22.714018269097807,22.425775137444315,20.837421883380017,19.877422541999422,25.25237886091229,22.789549588338108,22.615509843274744,20.951706916393675,20.05082084572515,25.47691140405551,22.828110582576677,22.698567072395562,20.97465828218113,20.039197219138877,25.113405103939975,23.01670263608534,22.52915522981768,20.8549489664656,20.031656802604278,24.954544962137096,22.95597249633215,22.367647044739453,20.57246110841197,19.861908519444764,24.631801925551265,23.02677106347324,22.05577355946196,20.358449316681348,19.711360654205016,24.142596397934557,22.79043804528294,22.016141146964415,20.22004599824946,19.371550240111198,23.786302677877636,22.603999720786796,21.857025683127365,20.113387284692116,19.115522444106254,24.070367540286988,22.631205028131795,21.905373739715667,20.01553148187713,18.920734162433643,24.142154017300193,22.63917471503116,21.943307940542617,20.03104221528016,18.7980267619874,24.242860517809525,22.35801450630219,21.687162673300627,20.063860611025348,18.688066537200704,24.727648493216634,22.588726086600595,21.69378717733165,20.03445355676727,18.771794789343847,24.892493954199537,22.695330199028206,21.931952351224158,20.07900794216041,18.912928708603268,25.201230716954527,22.815487807289156,22.113289253900938,20.162288729602828,18.97540981829294,25.61904195100387,22.960872720546597,22.048999606032105,20.18564573589477,19.139306485579276,25.706035067554932,23.266884743413726,22.243876321452184,20.307054919419535,19.19042225082308,25.522998451443208,23.045349743892224,22.06244086235854,20.326922964871873,19.00813762721544,25.53046659776996,23.01234934637504,22.007234396819126,20.205578189982486,18.85026539788027,24.91803707071915,22.87257688895847,21.942074048397252,19.970225434738047,18.698199631272633,24.487580275578114,22.50104821268502,21.968627326797268,20.054168265135793,18.56944531998426,24.344743115038625,22.382662176360288,21.919306842318555,19.944111936244223,18.42505727551424,24.50141038571394,22.114397499739727,22.061489178228715,19.92007689497973,18.362599434943117
23.264380596104502,20.967181185198825,20.226719543059026,19.49302102416487,19.821746889111825,24.873349252873915,21.533597194492714,20.78567194041954,20.137099844795824,19.238425262696794,25.322870820623848,22.696128495481187,20.312410727179117,19.305572555404776,19.33826529274168,23.84286446124954,21.161255937605574,20.86300344202379,19.68221850380573,18.961400003780483,24.375748224814288,21.489337519915356,20.631535345821696,19.594230455070495,19.081298884291748,24.03272766203375,21.452834340743276,20.6321287833332,19.540570834962406,18.847030075267302,23.897250470350052,21.65386273873898,20.46550542902602,19.35569093488744,18.672207312073873,23.707011927012495,21.683594917182283,20.629453421788547,19.34339757322938,18.495521833800787,23.79079891698099,21.935780059345877,20.48154837220159,19.275855433619842,18.40348008258992,24.075425100944166,22.017196496938187,20.481409483950323,19.258343115854498,18.458934807470733,24.31242981445598,22.12104425126417,20.58115814156405,19.24405274805554,18.41390476602343,24.308213530316856,22.04132764253186,20.944832828001335,19.19243729940442,18.42448581618944,24.13379659122026,21.759053773794488,20.84660572957474,19.15773926297945,18.55872185746664,23.805574385489628,21.549846629893533,20.79785561569799,19.147245408326445,18.689163992598175,23.1461495010181,21.591147947498833,20.72364231513967,19.195597349179003,18.863875811525446,23.296700924111676,21.777472672355493,20.880123958498498,19.12955635953052,18.858381841051333,23.285076608056464,21.797075599654317,20.66032205251269,19.13661081667079,18.8841761514344,23.432205151158605,21.96763116653334,20.678480388887888,19.22306475422645,18.75985657516204,23.68954210345884,21.98881356383219,21.056156701528426,19.3043532586001,18.66444085653574,23.76233536086258,21.97407473096547,21.28586523114651,19.353965119287075,18.581244252428895,23.921637128082544,21.75796627824174,21.61370067909511,19.51220223665371,18.613937260943395,23.969724669890162,21.856502907876756,21.71337702369509,19.66824567719617,18.693433204397383,24.085142502892843,21.832055505363506,21.789994718533038,19.62197176047339,18.7672729825298,23.589929860547254,21.822324703242465,21.509460151567062,19.56140192070808,18.716620286420202,23.567841378716498,21.620611065598816,21.329729307120743,19.337571955321685,18.534930358369188,23.33114082821884,21.62463194364978,20.813656357135272,19.198038815339704,18.33743867396607,22.99238856973517,21.308909839103947,20.971195060810437,19.138316620540145,18.06945441881171,22.704084043128663,21.284424924931002,20.754535510977107,19.093388980061754,17.821716322331906,23.00116817970924,21.298002041455035,20.81709533337396,19.057258586251134,17.621006881153,23.18412081320858,21.49392285382765,20.834583623346234,18.977625203269703,17.396877663225496,23.135521459628972,21.472399141539164,20.69674007910782,18.948249530543716,17.288133251627155,23.568856111493073,21.818589326234033,20.53392140880341,18.85898039578645,17.314351152571433,23.719758980252138,21.913410285436083,20.736758583499327,18.872479152496958,17.267486145810086,24.07435666185432,22.087154328307623,20.905274171120464,18.891702383936366,17.283126605256534,24.070593727231532,22.05519661007603,20.87145308162537,19.040277476853056,17.3920832218984,24.294609881361495,22.36676339546751,21.006968185242037,19.19051637810466,17.46350383158163,24.098560607411994,22.22516339648778,20.942875948201355,19.111044102594718,17.24247852486242,24.232032870804993,22.020271858506952,20.982132153025123,19.088305986053935,17.156588131918102,23.72337809790202,21.89771135977982,20.91194009318297,18.88974105442094,17.010810768010725,23.518914369504266,21.689931936877244,20.835731363848556,18.895579016317082,16.966207425646438,23.49761813695036,21.48217048870019,20.926218743722348,18.712538944474794,16.825359262476997,23.636542092811755,21.211038432721512,21.01261275288711,18.766885538094726,16.773692940243333
23.270216413290765,20.921181028287613,20.200895259307984,19.479624641542255,19.812375679146907,24.867504685252733,21.46746679008465,20.73475382366411,20.13811256254479,19.255475005759646,25.34755100899711,22.717352447041442,20.264380646974065,19.341390373745096,19.332864018974977,23.82960113199714,21.18594436021484,20.92079524388689,19.691100592713294,18.940515729808304,24.373795032921628,21.485836154650816,20.615388230401212,19.610087142051334,19.08921388674853,23.997368633776887,21.463011414832703,20.610075854831194,19.566171737418568,18.84446899385185,23.862853764492513,21.68079690554996,20.459723396005707,19.382965415511578,18.681163375667225,23.66483690501034,21.706411505628374,20.635414558355965,19.364118614941862,18.503832941445673,23.749102812463498,21.947627874717,20.469570564678136,19.28379607400094,18.424058921540272,24.03505781898196,22.01709296952957,20.466178410337726,19.246368245768405,18.480686498690478,24.29761731878684,22.104045804556947,20.571277553667127,19.214888438188655,18.445680617682882,24.300189661575025,22.021077002077284,20.934970481481,19.15716239789463,18.4562993267758,24.134485914694224,21.747644478285398,20.8264289591237,19.126020967206856,18.58813882474654,23.811457776801156,21.52940534945342,20.791640971089617,19.117818218077133,18.699857613645634,23.151456618516654,21.580742082759734,20.72217895780523,19.17838525011296,18.857986556202107,23.30777752168877,21.779964445872665,20.88411517991659,19.130816694586862,18.861691890813717,23.28556941118847,21.79562431975404,20.658563510732805,19.137702281318376,18.867574580861856,23.423152563321374,21.950262120590832,20.698637243962565,19.211227017612202,18.748213705182156,23.67191937216942,21.97373908739853,21.063096633280463,19.29283172511782,18.643481292838608,23.75153010034805,21.948797013067033,21.291380906769554,19.342730830434665,18.558196150657015,23.91220893844425,21.725808943064912,21.615617460733212,19.500405656528024,18.55340707401097,23.96037782871366,21.821949641434028,21.710549221046033,19.65716856603034,18.630308803080457,24.07669482371568,21.81842891035178,21.77473444725572,19.61583825670173,18.70084823867745,23.59967713369915,21.820313579363802,21.49027288697248,19.555290941764493,18.665637227688375,23.57144397611636,21.617128775924563,21.320205161238636,19.31830520949156,18.476199654955433,23.33439003585216,21.617888185561103,20.80156701046248,19.17480024238567,18.32215763808863,22.998355905170207,21.310071751451535,20.965895443934492,19.122010852547564,18.065026040607147,22.71384096126942,21.27506621065989,20.723375761876373,19.085460603023762,17.80735708668211,22.996204386482166,21.286110385581207,20.79690609035305,19.053937635150767,17.611187682172268,23.181944211746732,21.479951485119177,20.796581560662712,18.98233054171778,17.364699086669724,23.133934651854197,21.457176266534596,20.661389999342404,18.933733589937553,17.222637545996935,23.570293281589517,21.792297027183675,20.48621732607797,18.845540825366413,17.244043884272582,23.722350618419643,21.87835215471025,20.71555436505215,18.855072191344473,17.190126622624373,24.07816032377349,22.050117127172353,20.88119287838139,18.89303788749677,17.20660731493407,24.070747463443407,22.029373797685803,20.858417801050656,19.03101255141656,17.338242732915116,24.29837912975101,22.35219640738001,20.992144873515674,19.191527738609178,17.429722256307635,24.099564344362072,22.224093098483372,20.944319185626547,19.108607603151768,17.211003570129613,24.23174550013409,22.017174201306,20.977018566459403,19.084026017746694,17.141582504793615,23.722496262996184,21.91357788752157,20.895908140241296,18.86933874108541,17.012166556532605,23.51728516910863,21.699233359746636,20.818545359796836,18.88505535052332,16.96895212511481,23.481965047204,21.487889151203824,20.916161039104313,18.70541425473992,16.829263478774646,23.61519080192499,21.22313600967659,20.986166581352762,18.773487867597602,16.80799884099492
23.174937427357424,20.224958609702846,20.311675551334634,17.772375048375835,17.154185321847724,23.218635237668533,20.631139927657344,19.570854437376088,18.65476348363504,17.01555789504085,24.60610812703968,22.344161386963684,18.86823657945945,18.142603597042452,16.702000170154463,23.101879718755168,21.365218628437226,20.090812969114584,18.024388245919635,16.602393379146523,23.508406735807807,20.932772023028367,19.816551020645168,18.205749151333634,16.76198796907702,22.97442641546876,20.86116896580886,19.5968972879339,18.196572360937477,16.574212725179216,22.85581843187096,21.106489334222307,19.622935948065404,18.092210184194904,16.38874664385935,22.617802124246467,20.91812680003185,19.83356778361277,18.173989875156813,16.273194979713956,22.643351483492836,20.92451969392107,19.737524019123263,18.20497151537363,16.181254064371938,22.837012480203022,21.01587176263245,19.63770206381156,18.142236142430985,16.123310831647267,23.174164488886248,21.18803350021639,19.79490506632169,18.133430217733736,16.15993199884095,23.22050207945211,21.172443896167753,19.92842072593806,18.04053032458428,16.230494695138745,23.02644520599258,21.16518206595712,20.055657893577017,17.859977436822398,16.33217532835301,22.843970808768645,21.037945885515175,19.882635918684805,17.83887799104496,16.48241004340315,22.393132273470464,21.09019521941036,19.952657320777718,17.906607618209406,16.573722153683,22.57840851522452,21.321734483522743,20.022582351644715,17.972344560667274,16.592547056721806,22.644098875860823,21.19512312182163,19.86913240944838,18.010011801772528,16.58992950113399,22.95303661092492,21.35607297386421,19.747114264555197,18.171875552095372,16.48705660880286,23.225087556607367,21.412899134551928,20.067415951083873,18.239409813826406,16.476258555007274,23.376971794847133,21.5066134569185,20.174434844395428,18.259546605633112,16.49058104198561,23.237501251359948,21.145879497340587,20.418614682333917,18.40264761385823,16.48349578935142,23.060902637791294,21.20944169049447,20.443866745020394,18.64864228504163,16.634152207968242,22.91263099559125,21.025752566324734,20.507054619132425,18.58203996384202,16.88973170325533,22.35372380006124,20.969214138627308,20.441014306033207,18.609070329998282,16.799719925801803,22.202268820508984,20.616557959050528,20.334706146291932,18.501280499208413,16.727841219214874,22.290467065256962,20.836859112227824,20.02023472667657,18.33992814725512,16.70618293086347,22.478520333009058,20.747704787609116,20.234576090710032,18.269309246571442,16.465286838477688,22.420692157159586,20.723620946343974,20.063624277867127,18.265379506809843,16.293116263834005,22.556202545467034,20.605886396350947,20.074485259658516,18.19827824688726,16.252914302665527,22.856942101896482,20.83902218346242,20.110190041034894,18.093616711978928,16.206083297655745,22.706801697805506,20.792874106471178,20.018612650013555,18.16504654632498,16.145530465069626,22.873845719214007,21.019560464154548,19.79563820725068,18.039628611331633,16.146089571880474,22.96386456541124,21.228601559220618,19.897509104422106,18.057344345641212,16.045362428923642,23.28645771886877,21.43154057614554,19.90976111907189,18.0944296744055,16.079106772020573,23.103049108115478,21.451962151103412,19.835882666103636,18.27248887302601,16.093922520814345,23.275999830904357,21.697922199183814,19.928839163379074,18.369021445514676,16.130310770095697,22.992468343492117,21.545237836846045,19.964907459429728,18.29597594246377,16.039108864838816,23.078778771118028,21.082820445859753,19.990333555728796,18.347678228167418,16.056677956654184,22.72364931266477,20.999934408621215,20.073064955863153,18.188042258472642,16.004356580411283,22.66795805829413,20.992345622037426,20.130954497657456,18.13172024834061,16.0542746393444,22.83781873086965,20.724318313384913,20.210465788819135,17.910897470460668,16.046681897380406,22.920321163514338,20.592112297742062,20.375708798427983,17.97343965515229,16.02352253936118
22.52290760595525,20.758413743031415,21.0246427451945,17.541297631613155,16.26026273970554,23.26853310291791,21.415201290410124,19.5217935803629,17.52145173130432,16.20922927243591,23.892511962796537,21.818477336497576,18.780090820999206,17.98300602527569,15.893959618137279,21.84196823342645,21.19182622755731,19.507545039904933,17.489269324176124,15.747305904486064,22.753864764376853,21.129732788626942,19.855145585369247,17.80133285084389,16.04721745432899,22.328803820807256,20.99419621575401,19.608813945388725,17.810337338886306,15.977699587795579,22.235663763214024,21.066304717348082,19.694485262323738,18.017751683838057,15.967799915416546,22.108916086626998,20.89590848094051,19.84907380226651,18.096334621148635,16.02493181865699,22.433456831806012,20.797602312139077,19.941472635142905,18.17272727290376,16.10785505843331,22.669861553553307,20.853689027065226,19.807550726613904,18.0759827019476,16.091493088034607,22.97780113608191,20.919487808189665,19.8153553817758,18.042750418444676,16.12038414135566,22.748420828878057,20.8142221963847,19.941608864949295,17.726286748497365,16.121293261804887,22.40600736899936,20.959462332120836,20.27025394993658,17.61957566714289,16.056048151248383,22.23149017511374,20.964428592524595,20.149730282812484,17.56691644788496,16.167741782693152,22.182299338602576,20.929693472232795,20.221875773458418,17.677103356103604,16.180609055906586,22.425838478313153,21.150076436796276,20.183655417045593,17.798854373798612,16.18427196895211,22.650308263181703,21.059704650786617,20.017659774896963,17.952022566983505,16.121723161712772,22.900803119291815,21.067579728994676,19.793699111799402,18.020146632969354,16.134391006241948,22.934965540291067,21.17988696803103,19.776032475343392,18.064145545688866,16.02934230124549,22.880617924040447,21.234953425043805,19.80658948598893,17.899857423327827,16.06285202345406,22.59383628440848,21.140981837958233,20.167998615608383,18.032388788022804,16.085335735649828,22.429875028115028,21.213889434615336,20.07295082983239,18.217533543593447,16.148059332137883,22.380960833015816,20.906828261592388,19.957465004864865,18.23574111617889,16.386722729107227,22.29378919134136,20.78570991966351,20.139328959084644,18.29593399283693,16.444150170031218,22.126909715129223,20.556885903350754,20.028836571130018,18.34144192035857,16.433724924871356,22.23824096298724,20.739156735837227,19.826849515887176,18.064869758861775,16.410589108513335,22.610153321057957,20.567370995645604,20.05316066906605,17.997092444493283,16.29713135722017,22.45471044381165,20.5665572250694,20.044680193865553,17.95206223466606,16.19034577334263,22.26252805229171,20.52408653792329,20.046593120105623,17.896665574528164,16.108792541743192,22.470617247242213,20.722088892027408,20.15382526235749,17.874942120609564,16.069491024708714,22.329817526078234,20.545915764938,19.811103635966482,17.938119088715382,16.047270516037646,22.15817436425159,20.67336791505547,19.583054961018753,17.88799378248536,16.11791490702533,22.368250704438935,21.03558766541963,19.59178632120457,17.827385041230038,16.03135247639597,22.58985037925449,21.15797369565636,19.48011661597173,17.83493608341541,16.078653031836133,22.362398388513157,21.224478237491645,19.35423572061036,17.91139208448649,16.05254172603245,22.602199693063824,21.353210685345722,19.613979199718678,18.145484160117277,16.042100497844245,22.336143312432664,21.299695788395717,19.751346138192098,18.086176515839924,15.96567235556025,22.35928159833376,20.92981948596372,19.751641334852938,18.254533535449998,16.022564536907314,22.136807736473067,20.89477424018154,20.004633220237558,18.219596424509966,16.01723486935134,22.29433336475633,21.08240408670664,20.162083689013297,18.05881402733577,16.037178629794553,22.489938485533678,20.856084779854907,20.198366582892298,17.910880644045214,16.03913989849655,22.73848261501916,21.049637581477835,20.381416473144508,17.932836427117046,16.108746771753875
22.662484181944187,20.507086393720265,20.645619656142127,18.38130655107312,16.37822069976849,23.529351517857243,21.751917545220877,20.353875340582565,18.034842995131527,16.68396925783171,24.54757153480824,22.329516060489322,20.108064222528437,17.97762943214826,16.808044742538137,23.60934642240246,21.00530142559171,20.441352753094847,18.283175475207095,16.835669098463928,23.474387455971215,21.31873590417944,20.413987565942598,18.259166936168988,16.63394076265751,23.152271286360104,21.205296253704834,20.256280850850143,18.168033540518955,16.713231885484866,23.05164529612498,21.278487587663623,20.32162001810384,18.242318340757983,16.690846779096848,22.947914285304364,21.161280378727476,20.211163038025113,18.359877535045694,16.660743517392948,23.142135669819627,21.3272500757962,20.161602418417186,18.421192728321916,16.640994115806212,23.29435881290529,21.386949213383765,20.08310750929234,18.4531952362179,16.692924480331634,23.59477934119739,21.52384221153967,19.9494475432222,18.38718278816814,16.630487354756195,23.66539562709403,21.399026878046158,20.05871362684976,18.298894047021417,16.613577338402852,23.37651472294021,21.30593345680229,20.276276182106976,18.24355225847161,16.548852771290743,23.206911382498607,21.267600267073455,20.258279187281634,18.163150646436428,16.71086900549009,23.198531165739087,21.323253954666413,20.29372011407414,18.144429396603748,16.670732128583474,23.45643340289674,21.493730723209108,20.42341447189943,18.229079881941924,16.71448837307355,23.41393723789441,21.357516322383553,20.149222161891572,18.296478991215565,16.582178376718602,23.627978742588443,21.480773610885088,20.115828545421977,18.371766168706035,16.659354748826118,23.679925645387712,21.540169611370334,20.090035087979953,18.399814330805263,16.491826175649642,23.579235140110853,21.50506011323525,20.047434410878083,18.404833473239552,16.534096763525916,23.448698345494165,21.47467749433834,20.58973924415424,18.625151173994798,16.536672777709306,23.31014786444066,21.70333272454479,20.742197896780475,18.6697865991732,16.74707877189069,23.254422790308688,21.565688213354697,20.653090925792547,18.71445954586006,16.929247378428535,22.943579960999916,21.298284415938877,20.744953095649677,18.69134334971896,17.008083145296126,22.692136821533303,21.13106194899715,20.75593906267995,18.52088521817857,16.928504834116026,22.732140225103564,21.05264320405241,20.28154925052288,18.328332888404795,16.94962061346165,23.014228373415605,20.71198028324605,20.250146851481126,18.379653439875078,16.69082201681335,22.92817917964169,20.655815216182592,20.184205804822025,18.2296078142402,16.492664948210855,22.766492093670745,20.740807430759357,20.24833853842332,18.30803977065273,16.417782537081262,23.161128854164776,20.851047561489857,20.391312217972654,18.448864619564066,16.431705737285075,23.055778137816638,20.95347354532234,20.166131326401818,18.434350407432344,16.3885364398584,23.011763706748344,21.365608133145855,19.89917024401607,18.40416149655288,16.51906357640013,23.2627424024295,21.718374874874307,20.00539879367592,18.43142388594972,16.55084872867331,23.649224951856535,21.82009754374992,19.812160085181937,18.355599525737098,16.561793924020446,23.65934499336732,21.793017177226652,19.710028659535794,18.407406776930088,16.551299675246163,23.62615822528862,21.964429457068512,20.041993495694463,18.513168803628073,16.53757973623049,23.32943235467783,21.7306444675294,20.380736329944742,18.442022217395383,16.547419755075044,23.28491189201594,21.21742338044018,20.45604234993264,18.571592847810308,16.50788307127278,23.10731293154048,21.028519513096693,20.74328895666539,18.582792669397698,16.473888982706722,23.0103047025248,21.001685632401216,20.75459279606401,18.46420359117098,16.46488921459776,23.16647730204756,20.739389670449263,20.744463423767524,18.352128945650787,16.396762989180825,23.347656257643234,20.90266390633796,20.73644915871313,18.347571164109493,16.44254862735149
22.77109607486214,20.48860218185972,20.612047362789426,18.392580726788594,16.345617901185882,23.43699126486695,21.64146619821552,20.378041121575727,17.96205186952568,16.53001979681544,24.55759438698629,22.34506209260554,20.204504815543217,18.114464514351848,16.901943890571875,23.524311768670405,21.029530678592806,20.427563872375234,18.41732984091276,17.049009991254042,23.474314923447135,21.324923776471877,20.43137696863056,18.29186344677418,16.64800567441538,23.117166509222734,21.204685393382327,20.28035916658076,18.17838733626281,16.732658942968428,23.046411265957225,21.295133213561694,20.340162688668396,18.278919127736327,16.745730350543337,22.9382400670413,21.163454432494632,20.209588215003848,18.38031253421629,16.72149182900566,23.16426220523112,21.31833528506622,20.17277676730712,18.39857832205292,16.642162424364958,23.314684799087296,21.34478702562591,20.10613050302435,18.438501128868822,16.68312188434177,23.616438693759324,21.50750111152529,19.97487047638964,18.400811307885228,16.600128191296072,23.667174623468664,21.395441300995543,20.07324726388355,18.291894815943966,16.581183194578816,23.42641307535458,21.315287154286104,20.297795698163746,18.2315082199078,16.460690792934326,23.249593802010367,21.289938985251997,20.28402479529821,18.1660700557574,16.648858091287,23.217840198023577,21.369703997346893,20.30792251684079,18.148542891666313,16.588369789596825,23.48882078997169,21.518100292906567,20.439944093573864,18.217042394114962,16.644976070713927,23.461585847016938,21.371556183697813,20.201900948707806,18.303118337573753,16.510803340151387,23.63546370107465,21.48053105791912,20.155545661793766,18.377064698885004,16.642643346587324,23.688177484977906,21.50602824697662,20.101769026807574,18.403751875140426,16.478269514196796,23.601244117404985,21.462761456220143,20.06354914790523,18.40738628660561,16.573970252868776,23.455401143025824,21.418759409609258,20.600221189600724,18.62950094000003,16.592911037642452,23.336103561117195,21.65019330567332,20.731510783565742,18.65088058980914,16.81364483564598,23.286207977902,21.51328920193884,20.6185173410854,18.677872584727943,16.991129050644407,22.94518874463804,21.264939685185983,20.712648313176906,18.65122429982167,17.05692454145406,22.71554822438845,21.088087000293548,20.71533784802481,18.483523644156826,16.99317509710597,22.782804545704064,21.03958201015941,20.244125453389366,18.27456764126731,17.00344059890431,23.035762283419125,20.705374561934015,20.217401416886293,18.325090420223308,16.719830287272124,22.923698233116863,20.661241290542954,20.19539725645881,18.20422159705333,16.531947700715627,22.78372515308257,20.757619636976205,20.276942172497353,18.303338196375915,16.478758051464112,23.157171825783948,20.857500661101398,20.443318958963605,18.43352803811943,16.44642935409903,23.045896429459418,20.94342778691081,20.18643478857817,18.440241900683198,16.36797254432684,22.99730813247038,21.357772908457992,19.962119526434712,18.428139986395617,16.498627698131436,23.252341310376785,21.704854212762463,20.044387960402567,18.442187933856577,16.46415652745858,23.653156190487017,21.79928349877017,19.84809710339341,18.34176947248086,16.46427651640779,23.658238961355437,21.781407021873587,19.72183196665812,18.412304702214406,16.493688647969147,23.61940482556373,21.96052283739804,20.088279797239803,18.518340174292433,16.500513388016152,23.351661953279468,21.726896537712957,20.39227453340788,18.44964991025312,16.505913799444446,23.31763991807401,21.22483920564439,20.489057936551678,18.56924660779172,16.475180950327523,23.124271742191105,21.04224052360123,20.782410138435345,18.582369131113303,16.44112879039121,23.02668194538863,21.036000217182416,20.79314840333251,18.464353863860186,16.38891202875488,23.194120723973377,20.756913999488795,20.782187843044365,18.351067749060455,16.336252529253784,23.342284193492514,20.90969059598916,20.757590180459058,18.34098007644664,16.426388449916757
23.16680466816718,20.556772591474363,20.51516357964391,19.49766063362977,18.10041102209213,23.637894448457434,21.82926487901472,21.750115694791642,18.966217829656767,18.22633632193177,24.67218240683097,22.658903097755687,21.512768933899267,19.521534278509442,17.94984114018232,24.325512180559887,20.548983675038105,21.55234388757308,18.949647957137422,18.1351934927026,23.956900371311253,21.280674362229725,21.314777198408876,19.251054523307324,17.981952270811824,23.928380118218755,21.270233152934615,21.377082725072825,19.084394643009823,17.897034766920058,24.09433478548179,21.39937365975771,21.311950379440415,19.087759799838977,17.693936967467042,24.122767162741106,21.297854673244217,21.274540593889878,19.073162447884414,17.80200372586346,24.35091173238809,21.710844375241358,21.13275530411625,19.171920398439234,17.81576268148206,24.709267278971804,22.008277392878746,21.284638676697675,19.25176313336612,17.914319841814144,24.66080962020641,22.14409586614123,21.132619808717173,19.233127486172727,17.89337616588252,24.59757552730984,22.065928797754395,21.380982945027466,19.355449272845963,17.985479626248367,24.382713387465664,21.915201915981147,21.38804746916754,19.330931919682776,17.767236123470973,24.197883102610785,21.81469339282575,21.43036742676018,19.335551626272558,17.783825996545097,23.98436485083714,21.96396008806459,21.07291305544315,19.305800664934196,17.785407916890804,24.372478011955735,21.97254109941715,21.322298479844523,19.39653841955669,17.905086016912016,24.19647996183385,22.013464851591852,20.959678413641683,19.26055871862592,17.825420892519624,24.283354183801777,22.286445967953984,20.921446567240807,19.310251309505247,17.92076775695027,24.381849709114334,22.110913903427836,20.994945565835447,19.318584138618778,17.856760835134956,24.180779938909282,21.849206694841083,21.21257679924768,19.360400652718983,17.82790157962587,24.09861651855457,22.06973282514084,21.553197510431225,19.58042772304802,17.713843684082548,24.37157829049412,22.089452395109095,21.655749289741102,19.638438521186192,17.929307415403205,24.623727444993733,21.913159342108536,21.61918554571468,19.593578843308457,17.992598292910877,24.413405527038332,21.962024844251253,21.604159699970257,19.508943951935237,17.88921120578747,24.400712049098114,21.829319020199613,21.502153093308216,19.25801052293217,17.78538625019929,24.403788215245832,21.776765666810434,21.15102922790464,18.992192433468997,17.778535448804824,24.341133943863504,21.586010363433488,21.22396116382017,19.01990101504626,17.514510844158455,23.931161255453162,21.601225235893374,21.15126079286642,18.881385806346884,17.329108994503407,23.79537519800525,21.601171139438044,21.12781429353104,18.855945393224783,17.29583055467277,23.911168238842087,21.51985146923967,21.26283580126152,18.99580956908314,17.209937339653898,23.71269068401101,21.444484056621416,21.104843761880026,19.063158296242193,17.13622210456235,23.800720491675225,21.677040651513277,20.88493911596046,19.068535448292753,17.270822746330843,24.176832065217486,21.95060472537087,20.964698929298667,19.123846836905976,17.402074645130977,24.482544938265498,22.119176642012338,21.01016314911056,19.22124833477609,17.596688526056077,24.580296791000308,22.181289059484453,20.871177314572726,19.249242759350498,17.747032311277234,24.687792416305847,22.371326971409747,21.093417603188097,19.291794062926584,17.823641150799613,24.400606614857974,22.283137487730297,21.136517462470763,19.158099848302136,17.60955281709851,24.251751864592688,21.811447303061435,21.23311816688325,19.221568712769027,17.41734409174319,23.971682072927628,21.294834893332535,21.341474966664826,19.139941227601195,17.180625717689104,23.85970755332638,21.232984228085677,21.315532330272035,19.12512460685445,17.10220625982851,23.931992408154052,21.0637009101433,21.177721136294316,19.005076669141737,16.984212570676867,23.9267535144247,20.92862165523078,21.181745785249788,19.076694392088893,17.10358283393293
22.78467440574528,20.729555074017906,21.111882829709124,19.58195111013822,17.95864504864246,24.201027465050448,21.769427528761543,21.98555596793732,19.612147048747325,18.00255674605446,24.26772823619382,22.75795749511666,21.924493921071452,19.92917920883338,17.998847017311746,23.775937786085034,21.42513563966285,21.645707646308583,18.931333486671722,17.752176339739467,23.81809938126114,21.58429644735306,21.67431570347036,19.54443456962422,17.922867521446058,24.036106654665325,21.81214573466886,21.717540991836543,19.450982329694114,17.83868781643124,24.225999097669938,21.818019465774945,21.539686116507674,19.373192633130557,17.755553034912346,24.44863252639737,21.676277711464465,21.638181603637726,19.31231294057319,17.85721598657559,24.766078669497894,21.897935288338083,21.556726094012006,19.351789588833338,17.984560933824046,25.162159587871294,22.222010676586343,21.78829099794313,19.433606792845126,18.063798656911693,24.994369083226697,22.154063120109498,21.56073956596631,19.455274502045675,18.089723898638145,24.759775543144873,22.279724220748648,22.02628746598767,19.662038343868026,18.244703418026948,24.445630518628064,22.17934044566306,21.877630352997485,19.701692478749987,18.093360473419114,24.082904311335028,22.01560620582118,21.88343755113464,19.80942468000982,18.117246361724234,23.810163731812008,22.101895563688238,21.454159177554164,19.725055164526037,18.119664167789804,24.0289684113826,22.05840234183302,21.774661750695362,19.722563203732875,18.242321984410072,23.974146499947153,22.17341306433348,21.42638009526305,19.560686410672144,18.033571728740178,24.02940518596367,22.474992794066072,21.390937245128033,19.59493549569054,18.15106815276178,24.22712390844614,22.438387158553226,21.527449935765137,19.63288423393456,18.066886242553135,24.053552120637846,22.084577620720278,21.836815493074806,19.820281130595166,18.06700426530082,24.092592289684887,22.365876412211783,22.143086540101667,20.096982081149264,18.030876170988275,24.355676406924985,22.3051367722277,22.204823883335866,20.111711752743375,18.337593765866806,24.83234204012762,22.237392901261078,22.225584381173075,20.039391809165767,18.29709793403879,24.61078632918242,22.37848249172385,22.06313839686662,20.01618694647174,18.179932658139894,24.611149387237397,22.380087374956226,21.959793230418107,19.789839635232816,18.027976468429664,24.56808171013245,22.396102689323264,21.655094133880926,19.5146715244171,17.924317543925486,24.262695432602303,22.32065108514161,21.73551010327214,19.43319130067977,17.633680079456333,23.49673084405427,22.246372473347293,21.58226484063501,19.320096524410943,17.540214827981174,23.532602016578117,22.15217409733078,21.643983331633525,19.249811322487904,17.47268480725946,23.38908601017669,22.09376615630547,21.606780542963,19.228175787727622,17.440347239154143,23.197938958709944,21.780933682103203,21.44331386512506,19.21472387535491,17.335657636590515,23.440062508398384,21.582051139158892,21.25596744253814,19.267898125061464,17.465778075977475,23.90836825136143,21.728008169318255,21.425416516013964,19.304806270152643,17.554095440396217,24.13028321256887,21.935991298112842,21.63112756348778,19.419180923649808,17.79797270838031,24.315663290739337,22.06866890879386,21.54652205121157,19.527759915728776,17.85158975979387,24.556476733954543,22.34354628866394,21.722114878243417,19.61077403825297,18.005110245474693,24.360256688768292,22.525499061635635,21.59829074944691,19.592100183774974,17.835915541827216,24.117169744292298,22.14733470890906,21.632992411235307,19.633945444493477,17.68969126374131,23.87251667108727,21.832194472752697,21.618249323623257,19.507582029396183,17.502294627316,24.068760578939738,21.871426244905997,21.626904206977024,19.46359835096076,17.49576049225457,24.105112823177567,21.845536149609348,21.486888476538493,19.376797575967267,17.2963540674564,24.032537463137082,21.601001093886758,21.699289352731974,19.470098206826073,17.3092998609689
23.976486532863753,21.67567187177307,21.62062826727944,20.29751407272415,19.021756933043996,25.354127737366287,22.32518772525893,22.245901442004605,20.288040096555246,18.56957532068048,24.753507829235577,23.20288907527739,21.701157387822953,20.391924527360516,18.64091261940484,23.20492173825209,22.08794022215725,21.81012078376237,20.044237963272966,18.449049700411305,24.306873916281102,22.29292093932302,21.936097845885516,20.244300440140098,18.626345284593686,24.21158196523993,22.50907551580041,21.9891072265666,20.15063054239315,18.520067919511312,24.1505372805365,22.687412658868475,21.77101295995094,20.02186646899684,18.458290137995085,24.31511936032432,22.677321248158467,21.976866277449567,19.9277087454276,18.528004406333583,24.399654142163065,22.836110253675166,21.890077847617192,19.93521335771954,18.689726772539945,24.813581209250266,22.992516314695987,21.843858762547985,19.918376950197167,18.757557069352377,24.87647798172612,22.854588278886236,21.743183054464165,19.901140956108883,18.75139799474145,24.82986730091738,22.600729406338804,22.217345008707447,20.096396184663124,18.84245524339506,24.233302844661246,22.37554594169359,22.077477708844025,20.142696279204962,18.712278273540235,24.391933412818993,22.243839252705367,22.0703077079548,20.239448516921545,18.673230361823755,24.05168540784467,22.320444382001483,21.926501899252727,20.324495389860623,18.85879344737201,23.949396987927532,22.336437241484973,22.082795990690478,20.35088411607071,18.885010904360264,24.053789364881094,22.631730248663285,21.776511966553187,20.161290101981614,18.7464775676155,24.406443171368025,22.817004591188702,21.702976918208275,20.21329026901169,19.055296141521776,24.52246653689277,22.881961596696055,21.93065609033327,20.26670119696261,19.13257609570484,24.581113707808587,22.670203345260838,22.176965090639747,20.34235268956538,19.056311707797832,24.967916777697525,22.849509827157846,22.533371579875155,20.587917878303426,19.18056593444029,24.935989491042935,22.85764091280956,22.717421045998062,20.78422660739864,19.5562564557247,25.080863374335888,22.79412184552455,22.721022412228695,20.805907026285386,19.39397771570967,24.546845902921202,22.901543721009208,22.551228819202965,20.738380618759074,19.27300803978697,24.189365787139717,22.79273396255332,22.42368544519578,20.535465605929012,19.21148366666489,23.8527550191802,22.770371363891453,22.17367286385652,20.308603142618516,19.2082495730807,23.624980059219066,22.723465800530672,22.162367050270042,20.29350889253172,19.036633929580567,23.25278808508575,22.66247809846962,22.054158882264495,20.283479762622683,18.976824975759595,23.560266809674676,22.548238648051004,22.159309922320073,20.247583093330626,19.009950745168037,23.725450334336408,22.72891613929695,22.155089079135525,20.33172005237102,18.82484064095381,23.901615797193124,22.534372240504155,21.87946861778958,20.359793789645032,18.69771418765701,24.03599437622929,22.468593168661364,21.8419382649797,20.24085860334862,18.745683726241626,24.334268558223165,22.42587223593728,22.08384323681175,20.22391550524359,18.863514529448082,24.49746629024015,22.475652725548706,22.21261024254086,20.244210552077195,18.948055858034962,24.79812490409548,22.556588976242658,22.03952719041686,20.23360877679202,19.169324227179928,24.662469987304398,22.740475854292505,22.226965683916625,20.29149271013688,19.202079251312583,24.651849603354822,22.65885385180792,22.047133648213734,20.298510606887085,18.963059482289776,24.420192826099033,22.65960323715983,22.04153322872861,20.233786604180985,18.78039043486574,24.263232450435684,22.61565212796074,21.935428081030516,20.057729797575586,18.57097111420715,23.973515559912663,22.474071150509992,22.103831740893394,20.021886018120167,18.361897591927157,23.92033470726616,22.354377573189005,22.009934612426267,19.81549125702052,18.21646832615826,24.048455263554068,22.3368638872196,22.20056131130068,19.91266591420285,18.193839953775477
21.903912442630297,20.798457299071405,20.200022298162217,19.288216144025807,17.855519406381863,24.42851576328888,21.328385222983613,21.095032408335765,19.487837115805572,17.609862796167647,24.15831998945704,22.158232701026837,20.328643246309806,19.111749024579407,17.80658554134443,23.411206219540556,20.297721867983554,20.90121501959676,18.852076799848305,17.52076413961613,23.55400614533766,21.236988621583276,20.80045033823898,19.195214297462417,17.59698668179508,23.738069924055537,21.41038105473259,20.869358179568238,19.193748145472142,17.60186371675717,23.88143349153045,21.58244747021002,20.760079289008697,19.06792137278712,17.567719931202383,23.766866222535523,21.651223164599397,21.050975889943974,19.015301104434634,17.481652664406624,23.929371109762876,22.00779156049594,20.94291781023325,19.03836163560073,17.51730454540482,24.244452314567233,21.981196571231436,20.932361694134443,19.03472100689474,17.610917370596177,24.244846450742692,22.041751806418432,21.005514964096058,18.940238811274895,17.587815278563617,24.01307922288991,21.96883755840665,21.340026245562843,19.048648185238903,17.630033451432617,24.26389983342107,21.76176064588171,21.262341521628038,19.122783090707014,17.77304110563602,24.102296034187283,21.74443461834249,21.24260980563958,19.166186700616535,17.914139601378842,23.67363824430421,21.81896298287041,21.17188409128689,19.206267590640554,18.05358914280783,23.7500690897679,21.776092681062984,21.278041301142206,19.251136527913026,18.014046703084386,23.7970979251709,21.91093283751566,21.05828739139701,19.189325203502353,18.04010116636975,23.572947659790202,22.009826369322802,20.995343759510046,19.23454943757311,18.035551542787424,23.633668297402153,21.821172702448177,21.31514435214451,19.349801317484083,17.910508319934472,23.590821587039375,21.63214800743632,21.445470582582452,19.437917766712513,17.8181573290997,23.885300889097557,21.585790730670805,21.818006550511114,19.606698702000664,17.798859128907136,23.87848415018282,21.521831342828154,21.913330674620088,19.648542955540286,17.90850582719214,23.978051819709027,21.53028106113015,21.864488640520666,19.624083689670513,17.949882800927284,23.551735779625037,21.762978470993186,21.583387604589376,19.59187022235675,17.894509244954712,23.32989234962958,21.75569965555523,21.37607400340874,19.282013357360967,17.745449004067886,23.049483889102582,21.683927259857967,20.97700494490484,18.986295968427143,17.74265298843769,22.752146903065285,21.467952285731023,21.116408016834963,19.043623074578488,17.555045854165435,22.501941808333388,21.379641821637513,21.01729852561973,18.98876014402592,17.36543303696761,22.831147079359745,21.348821982308493,21.12332834657869,18.89659179323125,17.271592146215603,22.95970893170692,21.56413825047658,21.190275892726053,18.975749400002194,17.227636252639634,22.782223107519822,21.6185287714283,21.022413307295473,19.061630225072292,17.18935901554708,22.94301239207696,21.89141867995081,20.85943518521404,18.86196919171028,17.17755553099947,23.251551637439952,21.8675351051573,21.061155800868328,18.891923087682947,17.11559403679402,23.439393231811383,21.927339497949095,21.1574229661,18.932501004359608,17.164799328724932,23.833125937867948,21.793881542382774,21.080743940501694,19.004614014731814,17.292508313389444,24.074348016058398,21.93337681087326,21.178474513993788,19.207286638688156,17.285667397195475,24.106030225150864,21.867326550619868,21.01980616669181,19.28749833082682,17.19783276710772,23.957387295980645,21.908153317776527,21.014983695545727,19.249529062946102,17.266073566356646,23.632865715974855,21.900286193495127,21.01693230542848,19.089233635129254,17.228837165892834,23.243747316341356,21.83137835727366,20.98909526273428,19.13265133095721,17.17681351622554,23.19196058226924,21.655258071386648,21.073058819779956,18.98054866984858,17.154809460155583,23.232428028975722,21.46223474772867,21.188462291941043,19.06781771035609,17.2444495280747
22.84203195843691,20.465084529271547,20.80047988785063,19.082584713088007,17.134105564551486,23.737773903906213,21.670355953126624,20.947276843660163,19.036471847233138,17.015718271913432,23.91224426564552,22.305319455487943,20.80187779147718,19.287256618371757,16.858630499076874,22.736764747271437,21.589553425845025,20.530476217796156,18.636818096825547,16.91139851588831,23.236050809883963,21.516898344851747,20.857923519956273,19.03645079753153,16.93702976615183,23.126820873949466,21.726644429823203,20.908928790910924,18.94219425668665,16.807853592472096,23.02110200713738,21.81011843327466,20.670309618198,18.874523575073678,16.752038837026156,23.018236777656067,21.712953123070204,20.778646079889153,18.752067445821194,16.70716354743324,23.09953968312167,21.701233267825927,20.636313348202176,18.734814234865183,16.72596670499259,23.2870402245984,21.703731253299196,20.634986979586344,18.774244833076033,16.771061245018117,23.21763625676332,21.6166213593552,20.38221632436278,18.788445796069077,16.855589964215092,23.26432857418634,21.469550999986414,20.944769744900725,18.93430709025832,16.851059882840524,22.9864551748462,21.287812825406448,20.86200637000736,19.053909131530393,16.893058052854798,22.99473542927739,21.309432903928723,20.941375107333744,19.1067613394603,16.914043254599665,22.937573100245608,21.422819285144836,20.806930209479294,19.094131989289128,17.057806619452453,23.000691651474916,21.464216362162905,21.099716914301677,19.111175351603645,17.03465498823516,23.176478938571176,21.665119155355942,20.741944486500735,18.933414884033276,16.934500210384464,23.344922220591492,21.872231255042287,20.67231073032084,18.914934073926894,17.013669782040456,23.538625208696068,21.90710419974491,20.959435598825603,19.027229154586614,16.957391480557902,23.593826263550728,21.64011539034743,21.15219314399415,19.082691047089,16.863395810318572,23.960472533768257,21.836408413699694,21.52623537528792,19.246585102699804,16.88590206202995,23.87150040938715,21.78912140286481,21.68403119881062,19.370150654895372,17.133725758048858,23.999058239341604,21.711659519372155,21.684596943768476,19.45112531781918,17.231742839969122,23.496451373008142,21.685518796184517,21.35347358900681,19.3846290057009,17.261192469832924,23.125536214424915,21.666774998802925,21.194911323099554,19.199555102697026,17.18399100207973,22.758694194205184,21.600534095414375,20.8358953366949,18.97415763019946,17.17951117994721,22.55936078476571,21.564084730078488,20.942659968901783,19.061869682850027,16.94718230526561,22.22148954119009,21.48903595967414,20.863584710671894,18.9018897937331,16.776073643750752,22.391741328412998,21.46296808022847,21.088816655731748,18.937876831290787,16.714755078250295,22.481372067654387,21.6033802888882,21.089913106419026,19.049176547877455,16.62395473495645,22.672964795066804,21.383436248745944,20.876974464765507,19.10339223950016,16.51665928452971,22.75879578185176,21.3182091345841,20.7057800467615,18.953100867008203,16.65902008059719,23.003856212329776,21.367674930280707,20.899575425901425,18.989821239178468,16.63584883570568,23.11088500654538,21.31772500920141,20.986364223076126,18.939500815529005,16.68210605025596,23.411799037974305,21.431934903585635,21.004655472004476,18.85714925822301,16.738195594895114,23.23658705940371,21.60577106795723,21.191124407122146,18.943575404625413,16.74598846108504,23.20914709163266,21.572140370498218,21.028846728800737,18.955237496953885,16.641317240087236,23.136464168157154,21.532637121850023,21.091502158016056,19.020351455249262,16.66902415415626,22.980267688428633,21.617666429315612,21.08523370046101,18.971924027595165,16.710828609963944,22.832483479208513,21.562457239353797,21.097702110931454,18.994087728164345,16.748929363625326,22.915855099007675,21.55149113482443,21.07001652835709,18.929369615761054,16.688320121319613,23.046181088124527,21.536516672856457,21.32482654452617,19.023501801134735,16.729843092938744
20.444121808789966,18.594840345221918,18.63176282487825,17.2034801728859,15.796595047237691,21.79874365181946,19.039411259227013,18.62203847495025,17.730267739840915,15.612276125111851,22.39271452077671,20.170120710552844,17.958455277692693,17.378403417693626,15.917409411449848,20.785565088214337,19.195366111910747,18.46549080293258,17.01126145658151,15.849547987451325,21.527165711841935,19.166374422854307,18.452584328025203,17.414537794281728,15.768990099321375,21.498161647312052,19.329973590836314,18.40826664672228,17.410599416353783,15.721208569690836,21.330257362147506,19.502585575463804,18.32281097411256,17.34439580039176,15.779460347328765,20.92938768438399,19.29065679106272,18.404183802632705,17.2792700717586,15.727481174090055,21.11042361568301,19.1412213456068,18.41412737744824,17.222218924524945,15.627714804104855,21.283567925927052,19.25519238755037,18.357198630913054,17.102687220464084,15.596595895635932,21.536238680048353,19.12870698060426,18.469535282579507,17.103741030226107,15.593387165020658,21.605989049154463,19.25352044180364,18.76160528486846,17.169489696295393,15.592049370975179,21.69653024772441,19.205421823303187,18.94389614604803,17.2425594365427,15.635929767689365,21.5754787264821,19.325430718885674,19.122959123196953,17.399958915426964,15.806383265776812,21.296095135581634,19.354408907388944,19.216498143926533,17.5402286971278,15.958673410552597,21.274289073974707,19.629406500090862,19.44056710931192,17.512813733786995,16.036512828479932,21.069504399368476,19.520972204901028,19.388132255675984,17.36587071472305,16.06600504193795,21.061095858267457,19.737658104980508,19.243960620186805,17.402841614400227,16.038239791878418,21.213842440075304,19.84398660379076,19.269927063547467,17.406749376286605,15.980619346421753,21.11626579525559,19.714050295541377,19.459187178909946,17.37218632747014,15.946884512570879,21.17387193013648,19.556066431804577,19.613220827497717,17.47018837414604,15.950332863515943,21.355279388300232,19.524981742381687,19.519604855700496,17.64359115091187,15.94157558483677,21.337196446419675,19.199727258460836,19.605078576114757,17.5913237148415,16.078530025292974,20.997274279555047,19.060587708780893,19.295241984291227,17.545040962883625,16.033034181970855,20.86601252557451,19.13280363127156,19.137773122511938,17.306168851707493,15.913986649877094,20.47088789086503,19.101291838961323,18.719600034865174,17.214566411228798,15.885144421198472,20.140521283175502,18.925887578031457,18.852920642083483,17.205470530086227,15.757748344703495,20.166410028616177,19.1663393547282,18.760800016941992,17.153328716257754,15.581167962343176,20.35174072561683,19.268541126614515,18.961301692651606,17.13901830503045,15.568173655980587,20.49309221792415,19.200796494675455,18.879970117172245,17.210051192818263,15.553994243320469,20.798994760374832,19.127778295818466,18.89061088658908,17.23427522832191,15.48914952211463,21.38769675480152,19.3057498552218,18.803103820877862,17.081429814534562,15.51968655393868,21.412958486265104,19.21914660251099,18.79212431595662,17.1065910656978,15.558185593371169,21.548281432582858,19.304378400200775,18.920112084858392,17.227006248022345,15.580291582631943,21.371128478656644,19.262047662260493,19.07199897073253,17.39337256988539,15.68973837702774,21.353368191904693,19.58263608594861,19.128828876411166,17.51729795400822,15.802165700732619,21.215051905180896,19.54487836909957,19.005944554566316,17.55027147649411,15.845545256918777,21.17890227434694,19.46886092270828,19.167070881317965,17.597547969772677,15.817412831879242,20.727104116543977,19.50441707106785,19.13114497395931,17.476859831228136,15.743216612917994,20.64854817480581,19.499673711554642,19.06567727742744,17.506733879441942,15.727760508392043,20.564348879526456,19.223238046604955,18.965804216152883,17.317623549236597,15.61839254803065,20.407127731354006,18.99366877611713,19.121812538454115,17.25274742004129,15.541411367478446
16.1495645689716,14.390945568246874,13.787778745852991,13.697716660491167,13.315195588541304,15.616314654114339,14.285352833795061,13.16158539958729,13.41141628799456,12.710395872258728,15.366641653613172,14.551137190641615,14.065853008412155,13.522837138348844,12.73242154635935,16.630629028779495,14.970612722470523,13.826276994385747,13.477960966077642,12.613650706711063,15.805598589430264,14.494743944665993,13.784793156092537,13.516080948522994,12.898290563162263,15.757400029078582,14.56467378359525,13.789446558900796,13.442714830205654,12.875385080826351,15.866121158850273,14.553148912326204,13.96674205854032,13.416660977689384,12.91284509765924,15.804313161116358,14.404429509041861,13.89932185841628,13.35082306104078,12.906972521900595,15.43121114248064,14.265588909518897,13.861198509503671,13.348729508934463,12.870201049200892,15.314812335162276,14.31214537458745,13.760419182612381,13.27675997520872,12.827611261799603,15.306720569972006,14.17383836140082,13.841318530900873,13.36530233624472,12.810703094212798,15.073687567322136,14.124631327917395,13.831457034187594,13.329422683357095,12.765575700508286,15.125853241930685,14.208353433071261,13.827431197130323,13.267827811725615,12.779155064173676,15.221560457286097,14.307387552487404,13.980371996351266,13.230617007885627,12.862098935054338,15.323351016770001,14.257488639629454,14.014377883471093,13.266515180879594,12.87256745472352,15.30140075971471,14.314675445418212,14.031502059720903,13.1122371564711,12.881882779931924,15.330780648590414,14.262356682010795,14.031112059114838,13.096095115934583,12.87370177956412,15.394448691998283,14.319418879760637,14.11879324621612,13.202012311525957,12.973140184854012,15.407514831086711,14.343472685803437,13.88623225360946,13.167965606635303,12.918986091004651,15.431154512146637,14.320400944867046,13.87600017093691,13.25382045652193,12.920819180353979,15.192842996138939,14.383139636877573,13.795687437295078,13.275118018181109,12.87669512141829,15.385997775642863,14.472594554554098,13.868314734922183,13.39782521715874,12.859550348249646,15.445882288149951,14.509847919292081,13.718801405141221,13.301550147505003,12.77311679823116,15.426342606886866,14.568147860688521,13.766210527584139,13.339823022091469,12.880129261423255,15.383423956689944,14.71343826249705,13.885517404035824,13.293801529466304,12.913218894822645,15.570459494105686,14.832544515493222,14.000004064222384,13.329259145894131,12.839444525907918,15.204409583221572,14.750691905985999,13.985386345575225,13.31597316944663,12.83686555707035,15.070098654139226,14.744629570676747,14.093960433644117,13.376635459409789,12.78045440326077,15.167970523424112,14.494833382127428,13.97177724549329,13.2949624903222,12.756345460891833,15.117536735819309,14.449191006427696,13.834029429592528,13.223691076723167,12.684078522475323,15.204009974150386,14.295881711450537,13.747806149083027,13.202984807238352,12.771443574609474,15.602258743305574,14.499215442018073,13.681198440137857,13.07459904603896,12.84649827592645,15.881186349478298,14.482863785870379,13.641440967641714,13.035800938246709,12.963094550197573,15.852202520666362,14.633153045895664,13.957364715498315,13.085573313835857,12.92376808267573,16.139908612251645,14.525514362525826,13.875376488570529,13.1411840836371,12.941953989320462,16.266148214353983,14.590033410041116,13.973005330664108,13.159151366558211,12.939982256356043,16.303135011116773,14.629514337662181,13.97775952115909,13.282761373847915,12.839588146671707,16.23492699207141,14.61769905647991,13.990523471955981,13.32250971270696,12.872423689846249,16.392446990770615,14.672300739541845,13.991009546595446,13.425638048679568,12.899339953098144,16.261585400976863,14.580835193975071,14.058601598322628,13.388357108791553,12.883075778521874,16.308906320708036,14.610147960100994,13.819199536714189,13.420279798865405,12.876754835462691,16.32114196480031,14.258890810116668,13.741255600476766,13.371889147759997,13.030965126079462
20.2323944154277,17.875817054998773,19.7311456743554,16.8275898735042,15.335071895496085,21.172742726130654,20.006690002121367,18.883048248097914,16.88763563363802,15.587054988051166,21.95015781501097,19.711897017911248,19.113330960302108,16.924316344444378,15.309370821165665,20.110637652502607,18.217475013566247,18.895940466875015,16.8211366906448,15.784715210134326,20.69691548683401,18.992667664137123,19.0006943573861,16.98380325937727,15.443135300982252,20.663557769469282,18.963363991516143,18.748034315590143,17.00893426026878,15.440118452584244,20.532973686783368,18.782743873921476,18.843540937696158,17.087913935464833,15.398197710401131,20.265062787566723,18.66080270023706,18.887826316479515,17.143175074756652,15.431927442416471,20.598736652254537,18.83512966254484,18.887713935154103,17.327745042086335,15.426572328196787,20.690306214802536,18.733056530431167,19.04104685383525,17.262005102650445,15.417649114495115,20.972125480973084,18.94203448153828,18.97373786910627,17.208128680067507,15.45611611661619,21.07193199085159,18.997191619501805,18.940874111936267,17.182206101096487,15.380368037200025,20.886745176229716,18.906831553752937,18.819740539186707,17.110700497924743,15.330892369997562,20.871837286833145,18.92796343301081,18.802222471388497,16.957931886867716,15.402571141980383,20.9766987275104,19.034663772063684,18.705404416107132,17.009003702822696,15.479165782003387,20.851540093526776,19.075958795505045,18.76952381334292,17.02614058160997,15.536393623413181,20.81107857492207,18.993395786854578,18.616394244795178,17.06140988536737,15.51461108157027,21.010727835894784,19.067598800525353,18.760326921443934,17.078665907646684,15.622034788083749,20.93457751987387,19.101299206991797,18.870728086254026,17.103618127826984,15.372636468378696,20.936570508641875,19.28034107147849,19.06791985288793,17.111815659745208,15.360078348029521,21.049700352631103,19.326959094018452,19.53826465430958,17.268477262242023,15.274087865672794,21.042832650379776,19.4257104358949,19.801304170392847,17.193822978267132,15.396600436424738,21.175744473748146,19.387756774909754,19.67619569268998,17.31577497040311,15.497789377548497,20.921429426523673,19.32054903800493,19.566784574788194,17.388106766837097,15.715977547645807,20.493303002791265,19.099788576893115,19.40988489073822,17.238890581490903,15.79054817704971,20.391386690906593,19.03174229239117,18.90632923827346,17.112304611047133,15.806455258826457,20.47236605759993,18.867679966633215,18.66348630392373,17.163412046180994,15.608967157314078,20.080339892339005,18.786366039479248,18.59634813864387,17.063658169013927,15.508231631361031,19.829718376124088,18.818032500467837,18.739222169318808,17.021259501184417,15.408641564419943,20.16456392057574,18.924060360313188,18.863591504675348,17.176359013718518,15.352193633567044,19.89668608517345,18.920067509767613,18.77154567233396,17.149757186973993,15.358726098859242,19.59683862488398,19.172116094801773,18.697067508139593,17.136876654331225,15.499751154689244,20.064709751848746,19.463382364581072,18.563168017559825,17.165933459203142,15.476082522498842,20.616372749703764,19.638176309605107,18.19736608708106,17.05672081482822,15.466932860972355,20.73904588342081,19.286089796035988,18.04288347990606,17.044226265842468,15.371531335759169,20.6335054165146,19.418836578177302,18.266240346282483,17.05780280317968,15.324481037465404,20.560351606988085,19.20755176255785,18.43172321746978,17.036387549767316,15.352387520783841,20.365465680297596,19.077845670753646,18.743678695056424,17.066846038991237,15.345264383173724,20.09712782876223,18.730467714698783,19.30510331556518,17.13128374238078,15.374188454449651,20.204620333023744,18.93848909028524,19.429378080653372,17.048932691277628,15.380746412474355,20.59330403407159,18.73213410101976,19.477410538236988,17.10400463489211,15.3451478467562,20.65186960706232,19.01087923745373,19.612862193758296,17.18143710710796,15.356964677095803
20.63264893113274,19.444777681443817,20.800434461187596,18.47711339335994,16.700108286455652,22.24646955892802,21.18691432845029,20.61098470595813,17.93913236997241,16.772017874780634,22.52020475454673,20.873630006287225,21.068491549743175,18.511271822320477,16.66960374315773,21.893859587110335,19.584041591483782,20.70794237148464,18.2725778009147,17.017564532813413,21.89738527194033,20.191468311263414,20.639986139132976,18.344165072151633,16.68235100052346,21.941393688773275,20.1794661085695,20.45220283896071,18.237362981276327,16.629449808628284,22.01428181468413,20.04346121138335,20.477371425441927,18.340270437543907,16.547247890673134,21.95302718297477,19.948065452438104,20.35918290854487,18.32796380682212,16.557946857688314,22.236184494751523,20.158067925772947,20.305507920039624,18.462914088110583,16.56774761344116,22.442593975921085,20.335861182462374,20.330927028568095,18.465068064037965,16.62175601829611,22.575678463573137,20.519956318840123,20.24258068824394,18.39089411964036,16.631672232988613,22.430402381558554,20.308582049224817,20.25500684074473,18.425151370547766,16.64403008000739,22.36450552211984,20.33550608148867,20.204655687681495,18.410099573559812,16.607145265618726,22.171923459160944,20.362820868998025,20.144391866901934,18.304895454497867,16.62736782863138,22.120265842100785,20.550884717173066,19.95856051115821,18.356014762003383,16.714226931887833,22.25849406543356,20.455506101958044,20.135139835879727,18.517517605298064,16.807630046335724,22.05410183419936,20.77060331975037,19.960940065621287,18.438325627341744,16.718136754661653,22.06388550483178,20.939844554161244,20.088813868299884,18.50379900360851,16.797116549758837,22.0494004161269,20.866305635033807,20.193448310266085,18.57902983732134,16.683248025264355,21.880258590489092,20.80924377125377,20.53996084064657,18.541855395311956,16.57933739346956,21.981114996807793,21.028993321378103,20.91517133759716,18.739212311031824,16.48379232113881,22.298082388711485,21.07808349491075,21.108824196483702,18.824215621759226,16.603256350298608,22.615785781555186,20.873642129944244,20.974070607916165,18.857953616715967,16.69266960360764,22.580144444088535,20.8638013950614,21.122133690274506,18.909897064416327,16.749194374087462,22.334352603908407,20.718153922123815,20.915771903097426,18.735476376588963,16.831081182914467,22.31771393854357,20.709348288714132,20.456454534128955,18.53301581650714,16.823573315153702,22.362136745020603,20.46253167201285,20.33626181609936,18.498288738083197,16.69559165012507,21.969235614568817,20.473058072045422,20.28904675889111,18.337264832840518,16.56437658034737,21.898876330567838,20.414154047119403,20.100073509141772,18.221930081422578,16.558699126726736,21.991432410211473,20.27654564718051,20.297002015757506,18.470082185495823,16.47293804230427,21.644141500819917,20.097705560933157,20.281961797233336,18.5221946539112,16.56879904796471,21.558830486260863,20.250160112236376,20.06099319779687,18.513625657413947,16.709529266862216,21.81396645155566,20.421694264489183,19.97411845611494,18.596581676883083,16.74520457091587,22.014115905210964,20.688951487094144,19.839616882912253,18.580009438857072,16.76036926781312,22.23023500695216,20.575469176303486,19.634865374342876,18.499030393499613,16.750388776274285,22.356273169865688,20.83498593284394,19.780546524494703,18.408565103564857,16.688146004280778,22.1639510191298,20.811404656955943,19.90652226749703,18.3544826112419,16.642713036418762,22.051808129893665,20.58074415965699,20.221218434361713,18.393126096497674,16.552126997700068,21.876418720916487,20.142363948236785,20.526843273870334,18.414662813222993,16.497428240601522,22.031616668439774,20.333983745487068,20.559897507510357,18.4670886875183,16.581377769195882,22.154201659568386,20.053770336611496,20.484262849146198,18.490485294106538,16.50080051431477,22.211308499531704,20.14227612124849,20.56639311131616,18.51505373020212,16.59719640690375
23.791317963838544,20.262255425953335,20.89938530614671,19.145049850097436,17.156327725047586,22.135259829702218,21.999320459511797,21.60121707163362,19.03375601406916,17.513540453482758,23.467297874355104,22.157713166410474,21.586149355452267,19.367049136197714,17.39703017266279,23.960472261404217,20.441033866174944,21.36405995928336,18.787447528933765,17.484886177691063,23.316129927593543,20.9919996885317,21.295865699727994,19.18202391124913,17.379969612277517,23.251441049997617,21.179183593287437,21.28755948565374,19.10029528520094,17.376671582674096,23.63720896787503,21.048523252412203,21.16660635377051,19.04991987787198,17.238811049605538,23.77726693188231,21.008558361446436,21.178881612182614,18.9408116365689,17.365694243893728,23.902317551635324,21.34042000835943,21.05742201707658,18.998673795346512,17.46978029908012,24.314638730124848,21.60119434346002,21.250673072269517,18.95651526608146,17.46970724216459,24.17155594541368,21.580182830494955,21.06971880350694,18.91433734311041,17.520078068241546,23.98778339215007,21.661645017587027,21.344321907673383,19.11873386837293,17.567964791912722,23.819641524985865,21.596360474052645,21.31013304429391,19.220469873815826,17.432915372539775,23.593822591905816,21.452158158500268,21.328520866540337,19.243988337153223,17.354475588417408,23.351855948244868,21.67204476535999,20.943799842157663,19.228980629790197,17.44510505012977,23.507481636803995,21.645354445866378,21.24865828219436,19.319503019077292,17.488229557548358,23.46329716953386,21.774127756623322,20.982750181282988,19.129817112354377,17.482159013377277,23.473471295051915,21.985420391965526,20.88315452031845,19.15935467931423,17.454223000093226,23.639353118421724,21.93457287627387,21.000840705731292,19.17071928448281,17.414607799617727,23.537873034070376,21.745140371377204,21.3276077538736,19.275505843650002,17.326997033718012,23.663783228393584,21.97044803091921,21.576951785546864,19.472541550658832,17.249681091187046,23.876134514910706,21.899084881046907,21.685604895993627,19.50109628062311,17.40563705285162,24.225293900080533,21.719121738915966,21.65304944329663,19.43537836218079,17.477607399452292,24.011671580636374,21.76857825476592,21.69089618400405,19.467991587967113,17.418573021296485,23.988635619105604,21.64880887130723,21.495805188806706,19.28551546724608,17.36732838573123,23.83595009633468,21.683289994470016,21.161730834834824,19.10029794400807,17.39775064082011,23.83867381579464,21.63809420970529,21.197127644005214,19.03741255636825,17.205819998346463,23.225540753771536,21.63804943228802,21.13137590583952,18.901728710031087,17.16326192079655,23.281662604972453,21.583303221216738,20.948299121267183,18.822941473214264,17.137070856243817,23.24368937385482,21.538215172175775,21.08581768747799,18.91555928431034,17.12124763120439,22.982076349171766,21.30512983961028,21.002594310580456,18.930757530899136,17.107730988845493,23.02303156696872,21.2369424630539,20.72638146784874,18.99963431519877,17.200270015639667,23.477875693833187,21.390747857664778,20.808473779880025,19.122017582301794,17.196473147884255,23.63064384975764,21.630562741464892,20.97123669637692,19.22231449580325,17.350083608711792,23.657185554390043,21.61743225258277,20.793602668333854,19.152228868881174,17.401709341054893,23.953410400367552,21.84685786262484,20.965905650360693,19.133055789002718,17.382491788144012,23.665966412953175,21.859451699824074,20.953694609742822,19.05231372363434,17.303260855062582,23.4422710094748,21.425478435455656,21.08611662110511,19.04372178358693,17.260487230876027,23.25672174163099,21.16103251998225,21.166887471889133,18.947722301874503,17.154667472763933,23.486839220250598,21.26729956201671,21.267670555245523,18.99731134595508,17.15653703785113,23.47281311476461,21.16690980734187,21.03356446227638,18.91498649586963,17.04475107725199,23.543451457110415,20.961784715673375,21.146719716647887,19.01661375996516,17.06123526637427
22.820984808200876,20.723274110362492,21.079678254475947,19.547418081377607,17.96279840177203,24.204545200312992,21.73345327493673,21.962331244687377,19.6486688819814,18.03648335485654,24.276656809006234,22.78634121532384,21.93504325783588,19.908538612646854,18.014880617243293,23.73787766407905,21.392169036182732,21.63001354293714,18.927260814181942,17.639916595853958,23.81875562396397,21.572821209784458,21.666502146656008,19.550336932389463,17.920064864509126,24.02108768983009,21.803210175544848,21.71892296225026,19.46837321986984,17.846219667866418,24.206653782661014,21.79471350896495,21.545363167568656,19.371627509855927,17.74934868441926,24.42601867181937,21.65632174699549,21.647181607729035,19.313128625013157,17.843348936341478,24.74123024562926,21.875950479743288,21.5703105110717,19.352002538886147,17.989483481568108,25.132078747287288,22.19388333115514,21.800763811346094,19.428528217917886,18.055423725865303,24.96692053639003,22.130395837502455,21.57862925879301,19.44736353394729,18.069241085096223,24.7222218967186,22.260816274527677,22.042983008993325,19.66938896169717,18.20584829137069,24.405545137575558,22.1578919927587,21.89340135194712,19.708383813889657,18.055996485838897,24.048609888591916,22.0064246946239,21.89693755004087,19.816264477228728,18.07245667636492,23.778006654233522,22.091190442920123,21.47070117160907,19.724010648667452,18.080533457392125,23.99613061070219,22.047441597152464,21.781540289459084,19.71453099283771,18.19259328894379,23.96364402689709,22.18437484115765,21.439846580788195,19.54308229090726,18.032752744898154,24.027715743364848,22.483924221967577,21.399174435076525,19.578330789323136,18.14889476605368,24.2252559219892,22.45362409867986,21.534404810696046,19.61627771527933,18.057282278310588,24.05524947866681,22.10429634841602,21.841744074032512,19.8050704759508,18.05382909731453,24.098439983453318,22.37606297706727,22.142647306909932,20.08590487673514,18.035088507631393,24.35020791493657,22.311889393138976,22.19752472125671,20.119084982109392,18.314917247465054,24.815829103870364,22.23128834675386,22.21544979648771,20.044115827681487,18.2837328148761,24.59802723600453,22.361259425697437,22.05267778984794,20.020456745603504,18.176098509726398,24.594785116847394,22.363207497815374,21.944210306060228,19.791115654826164,18.02154221192199,24.549482225808198,22.389343644424137,21.64255363711709,19.521798124214847,17.925265478694737,24.24064150492263,22.299791877310717,21.729714111690733,19.430907875244728,17.645779231710172,23.47406802838676,22.229731230364393,21.575165787502932,19.329250831261355,17.563409006371142,23.50739426960433,22.136246146413036,21.629769314515777,19.264628752376595,17.513577472445217,23.360604269607304,22.093872875569783,21.594545736962203,19.2515397997388,17.47674913315064,23.17492352990571,21.777567414058716,21.44194024623424,19.249151943954864,17.37417834515483,23.422792090211786,21.601089638248535,21.247401899249446,19.299823267325074,17.48834525445186,23.891486247241666,21.738520699977425,21.421398712989536,19.337155926156452,17.56782803765833,24.10905974785183,21.937646829218153,21.638469672802177,19.443835610750593,17.794069046072494,24.298678875477243,22.071185042249652,21.548774405967382,19.550384537869373,17.872421560475583,24.532297863959304,22.34191809050835,21.72086431480425,19.623108199849508,18.026945597831165,24.345412222959748,22.521829390159937,21.595604222465763,19.612485571289824,17.86627052431259,24.107498585203324,22.157139010667827,21.639419042665242,19.64890797631995,17.709572568261386,23.876054328437437,21.843578155406394,21.62383256870414,19.529072187134837,17.56130638672591,24.074889299311856,21.8681829816206,21.630773826622654,19.47813800465753,17.523341394621113,24.117894440510618,21.842836026064326,21.471607208911937,19.40002020552501,17.303716674266045,24.02704054902926,21.597438313593752,21.695194778082225,19.488740962042748,17.30093689990698
23.998711546362,21.650008124494523,21.591986452508536,20.275345614163452,19.011091855300446,25.36199147779314,22.320898104181587,22.235769195624595,20.323783995366846,18.51691478575259,24.761711884360732,23.207688970413002,21.721391580643978,20.389503924231768,18.645714263247015,23.224545108076693,22.093718570365223,21.786224694165877,20.08254218447794,18.442951745750815,24.324540963296815,22.28809495924949,21.922760712620928,20.266620946084483,18.621240096195386,24.22306010146158,22.512557978507044,21.988922442297557,20.183669028542294,18.516103912704715,24.164827100838288,22.687334841837135,21.771963260104034,20.049848217599653,18.45685493758623,24.321923706820353,22.67624558719982,21.9633369264259,19.952906806161714,18.531659312293826,24.40053518493592,22.836408041531065,21.880135087277303,19.961505893723842,18.687838900521292,24.80262008720465,22.997337819333858,21.83549961957448,19.931741927628927,18.748917472881665,24.865261731734638,22.86311195846492,21.727193789607167,19.90079886941478,18.738581109549973,24.819525166085842,22.607481366645395,22.20068935477416,20.093161486353704,18.844426403424844,24.239631648753143,22.375762136976885,22.07020416578346,20.152354490732197,18.724720010484372,24.39958232623943,22.23849635808116,22.06535302269064,20.245643182246134,18.682387137632375,24.062055117783686,22.3160021383786,21.924116771001813,20.32387755727685,18.869784830150017,23.960143125000492,22.324533734893137,22.07473156499134,20.34808157726031,18.903455132987272,24.05822938366972,22.624052914534428,21.774579761270296,20.154139748181983,18.74532999646404,24.400203456398255,22.80705232136084,21.70863992828746,20.19392135036076,19.049838241318646,24.518853422181746,22.875235511928423,21.941292971549508,20.242063145108524,19.145878083553747,24.581679781370458,22.652249925849066,22.189449631653634,20.31536434313552,19.070121820495324,24.976006676329575,22.83583655416108,22.552320153976837,20.5702890998925,19.191770933874544,24.93969262525697,22.84847238943537,22.738267741558897,20.77539644263408,19.58375317645721,25.083437913926737,22.80807273369931,22.733483465652974,20.795422350186552,19.418067191654877,24.547743503290878,22.916475959732885,22.555124553953554,20.735747989222283,19.29674421572323,24.18676307160406,22.81311077979267,22.426473692886233,20.5370132412993,19.230604090907455,23.84340990637256,22.782414585442364,22.166998068969285,20.31624610667217,19.22872130902542,23.619408841951326,22.732685197593803,22.153341747153434,20.303914796019107,19.04665703335038,23.243965559788233,22.66266432304702,22.047374655466808,20.285347406963048,18.972827307973805,23.547002799392747,22.546272817149948,22.157063501184137,20.24320686630374,18.97892127885392,23.72243044162126,22.73211777982375,22.137625363989514,20.345122361332468,18.79634063861723,23.900845032634706,22.53740743637199,21.87289369059312,20.37153728428694,18.661549518603017,24.03757034241631,22.46900117829993,21.831089934770183,20.248294412799787,18.71116864837817,24.34026905461812,22.433114863649063,22.066822986795604,20.24527213013681,18.837961299813728,24.50746296603417,22.4780786889541,22.192669578004605,20.263749504644554,18.944342128336764,24.79670359575075,22.547190257853202,22.02542851949473,20.237865924709176,19.171730958383257,24.660241488266383,22.726791370083077,22.213024625294533,20.30678024402629,19.217254258188976,24.648874806484546,22.63326646942273,22.0343235522524,20.313126768945093,18.978028907671252,24.411134508634877,22.615081965905304,22.02373020118432,20.24413724078624,18.792172500355285,24.24905157311675,22.58327307276043,21.913014022590684,20.061444747768682,18.593390835360093,23.959841229698462,22.456231671889434,22.092542420879024,20.02840653024698,18.38364957465551,23.90597337081561,22.3577902057627,21.997149786315457,19.797842050404604,18.23851694754277,24.03129546185022,22.353607805657532,22.192131268641056,19.89159129587879,18.223204174702914
22.88075629440388,20.514093205106622,20.81475114167486,19.056147162918474,17.16826887850928,23.744421877614037,21.709170065830172,20.96639224615641,18.928783334431262,17.112963611311216,23.897908511010744,22.35796636837764,20.8445300378134,19.297764905162268,16.88773608875746,22.79261100947703,21.603266028562796,20.598033047592562,18.53797432801695,17.01361012393528,23.259825732757673,21.546421940659744,20.892355642361103,18.992268336724784,17.00322460506032,23.135388425670833,21.742257385077853,20.945861885123954,18.916249055333047,16.901011455723044,23.023965086574975,21.81180892274073,20.715182035740064,18.877183557881715,16.82241949732026,23.02708243055485,21.711183370041084,20.825170340646977,18.773875296029257,16.783280033199258,23.089765360748867,21.716599289132976,20.683502223862284,18.778923876205262,16.788581901476412,23.278736345038304,21.72456222878166,20.671554430633506,18.828213501793638,16.823457649794697,23.215087386779516,21.653997347739182,20.405420271093604,18.83022791554193,16.912498526688807,23.274261333534575,21.509644877633395,20.964266345429156,18.984187123217247,16.91573664704532,22.99138235516254,21.32582988083147,20.87225819010424,19.079161784466507,16.960481703831842,23.022674649798713,21.3408758572206,20.94572611859919,19.122106488113083,16.977157748266514,22.947932195776797,21.460999318642315,20.805890209517298,19.103583139907954,17.122601732892623,23.0293559946979,21.494923881571847,21.108822433931874,19.10847535212548,17.054258535161377,23.2004531542513,21.700778013106195,20.750618587317742,18.922782770857598,16.994921173675685,23.373455183185307,21.90598444762466,20.687212200802406,18.91664922054818,17.079732239767427,23.557807646055476,21.932393687499466,20.964623524075964,19.039639807206363,17.016488526876138,23.631920188436016,21.65625871166626,21.17782087414433,19.094841809954186,16.894662941040547,23.98262039922637,21.844289247680013,21.550729037476167,19.284003126644414,16.939068796640687,23.88478371676244,21.7897457621459,21.706630083906525,19.392347793542267,17.13273269756907,24.010249120323145,21.7211455383584,21.698127060203962,19.467307509618546,17.2110151832831,23.5053005661944,21.695906798116614,21.367587269396047,19.41211433414652,17.2476992658789,23.128378895146497,21.66927687008693,21.20875942547744,19.21629195055924,17.198214194591785,22.771866902375166,21.611667585500733,20.862923412686296,18.980576059275556,17.16211984658479,22.58683688558404,21.59114855932598,20.97107910321977,19.074562241646426,16.973519241451427,22.25588663845098,21.500699336902933,20.902446347104792,18.922343657789163,16.809203119996855,22.42383231635903,21.472617472231594,21.123439985030767,18.93360614764157,16.77077581190646,22.505254320766475,21.632330126760145,21.11269590631463,19.064409399998077,16.694500372066823,22.689144664413412,21.41795673072908,20.88219164873725,19.11522556443968,16.58325936067579,22.77386667390366,21.34488874697247,20.709080677044824,18.967728708468584,16.699077433084767,23.014478222285618,21.401473350724647,20.893231106072015,19.005179960764558,16.67238671741638,23.119066853042735,21.351227843978954,20.983970408677674,18.96565478247988,16.679700344968758,23.430552390658853,21.45718747810999,21.01709572669663,18.866413697483647,16.71823261051076,23.25959082005512,21.619616672929116,21.21133889186076,18.954846843395956,16.7849241057829,23.22988519506164,21.581575896135412,21.052235202649022,18.981075709423145,16.67630369609272,23.163645755809977,21.53713963532364,21.123262748306733,19.031995029086467,16.688115785976514,23.01256408415105,21.61471239405703,21.119975865210897,18.992611576411626,16.75013156867797,22.858538505163807,21.56949390047316,21.13103853452762,19.015741781493272,16.79594850167944,22.94096070832901,21.55748708094176,21.102411240028005,18.949174457124283,16.708279939595382,23.0611009089017,21.54967431013727,21.360408966786633,19.01945344099093,16.76633220019746
22.82464770573698,20.513203712076013,20.798226730173177,19.099083412984783,17.188905477977833,23.729735302178746,21.732034660061846,20.992363836370572,18.942848193412026,17.042857592167017,23.961970295070458,22.37347016919812,20.82888814461319,19.289770728851774,17.0443077522578,22.78448276940732,21.62568876703068,20.597967537923374,18.520636944911743,16.966624872607508,23.257255839722625,21.563582828198996,20.883348000316875,19.008087925981908,16.98612748897085,23.14894183733304,21.752916833663797,20.938619291944402,18.91583898309083,16.85774577399574,23.038904951314645,21.82332274009558,20.686406744824687,18.863536934592936,16.802730564671048,23.030897647436923,21.71640588341622,20.794640141323764,18.754789856034638,16.73974121047912,23.10015523403042,21.717271843373886,20.64360468250955,18.770277180395684,16.746429782912543,23.2872390913005,21.71278128954098,20.64163082870951,18.796654363865716,16.8227778280081,23.231737701415188,21.642661554792276,20.37724209685596,18.810101524692577,16.917893444228845,23.300321290077214,21.49243036802927,20.95429535452203,18.95935157602408,16.903310877200827,23.007079186523164,21.31649651623731,20.86416310728107,19.059076689804222,16.93825624699585,23.032299425682094,21.324255305207917,20.93399321158097,19.106110369133056,16.977328656655853,22.96277517863074,21.44139001026131,20.796801862598272,19.100711468447912,17.091962576589438,23.027411303254315,21.485369615951374,21.098432780713175,19.110320162881848,17.056389296924817,23.196244674501298,21.700726085691933,20.729869795263085,18.9463070561007,17.008350530100145,23.385307548512397,21.909624986756977,20.66705188836699,18.935985804537136,17.07965937535274,23.579118209764534,21.947161739700302,20.95796802741552,19.04586765913093,16.98623447292393,23.651205064559335,21.681900549510765,21.163753173828642,19.093901169312012,16.88761852618393,24.0094111495951,21.866158844090897,21.538624690612675,19.261822953927613,16.91018326027815,23.910903444462495,21.79939674640188,21.703827722945277,19.360931776055946,17.13013731572906,24.02767888617485,21.71903094786799,21.706380878415594,19.440577558700678,17.20823664234849,23.508978197286172,21.68933435073537,21.370504372377514,19.380109468662813,17.24991376392608,23.147810351274693,21.67320917332182,21.210177457162725,19.193858621577768,17.196034469246257,22.794392163755443,21.609906842994214,20.857328332368326,18.971793410286114,17.174348810123014,22.58992463978614,21.587688830695434,20.957840421614797,19.070991348764874,16.957333044240826,22.258527063270606,21.49517891528037,20.87386730493313,18.910293874103424,16.79736485767224,22.433127810485725,21.463933414753562,21.111802728832025,18.93678378247021,16.757395579888357,22.515007376183142,21.619839915704382,21.10542283945244,19.053419824161647,16.69947942496475,22.688432735728718,21.410105482756983,20.88695479274354,19.099791528194412,16.60895545984887,22.785975258073414,21.340770620733085,20.716506210527854,18.956776505952828,16.7282926407682,23.031665275913312,21.401647908886776,20.90732634388079,19.004041930504208,16.701114622351167,23.131339913137175,21.36576165736422,20.993779655136038,18.939371414785334,16.742066211124897,23.420343844859417,21.46816870042664,21.026996290941746,18.861892619736835,16.748063926242434,23.25424120324908,21.636837412822082,21.207868369673356,18.949771227213766,16.770361845408075,23.221854944454392,21.590381381240924,21.058626707755828,18.96146538060635,16.68287668920328,23.1536690992503,21.546072101526356,21.116612873903026,19.02064516535905,16.7238456138353,23.010882928174194,21.612126002859505,21.11132801963362,18.99138047211925,16.75951930965649,22.859324256024443,21.563391331263436,21.122002907101454,19.03691804470282,16.795598948881377,22.94147303669329,21.558112827591497,21.09660517392483,18.98055674195279,16.704280704059716,23.070960427641936,21.568101996947018,21.341519618003485,19.061145216409326,16.716999149064247
19.963033003237353,18.60834082095749,20.078714182998304,17.45396781344015,15.52771628997562,21.536396064212717,19.773867803280517,19.00459268598819,17.13671553896378,15.846552021515446,22.04703845577039,20.090604965859896,18.846081176582462,17.813763559070217,15.383607501879865,20.46233554370346,19.10251051428247,18.392224433249936,16.967688664686307,15.922334608197621,20.959843265713967,19.402564126199888,19.07367927409544,17.32940576648473,15.669155895625224,21.384718908778666,19.534233212533337,18.861125448603946,17.26815644578308,15.61484332639129,21.271373604153744,19.638912243963183,18.773572052738068,17.34620678384075,15.576793215556105,21.034456369941655,19.539352861178422,18.83102938039305,17.208534357332105,15.614123839164098,21.343029963827227,19.526771985597133,18.94502135478177,17.166666335423237,15.494839652714608,21.78387592432595,19.483466565672952,18.856294944779844,17.16533420256655,15.459192757092888,21.33853651592927,19.41314982945449,18.74502399032047,17.132048723829477,15.503109885600571,21.26301323729097,19.27289618441808,19.059552936625597,17.07252111647324,15.486233490603345,21.39841909247709,19.274536111753196,19.214970285605567,17.13027654832634,15.51972058182242,21.133902501262217,19.402076686921266,19.123740040420426,17.185176476819247,15.605403484755143,20.932554794766,19.33402691030022,19.232847567968772,17.29550497309091,15.76985525767311,21.11441469782428,19.473881282080605,19.437309174705568,17.365788612734896,15.795376980300196,21.390713734222288,19.50246073015047,19.214342887376894,17.27269814672016,15.744552374759857,21.330226402036963,19.406505055260926,19.003208252060283,17.317280097776894,15.677630401151935,21.543715429550655,19.415406472920402,19.101877932647074,17.428371747961155,15.621402772977621,21.4548018959485,19.416883033978184,19.129346455148717,17.352463551607123,15.571275183472205,21.63443539385758,19.563186496414247,19.435538116149914,17.502363116847953,15.61866124522166,21.588360869828815,19.52949571099533,19.507712219922205,17.608524090819362,15.66358784856931,21.587256975364724,19.426438760148947,19.372488035851074,17.626731185723052,15.71918777362277,21.128639437393957,19.38866812237027,19.216969147708397,17.613779143178146,15.781726277693892,20.976150168397552,19.372104978986563,19.155305727170465,17.57856058840635,15.694079568730501,20.594582925981356,19.19745422921033,18.647603217448626,17.42245687644982,15.618615234633833,20.494110689240166,19.14107835078829,18.69751443536302,17.580050302284654,15.566251964723293,20.30046826638323,19.12062218344225,18.79209821041244,17.52818672310386,15.585929906411428,20.561352731090295,19.195951250133163,19.086493881042287,17.50509564668616,15.490735817325088,20.52280766726374,19.296741956045736,19.053071245172966,17.499508502067226,15.41393939431085,20.780745448801113,19.15291544192872,19.095348590394195,17.447989268395048,15.370900176460509,20.77041841992282,19.14196484132389,18.969078528569675,17.292382531893015,15.397271654910503,20.980718436132157,19.28436320166292,18.955839145326802,17.250761920250753,15.360341023959275,21.00634225557273,19.203087063829578,18.834332887144505,17.292192590653308,15.400370356758554,21.21274952345857,19.256250233570896,18.884215567434282,17.247761318340917,15.401286040527438,21.24293715688913,19.330435678074288,18.96024635394201,17.40174428090227,15.412158285245946,21.131573821298037,19.262849643413368,19.018927091332053,17.435171220336205,15.419335577026306,20.961100908501678,19.285874309275975,19.195537837060574,17.631153608585123,15.450692809030636,20.97037260814178,19.429137237813755,19.248563856489532,17.556433926434075,15.435196529126992,20.730412203634046,19.558106487277108,19.306947102671103,17.603538540125292,15.53480355263893,20.747369328151127,19.705995369353207,19.24127291834568,17.533179932627853,15.49546323410712,20.903123741547414,19.979979902336943,19.260167297768326,17.6044818914563,15.605900180573418
16.086545513498503,13.937106987189225,13.192321674944862,13.323308567316712,12.812175002736277,15.665759635314433,14.207834923635376,13.53568780860878,13.694390835863265,12.948796036290846,15.685817435380816,14.18275997520856,14.329075716527425,13.48665799108573,12.769606985593212,16.438694592310597,14.071833357292148,13.770028571446801,13.338685750128628,12.826924882662068,15.840428190291576,14.146750195669375,13.79430744559889,13.471471621720832,12.80036672381442,15.85644476574736,14.311029642019506,13.779191764268338,13.529271161970295,12.832960146123693,15.850810918855103,14.38045690083824,13.820582416963797,13.446963525828483,12.832994214646664,15.680944126189516,14.21369664848381,13.778327403086433,13.353646976832986,12.855470951595057,15.447904061973068,14.392014738630152,13.793729507958432,13.326580840726029,12.776561875354629,15.244813847278351,14.449989678105675,13.70232676338414,13.236819719008238,12.82076122329816,15.314562331822339,14.376671551565881,13.748264041246099,13.18562538169038,12.838044723095312,15.343632947065922,14.08157849333106,13.871518963948626,13.239556441448594,12.832779703838721,15.444832545952789,14.269500235399414,13.699442049711587,13.234135677594585,12.795209488657633,15.545396345900794,14.124623658419264,13.76472108836958,13.257872921336633,12.938505240778369,15.775385807693478,14.031777775426216,13.906164528350363,13.260078956460324,12.941154587578524,15.480569766516322,13.90553947407508,13.990761602123849,13.156151174097124,12.883050510546866,15.315150713625906,14.03558014105985,13.815066218530438,13.111817130192668,12.740015559929148,15.320193098619395,14.13396746173704,13.960002330593388,13.226583275964392,12.763772504378249,15.108569108931363,14.162933971312361,13.827398907428744,13.139634296613824,12.700829425510953,15.199225351030965,14.159196381332752,13.636214318449685,13.199360329858578,12.669174256867763,15.029099061472627,14.284562856728783,13.646429293367508,13.291998405680337,12.666568215371731,15.296939240762569,14.405371615998016,13.881983839441094,13.304503678469093,12.749734815004707,15.210967172027159,14.338026181427775,13.812883292253153,13.213550810381037,12.75395054149595,15.34023376025409,14.463497762467782,13.82139317780667,13.317081066781366,12.726176241228169,15.080388174182797,14.556859261839463,14.101340915638307,13.270741105669277,12.764458738535984,15.181885323497209,14.70957485381831,14.169853140557256,13.255890115774225,12.708281098792748,14.738278234999015,14.534624984017636,14.038743119963593,13.247555587396775,12.745508243570569,14.787654016661815,14.481028051545195,14.051310898508984,13.2203072382583,12.710655067312754,14.88934131248755,14.260427047300817,14.060618307595623,13.2004970525546,12.754883393272369,14.91962179602579,14.21669594686431,13.889140081842845,13.192702091868435,12.75950843120231,15.113841119886768,14.096410750079201,13.811751623250126,13.182162564903972,12.87149368086906,15.550574378832952,14.499048893324678,13.6984283847987,13.166727687839185,12.795915880743696,15.910294760611052,14.636883009707322,13.713476301329896,13.20669062311633,12.840844849302067,15.814977159809962,14.857236719839227,13.832957494257897,13.200461441407096,12.807115002197358,16.127490008350414,14.703267325196228,13.675373913863051,13.215683374490101,12.765353494539614,16.24045535406555,14.70322167915642,13.787885241858302,13.277103021712994,12.730607236768922,16.14745356719164,14.57871374197533,13.88509327521604,13.27627542218186,12.727783067017985,15.956373545118717,14.528411474174723,13.984615393686468,13.251677388458642,12.665499410050781,16.10825940106871,14.503413270679374,13.942908287480282,13.274243893621982,12.669866775355185,15.90159232886296,14.49603582313335,14.073423311872272,13.301092304575258,12.65056420026067,15.991452240626902,14.48891812972795,14.086958365591027,13.22089162031084,12.690029424286331,16.046355049987607,14.294604909038403,14.079893493631882,13.228495961818805,12.861601775543235
20.493673929267366,18.638233069530777,19.57378452008177,17.315513899975112,15.586186593134862,22.73929192812386,19.84810082143712,19.35467995186222,17.012499748972196,15.437606232298625,21.64663306317557,19.926846925962597,19.311895420444767,17.592471049636025,15.298728895394579,21.896127960194764,19.296145936788246,19.674630051956626,16.879281635912612,15.486944862286487,21.56946949603194,19.223041061735632,19.41116775530669,17.188536224127496,15.43338668926348,21.635903332389677,19.294143671859636,19.227181176809424,17.101467313555776,15.294422565241623,21.286719168394754,19.141748209982318,19.122683095113327,17.066924799299947,15.180403722639877,21.258104653251028,18.944729238384237,19.17045708652241,16.91703295881077,15.217535736878489,20.785898989443943,18.878074751327198,18.971191815874068,16.93089862006684,15.297205498763049,20.832297282776377,18.973312690386937,19.01847864100386,17.018972447635424,15.383097680088872,20.861789164237152,18.98368518319817,19.01636565147967,16.99395703069326,15.494405872954648,20.879227789253196,18.870916041405472,19.132329151161752,17.09812544682475,15.567831870971252,20.665207088511757,19.01068606325887,19.18168033534186,17.136628230607425,15.583543180435413,20.863374027317278,18.93076834786667,19.224313762778188,17.119388052700565,15.582638544967764,20.916769824219017,19.13018928868498,19.062285960313545,17.049889245992922,15.543689999212727,20.781036612178834,19.112598469428974,19.187886097281933,17.104636727678987,15.642158486029526,20.761847820082767,19.41010013134362,19.121178426307644,17.037988418860653,15.634232499209526,21.09545390176212,19.41021971123127,18.975185975225692,17.064066885166795,15.615215699459265,21.44256331039231,19.662718127633433,19.02786663328692,17.126422857499104,15.524097175030121,21.448126096771524,19.70081650496743,19.248327483772524,17.21860946284835,15.539391665255541,21.46108108853586,19.851390898472392,19.357024644453045,17.40570322672486,15.48083628648379,21.25866869730529,19.780453666532036,19.42143076425746,17.401237432958155,15.522680181846408,21.352357891713588,19.640242303249472,19.25116987352929,17.410904894660266,15.57348368461631,20.954693329036918,19.617258232398026,19.245326864716592,17.536124693936863,15.501320829598214,20.650291025856923,19.24825333928634,19.10136035307375,17.381046006301126,15.51427890743293,20.728609266102573,19.381259400276605,18.887021266355244,17.12619096734183,15.439553437530872,20.82038106568637,19.251946456152247,18.830367092561687,17.108326050382793,15.283727771160533,20.487651632785848,19.283267940379794,18.89413414855342,17.066847348823703,15.313568298470438,20.560731056939982,19.07844315566539,18.80962654119461,16.867211577638553,15.369639594761258,20.468755483602582,19.190669990723972,18.974988649437456,16.920763122023605,15.241211289803413,20.548133060171097,18.746806644367734,18.920439936057935,17.011768539075447,15.348137134760687,21.006184957057386,18.825300129350744,18.758020616588624,16.982555754155207,15.523421844082737,21.39301473096905,18.970333252834703,18.85315404482463,16.998007327014097,15.445807887971762,21.25828341311413,19.124167808524568,18.947326897276618,17.115786669548207,15.488794416026085,21.55624901395182,19.3021263889024,18.812124063666964,17.12080653932103,15.568959737242977,21.460266313134877,19.61714381723693,18.92183599191045,17.106653537537866,15.552888321343527,21.221856572147825,19.51229216052326,18.725625436328507,17.12393192996136,15.455746778164405,20.980902205466545,19.313863712544418,18.620003277365225,17.143392652174967,15.4711446685666,21.20903598471302,19.148584553381347,18.660965644495583,17.06154048704148,15.47805593322199,21.33765984483503,19.107847640998756,18.667768358563507,17.013208653721854,15.466010627072837,21.400731384669285,18.91283587439936,18.491110528152273,17.005906693689617,15.319694745077564,21.415104960667755,18.998247954009607,18.763075505045997,17.056141203258427,15.438748242219972
21.391636889720946,20.39498633685865,21.38306714528293,19.107429504632773,16.94265267068096,23.006945664031598,21.69212963157831,21.02859288618181,18.505218584807057,16.924826129136296,22.92824309217981,21.457167707556998,21.486126434076382,19.331700257027993,16.802705422539752,22.625771576228512,20.493876049237386,21.31578472968356,18.68681177603311,17.048974141651144,22.55881589346043,20.883225754304576,21.179478210567794,18.901788608870003,16.89592081527544,22.740833069869314,20.9596117738402,20.968486235680693,18.811136158002157,16.84624499786258,22.796392187533648,20.6960010826164,20.924147890501708,18.89325116997573,16.830848535404623,22.889905884299516,20.71149672422782,20.906673676153773,18.681802892259203,16.904195480500448,22.800615045014954,20.796595881568305,20.702476234016643,18.78728524245987,16.991569666531053,22.875480706622774,20.820803690610337,20.824367470832577,18.877524082192878,17.023533319268708,22.895813071233057,20.845382428027484,20.74160756936368,18.84337680410149,17.1031934415235,22.666550095151464,20.934399962958647,20.776379901493975,18.904068700375575,17.07442769879793,22.341884677811855,20.851349561210927,20.70772639510947,19.041424536707346,17.098259578030724,22.48789619563282,20.78697718760077,20.736388667075126,18.979652393844177,17.109175808904876,22.409437481716356,21.033699586550078,20.393024249657316,18.956199341132255,17.208795882636913,22.22672491478133,20.97048143054785,20.480048589048483,19.0138231291673,17.32532587371504,22.40268181162416,21.090016229464894,20.461609791226927,18.951526023499113,17.366595415900036,22.64722094245073,21.361264592237195,20.491037390403978,18.95740804970636,17.320432418828243,22.608412719755908,21.49306695045804,20.568490550190862,19.031405999001983,17.22542724702155,22.55300244001478,21.461330116413667,20.996115387922362,19.110705006756934,17.15664219336906,22.779147756567557,21.577027336931156,21.298476735219538,19.32468322239188,17.035707951889854,22.741042171569315,21.61393384622629,21.31656262739367,19.361637691520382,17.036475491539257,23.06846895412695,21.283703436957975,21.13921906339843,19.42535588373357,17.047229485652483,23.028045496701182,21.283423759583677,21.314325980747167,19.503279021107183,16.997582135350264,22.96449829719021,21.054154108031355,21.08019903810871,19.350870148930923,16.98371914628613,22.874979027104708,21.167003102325303,20.847870687332374,19.131045063208948,16.872115266524425,22.709907530577276,20.76344247843732,20.84777895300477,19.08182612192204,16.75381874671084,22.237747112795343,20.87251299090368,20.841874721194603,18.985035101027766,16.736559767710002,22.243944239912377,20.743762593328828,20.561260565123398,18.776291207282533,16.74087606493198,21.951875403086127,20.764634293196515,20.733033888268686,18.873491303133676,16.7697274515573,21.917806419892564,20.420260611291955,20.678331875420454,18.931221101127424,16.905786187299032,22.191126858556267,20.56531275787361,20.38792554708615,18.893777423890185,17.017240851014737,22.31956434499496,20.485909915192785,20.438095559860393,18.865290033721276,17.014276012510912,22.35194349497484,20.742374509137058,20.56813747227411,18.964183197007845,17.024837653788605,22.646728828845944,20.793021839251583,20.3994502585487,18.92423016586891,16.96418474668971,22.705206166398604,21.071313629601853,20.502785914621207,18.94788906642542,16.986015445112134,22.66920278385498,21.24240138021144,20.428387889689603,18.957166287727382,17.01378680902959,22.63134456620702,21.055727970280408,20.464646238660965,18.9983480161936,16.999163902581262,22.55214677770243,20.66333533830685,20.461531860736,18.98762196128462,17.087455743451567,22.862512372963003,20.808243454495447,20.512497572970442,19.027047090549353,17.226811267628182,22.94667037404029,20.691280563595615,20.32583139314493,18.96129788086429,17.10712218484827,22.91440098853944,20.56726867002066,20.603220388190714,19.00231544313622,17.15688403846832
21.26276490509942,19.985583598861176,21.121313921691506,19.023997667744666,17.132558332281207,23.623632167609745,21.54341934558556,21.56775165940078,18.816949976793964,17.346518468376335,22.92176225001335,21.67392367705948,21.87702847979194,19.369028829224824,17.556604612194008,22.69699064966576,20.70824062487872,21.713856970936153,18.722150494696898,17.32645293563999,22.7423993323522,20.934920683941602,21.443608221310402,19.068748648828596,17.31162723710778,23.11885441648132,21.17264821680089,21.38041590693652,19.07426109680969,17.3476628309407,23.245796721669404,20.934830269789384,21.277395848149688,19.11509136074766,17.298607885741127,23.433412586860552,20.903161940997517,21.262496151146596,19.02572132421701,17.288332816997283,23.670706204989777,21.12106842658286,21.080637428497692,19.135549534081026,17.40373140909616,23.744740896179135,21.245122003904847,21.299593547105452,19.16100768386935,17.457031467125113,23.615731457340207,21.257209993353975,21.117295679342835,19.08590339394442,17.44376756919376,23.342927810133858,21.34454965989315,21.336490077585456,19.233226941084702,17.496377848565054,23.16086410733809,21.245781679747868,21.273757817271992,19.36589053917797,17.490021357470972,22.906024774189994,21.097791671275633,21.260407434155336,19.316208178201723,17.460616948909955,22.948998186949805,21.34184046779766,20.87883043013499,19.253603945300892,17.509499635052716,22.943027227728308,21.177176758660913,21.157653079113125,19.254587362823017,17.61401647584966,22.91499227926466,21.436561905791798,21.038134196267066,19.077093815329345,17.55526430787054,22.99957146231869,21.734755045485443,21.012886154639222,19.045533483214054,17.568495162637127,23.190092297713512,21.814516634790987,21.173990407093907,19.157712167657216,17.551979588969246,22.99957955293818,21.55762808826639,21.547942696081538,19.315849877133502,17.481241758976783,23.305532628461684,21.81267343452179,21.86051289936885,19.582896396181518,17.45363619537574,23.54392181543863,21.814722200342995,21.85142713903206,19.644796446742692,17.579493102195887,23.845057206940755,21.756359737730644,21.790927189295267,19.607457292631565,17.59574510988489,23.739657737007853,21.72284416252354,21.807471904083222,19.6223293514414,17.559092989839915,23.68220437984031,21.68845921474321,21.62830712402674,19.479306851712956,17.533142681068732,23.62383737284566,21.637253732873617,21.20896266834403,19.268767884527016,17.44895344566581,23.45153697477782,21.514403062107153,21.24478991391754,19.224816340791268,17.201049423731124,23.05749759805701,21.36960157301817,21.085981435223385,19.121291875863417,17.209423633354433,23.056430542850652,21.42994495276549,20.971443044968414,18.985328831752714,17.07835087718199,22.96950333772043,21.432104131415603,21.007160374675262,19.031221827520362,17.06184733814203,22.724588045524786,21.2328689020623,20.927071511794423,19.08687807716192,17.009932741030827,22.76601128575745,21.02814629908737,20.682049602222826,19.0740527318353,17.149133804053072,22.915121019538653,21.179393487447577,20.880023059237384,19.117714282345865,17.092446857776544,22.981250397434604,21.27905371707845,21.042604220888585,19.22229691128593,17.200735392451257,23.15599029571003,21.229217956448608,20.91780390386159,19.22281319672694,17.162884425112548,23.227063950173868,21.483693596944544,21.121796991265676,19.190906109837506,17.239283974160173,23.324011785231598,21.740715167075145,20.932283752756696,19.19546175410766,17.203694006376512,23.22097155516534,21.45663450185759,21.033860813245607,19.242371507269215,17.15533958125183,23.084291003036427,21.11551621685814,20.966657248187992,19.209536675383106,17.146299634630296,23.40602193475853,21.187048149942346,20.947070008977654,19.211857451525777,17.276889308116157,23.57998688205448,21.18999549573605,20.782425277285256,19.167088478015756,17.111611053770314,23.473430588366746,21.020058745423732,21.1091109240686,19.243849271837906,17.16925246361948
22.807585036826005,20.73332234027876,21.04655863103937,19.56151200206361,17.912772696431137,24.195167163090737,21.739885988616276,21.966181016795503,19.586623982301393,17.96180485637051,24.264885970310136,22.81279065023956,21.92980779716794,19.914773824560253,17.950574262263107,23.68567833177156,21.48895571996717,21.66785802557754,18.91319789081482,17.75324245140558,23.798619179047414,21.605617648554695,21.661498579380837,19.531104903252448,17.901062441294037,23.999206667558077,21.834099401664908,21.726047504069825,19.440895580446597,17.828178575089833,24.18168771628272,21.838502608139617,21.548610162370103,19.36619936714208,17.7442557264608,24.399396341744374,21.678753633448004,21.644950504547374,19.30433803266668,17.84202206772921,24.71348395771427,21.881967428002604,21.56665177408435,19.349112846571774,17.963224357471624,25.092990634458197,22.19894330563078,21.79571569482321,19.437829171617903,18.02945763664788,24.932259306670414,22.13708560325618,21.574626929834505,19.456094190813836,18.03976298807428,24.69431046552949,22.247606705110734,22.037548528619986,19.663670987972473,18.18570394625052,24.370938015516785,22.155202946150897,21.894179870025727,19.706516815393115,18.02371644831738,24.018969344161636,21.99916446977473,21.881875376053,19.811838332977384,18.035059990723514,23.76050693570972,22.079775470975353,21.468453672482166,19.71202036566883,18.04989979243637,23.966592419211285,22.03545251095838,21.778017500802843,19.705765399290833,18.15752701155615,23.929598744338655,22.18171715274478,21.440431863766825,19.541602099252295,17.953785611863847,24.002207722492017,22.481642056415808,21.406843795897043,19.570110928929626,18.09683822330834,24.201930523076864,22.45386835221415,21.550442280518347,19.60854166595927,18.014773613893727,24.037891002241828,22.102935404601908,21.846349331540274,19.797354516466733,18.013962117028385,24.087886277684692,22.373968692540654,22.148638802345168,20.077134262381616,17.99846252894921,24.33648079749272,22.304908364737706,22.20660904829937,20.09203616327209,18.3071336241168,24.802989047091064,22.235266723842198,22.2221263370564,20.027713273975387,18.263614758374725,24.584643687889383,22.36881144030138,22.051709917654843,20.000159539360126,18.16584536282118,24.571831851269888,22.364077685483615,21.951935724911202,19.78023508671179,18.010563038679066,24.52989301157354,22.394007977467858,21.64178697310727,19.50393898806606,17.931448296724742,24.224487270917592,22.31417705450129,21.733890067423697,19.41619570705229,17.64047873665462,23.450471547000145,22.24128545969733,21.57817359119902,19.299821693949465,17.541509710995186,23.496815338483366,22.135599814652515,21.643888665492444,19.23077304496814,17.44877845540509,23.340968083024254,22.100680232627777,21.59845722659042,19.212347103848597,17.398968455082546,23.156040722935096,21.77851542459124,21.442384091446122,19.220539026394782,17.28182144297306,23.398173966661496,21.588650513572663,21.239531445815146,19.272076145725528,17.416729371454256,23.867706549193198,21.72319248137278,21.4129941870953,19.310219300617703,17.509456978153306,24.071329846744447,21.92942343490227,21.629690721271285,19.42005988678647,17.750941447091606,24.26609545403548,22.063801690437636,21.544679598898732,19.52519034809324,17.821632163952074,24.501830424002986,22.329640760543047,21.727950346495856,19.5980743739542,17.973977141813485,24.327186291953588,22.51612226747178,21.5913752174162,19.591857438457186,17.802220945041274,24.095524694872132,22.147690323712222,21.634032821695676,19.630913038532537,17.664532745788684,23.861180462401386,21.830951929240975,21.61662825717563,19.520945103404323,17.520162350852917,24.064687008039165,21.849975598007216,21.620959426770032,19.474231826321628,17.50490776779741,24.09601426761243,21.827171207938907,21.469649856695554,19.390080149271704,17.319398704865574,23.99057673806114,21.575174869829986,21.7072698762936,19.48229278686509,17.32697655942545
23.304975443109544,20.93419482118046,20.97725783272935,19.275846665011915,17.399389394018655,23.96123733534274,21.97386378553663,21.260833744312272,19.14619372806563,17.288480089570594,24.40048094195086,22.706491015252535,21.010238959364766,19.43641388284307,17.202718906788768,23.13732272155007,22.029434292386394,20.798295824388337,18.812437797345073,17.111490587061823,23.62923905309587,21.886432704463324,21.10344907392561,19.213954981527582,17.18224674560665,23.451959935359408,22.04736015384101,21.16981436190297,19.123801042441087,17.060654482918345,23.326079248442653,22.114165055576173,20.91230406710951,19.068330596728376,16.974060296828704,23.310032393933056,21.986137940037636,21.040669106697102,18.988092173222686,16.92111008057235,23.363756660118117,21.979364212121144,20.93002521086972,18.975289475462326,16.94318552895003,23.5041704110677,21.98660706914068,20.937600922892607,19.019827725058523,17.019476612887388,23.494248848674165,21.93290966839394,20.642153054261243,19.033098517279853,17.103169559559024,23.59181236532975,21.753570418045264,21.238447743776607,19.213448398454524,17.12619769359639,23.28230081276228,21.60815306333757,21.140695065536285,19.31356077020967,17.100221177617225,23.287651569880342,21.57256238973097,21.190663190743056,19.364697169134253,17.133730026308438,23.243062344390786,21.68653641794881,21.00477994280167,19.336678608129098,17.243179158075186,23.335293071148385,21.722096704580498,21.32516687217427,19.34684908586464,17.200801239188923,23.49266415059781,21.97113602142259,20.93287406514912,19.17063263492626,17.120034678126785,23.716063050298043,22.17092496227313,20.87508429169245,19.1379398538022,17.25677034713689,23.962828364204988,22.262676043491958,21.146401219752985,19.249356317428084,17.153183942880283,24.068294298201558,22.017819186607642,21.37958332094896,19.308478045659275,17.043043020600916,24.359968017444032,22.187267514383674,21.738207125711494,19.48539700944492,17.053095460088276,24.244042652079777,22.128920260963447,21.88972573086989,19.577792604325005,17.249847045368206,24.33082236523548,22.058943691703853,21.885020549799037,19.66877175653527,17.32685512539073,23.79116758464395,21.999382284276162,21.554231677109495,19.595687756625704,17.414484346797938,23.412690962770643,21.95285666754948,21.40306573140823,19.40616449269455,17.376790322218874,23.108765148012903,21.914895299858934,21.099396461577708,19.172150673677685,17.377623785607234,22.942129339522143,21.904910818446883,21.216822804777998,19.24187398675203,17.175474377913773,22.606732196821543,21.807383090810873,21.123039169923654,19.07918668138448,17.05845672924201,22.74297819020603,21.747615461538906,21.34978124569161,19.12213559391991,16.9906785569935,22.865696895119928,21.92207642505103,21.330227054552218,19.25128254053067,16.89261213509379,23.04060457311727,21.711604683855768,21.1111294151197,19.324943529055002,16.807793834858764,23.149847269530852,21.642143905563717,20.935665767882988,19.193422584799716,16.943149644648308,23.395418016459395,21.691594395749007,21.154144832132026,19.23206990875809,16.86174304265753,23.496014335167107,21.677876361733432,21.263832946319756,19.16482414333898,16.902235688402293,23.726290994316457,21.791035668904712,21.298537978555746,19.092384359839052,16.96725437171353,23.52703924956971,21.952236056283034,21.441770576903217,19.153304098394482,16.974102032415367,23.487283079080918,21.90255665826836,21.293365993590005,19.195423481703937,16.888944540526154,23.454396400362015,21.843200340506147,21.34205930381816,19.23870430417188,16.92102269562161,23.327558500704626,21.895762861680776,21.323534174950098,19.225096601696162,16.94544940312241,23.218463893998518,21.834489022109892,21.334811134306097,19.248826682724832,16.968335310403564,23.323875630635758,21.83073318094562,21.335072462991896,19.209219301856827,16.87585516718546,23.420937315155086,21.806196583158435,21.593550057438883,19.273895201993874,16.90496385253342
23.15834131384587,20.775932038082523,20.871878369470338,19.181829042145317,17.318000432254358,23.895324150170445,21.880302075431548,21.146454039272488,19.12596690790398,17.255283692942015,24.238620706657766,22.58407538512164,20.94888514698042,19.354175252702067,16.994715329391806,23.017786677451145,21.945626232556577,20.695099826183828,18.711440535272637,17.17720151147283,23.502098486999788,21.78858906594378,20.99033416554081,19.14973655954845,17.124988981321785,23.343880022333032,21.985375931659448,21.06429230461263,19.05807656370941,17.011461971746222,23.21878491038664,22.06556208068191,20.82690090366423,18.997716190271447,16.931430326166403,23.205504387749478,21.951989235164586,20.94887642695308,18.909862083238522,16.902523311010665,23.260348022927,21.936684777963702,20.827018175137084,18.906916405066518,16.903050179053324,23.407629713628545,21.9195243330946,20.850842105566255,18.935514045054994,16.9831323680262,23.378642810691453,21.84220055344029,20.559941654296875,18.97011479708494,17.041166228554086,23.459240597658475,21.680346786881564,21.14055972272319,19.145845005287864,17.05219018580596,23.166945006394958,21.523648232414466,21.058274295610826,19.257532350734927,17.051285496149838,23.180424586417445,21.511362291704163,21.130534428014464,19.312352683957304,17.070151374955184,23.145429234785674,21.65009258629434,20.956697041550164,19.292481233069363,17.16952010938768,23.22526612031147,21.68527730324879,21.28163901876867,19.28810875934584,17.14891220297764,23.399357764794594,21.892073197703525,20.904943893509586,19.099524906352254,17.07357692440108,23.60163735704954,22.088181901200876,20.824492867459654,19.069781074622718,17.169522279465717,23.836291036871607,22.16006022223983,21.092277748110398,19.175733376322114,17.097957485858977,23.926134714578918,21.8982540725959,21.322179425696124,19.219386933256043,16.988261438911785,24.243085339809163,22.074346342394495,21.67991407097945,19.405304302551414,16.994552161083316,24.135261197882272,22.03362227158383,21.826748527103142,19.51430776120936,17.19492037183693,24.236367649954992,21.967086768233195,21.82231596519149,19.596641229184687,17.29438847912416,23.714119172338734,21.909537182133676,21.51343468740558,19.532706281116248,17.332566449002417,23.33651955191363,21.866895681213414,21.356621045167326,19.35511924618927,17.304382395790526,23.026635056946287,21.81939103548811,21.03559869867514,19.116760336495627,17.320650998724158,22.845506523268035,21.79958813783202,21.149614812150002,19.19436396016751,17.11197993206473,22.506430603108566,21.699555871159497,21.074899131842717,19.035409378939352,16.968025186839988,22.637492085556424,21.648084012548356,21.283160295763317,19.064307175020097,16.895622119148104,22.754984913133153,21.82061866726488,21.25548942694204,19.20595819851939,16.814269365065883,22.932540302713228,21.614785438751923,21.034022072591227,19.270284563446822,16.700281394755706,23.03864160921996,21.557762048111982,20.863397696970537,19.132519535405134,16.822327939755848,23.284143271968976,21.612771832469555,21.066916367146945,19.167092624129783,16.793568503728864,23.387862215151866,21.584625920337277,21.158663055736618,19.111439820627815,16.861773967731914,23.634190715137986,21.6931225657563,21.193940352918776,19.017094556239414,16.894527346675375,23.43329706779923,21.849810532395843,21.358360864169374,19.092146405768613,16.910004623659766,23.392273071958183,21.787746794509893,21.199585023137125,19.124487099201847,16.85350739716454,23.35233154205182,21.722385967289775,21.258507344417016,19.180599774851466,16.856647439612875,23.22639348710071,21.779263795860373,21.240656419620027,19.162803324080706,16.88387916474189,23.10344083064708,21.717252137546758,21.267719000664034,19.18482593307028,16.919063809209533,23.213078390551118,21.71633649936037,21.24604137588415,19.1312716259773,16.872543794396513,23.31770340995351,21.693333332802485,21.503590323827915,19.194372993452106,16.893011034307875
23.127339056136815,20.79364659218162,20.925711279861492,19.20052800072239,17.225848093082163,23.851956276936995,21.897460314078163,21.124498326423137,19.06923836976049,17.1896917789262,24.259490184643298,22.53412107154538,20.96309785922297,19.389016261302835,17.091727493078764,22.993104153308707,21.897313255332847,20.7033563251499,18.733187588631306,17.03918820463382,23.487016143730617,21.760498453463477,21.009633251830543,19.142614375227158,17.09154358740881,23.33461785042916,21.936201586973493,21.070554130724357,19.05876897554007,16.99435262728792,23.221069720814945,22.000727729255953,20.831519866083404,19.011506995717127,16.913863392460776,23.20399224385286,21.890852171174583,20.95268888433903,18.91469375715117,16.835021188782324,23.26195561962225,21.8856173733382,20.837344479068204,18.91230680087024,16.849768999921487,23.412607124915898,21.893755131855176,20.854251407746666,18.94962878369991,16.88575901991198,23.387809643863584,21.80610564121934,20.565829204660666,18.957620001750012,16.946714410736814,23.464793215441663,21.634140486391477,21.146907136925574,19.12063320906278,16.978660351136888,23.17736181709889,21.472417487601167,21.04480879639572,19.228970693112252,16.99687820951079,23.189446260217363,21.458618548869094,21.107429570156143,19.278308974751656,17.01429546932455,23.148578992776862,21.581364929858545,20.929436809681274,19.25902566538128,17.151242005863434,23.241389726844073,21.64416778447028,21.254731029771325,19.263572343219142,17.12877784224888,23.41465080715325,21.87658543538813,20.875955956386626,19.07427356158052,17.055052770583153,23.609646544904923,22.08413641178736,20.815907728914706,19.050350496064322,17.16455259021803,23.839321166329118,22.146758262354332,21.08921256194279,19.15910053760994,17.09867739958546,23.929093073201226,21.88420121282352,21.317495102557963,19.214539083283707,16.99060230687246,24.22818242550221,22.063592618642147,21.672682129244397,19.39033899106959,16.995459614089054,24.11176582109753,22.009186725146293,21.81905798524306,19.49707391183806,17.181420093549384,24.2116915445475,21.92604718345401,21.821843585115595,19.56998914865252,17.27279631697133,23.680513979334602,21.886285389000413,21.492784747999448,19.498407296472966,17.340768852639663,23.307250206924543,21.86396732671337,21.333385530096656,19.304612238694226,17.30223298033086,22.98955500100328,21.817360350335125,21.014507063598906,19.084105459153406,17.293892932621468,22.81989553807103,21.799130805372663,21.13326891823401,19.1659562329705,17.060041310719996,22.48106221186713,21.71737205216926,21.04773387111593,19.02110647263085,16.916761246582162,22.624148877447944,21.656113748521967,21.262625373780917,19.056082832531697,16.851863419895686,22.729714838256776,21.813025487066614,21.253024658844375,19.18271295512932,16.724624626509303,22.90380111504738,21.607695750088197,21.021446018251936,19.24841428947029,16.64067934785074,23.0004961832298,21.556905999774514,20.845256077580522,19.12397421075004,16.79177073262512,23.25013803284919,21.60562208941677,21.050447289070615,19.170693255964846,16.74308933336487,23.35696058085022,21.587243362817752,21.156847007693734,19.100582640288078,16.77591377531688,23.611752725967683,21.693401478588832,21.19265946458508,19.029011390828074,16.873211455716728,23.427693864063126,21.84362117687787,21.36157551211636,19.093456298851596,16.916543308572397,23.3920787382291,21.780299796124034,21.216286472270884,19.120990222812686,16.859813273517293,23.34443924898138,21.720180012608683,21.260344922824988,19.161641158983343,16.893902971356525,23.2242674511752,21.7839560891348,21.2530708728975,19.154199231809432,16.914796660427537,23.095556455371327,21.72768224369264,21.250619556412136,19.175775569952993,16.91699623385857,23.195923556257437,21.719306440559144,21.23257364094974,19.13233247970172,16.787876865902938,23.307658595514667,21.711655804457394,21.484434607569728,19.20048428141935,16.80278393639883
23.254851833960856,20.342478953454776,20.9825753350037,18.4828692526959,16.87105853293086,23.770346429428763,21.141474608535155,20.896199287059986,18.231469437137257,16.941560465742945,24.375264964273544,21.787808963410036,20.378662814272964,19.218945273571986,16.874711181442095,23.194945933046743,21.701915671946637,20.248081159397557,18.17749404498449,17.141110679755972,23.55587639353871,21.231742050630565,20.66087952898028,18.49995157280652,16.88430834103422,23.369037169103354,21.32802609500829,20.60437194186374,18.456013213917032,16.740579159899323,23.008136910044986,21.37312057280683,20.435237474534034,18.50506290394717,16.63481128943696,22.800377335562647,21.238040260866207,20.582259971514482,18.458924354572915,16.556907128464793,22.746228611741643,21.068431791070203,20.638499595148396,18.48715517175569,16.487187343430442,22.542342808391993,20.925436526256988,20.6500053206526,18.604593998785937,16.56730051787575,22.308438620174535,20.89863696074493,20.392034806549873,18.574952381655983,16.65351734096398,22.412861833812208,20.764542064765347,20.645693818655225,18.617156793585615,16.619120320083887,22.19021231854527,20.72584094249577,20.62393647697034,18.58994855796174,16.650579252170424,22.209982780294247,20.805740832342682,20.557766603582643,18.599924801518352,16.65486459385587,22.466802131195855,20.962673425974675,20.436644128666195,18.596898716240386,16.642172633187904,22.774012827730083,21.016493735503524,20.674727651192693,18.680951401574294,16.681461585681124,23.077979118617716,21.197641288206206,20.428987507731026,18.586241926412754,16.75959198514946,23.302076960418407,21.35100690577348,20.282186751479458,18.603064835903055,16.784149180638313,23.450958771643474,21.425152461640973,20.392878387904,18.694386772232427,16.70688834712779,23.465418534593724,21.308971281010493,20.409096436699492,18.675332270424153,16.59729402108752,23.33854909342326,21.442185479306794,20.67824849641007,18.819321227561,16.53861460588033,23.03421990583611,21.39196495166393,20.727019102273324,18.981651834257047,16.562480345895228,23.11174680632398,21.23629793554064,20.59890479188864,19.016851019756633,16.562300225713493,22.72504895320202,21.142162081743173,20.42229333211181,18.911155202074998,16.653329365702493,22.353656650466288,21.096360730048524,20.35945716254349,18.83447086861107,16.689661884208654,22.405227291410473,21.057530424802714,20.025296617662754,18.60011538883223,16.638290726074352,22.612801184157288,20.942501553097053,20.17713009691871,18.595995433319338,16.532131882921384,22.495310795003384,20.740265514956114,20.195992130045827,18.48303433443359,16.59965459099822,22.52954851669665,20.61428626351367,20.41313432512326,18.548306089177807,16.481360878000523,22.711569518249366,20.79417951684804,20.482020934120793,18.682854014616456,16.444853150310244,22.798203690653246,20.632282351529504,20.357696736391738,18.748870354330137,16.506154675950683,22.758255067241766,20.74769480832891,20.162588746958967,18.638826355471387,16.543480694404803,22.74042776595781,21.000810915790797,20.30511607982699,18.687153478444422,16.392501333763043,22.658818246534793,21.14117407892043,20.261584994408768,18.731377290670714,16.43233598376824,22.76352690635046,21.188248194895987,20.331330769295995,18.65139418713976,16.429643809145826,22.691343409942384,21.400890840567403,20.495645316618187,18.715008964440457,16.345418518091794,22.696276819693377,21.149260762381157,20.55413210864588,18.74416870189324,16.3308261946878,22.79557189727831,20.980831959144183,20.607212745368603,18.812914377929395,16.40467260507551,23.012715450582654,20.867976359438842,20.613056036803457,18.745970959760363,16.456635135688277,22.87068379494806,20.875249052910146,20.554185027003623,18.755274495238773,16.531817533526322,23.006450151142406,20.841755608623078,20.496097621100592,18.745843743156133,16.560271246278397,23.01318932335115,21.138410077809397,20.639741951736834,18.81490222399706,16.641094470568284
23.34983698555947,20.224470221164605,21.011972647708642,18.52548289563258,16.82588047420438,23.764371133269805,21.147733646647076,21.012029272431025,18.226399208803826,16.869484739595727,24.48932373365146,21.824758971535385,20.30074802369237,19.2096576592341,16.819475289944585,23.318865765716613,21.721730421521126,20.37942569260158,18.20149684436066,16.927153515771906,23.648764267978652,21.225205700150845,20.71924180252431,18.536310255418606,16.776189406528214,23.40447975184542,21.364614412287814,20.669057376961852,18.524826923957068,16.637633635430472,23.025436569496872,21.40406753584231,20.490576823295687,18.55738404502171,16.56116644306008,22.813588537561074,21.27008466186397,20.66535087167057,18.54369242709291,16.478118118124677,22.74828161171243,21.08192384663803,20.697397350801506,18.595714442815353,16.444468456135876,22.49564509330929,20.933201109030964,20.685602997911182,18.691842695383095,16.575457104082638,22.29350252321644,20.86429190771174,20.41988387288987,18.618735654483572,16.65467425548647,22.41120449309876,20.738982672536885,20.651393449813334,18.67970305191854,16.60995523011012,22.168003822505515,20.696961414025377,20.621066371412823,18.615272162574236,16.664630368441543,22.17747286135974,20.79110017065562,20.579375059126352,18.576758319694527,16.67738168336852,22.451929316496695,20.948620952216686,20.478850296164183,18.568505725116715,16.622692456436873,22.76592986619365,21.021261174127115,20.706467827224134,18.67191125201999,16.691180568447287,23.07411609573048,21.202679650181768,20.49903025141105,18.60494033749843,16.78129061606944,23.3180369430653,21.362343858982847,20.3667796230579,18.626259049244545,16.79352019255733,23.4763077559617,21.443397306723476,20.427051264499614,18.731988768699278,16.73806661332768,23.505775341304716,21.327911145528503,20.42094716076705,18.739146526876983,16.651237659507085,23.36163477539599,21.443233039889805,20.677644116110876,18.874492578671237,16.57991667488044,23.048918975093745,21.41909608966058,20.67557876246596,19.013033130834405,16.567054705081425,23.096409901030118,21.259437894874644,20.55312811668687,19.046418886086183,16.593885833247047,22.732429101878985,21.176800344343643,20.3998143697647,18.9697653745267,16.63856826076429,22.373596177292995,21.134563797854547,20.363775045210172,18.874721994924933,16.636973673230052,22.463880041083648,21.13102855218424,20.065218266617126,18.60990404170729,16.590148182301895,22.679833054931304,20.986960306236426,20.22683280977052,18.624245746869338,16.52181151170769,22.596170614898462,20.765947956623478,20.21444885568922,18.506087813233098,16.587798198632164,22.622466608067068,20.644153428146076,20.422983764433123,18.559260733319075,16.543694887929895,22.76055899206942,20.818471472207637,20.495775078292628,18.688215854394624,16.583972904285606,22.8409208574081,20.660401459703486,20.391356980885142,18.797192014908394,16.681427819947793,22.799105794684113,20.773349157199455,20.210755521593185,18.669417129320276,16.689613403550737,22.759926898961908,21.05589096637115,20.344941813967196,18.73125030254767,16.51806677031105,22.656032734235218,21.21659038619483,20.324182771993303,18.751876688472336,16.504042618052896,22.764820857199936,21.260342037564676,20.374421933178475,18.670688096739035,16.46234521043428,22.697607985903268,21.473029682964814,20.5125682471623,18.719424737681596,16.37065560172238,22.719446339450773,21.242588725901747,20.581506201197776,18.759661529287534,16.35814072936659,22.834052969896494,21.02776957337347,20.635199985808434,18.811920772223782,16.46056771749482,23.0564135064508,20.871706521322018,20.638669594314827,18.76436603302988,16.50493450060295,22.914309579483263,20.91620719004062,20.554768482589374,18.765381109965094,16.579331996144568,23.067110219645386,20.87343050281202,20.487975711463452,18.729004848847275,16.575891224741135,23.06215139670225,21.16489850025298,20.611067746159023,18.767536424359943,16.651231027809306
23.003278014181248,20.327825659497535,20.199217398312395,18.66741825265945,16.643798593506652,23.11814339501498,20.482009132480147,20.825104008671666,17.697231930956523,17.12337707016398,23.642786425288968,21.032415666624154,20.776388436516555,18.980750988544287,16.897877144790304,22.463353348918297,20.79585850604823,21.201774580063592,18.1050015833866,16.580939169141875,23.09127315933837,20.643686087873263,20.797030622919557,18.37116360548633,16.666215456804668,23.091574232137923,20.674649770915156,20.798241743900427,18.26253907372253,16.556468567215468,23.04933423988087,20.70125131695496,20.61083555527358,18.246647204943002,16.41187614291573,22.888636166238804,20.709501202923313,20.7496800107886,18.103337494362982,16.338687588921097,22.9141764446574,20.662039996363863,20.539291969263694,18.048775372006286,16.38266064867246,22.715212677758725,20.682062983225407,20.5975500015097,18.24611169196059,16.610377441692133,22.42266032079531,20.613187759489897,20.45333782501798,18.229313733763142,16.681653749223663,22.26701739583301,20.389135681057454,20.711022178793087,18.42817924929049,16.64871459686905,21.95335030136372,20.279769583964338,20.57731442953382,18.547938675564644,16.63707196251306,21.87089182204914,20.32785597775475,20.63543988432553,18.63877749937958,16.635418833912368,22.109256764029812,20.364777621851495,20.399069878035597,18.441524016243573,16.568315445397104,22.177159466661386,20.450135680439463,20.632797933055787,18.47019227997192,16.63498534902153,22.407751045226963,20.830382910605202,20.51496268106025,18.473450848935357,16.756841628273545,22.70841570649199,21.016887254694634,20.440869194200737,18.512445166077736,16.857957700013383,22.826128743395824,21.039693088860737,20.483730451885222,18.618241508684235,16.899817716528666,22.67667602649961,20.906257776858116,20.61066904985203,18.796417583003795,16.860490034712043,22.684799537689464,20.962213496880917,20.73789955347629,19.042832797568195,16.880448479337115,22.538521377622263,20.946736383239575,20.810835671275875,19.04574466458083,16.871324680395844,22.65515737492527,20.791386617944802,20.706546032140693,19.034485023272886,16.882024400669707,22.556624737078707,20.74513650387771,20.645156804234503,19.032681094171373,16.69479109909756,22.24154430979045,20.65314059589111,20.605696329658677,18.858008732069393,16.759342099916275,22.26149631604958,20.779722604068198,20.359210536814935,18.63738241282418,16.63122918322446,22.347950351186324,20.63427095768006,20.37183208759381,18.586667757622802,16.500366985878394,22.148801221299365,20.4633893609219,20.30055851167857,18.447552859378327,16.495358378057993,22.220376467317077,20.26097151339279,20.3279449579202,18.3348164639965,16.56997114261746,22.121385015379126,20.444486267098487,20.329278701865043,18.41649979989434,16.51336915682531,22.073478955064207,20.117371565659532,20.24758482089748,18.355892666925968,16.594481458293906,22.089175751471572,20.044348561070915,20.006599890465917,18.292436921704105,16.70432352862678,22.123263572112318,20.261127246036203,20.07426925104103,18.305306508225584,16.667528820904856,21.804968952353995,20.66749589597108,20.243281795282048,18.452674663837676,16.68073773927632,21.99251300233223,20.698126136393086,20.262049678920068,18.42886295679133,16.667002881783105,21.968757053988003,20.88317726504298,20.417199990789086,18.578158161233688,16.66593224384014,21.888579991015924,20.97546680959751,20.26202134112333,18.614848997371645,16.5855905456641,22.10034735350916,20.78390743185563,20.358989295321855,18.71431969545781,16.577288531591662,22.184933297253053,20.434858027767614,20.25743253262653,18.63200756515498,16.630342930792768,22.373239594287,20.448447797488495,20.17221271106587,18.641250087893763,16.687712325425075,22.52192500235321,20.457495828995754,20.055275446289023,18.63320907238715,16.559686306849233,22.6754751347302,20.382871902108867,20.45074662418881,18.676363257839142,16.629898669233643
23.885017860982728,20.82708947965998,21.07446143572807,19.61313531701409,17.358857362694934,24.363666819332938,21.450376120956484,21.54427100852933,18.945515422772754,17.742111607671564,24.368543499202083,21.490323834726745,21.621011266129617,19.81673415602612,17.472528945948795,23.38437380059595,21.46164019852019,21.71767903044865,18.887016267647684,17.248713646253012,24.040704046169772,21.227996585401648,21.505997872161952,19.373832623586498,17.37012569813386,23.930989491225137,21.327537206454156,21.500830762478017,19.296355053691975,17.194998861563878,23.798409813806643,21.266020827776295,21.348714920428993,19.26592148764256,17.07495592078235,23.766394358388624,21.34753212173298,21.473473322852975,19.052307035258444,17.08188496806429,23.760647277561382,21.415765981234703,21.266906826782407,18.99824431795862,17.101250487893644,23.67235197502889,21.523809371768486,21.34905679972028,19.113427583417234,17.364235755449403,23.66941697623186,21.54857349337091,21.20857147784725,19.019657472590772,17.478774796532292,23.738337378523198,21.572678454064366,21.51390192024177,19.171580687691897,17.47954984858101,23.438849478408688,21.462543670630986,21.36398974200551,19.36383569752362,17.45616896372663,23.456754789552527,21.30309397483946,21.347696227631193,19.468936578466078,17.499739942792328,23.429212998088847,21.431698246207826,21.044844702856263,19.288157729739343,17.33157577994816,23.094304700564642,21.420633391558813,21.21147440136813,19.282906792144505,17.457616722749588,23.15069143534162,21.605270341637905,21.07124699633526,19.236571364451024,17.472696790013163,23.396198150661842,21.777695109521765,21.029064225122195,19.219299208693062,17.518337104933767,23.599427619065434,21.85406258179128,21.208116795520493,19.347132618209265,17.50170710106651,24.189952442262108,22.05248923873541,21.51484664278252,19.577105026236033,17.550205500507772,24.523624835974076,22.071820208160702,21.773627830550964,19.877541546057238,17.505653093979795,24.17212808471211,22.10955281623628,21.743347144633976,19.93353847565522,17.513944979193838,24.382479047880746,21.97097168603128,21.733155709957764,19.930779621201516,17.515057417986537,24.16160050587999,22.0271435618858,21.68000082001774,19.917915615517177,17.340289720019765,23.34983877989584,21.55445182345431,21.527650615342413,19.63996066918978,17.27067596978198,23.32444209605226,21.69735460037863,21.25722529472092,19.39454570842104,17.242865589008552,23.411361133168874,21.489406363752593,21.342180074803448,19.26271955135088,17.163863913609497,23.09659548665274,21.444465246649145,21.14536664755874,19.190798258283845,17.19804676155207,23.019085700436328,21.302780441217116,21.10522446942482,19.050275148603383,17.2979567324226,22.760033936514482,21.414266532188442,21.122719933842674,19.13860889038518,17.275717311551464,22.61787343947953,21.06169602489581,21.03196280037234,19.159106582091322,17.213220283490056,22.74606672971346,20.881666597578906,20.800730889081315,19.14349200574269,17.29499169477545,22.714306953767128,21.027250938418128,21.01336624204892,19.096537368722817,17.195386375678524,22.500202403072656,21.260995677434614,21.22848398156616,19.18333175284983,17.214333587158592,22.770180992782663,21.2687228857697,21.226131976722556,19.22413623788257,17.253839349048995,22.75190619084325,21.52399658433374,21.42892336047351,19.263496324342714,17.38140004801604,22.764578385226606,21.73145894084186,21.162870109149882,19.246092405185728,17.34213998527977,22.91956434426239,21.523252292340604,21.16318024352583,19.348568404576877,17.37256286773893,22.957396487214744,21.25174241018208,21.03694596128989,19.319839651398006,17.410537535052065,23.218763733316685,21.399413097499224,21.005701530901355,19.313457629459815,17.43829753882459,23.50886080819087,21.448273583955576,20.77458495875766,19.291589119166254,17.280944111109086,23.53893962456143,21.360082790280885,21.160892763633804,19.450250806313182,17.349103205460718
23.778269615625213,21.329115424197326,21.315386781546948,19.885860599772318,17.455594855071396,24.335854398985127,22.092703879675657,21.85737082020578,19.04294596249166,17.78917462442033,24.337075888845106,22.450428915987544,22.020788913032636,20.036902538181256,17.821235360460033,24.06295401219236,22.33631849465829,21.777735687514628,19.25151270309331,17.484907731714806,24.20545832294863,21.889509391354984,21.6976076720955,19.622940260165997,17.594836026438987,24.14672478874766,21.976630831645316,21.71249891270775,19.58512091018866,17.570643820387353,24.20730305163042,21.90232717754852,21.593291728099402,19.615756866351216,17.506992009664263,24.31085929622112,21.879088019288684,21.689471622123943,19.43922641194773,17.476630760632823,24.276836791617868,21.954241056506213,21.55238794907842,19.403373723902316,17.575956121898088,24.20748451363491,22.123854493239303,21.722510709038154,19.5376955198418,17.78635796077924,24.026124593777023,22.12607303261433,21.534560699978634,19.427926254705113,17.79462605269203,23.82065751267033,22.112892463666814,21.829528487675844,19.61100229524352,17.795347681858875,23.50817546352646,22.04135548890543,21.710258099304923,19.807280065081628,17.854853183822424,23.460036920356664,21.78400702647964,21.64974170644209,19.87804158553515,17.87608208734661,23.50315236578343,21.961505889010414,21.319963064085357,19.717450314239326,17.774622111327346,23.4849382035401,22.029367077048644,21.549617144080266,19.695758295670746,17.911573692181715,23.75029928196908,22.267348491095326,21.3942041765601,19.56982992792013,17.917895112144418,24.00033817004648,22.558557068570234,21.286624897660328,19.514996757792353,17.937293812759616,24.238001483842375,22.779280401591826,21.55488052997138,19.644633641242528,17.908394954471934,24.26642383565335,22.535495047363337,21.875231311704702,19.822829291447913,17.908834073474573,24.552950012500883,22.58752381177471,22.16243403173711,20.156271963857,17.852504861988727,24.272694683312427,22.56750090716348,22.171061968195666,20.207115447074763,17.922094175537232,24.534967878271566,22.37842891105574,22.21356478260475,20.203914261899655,17.893294771218542,24.09474276411716,22.302896693544408,22.09194373545888,20.207724402131483,17.75202021339566,23.726634502254186,22.22735937534437,22.017236397648073,20.01101051190248,17.68281642282896,23.71594480679365,22.295765361963017,21.716418206693525,19.73216611166733,17.63981556825261,23.67219845607914,22.162712909523233,21.741366904828,19.650385767951146,17.48753966962041,23.176798905889115,22.091490185675546,21.5189724293122,19.601330297742095,17.49895711113019,23.318193612228228,21.869183174247233,21.455821231851626,19.497636260172108,17.522167985307952,23.21348068730244,21.939726039910266,21.35099223261178,19.52759571710841,17.530264298065067,23.24016296975214,21.571958003708524,21.257934676466984,19.569338699648647,17.440074103613874,23.418678923142714,21.4485012694851,21.068683135451472,19.568250963189914,17.53521356075795,23.496640831928694,21.48376685302056,21.365163940701557,19.4932803724781,17.457704704867485,23.428715849121296,21.827966570617303,21.64451363306382,19.56224457434692,17.462297738628582,23.693716940384608,21.960960666524592,21.614129162126453,19.640815507818665,17.48499904184975,23.49896373980747,22.238364813171152,21.831779550335245,19.671511759666288,17.666089054804797,23.573637446274628,22.405912802819106,21.61087787807601,19.676585453546913,17.678621335434883,23.723990466421643,22.273171510554455,21.649146081886215,19.794504969950363,17.71065895698685,23.87433115569172,22.009910174324745,21.506551667869104,19.754581988093854,17.762983283607404,24.12924229872815,22.032980245261676,21.55633599962029,19.709187766196084,17.828778792633464,24.431562628419325,22.121050193488117,21.334641761039627,19.69225140922963,17.681060228100446,24.36574809168382,21.998400631643754,21.721547662948016,19.80785768208729,17.647078581417723
22.838524097193133,20.787444243168594,21.151648498853692,19.5477276797686,17.949248107662598,24.133600868666427,21.685093461088268,22.008510882228705,19.5066003655209,17.972210924726213,24.23442668909533,22.788840729102212,21.87257798898859,19.931519548041624,18.006323175793565,23.73301534936545,21.4572369737629,21.646118829154652,18.88466277306546,17.742720222825696,23.791551802915556,21.589206318894856,21.68684159326377,19.525986703967206,17.88889311259616,23.991063328327563,21.788013308155158,21.730018832748193,19.44859707811663,17.815792188642117,24.185843574832955,21.792980424758543,21.54366908281002,19.3843720661233,17.71248159834048,24.407393153083273,21.64509206537878,21.65817405075328,19.323525770109107,17.8029647001879,24.711071795456544,21.852384828624594,21.577275049614258,19.37945402902749,17.91271785193281,25.09266910481214,22.167374082174568,21.792771966400316,19.451841088098206,18.007826848531035,24.921465998710584,22.115455235978857,21.5679225550352,19.46748152740511,18.014802670414635,24.68010830493709,22.238102463905637,22.035626152377464,19.682946168329366,18.169105286745843,24.365080496969416,22.13809466701367,21.877963245932918,19.71707402750758,18.03496776587044,24.01602136185928,21.97503386903358,21.869619678608455,19.811322216366403,18.081880739875256,23.754906031013256,22.05941355922618,21.448683435102847,19.712325026221627,18.07638709534413,23.965600864758,22.012059020371566,21.750905474344954,19.693790181564456,18.196311989279188,23.931769014536012,22.14977275883293,21.40719047651877,19.52649906769377,18.006750977898314,23.99518755061539,22.449942259492907,21.3768477919071,19.556418892886786,18.107009152576843,24.199310697928492,22.43120206201588,21.5138245352807,19.587741512252407,17.994822223182062,24.038088306488618,22.094172847560923,21.82107509992353,19.78343529695948,18.007039301869305,24.086376551829883,22.373896354489403,22.12956089285543,20.063233204602888,17.98069390789715,24.330040957569047,22.313056652755655,22.175253582021124,20.088564465310515,18.2810692011198,24.796814245480135,22.236825118842546,22.197020492128946,20.0191795442227,18.222632479326784,24.5583504497751,22.359179888623466,22.03841297988428,20.002349436403573,18.10469125101483,24.543430808683418,22.347013170890513,21.926871484854832,19.76184658055761,17.955287441336772,24.502796101057072,22.374747005300016,21.62718951440719,19.49487056179639,17.875457090863392,24.191828020074603,22.30658174298754,21.729057588740762,19.404596039988036,17.591201277228244,23.413098513257466,22.230480470047535,21.566400069006452,19.30673410745549,17.538094494809748,23.45794574466428,22.132137488062426,21.6348504251105,19.247518240487928,17.494193822935408,23.306011718841894,22.096564001046023,21.612091808595,19.235928821275554,17.4436898536177,23.11239452235988,21.77118215563047,21.44766941847587,19.23882917690546,17.33591465044882,23.365607826666036,21.554382367785852,21.242857011635852,19.289013745367775,17.464315599227923,23.842074592661007,21.69508930192845,21.426734222591648,19.32110289576425,17.534327254503964,24.055338898662928,21.911090970364505,21.644867209121834,19.432112927101702,17.78027431709914,24.251158561756203,22.037951002580336,21.561807162825758,19.544676967830764,17.85627034509554,24.491171975934634,22.3155227499174,21.746544378712258,19.61421743313445,18.008623524507126,24.31085888546736,22.511413737419822,21.630512116542665,19.596300364067268,17.857111715321846,24.081621779056498,22.14578445890279,21.665654922949663,19.632421353536444,17.703790102921875,23.855058038997623,21.831425983589572,21.64598263746538,19.506635581728577,17.535032592286242,24.05837314804594,21.875374140562876,21.625960736586627,19.465255503702245,17.503782507991264,24.101640292291073,21.852520093800784,21.469596332678755,19.38702458559401,17.30425984685995,23.988873028488136,21.616869308097794,21.693134612234065,19.48932799002538,17.294041601811177
23.324174319084676,20.95169486087085,20.960297395165146,19.268014407569616,17.385231486118116,23.951771918627795,22.001517644473246,21.2740814578233,19.187996660577376,17.36030447812579,24.421313798642945,22.720616170850583,21.01543255193958,19.469824687608448,17.132961901006265,23.19442233613476,22.136438405586492,20.808975160956777,18.84636287545454,17.10721241807081,23.649507771969944,21.930261705725172,21.1006784223039,19.23463249366332,17.183314841859836,23.455905277485847,22.098599702056607,21.169264897248198,19.143433535659124,17.085687044299988,23.35925134773042,22.160524581704045,20.90629210560114,19.08567517608997,16.997700749077723,23.34222373387704,22.02921449375668,21.04480115426461,18.99670579709557,16.974287702153326,23.383276827550016,21.997201653910363,20.937932563538187,18.99658560299732,16.997156803089148,23.51569563982415,21.991886764652765,20.944290579153165,19.03188440520294,17.05868794580081,23.528141892708486,21.93198695360838,20.647725585348077,19.068132476459994,17.117845450119923,23.605774470916025,21.75523010260222,21.255878348849798,19.24570467793899,17.119076802963388,23.297355371708576,21.615041306805615,21.141421041620465,19.35898962681012,17.10344691727152,23.307586052525217,21.578692903706063,21.196662877974063,19.388926598362385,17.117226204295623,23.27449936049365,21.702946114133283,21.01240767598073,19.371107127044304,17.233834929382176,23.358271089891925,21.740096366283854,21.349865243999204,19.35654100295412,17.21079174646929,23.517934371652245,21.98664993433571,20.953748063145532,19.15891179576862,17.125796100865138,23.74601746072866,22.192214155314122,20.908271190924598,19.1177123834301,17.231101016649422,23.994164258240417,22.293632851523675,21.17509222689716,19.228633829768654,17.150378708462842,24.10354393960378,22.0448739305252,21.411460752493078,19.282241383761946,17.0369016050564,24.393351399064564,22.206818575764938,21.755981280504436,19.46983926155216,17.028627501549536,24.270158747691326,22.150503925873718,21.908596055085134,19.584008257102845,17.255179591454315,24.35924491337691,22.080381404800043,21.892715241412834,19.663421785271936,17.339380987252603,23.837283966179513,22.017471395433112,21.572755440845704,19.59174627878299,17.41423644489588,23.455493790490163,21.97983641392798,21.42155872332036,19.403550873399002,17.376970812510887,23.162311427716713,21.950886381924697,21.1195419617355,19.152846951435258,17.37446112236822,22.997111542821177,21.936988665032427,21.22970360271937,19.2209875442639,17.169218445168035,22.668218753252027,21.85188158451519,21.142994067212648,19.07159293132395,17.025146116471575,22.779616329475147,21.78398364396036,21.353919543062776,19.116576444655283,16.942330014348407,22.913945429407548,21.94590482419793,21.326974562677094,19.259509174948573,16.862200364502662,23.082874681441574,21.74196177984022,21.102776503195507,19.34193814445201,16.762485567187763,23.190573473234537,21.690961734065514,20.933147975701196,19.200187182123038,16.875426878972956,23.429075064189284,21.722091325542614,21.15209532826636,19.24228309759473,16.81997757906182,23.539148383027804,21.712772647090187,21.253439000250307,19.179791482739642,16.8857412141469,23.743497122872682,21.83029319119654,21.298945156827354,19.105537651409986,16.947475086623353,23.534463488704574,21.98441699787599,21.45613931673477,19.1757628460132,16.983199869743153,23.50324006969767,21.920636558148633,21.304401316118145,19.22610830105334,16.91508548864628,23.46471060959739,21.850463558249004,21.356434984383036,19.261609299941586,16.959711250615733,23.328437049284187,21.9124734155926,21.3486948236735,19.249546977821872,17.00785939271636,23.236525614521973,21.850283921923165,21.353018464290663,19.268653814668898,17.048368162877217,23.34644986810182,21.84422324143592,21.333981252782625,19.228615500362523,16.96149321873348,23.43094222300987,21.81040493958844,21.58902007225511,19.2912821318156,17.017032924035703
23.339405722650188,20.98195638317154,20.958795117320726,19.29324535848417,17.434257922312835,23.959905761119302,21.99436527671873,21.262953859554052,19.203059527012577,17.387812068493698,24.454149011632374,22.74322701960801,21.08549027254795,19.45864532031851,17.191990025193913,23.20335094825544,22.13926009436271,20.865269901009437,18.913014378198937,17.084290772410576,23.6716596342528,21.944256512788126,21.131719668795135,19.25810952833814,17.205931245192595,23.49326865693963,22.11287284844904,21.20200624085457,19.167345130729853,17.085690354435876,23.378774614672444,22.178557484532647,20.937343944452614,19.103680277047676,17.012263977453625,23.36669123599694,22.051578484089905,21.0624681386372,19.03550936019788,16.972104561960144,23.406915198999865,22.030251549416477,20.950214199203348,19.022932704379816,17.002831140725018,23.53678378100643,22.02731988090108,20.95939553139247,19.06695563636156,17.081607019348002,23.539501593639294,21.964194544044926,20.660415764276248,19.07969619984933,17.156759537738587,23.634522787344835,21.790087809326614,21.27333310115349,19.267860882883873,17.15980373980389,23.324453960686245,21.6528402802685,21.164655852732857,19.360725727439114,17.13411088312332,23.33885259807893,21.6170516363172,21.219167833890857,19.393878231361377,17.151855924146588,23.302537145089484,21.73949382918831,21.0179810460236,19.36175454628151,17.241922296265052,23.386880193820645,21.780119567772505,21.359910073384945,19.375503254103567,17.2173617810297,23.546217644241267,22.034083917234522,20.961013229689026,19.183184941270987,17.126153940767814,23.776021559944414,22.23566091221067,20.90762890273509,19.147515773366898,17.253518210256466,24.02577424207312,22.32993943517043,21.161226496465513,19.260935460775876,17.15722795936271,24.133829759742767,22.08928945065848,21.409087976201363,19.332905061177158,17.078993718819625,24.421953165824895,22.253010854682774,21.756910367298314,19.509526874150673,17.053010271679128,24.305312846101863,22.195001084865414,21.917824606626063,19.618431751772558,17.250830867626668,24.382842285948776,22.116015028410562,21.919513198492485,19.706111603087276,17.31793934455602,23.85512742241965,22.05444940601577,21.602489170758055,19.634558877349512,17.402731554353466,23.474296378675678,22.00698640837866,21.455878428245178,19.431971403075472,17.344844882559947,23.177389897405583,21.984283446981653,21.14328297583728,19.196354504610817,17.345733627672296,23.013446016406466,21.972765607160106,21.258731860549137,19.261910244967357,17.151226879502673,22.685765236070957,21.878452595287946,21.1598475950771,19.110576850650308,17.027292328138493,22.802204882491814,21.809119414082335,21.38107856347738,19.155163713264436,16.960023815475815,22.936537336646765,21.9661050905671,21.365769328258647,19.28965263677578,16.882808713962767,23.11232391815857,21.743386377340098,21.149662360799052,19.374390200484186,16.842954508395717,23.217622633795767,21.675330779749636,20.96559624938554,19.228556933509587,16.96529597422435,23.465431501048897,21.72446386607372,21.186914094914822,19.25418047305468,16.91600583046516,23.576015715365756,21.715736083069142,21.29641129475906,19.184711293557434,16.95569814535724,23.789695271649585,21.832908642587757,21.3231178461794,19.106240483809565,17.010906946563228,23.58619296124497,21.989010575759533,21.471328113931467,19.15476382656815,16.988582343383257,23.543701528555665,21.928858876331187,21.329063532607808,19.19961910488116,16.899410812419763,23.49655867624925,21.86066340097895,21.362157639834106,19.243138553636946,16.893880940672425,23.361191701322348,21.916512355850635,21.342393459014435,19.23680890382529,16.955299405319863,23.264807845930914,21.856318606760603,21.35663015869859,19.2652470925085,16.951158698424642,23.367308513967505,21.84775261588649,21.354924918089715,19.22892163874985,16.874179123750245,23.46771917214569,21.83502203614203,21.60848296340901,19.312428807574886,16.922752000745014
23.404098225719803,21.0123885585225,20.97664817940661,19.33742791891725,17.416048931103575,24.019454882042247,22.024976678847437,21.333651442451483,19.257523005395765,17.29092924186346,24.51612081379876,22.719932450098437,21.05084856934102,19.513086630337618,17.18506158629101,23.254106195734682,22.205246057780688,20.836561335790208,18.91068390416663,17.26023676699233,23.725728000544414,21.97005106219894,21.13008268262465,19.29492050342758,17.249664999263807,23.527146143532708,22.140660324917185,21.206626205920564,19.186402830207726,17.119304066558346,23.39640769694491,22.215166354669922,20.949932690909662,19.11187588135537,17.060907640305153,23.37200218577049,22.092384144133096,21.081598000356962,19.029387390266276,17.001398040676616,23.40495511953209,22.06403101690759,20.976698576913247,19.01660189856966,16.997189701117073,23.520242406091,22.051601723126698,20.99127722568351,19.056192668963924,17.026523183151188,23.539942026243143,21.9900864398446,20.70348862365655,19.103958727966816,17.121441914960712,23.647693603775117,21.812187874711334,21.302618191209497,19.290224061632856,17.12107969405132,23.336208741945637,21.670191729510403,21.20081029805807,19.391731770729297,17.109016060385336,23.33847761238598,21.627630186991286,21.247203364484818,19.44131042270791,17.130772389661438,23.315575763194865,21.76057548678184,21.056122998696928,19.411145463002477,17.245707259261884,23.394911763330576,21.796967427050383,21.378834650605064,19.408687975097983,17.216039915317857,23.548568625830434,22.03136425882837,20.978005258659177,19.2225162480535,17.161204780234268,23.78526004384852,22.23144595836492,20.913846781821967,19.189194845401072,17.28404674004988,24.04618655103829,22.344261444967028,21.190649969288494,19.2886799913766,17.217199989148924,24.1523040822835,22.083753751768292,21.42729656484835,19.343195126146895,17.130713522580322,24.43558421465225,22.23934725218539,21.773997193177326,19.52298112190194,17.150169495453177,24.320155701147296,22.190167941309358,21.92660180923277,19.61481448588493,17.320715896471995,24.402990081084273,22.120334385461042,21.943003451624797,19.70806643463173,17.407341002392435,23.883981861122095,22.039189890667636,21.618049638259503,19.63936536088084,17.438250110912634,23.507035076777548,22.00597165944367,21.47106105762773,19.460900884193954,17.408135938349652,23.220171466277954,21.98200617803422,21.169083762218733,19.221888657966087,17.387863146157102,23.05390322300361,21.963722755519083,21.282117274833624,19.305404542540636,17.18160060667686,22.718581341890232,21.8606506934152,21.173313574546814,19.137052884852288,17.045632050243768,22.829486966362367,21.78463841942439,21.383857613204107,19.177040473158694,16.957689742383515,22.956314005118436,21.941227950016646,21.361322757211674,19.306017494680955,16.845660380510786,23.1180909691471,21.739969311021078,21.13501381179046,19.37392342736326,16.742807972775378,23.229504198353435,21.689703449365673,20.968208863019523,19.23122604090407,16.877073218557705,23.473509720580644,21.747745597579165,21.184666420481562,19.27200018379251,16.815342832075984,23.572094838750708,21.737842866174862,21.303068625807875,19.203241581837013,16.912328424028562,23.783254810747287,21.859248158095966,21.335299143190376,19.131534566824694,16.95802570517177,23.58262543567997,22.002129427203673,21.495075270228238,19.19773033752425,16.98741080652675,23.535970562945305,21.926584305780146,21.347643180265443,19.24725975091922,16.917435167023434,23.498376200321445,21.854354005986767,21.399447554130326,19.287878087719612,16.96480001405328,23.367054395584194,21.92565268587568,21.37346425442238,19.271937794132867,17.018948448419362,23.276660631732547,21.86562406788108,21.39942401206317,19.29796824676182,17.062823905068342,23.39083431114058,21.85587017970668,21.38546706552442,19.255822169247658,16.990968469543297,23.48827178820908,21.84550484020958,21.63985920171779,19.30885293812089,17.04649303240674
24.25880437131085,21.447427989489054,21.104120742324433,19.562206753961025,17.719322657999115,24.36477824106367,22.037714413971536,21.762823514889256,19.221492428286904,17.719580746862952,25.31477540348032,23.089178670905053,21.026063203709786,19.911571322258045,17.616672947138536,24.148505568690172,22.851396422781118,21.355426619823415,18.92215928044324,17.438119093429105,24.46241797448362,22.28950492497496,21.408273257267155,19.380532387578732,17.474649770414928,24.174979714959722,22.4525313924103,21.452978744430276,19.275725703372686,17.285973371183275,24.02566534211177,22.52537963336905,21.210650838108904,19.229445754067466,17.170926955391472,23.94260888108834,22.34205938245876,21.44822081969121,19.16297077040427,17.04275338130589,23.9262914379782,22.204318170589453,21.426371580055484,19.210358525787164,17.021511670095826,23.74828318903362,22.160807634854727,21.44898299152852,19.375259164958038,17.2274286663155,23.637468655057805,22.07110216917134,21.261095966471792,19.37500438419003,17.293318069203558,23.709309055139403,21.877385906581008,21.749724306511673,19.54234767353961,17.311631511001814,23.3207932450761,21.850617066867425,21.608033789629324,19.60923865644578,17.329423358825633,23.221921096014505,21.855839309386642,21.592935542173443,19.619199213125974,17.31541996598887,23.476134035656777,21.886233887273082,21.41805302218084,19.505554415440464,17.251550906800926,23.7949294965051,21.955391039671944,21.64720892842371,19.563473074761554,17.410059825521582,23.975403793968887,22.228201221076567,21.284482200518077,19.44671259181161,17.382886197154455,24.37390935541891,22.417284878523784,21.246078070687396,19.431973611064713,17.466463317438887,24.700765051442602,22.581542889207945,21.345885629981098,19.498757621100914,17.451522284326956,24.78644906495589,22.516105977544896,21.449973302304112,19.621620179182052,17.448084377402942,24.70652297402275,22.57748304526775,21.69345350147223,19.839695512718258,17.318668993271352,24.40186980648686,22.560355207465612,21.741459730106914,19.92210889740396,17.405913441081726,24.388753378463893,22.301484042057005,21.666240819148882,19.948128725750486,17.44075636139926,23.966510503184818,22.11369592609379,21.432501793289433,19.893834100159477,17.480176385453415,23.54120330861546,22.031729003548538,21.335541389192315,19.71178116414735,17.40176162619811,23.553219540994846,22.10173808508803,21.063199710221788,19.394279600881255,17.34695772315404,23.747501514903078,21.956093743716796,21.18694511849259,19.370375126747632,17.21298889863642,23.542222199456127,21.88229842654054,21.071369885568824,19.27269219389978,17.2280849980907,23.435117280903626,21.68505259391642,21.257952212175176,19.28439687020732,17.1573526793129,23.53867616502564,21.87125093661274,21.311340018970135,19.397461365837735,17.183284266355724,23.516789257565293,21.663968443077874,21.18366643487825,19.48109009685393,17.192682226986975,23.55845191567812,21.681258064191475,21.010003838343646,19.410766853639963,17.266033782075763,23.612216629855485,21.898730490588225,21.261717289494342,19.4182048004295,17.138123744055903,23.608940425870287,22.194429394132136,21.429683688960615,19.46273541294606,17.11130318537294,23.69208126572898,22.288187312644503,21.47390472631303,19.4737001333828,17.07086824920709,23.62949246101947,22.428084322269974,21.608896967453536,19.531288366436883,17.12007116271153,23.553455034339613,22.371490881802494,21.508829319275364,19.6002018585143,17.093184772166012,23.708148522245615,22.093336449523,21.52911487344258,19.656466883363375,17.15955086212931,23.803647014577745,21.928173804379846,21.449021574108098,19.609149989938622,17.243498910771066,23.857499540621255,21.88697397070725,21.40468978797116,19.593740308500905,17.311617460224642,24.080180886380568,21.90734865959835,21.40019588828947,19.528345053056714,17.224618862829008,24.146534208027457,21.94658188640788,21.689240397123065,19.53537563291843,17.24473447425102
22.881468324182734,20.8314449936849,21.06378668254699,19.590180407090156,17.847886878793588,24.08698736891209,21.622483664303036,21.95937712527008,19.50755968267887,17.846858636604175,24.271329260343673,22.813288764496733,21.898326444295797,19.862052781518678,17.906980470990728,23.571483534445836,21.611881574858145,21.643857333865395,18.861210410557437,17.491460734322956,23.750161123563327,21.620299885491498,21.660765288064063,19.502464629707966,17.775434349107236,23.927412999386053,21.82057377971943,21.7202267088629,19.39596384473317,17.67527669574191,24.109168827676548,21.839172940417146,21.526977909197747,19.334793406445478,17.59882980876921,24.311653472901924,21.672276762370622,21.631038593647474,19.266607161378012,17.6794141057181,24.6017447445617,21.838988297767017,21.548101388674205,19.309329663160877,17.827268759980626,24.93521684914911,22.129587332159286,21.758022704919277,19.394235866254796,17.90674620477349,24.75578973466728,22.069374570978376,21.53693123096238,19.42100881530042,17.927823381380467,24.515257782314396,22.169714013555623,22.017348145114862,19.61496898232857,18.04856362914535,24.178735149715447,22.092126424040657,21.867844991007814,19.678570081236785,17.927282630721304,23.831062420064338,21.922782050436414,21.852413104170786,19.7858881913698,17.930063987863015,23.6100600466369,22.02189647798912,21.44223594494698,19.673570320086867,17.932945096205437,23.794181899225357,21.99151912886159,21.7498369600513,19.656772868014574,18.0761224835135,23.793394007448942,22.142163610918125,21.410256634244625,19.505097020249334,17.916809675389338,23.882451745805447,22.43641949477351,21.37360845189628,19.52065418305967,18.009982910083615,24.127761441316686,22.47043623311131,21.523692216586877,19.56236056265464,17.919879823705706,24.012351157430842,22.128745197654194,21.830293366729688,19.77540716349649,17.923699830769117,24.091713657392738,22.385570476338867,22.129557679106377,20.07960760158121,17.878174326343004,24.29604118838048,22.33983486173545,22.1807701239306,20.10197934936294,18.15798907424329,24.75187335855872,22.24911321507132,22.19985817896217,20.03586995412092,18.13159488740631,24.498620572880288,22.3381893913508,22.012551215564812,20.01600557641362,18.0411745928286,24.447352299385592,22.343371411357182,21.918003695898463,19.777856112265617,17.879193279779297,24.40628819054215,22.37812941123347,21.62073572265107,19.482216382347964,17.78676199509285,24.103111279669086,22.2981919117359,21.72191826520977,19.402096202508368,17.505987118457373,23.330449183551277,22.226280147563575,21.559643934972613,19.31984346061879,17.434805524480574,23.369603869662882,22.09576970886297,21.6450710527107,19.249221601236947,17.3845471054156,23.1688369288487,22.07401964604382,21.592500520723128,19.24391169140832,17.360976337760604,22.998067348552496,21.73790317997118,21.422549906812783,19.25474697195846,17.289516321949726,23.2463293947195,21.529417690054952,21.215287208075267,19.28390559326697,17.400977875030087,23.703722425244635,21.65527386159186,21.402384259907613,19.30494262403527,17.466654501131778,23.904033173695147,21.868999540792082,21.62060246365698,19.412729653225885,17.66910211410131,24.121076786016832,22.00499651692297,21.54771692059756,19.523972524094063,17.704043276874938,24.32240768894558,22.266880134170588,21.730986982759323,19.596269826850023,17.835874094097406,24.18624351877653,22.449654121480528,21.600819566173726,19.602881094064493,17.716479231348366,23.970502516821295,22.102047256857478,21.644063275091153,19.637266646965095,17.617688890080263,23.761174336706333,21.838942040532213,21.62570110860851,19.537902143874582,17.500613240500414,23.991379012180637,21.853466578548456,21.630043253429967,19.47890688259905,17.51241495365091,24.044207706482222,21.85458008109393,21.4773281701668,19.41350771067362,17.341942179671065,23.862206860175604,21.63828149381107,21.717093368996682,19.497767248788442,17.335087320212306
22.859720485795695,20.825360551159402,21.013750377592366,19.56900323197489,17.862514623155235,24.129668072359912,21.74235503773779,21.953241576517055,19.52494620200234,17.876287611268882,24.273876588036796,22.766229898612366,21.918458163435965,19.85129846262462,17.83993231558351,23.563657273207543,21.599793224695595,21.639779762050527,18.912860139776136,17.62401149427876,23.75617939744884,21.64028276952559,21.65095318059128,19.51015757802662,17.790961937111216,23.945440180776263,21.844947698926052,21.71927703855414,19.418141960626507,17.721921593322417,24.123504842472084,21.83538011385867,21.52903271574861,19.348985981172017,17.641331148719665,24.331541126795607,21.6903116185035,21.63645825333044,19.28639906086628,17.731451582832282,24.62373664795428,21.8649995490342,21.557772750331612,19.313762229437707,17.858954027685318,24.95587761631257,22.146657355901304,21.77209122634141,19.3998604718607,17.938506925370028,24.7804691311039,22.090295263539304,21.55130169412379,19.412815968482892,17.940814526480438,24.53739842325205,22.19631598647714,22.032199858718144,19.622006185453966,18.067446486634754,24.19692183771945,22.104941858802412,21.870033844427002,19.680570391126743,17.93093289666734,23.84998769487371,21.92374138460203,21.860828602837408,19.792140401693107,17.94382922631318,23.625064262203068,22.02993801953992,21.45199482476545,19.690890336109117,17.954300772386212,23.80685353173467,21.991766272326636,21.75901334507806,19.675013080592883,18.076602587839936,23.799873821449868,22.145041785178243,21.414600754320485,19.506728637706317,17.92270066340756,23.889512195159877,22.44232842648658,21.386529157474595,19.529013526978332,18.039701404852973,24.13152644800366,22.477730262391496,21.53301560624856,19.580735718894168,17.95401388369364,24.012909406114968,22.129128053579873,21.82873492703096,19.771584639070436,17.959051385183326,24.07997862266074,22.390291130049707,22.128599288205642,20.065551260278045,17.91105746461718,24.298256694958138,22.329767697368766,22.189001581346453,20.088421947125305,18.179314039219083,24.7525557876306,22.24380982838434,22.208006964960653,20.026771148253193,18.144712020310422,24.506975515736983,22.340681644663476,22.026497431296026,20.00643784026651,18.038775890598934,24.46727288482422,22.340055655154455,21.936339767845602,19.769439995696615,17.898014302144883,24.4282457031393,22.369056968069124,21.639378922225045,19.493336667726517,17.82302019809017,24.1170016899695,22.29585067539474,21.729341950616472,19.407056763765627,17.53686567730012,23.343293210370838,22.231490194117505,21.56630283046049,19.306987863189214,17.48093250394786,23.385585842926936,22.098501270689646,21.63681942257129,19.227895637012626,17.408092669935495,23.194599512378034,22.0782985256912,21.58529692981904,19.228496664404716,17.361815385882544,23.033168268417114,21.752174408045462,21.417997607475506,19.237745099067645,17.278792683514624,23.28075368183588,21.54488127324805,21.22051247088538,19.278848801792158,17.396291541856066,23.744681669190573,21.659601056588155,21.399437631810034,19.290918128101943,17.44665923471423,23.94209991478212,21.88113937181206,21.62832114184709,19.391730061020827,17.681853194396503,24.15210418260428,22.019939046147783,21.55951818199493,19.50084386722609,17.74256247712336,24.355534652372057,22.274696675489324,21.73774539193692,19.56585657006961,17.883918390870452,24.2120870629549,22.45968599957609,21.605757795228932,19.57135879660677,17.769134869881196,23.99326447804493,22.091876587778973,21.651781707739104,19.619952848847767,17.648167514528303,23.77561619269695,21.805603790430986,21.61896077904856,19.519000951835288,17.499976519930716,23.99945730409391,21.825676664813763,21.62195549640626,19.465095700361196,17.49014905593981,24.045313559088658,21.8259368412129,21.474823117620016,19.38806178549787,17.299227552573953,23.876925571629116,21.60312810558232,21.715824088709702,19.486470144551532,17.283858109414858
22.88792798196395,20.771135806634305,21.07561226206828,19.577479383687393,17.79290773438222,24.098862796196375,21.694386740281328,21.98512334523611,19.505207981439337,17.807023337723464,24.237354999691043,22.801815648609754,21.915146067827607,19.882949560417373,17.962174435019705,23.61549721448231,21.549107314265022,21.63096043564719,18.906421914933325,17.64548213615135,23.7601460816466,21.611311472150952,21.662827083230546,19.517557047187633,17.796709851933134,23.941199159269164,21.835727788732626,21.719869658601386,19.42955014729503,17.732811288889657,24.128179755520648,21.829149430254017,21.523517409080302,19.354286113188934,17.674915798972638,24.340051267011113,21.665022925638425,21.623899630150543,19.292053981480887,17.75690208545634,24.624596999361824,21.844340421073955,21.55278310843035,19.319547698117393,17.872408877278254,24.966255177585936,22.135219043125037,21.771603476069878,19.398862695484038,17.953024668665897,24.788010731893813,22.064551405607723,21.54556053678461,19.406078855878228,17.970759243683993,24.541109031994907,22.17443223051919,22.02236622559754,19.62035239061026,18.08094197635691,24.213859512168472,22.09852194405014,21.86996899506699,19.67339662008141,17.94694463827126,23.87156620410231,21.941408827940034,21.847830440770107,19.78777014266833,17.985793696777666,23.636996506283232,22.037217640423858,21.43342033140162,19.68046915205054,17.992551488480064,23.830067448537964,22.00093736990741,21.747490456420138,19.674206459151158,18.11110969410874,23.823592024082064,22.160819546902264,21.406302251059564,19.517450321868353,17.95652799601848,23.903378542407626,22.448760461295585,21.37565540764305,19.537238086300885,18.049005090250763,24.136510773954967,22.465438444100144,21.52820851028445,19.581785167594212,17.940907760014948,24.02021189191408,22.128780705177483,21.83032853448405,19.792110377773145,17.948446073562252,24.08140108617979,22.39562650219389,22.126743229277302,20.071055414411898,17.88776595841562,24.299224395881694,22.339685472973258,22.185314906527466,20.09375423871788,18.173327111336732,24.758592114535112,22.25689365879878,22.21054421943519,20.038826194423578,18.154729231141047,24.515968111782318,22.35096538954969,22.031020666830695,20.00805160584328,18.045349737428673,24.477136262633756,22.3477628245853,21.9367206712508,19.7634899669178,17.89139564676511,24.4442762265358,22.37374788096641,21.638216942388652,19.491881491453253,17.839335985189027,24.13670221574528,22.293601151567792,21.724895382929397,19.421716373035185,17.537717363902615,23.35708825100121,22.235979269834854,21.55250776841888,19.31603700945528,17.478262215206335,23.40418041883511,22.115999613005055,21.62120561135489,19.258564033341667,17.439485315532817,23.20902869315054,22.084838081617587,21.577675115368834,19.25760112187779,17.414259171437518,23.035907120053956,21.74930723540485,21.415216027812004,19.26515682645873,17.316425957143032,23.286429151585075,21.54728777652921,21.217158336937676,19.283524348110767,17.465536046883614,23.754880489141566,21.664221056377365,21.400686643479602,19.30890168459351,17.511267551242373,23.95017951313512,21.87899518932691,21.623361381079683,19.418009582572445,17.717892229514366,24.163108463885614,22.024868423379576,21.549776514607235,19.52018639530676,17.753568096862622,24.370183190108527,22.288107099748117,21.726146090093522,19.588556916838673,17.87147965777667,24.216016726495678,22.464107601735613,21.592489093470768,19.591477119197645,17.7092535376456,24.000866131985994,22.102870660685067,21.6338679454434,19.622100271915276,17.588861806115577,23.77432780874276,21.822097120474098,21.6129948824598,19.51934196845285,17.454772192748297,23.995563795001253,21.841591604672146,21.614736651630245,19.469039452683383,17.462673703312543,24.041939927275997,21.842046949411337,21.474335053623637,19.403579681527233,17.291403271911783,23.86978999179484,21.621302808454224,21.719253375636747,19.492524730490764,17.298155621491016
23.38712325997533,21.00800785356826,20.985661506239992,19.297621917151456,17.439260643623335,24.01996805797729,22.05389429372836,21.384142211869747,19.20176984238927,17.34531533267581,24.510952281,22.808431223645453,21.057944776243506,19.52372973930308,17.29337523074823,23.276049702051026,22.21249167357902,20.853238453016882,18.941610704510055,17.219532864831212,23.723484104363067,21.989032853462795,21.155556684795013,19.27955585213025,17.267498471750137,23.54218082336834,22.14587708882868,21.223998293712114,19.188058084713944,17.144242703337984,23.411890198341982,22.210913954387824,20.948779520643235,19.131204544318454,17.07619901432329,23.39469627673709,22.07020226218507,21.082245325373876,19.037449170736586,17.004245451199328,23.425896704928928,22.051925256987023,20.983774223099612,19.02467302989873,17.025551792721345,23.550067702464645,22.05865201916962,20.995597596482874,19.069709967634637,17.075367583571758,23.559715079504773,22.009714064996963,20.695089356955364,19.09781795099355,17.16149466232643,23.667067245595234,21.831315082867537,21.305634122894183,19.28271160973723,17.178205954835274,23.363113940351003,21.699770416054314,21.199339307838255,19.392089492207713,17.168760937441338,23.367116125661926,21.644419451888474,21.247767933213645,19.423083548521433,17.161123453561366,23.336340925262444,21.765492341822394,21.05645023072372,19.400536475669533,17.277633710638277,23.41741318402711,21.810152213000407,21.402993626731664,19.40952561959155,17.231052508423105,23.570173494824218,22.054036767373468,20.9992827207859,19.223891786884757,17.137489309096996,23.799397514823276,22.257234288234468,20.940903117574194,19.19346672152522,17.269795473045203,24.0635691131751,22.367866566491195,21.193824059093167,19.307486764013703,17.205508008117835,24.182163222273555,22.126749982230525,21.432677897341332,19.366828624695327,17.102062068402347,24.46195957657442,22.285578801105654,21.77523002569707,19.542778811367477,17.113092846815924,24.34699184905345,22.233496847093583,21.931100384324544,19.64533871456489,17.331860888510533,24.42015998557178,22.1589769585213,21.94261052919365,19.72327617506535,17.413743430568708,23.888584228122006,22.08695298580848,21.622666796153204,19.653207623545,17.47767748130125,23.511648080735835,22.033760530831795,21.46485253928455,19.457477078351353,17.444019587315573,23.23204210802597,22.00416623893898,21.15741597155766,19.207480207385068,17.43759383970554,23.06757807444127,21.996572963957174,21.268488888589804,19.273129839715697,17.20449370547538,22.739907108876434,21.902302993377212,21.150223751215652,19.117724101331362,17.067515024881494,22.860508532603077,21.827262600260532,21.366045272621527,19.154271652205473,17.00371981031448,22.986137476057333,21.995032547984668,21.35507614606859,19.28727959087181,16.895705775161716,23.148360372239924,21.783185503685964,21.14031516029738,19.375498353084208,16.8158298571121,23.2593314284005,21.72767919778384,20.97020580006914,19.23711419649952,16.965420740383248,23.50666615686088,21.764151361145505,21.2024422298821,19.277700089846387,16.891349089921267,23.609125362310053,21.75828283264466,21.32352636467026,19.212951919976497,16.936692538318763,23.81244897844646,21.873740183961587,21.34569596643251,19.146190643487014,16.995425636935444,23.60602049073643,22.017780765694184,21.500043606926134,19.208139232365575,17.039376985253476,23.5693090244937,21.93806029343009,21.364075354252144,19.24737243227485,16.96041294825601,23.529163541958685,21.881069841423095,21.406161132174955,19.291076033834017,17.00972974627777,23.38565375338091,21.944671058957532,21.388380738574405,19.289685928047867,17.066376072413213,23.297852920520675,21.88525092625012,21.407045494777293,19.313384856348385,17.107566166538422,23.403370128584662,21.883976337033154,21.39306301993138,19.270093770235913,16.99204296726048,23.490330190414106,21.873763458371567,21.627164145743674,19.347996863490657,17.016916454111623
23.40041796258991,21.00273325790401,20.99541948646809,19.283819399062683,17.360359583472885,23.99790722986874,22.057996604088753,21.33967030946445,19.20694729365333,17.392521956872834,24.500824801413053,22.799760103586767,21.06951930581782,19.461985225578808,17.181329761059786,23.25180512925322,22.190499468162002,20.819345208814937,18.88266628313224,17.149281040709887,23.715396141711725,21.980201010493996,21.14141181223139,19.25637667304876,17.2025478625684,23.518062746372262,22.155132368710007,21.212623390715756,19.155150992234557,17.07109430635353,23.39330002460482,22.220831634519946,20.951556259499206,19.0966764584745,16.96900924444121,23.373318469829798,22.08687476114526,21.08104388941482,19.022819287274775,16.925145740419566,23.417355385824752,22.066043847269015,20.9820153358457,19.019503592238948,16.94131015523351,23.536260762906842,22.065782448058457,20.99202504065715,19.063529532950536,17.01388208540333,23.557011316723777,21.9904046276879,20.686445736365812,19.10750363866487,17.097679637067415,23.668984726723863,21.801580079675954,21.289877292948034,19.289944795540684,17.13197585866011,23.361844746321523,21.670933082821485,21.186722350753374,19.39348478462764,17.119299068598444,23.363569413006154,21.63471680966358,21.242782043087363,19.430993229715504,17.1376279763606,23.34114621886861,21.761275538025366,21.05655461005116,19.399051915911574,17.26061287670066,23.426557597856615,21.805603009436066,21.393527811277426,19.40435995221154,17.247722323049608,23.57643059033719,22.056337996365084,20.99830665425852,19.227460425100677,17.16442108000474,23.80913635625355,22.24556667534773,20.9436738035915,19.19478273748505,17.27784824460384,24.06379011528113,22.338183607630356,21.20560891460945,19.30718607670649,17.210555065022852,24.1750649919453,22.092896293444394,21.43778180425873,19.3698533526258,17.100118474368458,24.453385591643247,22.259763682645307,21.791595484698785,19.55056847683715,17.07905872026675,24.334279098830827,22.203225467616917,21.93121018785411,19.642570944555683,17.290826100846182,24.410450044100724,22.136804958584737,21.928667127760434,19.72269572156632,17.36202380469093,23.884080775266582,22.068252984926954,21.593954745586537,19.664871399172625,17.425075182998302,23.509179449338937,22.025942157473303,21.44763316684321,19.48651600924017,17.37019914233995,23.225725744199195,22.009061827455174,21.138025379331168,19.24304671989197,17.385289998952338,23.060211818269398,21.999564475925137,21.26496239044874,19.303799358690302,17.15852177499943,22.733972846314256,21.89895207103689,21.15977939039265,19.139309868810653,17.039487586166054,22.853700258202203,21.820734084744508,21.385406535164638,19.171783374198977,16.946516919470007,22.9747524221298,21.982925963477363,21.347122371465115,19.306141947643283,16.879549449039654,23.138626566178985,21.762115751728256,21.13172892558257,19.373428471025456,16.804353991192677,23.25502295387594,21.703761700792246,20.952793752730216,19.246694431663727,16.938774393538075,23.492760606531935,21.742364048914258,21.180588695590135,19.296919841235233,16.88161926535462,23.594681156848846,21.750211418454732,21.29003389800536,19.218166502710147,16.947824887375177,23.809306028631745,21.866582143999253,21.34090721779182,19.14023974409337,16.99681694755484,23.600240966504238,22.01622034702376,21.488676871059837,19.219244081416136,16.983573298075505,23.550889297780383,21.952190965400593,21.340564061407786,19.25832097931444,16.934247876961894,23.507840628052982,21.899121297119997,21.383383280377725,19.289454173128814,16.954091670158775,23.365107916798728,21.95045418326553,21.369098586035385,19.276278643026416,17.01215953844505,23.263317984604083,21.890828707254666,21.394814092015867,19.298451086730108,17.032215207630042,23.37623942825322,21.8783538506428,21.387074755988714,19.237126073195547,16.973923204590626,23.477322905960925,21.854302546938985,21.639655708700683,19.310048198269982,16.973731771441415
24.349392579047205,22.060472836486024,21.095673503358892,19.864852358490165,17.908953695527824,24.687298930621008,22.51919111713059,22.002631419863047,19.763128745219262,17.847242211462717,25.650486034724175,23.60525990338284,21.437611833499865,20.05865601368298,17.569815585750913,24.438699296114955,23.241917647038292,21.53532221438057,19.32056308068205,17.35386208683593,24.710736017691527,22.760748959091043,21.61310226939683,19.770134483689095,17.62834904746868,24.515227578522932,22.851530531980263,21.73686307915701,19.660737134263425,17.46130396774063,24.420862407852173,22.902270733866104,21.418493704180737,19.566341208347556,17.318045105312176,24.379403867346962,22.69713591722985,21.60876401686263,19.522949435408744,17.303728821059355,24.337395957709933,22.59780416037767,21.55137430894395,19.56571321782812,17.36153040311364,24.249495745186927,22.609804142777232,21.614083537947103,19.632382622453378,17.43626455873865,24.242945087512233,22.601200881312508,21.371717870293562,19.664276022219916,17.5124615391101,24.374774833598934,22.428880875623058,22.0235615985818,19.872194188467788,17.587080266226543,24.322112304347293,22.309342815427463,21.868519814312084,19.95330046097967,17.50468531730361,24.22007867435964,22.221539194792793,21.88888333955714,19.97376017704727,17.450496146231934,24.351326773460542,22.31997782011693,21.628815133861103,19.903367554061145,17.473740574582433,24.52835381018204,22.369157176182778,21.930148447596927,19.924813691798665,17.569658114760255,24.604586025080785,22.63919953625889,21.49969475806016,19.755180374548196,17.49196889340351,24.68764498272946,22.928684030104687,21.536601374020286,19.702150690354323,17.59615050860141,25.075861258542425,23.164772174965456,21.68437464923632,19.740366112427377,17.576059073891024,25.252916385114304,23.01598225646601,21.922702287652122,19.902608636234486,17.594564261749518,25.33888076815075,23.090857415897386,22.19135274157103,20.143030148804023,17.466561815162727,25.18088267196504,23.074790943388983,22.283158915395056,20.231537542675394,17.65839101931701,25.175278128492813,22.871511158846044,22.207675398540296,20.264571313353677,17.747321810021926,24.64711914726454,22.67466139841723,21.888447781484274,20.249882125951807,17.767687886236267,24.25612407492217,22.559899746702605,21.795022226335014,20.02610268156219,17.664060862409055,24.138463669254868,22.58336217373423,21.578948138280463,19.73540698669597,17.628144395992116,24.04254466319275,22.49503462025644,21.719023668492305,19.725000734553987,17.41763039707079,23.680270558622773,22.452322129308577,21.591948220547064,19.615167226301345,17.365833243598633,23.679323386040725,22.32534167694561,21.832230429073036,19.59705908369561,17.343384515444836,23.742964120392497,22.48078803482556,21.808437592277034,19.703611960378552,17.24686466246957,23.81800174476412,22.298719754770893,21.573605156221323,19.754894208879342,17.22214957535698,23.972825379402895,22.30205994968554,21.39237939935224,19.673459236488313,17.318302181400963,24.182315403857114,22.386739248926148,21.647440247783067,19.673868784131976,17.23808702820229,24.311287006296062,22.480612871303702,21.852432070338303,19.6801515415877,17.274518078621657,24.408555547888625,22.629798514851178,21.845212632581312,19.69176525952386,17.322346104574294,24.275515806227652,22.714084755525512,21.99864333356142,19.730822511105316,17.417523723755387,24.255550100463484,22.64168703239734,21.89602981439456,19.804828125135167,17.37687337643073,24.296759163506703,22.542690972151235,21.90160922758272,19.817905245285175,17.387934699514734,24.280325134089782,22.535681152541866,21.851700048634008,19.795241144723256,17.431533809867265,24.404596309769612,22.432081959932287,21.916035736112313,19.790498699232423,17.512625148555543,24.480951417586116,22.44505305073141,21.903170010534545,19.76040693155686,17.41132952426918,24.45605445044679,22.38640397758162,22.142738370324224,19.780246063555722,17.464113032799126
22.89999134396529,20.841326428340707,21.08272054223617,19.571762474801666,17.962514908344666,24.08691588207906,21.635314529206404,21.9499957243647,19.431923118577153,17.87892412873882,24.26377870620662,22.771856974110065,21.86500539748209,19.90074416099532,17.87617473513869,23.566031135562962,21.65366962489836,21.638626029315716,18.842815233160977,17.587031884709585,23.750975296848765,21.64417105064839,21.65979791891311,19.4818340870114,17.81484530300663,23.93274635017125,21.84724356158473,21.715931627399147,19.385874745228882,17.70065646984077,24.116711490454303,21.852092497704863,21.515628646033683,19.32626404904227,17.60857417760726,24.319088369305323,21.69551422196748,21.63388463741102,19.274647691754957,17.705989563651038,24.601237088049324,21.849644958170995,21.554629607335183,19.32484296337978,17.823685150208266,24.929366797100727,22.122799160644192,21.761053442570827,19.415053264735715,17.91750435819332,24.755521265477803,22.070392557416962,21.534265481199647,19.43443105892599,17.940421863534432,24.517656154829687,22.177901242171174,22.023461559296745,19.65237045962737,18.086018398059537,24.182618682472082,22.103409040884536,21.868556840614055,19.689017360012024,17.945943242926614,23.843165185160263,21.945927661214384,21.857078861437294,19.798804010234633,17.973071565514743,23.625656204236762,22.03777915556943,21.444540453651364,19.699755746687043,17.954008697253844,23.79398567081064,21.994630656117515,21.7551142431482,19.700065466532564,18.068684672800146,23.7925717774502,22.162130400745234,21.4111786734323,19.537532164876346,17.893037023071066,23.88494458128019,22.45609886590618,21.376801032161534,19.548782784044388,18.003649755362478,24.127714676519595,22.48862885934016,21.531192219269133,19.58201989486934,17.9033296452479,24.00771015831551,22.168257074145185,21.835571920456765,19.7833054901211,17.93561489763066,24.091056415032607,22.429259964327706,22.136657988227803,20.06167847710761,17.90094083295482,24.290717412920806,22.362957971679656,22.195966264872148,20.074908995384952,18.18645333144479,24.74258446607366,22.27312336887494,22.215472310184417,20.01759880799414,18.141231671820105,24.485780615030727,22.362910835864177,22.02561908863583,19.997132553220165,18.040329475980904,24.43622222687767,22.34236046139905,21.928499038167022,19.751271992739582,17.880067489880993,24.394751150473724,22.372859366365738,21.628288141457205,19.467149980689996,17.79623028427965,24.094164742087557,22.298500883826655,21.72285907694642,19.390822071835952,17.492247599153046,23.325214725984093,22.230046596940728,21.55694400262506,19.29978567195763,17.43996130064442,23.379743864383908,22.09998837413698,21.63056295239542,19.233480259196455,17.424022813556142,23.197694170684755,22.086046364971757,21.58402988597198,19.238832381875735,17.35499966283139,23.03517971206554,21.746748344289337,21.42534226904798,19.240052111587378,17.259474008211054,23.27861908316247,21.538289436843364,21.217182098985027,19.276947508117726,17.37908226771783,23.729854201264768,21.657214018035464,21.398094144424146,19.296964528616247,17.435550241968066,23.921861266534652,21.863207202408596,21.631434155528552,19.394880364895645,17.615493841997505,24.1225553114511,22.002082069343288,21.565190119865626,19.501911736592557,17.683383238903787,24.317344184416555,22.265087223417474,21.732562896908085,19.57590704627698,17.826337946797643,24.177061115491377,22.453957810536448,21.59856735518249,19.569149872083152,17.718488755072247,23.968285143897827,22.09047111542903,21.64621580434315,19.616037767605796,17.603613427801758,23.75810403081814,21.827532961251837,21.611381027869246,19.52044469168893,17.494002641679998,23.99520779242676,21.847531036316006,21.606280432228765,19.4579949551652,17.505469971993314,24.04637849262455,21.84745534106938,21.47031279130926,19.391159377666682,17.34117025984001,23.856063312749907,21.62265198755342,21.7232644234955,19.489028953769427,17.34350196685886
22.90289706384314,20.822009560858255,21.08081974296218,19.58045712139153,17.916388685714658,24.076889912884948,21.66774344089245,21.981533905554226,19.48710232709069,17.81743637859404,24.250021308560797,22.784565911793198,21.87586829550332,19.899052980266053,17.797335392009757,23.558284428996533,21.63547722692743,21.6402628219376,18.90436357862321,17.577247183797812,23.75180489591131,21.626207951394957,21.661962376596517,19.510470484325445,17.77242824420991,23.928859812237953,21.83053270906162,21.726997617767257,19.41173573831295,17.6597094938603,24.115326659265122,21.838050092634408,21.533612632635773,19.341103020697396,17.590773481557868,24.320783181418065,21.68159719305429,21.64844457553148,19.27120467620667,17.691910161657958,24.611580216017675,21.83970841485553,21.567431013414826,19.308044575596675,17.81279238166032,24.936044414448894,22.129215328790078,21.779997994754137,19.39537839361685,17.894794837178033,24.766685308148034,22.068732449319477,21.539680912214287,19.415652771451427,17.921554474170048,24.52686696364316,22.16023155474194,22.016170234258812,19.62801183270791,18.048630901099077,24.186992966170592,22.08662570119126,21.858808400740212,19.6925514801464,17.91845692021169,23.844322167560527,21.92632918659453,21.84410521986111,19.7964757961944,17.954759284876612,23.623304784655176,22.019016298411362,21.4315402219021,19.691693202632926,17.945105380526428,23.795984065284806,21.975926329551363,21.752900317882094,19.681655670131157,18.066868648347743,23.791923406011357,22.144085942946575,21.408894343675545,19.525480310189153,17.87806142757334,23.892295545342094,22.433104741543296,21.3827713843535,19.52814712438094,17.983399845961497,24.136415540857953,22.47234402012331,21.527544088738665,19.56947554784629,17.887320954991814,24.019492144971355,22.14593403752077,21.83357561059671,19.7734782975219,17.90797618195894,24.092118190950224,22.416854448513213,22.127283092009627,20.054016592818428,17.869097588578498,24.296384494154953,22.3500682968862,22.175340922541363,20.069469735059553,18.176925794580402,24.743024858868264,22.265127064634775,22.19021986805606,20.00627466218605,18.146045855449483,24.481342902037966,22.350113327319853,22.013610437527348,19.99026448938114,18.04034986747893,24.431503974872562,22.34474659597226,21.9128434988644,19.741135067255215,17.895860078286045,24.397059418088094,22.380676763439084,21.61225379611175,19.471856205021318,17.81963677238293,24.087722600656488,22.31576495138203,21.71180980768708,19.383764122556894,17.53510126558215,23.312806289356438,22.24038119458263,21.5434042406932,19.300009639550616,17.46847527046628,23.36199325904896,22.114619435882737,21.623483503862154,19.232905029170418,17.406474132948954,23.174018203340058,22.09501988365036,21.58740834673584,19.245106174268045,17.366407340666164,23.00092095331066,21.752333356813267,21.43204210348742,19.247962715280643,17.283808518615043,23.252180756265524,21.537952804400398,21.23103679061735,19.28921324903766,17.40559239966314,23.713676147273663,21.656951694135277,21.416431006644867,19.305512403375964,17.466053553504924,23.9100305860233,21.86416469785965,21.635905524745187,19.408796437663803,17.695585230071618,24.117904438578435,22.000052855032585,21.560326196258792,19.50844355606906,17.740037369860676,24.32205922162239,22.26095225040459,21.732078964688167,19.572759709016626,17.8714545092082,24.18003274862089,22.442386220273477,21.59259236788979,19.58028663178497,17.724039696822654,23.973183835583363,22.088092769192123,21.636652879554653,19.628876673217555,17.610138147740855,23.762033780560675,21.807333198773073,21.614532588350215,19.517752690355703,17.47827516377538,23.994993038902024,21.816667547839124,21.609128893478754,19.480336763772918,17.473203953344495,24.03463678784532,21.823482750451586,21.46558544437296,19.40968696424975,17.304691742519303,23.85840199631341,21.599171954248593,21.72374211046313,19.513744114123945,17.301997525700184
