0,1,2,3,4,5,6,7,8,9,10,11,12,13,14,15,16,17,18,19,20,21,22,23,24,25,26,27,28,29,30,31,32,33,34,35,36,37,38,39,40,41,42,43,44,45,46,47,48,49,50,51,52,53,54,55,56,57,58,59,60,61,62,63,64,65,66,67,68,69,70,71,72,73,74,75,76,77,78,79,80,81,82,83,84,85,86,87,88,89,90,91,92,93,94,95,96,97,98,99,100,101,102,103,104,105,106,107,108,109,110,111,112,113,114,115,116,117,118,119,120,121,122,123,124,125,126,127,128,129,130,131,132,133,134,135,136,137,138,139,140,141,142,143,144,145,146,147,148,149,150,151,152,153,154,155,156,157,158,159,160,161,162,163,164,165,166,167,168,169,170,171,172,173,174,175,176,177,178,179,180,181,182,183,184,185,186,187,188,189,190,191,192,193,194,195,196,197,198,199,200,201,202,203,204,205,206,207,208,209
29.431276827639646,25.486520720573846,22.56361959050441,21.383201395552337,20.765520971199223,28.448709325072546,24.998475511558514,22.804975383885214,21.426800717969556,20.652479008774865,28.648538008508,24.89664144859807,22.28641437805266,21.205002718898687,20.531460144551893,28.036289283107816,25.70230384492343,22.247420924276486,21.899692915277164,20.89571918232884,28.588433347301248,25.270935824244113,22.266798141573577,21.519545191385443,20.733469337639853,28.255679470782034,24.985008709417464,22.122941982899835,21.50417498848981,20.7027959957665,27.413083033564373,24.47392777482091,21.837538243705673,21.472868258615577,20.54227034479812,26.843161590412585,24.17593936544098,21.722652744203096,21.558013429003513,20.450420509639166,26.82515933124166,24.198070012202827,21.83972785518522,21.476640732170434,20.435689531455445,26.60051423109577,23.944770891452485,22.01345740288322,21.50566053424246,20.437702880697408,26.470917419610977,24.029380243897698,21.96022701437694,21.703239574240026,20.517550473145043,26.734217672000124,24.356018068198207,22.200130425144728,21.85114437011914,20.802795273686183,26.824295351789793,24.427727483814117,22.25454239478885,21.947188306458187,21.016276860739527,26.266573842188393,23.78538847312684,22.110924828350953,22.00112528575587,21.011595205347515,26.027842138383654,23.795635663990527,22.13890144566011,22.110134329204932,21.047358447437038,26.314024812431853,23.913664221513443,22.24535908294612,22.086012088307044,21.210436333116643,26.559004958186115,23.684600952273563,22.04343086321736,21.995044196103816,21.234410744780725,26.332392622026056,23.51585230855276,22.046323403869142,21.898931902888144,21.264909491201884,26.25167130037811,23.444210404452484,21.840405979299113,21.866250685121205,21.297208898345154,26.68265888572781,23.46891157650332,21.750256268913606,21.772908049874427,21.38809496208002,26.548119774462823,23.40457351134901,21.742553297868234,21.696695783563126,21.178503506703102,26.875828046120336,23.680726647451866,22.082945915957907,21.79781756850279,21.126979856685526,27.575602977832183,24.213168149157713,22.396036954118415,21.81614581250855,21.113281186722702,28.299124447177945,24.84787478238165,22.7667801130051,21.859290107942666,21.2930964375408,27.645922873721666,24.718444358446508,22.707920515415573,21.923517399939712,21.273982581624285,27.815405985755564,24.747662398939642,22.86667414171213,21.970560921121763,21.385359862588977,28.019680769609597,24.78282144882926,22.39281110290063,21.990712891462444,21.367428021848873,27.755865008841262,24.684862480372498,22.12481794465598,22.0010840575987,21.270824586242746,27.783525441735243,24.618387622894748,22.10918655491028,22.09212974940082,21.107675362829575,28.555891653145476,24.766800671414455,22.22872263618096,22.07605118641043,21.145101406353554,28.126781320034713,24.594763052965266,22.028537010735853,21.911761055725485,21.040054896119926,27.815379268687458,24.586511573448092,22.203279459505886,21.803855753203255,20.927562371865157,28.122917808812822,24.408544493492812,22.189935283221754,21.732514357921918,20.942507996705682,28.21249986320796,24.277352216086776,22.05631022973181,21.729321383486727,20.945375648056938,27.858916532516748,24.32228135983069,21.98022650281552,21.542303996484797,20.85700107718295,28.2372512673927,24.60572971798725,22.091217309887774,21.678156846724185,20.773130098315974,28.13575459740273,24.692559576620702,22.231462208474873,21.689465583683408,20.82633627028715,27.991764384747313,24.81947635407044,22.11024001475372,21.704561137090543,20.939660030246703,27.792695686898718,24.948103795455996,22.03003381151691,21.587731862692912,20.90201442224159,27.195274407066155,24.61346252096159,21.855243236635914,21.62883481398615,20.84990436786712,26.90050487287042,24.15324238891629,21.755186033351592,21.51128991701906,20.907230825378342,27.0977351840121,24.069154618245054,21.573886347298355,21.466377496109565,20.955615168092177
28.985096858797345,25.423343770030982,21.874393106272976,21.480066353792573,21.078090350456172,28.537695943349863,25.105923310516516,23.152700287542757,21.40155359218537,20.54041991279417,29.051018168326724,25.35746300551288,22.07190127079137,21.17036691713384,20.026102824541617,28.530504631768633,25.645056621952097,21.743051361032236,21.59381107488375,20.88626853557605,28.683797791255802,25.377278121049738,22.153345708187153,21.43868858906608,20.631215093239348,28.51819619945718,25.17733854305373,22.21047254919366,21.294783015137984,20.549442999447933,27.449621664218597,24.581259654662947,21.89288795700405,21.22758793800754,20.44299449575317,26.867044502258654,24.31289172855701,21.766907570854578,21.2741799256969,20.480361890234406,26.879792569047094,24.394356206075038,22.031530554422176,21.21090948321469,20.46888534294869,26.398871248489126,24.031206563705034,22.03346635660438,21.16332890784724,20.56399428729052,26.29477672495903,24.083601144854025,21.928767631353203,21.318699403465274,20.792742840956027,26.83296125713515,24.40730810803317,22.051810547063262,21.36855629548158,21.097385319494766,26.738154173854582,24.37266366988413,22.17608415036644,21.440819763625985,21.255119166341057,26.118264932619137,23.680258094716233,22.02727734818945,21.4441864588427,21.266368983754266,26.30644693291101,23.883287073725604,22.130082872199125,21.527923833746073,21.288583886183865,26.576366259441023,24.03788075450776,22.185251338446193,21.573703201501303,21.276297618431354,26.775521687423726,24.040267691062425,22.11732153321273,21.538457577330856,21.14321653115069,26.591116995939664,23.92199798918457,22.130783046323963,21.563350902941032,21.174418996994923,26.520061692720436,23.849351993288334,21.987008407767856,21.655194925362814,21.162532778066314,26.841520944832308,23.826977355295348,21.887611212142303,21.649569139980102,21.215538277088218,26.712439807042237,23.79380408845767,21.93113300726839,21.57523883989409,21.106799961084874,27.08302067493013,24.040304853379695,22.172658348236556,21.690649372891464,21.18021603335442,27.960461939841174,24.56060592295456,22.40218429524802,21.636689774818134,21.20224665075925,28.65049521340713,25.21461961213158,22.656475613328237,21.555613354147845,21.41628951718821,27.997692674267,25.026604198839937,22.601598552635213,21.588507968929914,21.33883457474401,28.1711821000427,24.99543845985607,22.770822894583787,21.692256216255995,21.31936408340392,28.390248005122185,25.01587684526559,22.434692272067995,21.683241601176867,21.326288449325013,28.120550716888637,24.9456878484637,22.278894154958646,21.700062157957873,21.211998370721954,28.169978481449853,24.924582047936106,22.1882440392312,21.8202189348398,21.061742702803276,28.970280336783077,25.17723803410594,22.21390760756554,21.872431855031994,21.23128040265031,28.573787630673554,25.03541482019079,21.991662644785908,21.797836045537412,21.12666074249948,28.30337083402826,25.083619042561015,22.147557844327316,21.739787130980957,20.972768930512235,28.622145609571966,24.90348287081948,21.96437039009281,21.626959600037505,20.967191007587438,28.712009981278918,24.718668352758915,21.86907987766981,21.663069479829467,20.900709348966686,28.42535118987188,24.731426715525014,21.882446653641267,21.497324015750173,20.725656988492858,28.760851093836017,24.9785842886808,22.018816340097136,21.480672701501817,20.680534270688796,28.64486324043557,24.91979683970707,22.10855984090102,21.45310700645906,20.780515613950367,28.473378998483376,25.062572763563047,22.099579712863854,21.492048962489243,20.902167785558625,28.279881745701886,25.19764308137345,22.058565828887833,21.329160401375056,20.88532950414707,27.512228672193828,24.832101503658368,21.826338051671115,21.330732589046363,20.7995924682674,27.205636619152614,24.397955355313336,21.67666159157776,21.187014243136115,20.93047640268401,27.34737495704008,24.245963192864856,21.50446884986789,21.15850101320328,20.8837647878548
28.532861059809893,25.077651781578854,22.09965613819135,22.340320379547574,22.171986736484964,28.161827455127362,24.80026253278685,22.870004522695684,21.960239824475646,21.11969590772223,28.683397919797134,25.372969232937997,22.312200517628007,21.902591389285046,21.305949234819572,28.49075077386811,25.557994470533778,21.634333921868986,22.20219245747898,21.71318036191343,28.405472434354255,25.261455594878903,22.26387929034194,22.106491824340484,21.604070043708923,28.249265246309754,25.10747712631653,22.214199502290562,22.051575200763835,21.458727234191535,27.380045921384976,24.658859868873133,21.968357059722386,22.016784231917505,21.4466630895327,26.617729836048312,24.266656860452958,21.65709598844884,22.115445840072823,21.36790351824144,26.627233290467125,24.333049775069902,21.896308486542914,22.139087995247213,21.334861665281313,25.988496525789667,24.009220996889283,21.770759136096935,22.057196903991905,21.270892902837772,26.012732125064787,24.04100644834976,21.753458555150246,22.110706838186257,21.5368615313621,26.49542561476955,24.145850563704112,21.835386578651235,22.196122632305407,21.80457121253206,26.494462009644337,24.280024477689555,22.16652947409265,22.165792395769124,22.039613611059842,25.879118615851468,23.6882233689766,22.074015783733195,22.180616650307208,22.084274681917897,26.22345606312299,23.82622687656047,22.178945727976846,22.359927243032494,22.28594045378632,26.386265669449436,23.966002488596924,22.27587143335019,22.420063835310362,22.234911064693943,26.504299164755754,24.188812761084343,22.30032629731698,22.412965024281174,22.067329525166787,26.52297265922233,23.99492925984679,22.202765946186773,22.511225689019774,22.12209986570226,26.279307411188473,23.97067544459272,22.08066086772274,22.57013248908143,22.110794483015262,26.567266986278316,23.937025945267905,22.061272248992093,22.554248884451315,22.078211641050355,26.430041285958033,23.903279409824837,22.019737753528094,22.529656899484515,22.083466021536637,26.760355968763754,24.049464931213585,22.17441486138286,22.62641468805446,22.249079190971948,27.552694008797438,24.585549971645555,22.447406973837552,22.538967086402703,22.167559277993256,28.369778831010603,25.091658945973162,22.71386101014083,22.52616177441876,22.33250251657703,27.782815361641745,24.928839302903413,22.644963995147197,22.541337122479504,22.274519725878186,28.03963110092094,24.931223165625664,22.915021597211542,22.60133195440488,22.171770180150226,28.275918383319514,24.952731723772622,22.713903611234073,22.553378240827914,22.085601515039208,28.055289633125323,24.84136513485308,22.552600969097192,22.550570326193483,22.05536971098443,28.085750498899415,24.800517883217783,22.426185461355082,22.564149622117363,21.909138618797858,28.83507035607858,25.067634274212203,22.431235377878927,22.58647342892541,22.061611291475177,28.447459427412703,24.951337875361272,22.096240348291015,22.46773437846134,21.914688111249003,28.132289824014045,24.921580122304476,22.11415939695822,22.437240142386294,21.768868200375117,28.398270569555194,24.76128194041712,21.979190506964677,22.36572530896897,21.717984388560545,28.53916727296836,24.563473020190273,21.961572548912862,22.388835900762974,21.70126471006122,28.32334403507673,24.53466396671787,22.0779434595542,22.29367135831405,21.55794151750752,28.57150471826494,24.756951072829203,22.39086730679914,22.288800321930456,21.597347350738684,28.502905417377285,24.71282522222152,22.504638027292806,22.16442746979816,21.745811976387653,28.313928045320086,24.84393142399328,22.49996833285054,22.22217773942309,21.796396015172576,28.100861448061,25.001848027919824,22.336137565125526,22.053570673012125,21.73557968218514,27.342874462781747,24.727777578429336,22.136015262747968,21.94242425375463,21.579748386648635,27.13638340286341,24.318992055468264,21.85777310427896,21.841847268162482,21.5898835159611,27.23336111077385,24.174527560134827,21.759155346353957,21.904353123796746,21.477984258302364
28.262809774471897,24.494732513648895,21.66241715261413,20.396497179376684,19.56232838343667,27.127640666994253,23.215223956102587,21.990097204908093,20.24575102988615,19.69336192102377,27.284766138204322,23.926541607275034,21.522642500172957,20.47689223773711,19.295273709094428,26.842497132512364,24.53680500642559,21.498844997183166,20.812497977439502,19.56344899054701,27.331773757686044,24.063174823259065,21.615202472440696,20.50441234658788,19.49073508034479,26.963655337253403,23.769743920323105,21.652945906498616,20.439050513510352,19.430533034230233,26.29454990377434,23.74656069334293,21.60173663492938,20.461881267060857,19.305054230525286,25.84837299860404,23.61897292424569,21.630358647107446,20.5146562086281,19.294785848524292,25.738744963693357,23.575286377309308,21.76329951021325,20.443262650505613,19.393024093596686,25.696685791544365,23.33125351168224,21.915685915341413,20.516623688436276,19.461845202099852,25.601513312655527,23.401570273204385,21.920814750772315,20.740054222658753,19.5380096627052,25.878119112412595,23.353626441052647,22.08465802871769,20.798445000420394,19.695471057513192,25.993436894849047,23.342096576681744,22.17471594731523,20.806436482741404,19.80986403173416,25.67192377647358,22.996395026405576,22.146221722131123,20.873478146193737,19.7298534522104,25.194551814111172,23.02031643929369,22.234978806688115,20.875637401324532,19.7544530288882,25.40721849479502,23.154823918030786,22.132306748798037,20.85935975864158,19.86478079426882,25.446774004328493,23.08462820867093,21.888598007026253,20.843985142585126,19.885096012752715,25.25444138533824,23.114923068512464,21.897074789785695,20.749532070894503,19.8690765729321,25.148361529254892,23.018674960869866,21.714063152319287,20.73057580813984,19.8844084348475,25.644169688908836,23.086003661217113,21.443799966587484,20.649805520253516,19.87131674037555,25.550908603219817,22.91921636639148,21.5552302789998,20.55942319395941,19.733847400017584,25.906400859876022,22.99127407981511,21.80836229969977,20.650128766036392,19.671620411502435,26.3469621395878,23.137011002694834,21.856976997686445,20.74389269703591,19.67522779024042,26.85238574397415,23.583275616534042,22.11735263760405,20.74342314700082,19.803416765937797,26.33177899093813,23.59775779748067,22.20151794243101,20.87697912793996,19.86359992140036,26.50709795731431,23.70176601430821,22.240472658004354,20.944881675961597,19.910391505929365,26.683642034031287,23.801288703151112,21.773340336088282,20.904448000270076,19.940012795192455,26.41764440665557,23.8140906213928,21.68306428786798,20.854521482309373,19.865643077593123,26.524420528494254,23.669771158901188,21.62899012831081,20.91020942364182,19.746495706157095,27.079114773253345,23.619315296357396,21.59154677266772,20.854943551178483,19.73511396348739,26.776966108748375,23.54092826507291,21.511023351962955,20.709816784808663,19.72720986469043,26.461666596340812,23.569672731053675,21.768737810350558,20.621269215935865,19.593992071132828,26.839491075689693,23.33229956170043,21.741702561031822,20.60184513445593,19.616092651615208,26.91705267092679,23.348023588785555,21.68903078204148,20.628035896804374,19.552757837774656,26.682132323883916,23.45426960246948,21.656490711677232,20.442397403783264,19.531049411193926,26.94328820437954,23.584627696217545,21.676344276463006,20.52564577851969,19.39864386579908,26.882684205423764,23.651865929263984,21.74643412738621,20.606318690775506,19.445492384899158,26.70502940979289,23.817232182011008,21.658274342870158,20.56507761303764,19.532868015208532,26.513446112206054,23.848573628852414,21.448298191772643,20.478632584544346,19.610260174540006,26.256665186657425,23.67895997774464,21.32791787684371,20.522764282578006,19.599258722389628,25.965063879345184,23.499993586963292,21.315165194989458,20.432931166737852,19.776268831135035,26.16132552197079,23.29140755144953,21.20356905736332,20.334883488407613,19.839901021322806
27.069031561286774,23.85302980251809,21.265026279304827,20.95422410398833,20.00826862088759,26.83556140312779,22.830388999820798,22.04203800398866,20.745870218960004,19.403120016671952,27.499164817597418,23.747720212788174,21.616297457606073,20.49345119061927,19.425329644620398,26.712832677040648,23.709679822213694,20.79645548749204,20.811424015982578,19.79419480405902,26.859632394560805,23.598705550725825,21.478614277505052,20.71266775248904,19.6812055417877,26.761921637661555,23.506057599578288,21.526091153390542,20.52368654514393,19.572543067844748,25.865065707129084,23.328233748286117,21.43360380670029,20.399817815925484,19.60936851529441,25.059488227504385,23.235734851991133,21.31381278447046,20.41277617406977,19.562910480556283,25.082223516922518,23.389946317683712,21.61278361658706,20.4297884421015,19.625415382462165,24.74558393439227,23.214413016480485,21.679372634649138,20.388224342026586,19.604402091858894,24.629263964228958,23.300786008303795,21.69888668829035,20.56141771261546,19.86119444830411,25.24486656878677,23.40543489964592,21.72780008770315,20.659952639384905,20.012851610583475,25.362011468356215,23.356122900288515,22.042477183600955,20.74766736408339,20.153598017117215,24.888373623123922,22.91791935121146,22.129719062881566,20.758011596399516,20.09481809345364,25.076041296099813,22.942557207019878,22.144332873726626,20.886012263591724,20.25501447256606,25.192793865464544,22.96174275854628,22.126310650017512,20.9095198353441,20.21311607919595,25.152275243224736,23.105698323665177,22.06172375933449,20.88419803567873,20.128718537795045,25.105297500332824,23.12041403585382,21.909429116652543,20.8542647670564,20.151659139315466,25.130544211831044,23.103908387968747,21.6297292695755,20.796145693468155,20.16354285077838,25.308393631296884,23.156217538460346,21.51235424792155,20.7574979329286,20.08257780083749,25.295316065849256,23.015207843625017,21.579017193361416,20.701429291443958,20.026071196176478,25.654782906462508,23.124938419824698,21.800326581080178,20.77015073618381,20.049023909312787,26.3154007974965,23.28779154233896,21.935770254080953,20.735653009467196,20.059022321543576,26.71848636244355,23.57088584863143,22.147021615250246,20.766777299238782,20.21179513893292,26.240279829144832,23.494397163224523,22.12209200131188,20.832432742370692,20.168920776031932,26.461444379374633,23.57194469289484,22.22173456599672,20.9304506197801,20.12238286891553,26.61973447730686,23.54068078303829,21.834811385426672,20.944555743598002,20.093630074179345,26.34895611074298,23.587525636257332,21.699316863958003,20.912186615603225,20.04755792713444,26.42711529625767,23.55594653703566,21.49626350044914,20.971913924465902,19.899256487197267,27.053825009513258,23.602464844466574,21.498315091554996,20.96847448951575,20.02717455486263,26.76695109529569,23.56138578145032,21.268733434197184,20.87049820873633,19.993021896707912,26.486294491955164,23.525197512093783,21.443423410845917,20.800996166828487,19.889797950466217,26.871191978002315,23.269926766187762,21.303261841957685,20.76773824586801,19.92337138268515,26.948735932039966,23.181676628183443,21.215631398321957,20.790962821006655,19.86858923275165,26.829994115333648,23.269217860173434,21.242025131999007,20.63504756739481,19.823077518486752,26.942551554752733,23.362173427858327,21.442034906643023,20.645261429049356,19.76788399719193,26.71207521449773,23.335041454018786,21.463565904569116,20.64060367422834,19.878775683378656,26.514691466127914,23.578006050599292,21.570256650040932,20.71416260068874,19.860827955904387,26.306416171489428,23.66972988370631,21.50650054323222,20.56223268248792,19.865155941404293,25.878360662615925,23.59148420102523,21.4204387562712,20.597192428146183,19.75286744941344,25.72171658431177,23.383031924251178,21.295060084702456,20.399322014766504,19.81770430920573,26.02684229293306,23.17114575196525,21.24112374414446,20.304400461736947,19.72277530414717
28.673352484340878,24.38680029134638,21.568865141983725,20.101293953124696,19.367639462138836,26.363746803077476,23.231265396958282,21.731678241662795,19.844129206644467,19.173038856258444,26.30479698741669,23.012426577365158,21.11654572845279,20.049903673094345,19.2313114026309,25.940147360237706,23.898417426473145,20.59741550289836,20.384696606624857,18.973200397552326,26.9202171763177,23.680718103688726,21.16273333901924,20.136639509482446,19.222160012932445,26.399581520130802,23.283063064822432,21.109103322262467,20.04944784823885,19.098469542378645,25.79549068513986,22.999953343175328,20.95549000122723,20.098469489322675,19.06031924971044,25.57797991476042,22.89983279556612,20.959248372043213,20.14978553604084,19.035076907749612,25.492994204041835,22.79119585931649,21.126757047568766,20.05086397968936,19.194916594434197,25.588734489871346,22.686439218143846,21.389623245658537,20.079680282164606,19.174218167245904,25.595680874366458,22.81891663456757,21.382452349949126,20.249800537807708,19.308716079745846,25.804123191057375,22.98067559713425,21.709325687884252,20.25977510224352,19.427747984192898,25.95619162851861,23.04409540832291,21.912962658340078,20.299387032671298,19.43033202840693,25.498635615788725,22.82236344303652,21.866034552794822,20.378929034453126,19.33545502143597,24.7489881170817,22.52311782199692,21.929859207592692,20.35843290832647,19.34957226005985,24.850088016334247,22.62362833802385,21.825150378568605,20.370763579256135,19.40670562663187,25.140061781196295,22.51478679340402,21.529102445161623,20.334186788828767,19.40860313493885,24.606314907673735,22.47401611487924,21.321615943225936,20.211967799127528,19.437711143196104,24.63845741767333,22.245467963347078,21.210387068391732,20.170267447214318,19.451231177348745,25.099772109208907,22.432506566027122,20.920260014927425,20.08847548086266,19.438302525127863,24.988047270778655,22.223136430590635,21.11331116777663,20.044235762748997,19.323920799419316,25.146466192032186,22.292712089205303,21.29955201931178,20.19437446818571,19.262315581355,25.727714177307924,22.48928107240149,21.521569544974223,20.237723973117028,19.275281799059673,26.390510374219918,23.00549017677708,21.74612315205554,20.25819868283448,19.322552134571044,25.83125813659175,22.95637752606217,21.950856855650166,20.395637521448208,19.38867673696151,25.92868004360603,23.083489573565597,21.896209948595704,20.440411433802787,19.426601897885895,26.088918311660528,23.07483480327996,21.518568017071722,20.36845464257767,19.429897671577642,25.822985350753555,23.089319904181362,21.43868237590421,20.266523814223408,19.364185052047105,25.880655184167658,22.95529291042694,21.46510525667604,20.301295405991148,19.304694581646366,26.501187835235704,22.998126441925802,21.261682949357485,20.181182353167593,19.30767707760008,26.21551134948647,22.97720752725637,21.278646716343268,20.07910678061706,19.343091497643222,25.810151009586395,22.973571723357857,21.471391669186783,19.99864491936587,19.31401439228821,26.243339597851833,22.744262649386958,21.34589299920882,20.176222632036076,19.394747670859438,26.203919459600712,22.73949614915666,21.198269279687107,20.21959454720918,19.35598204722529,26.014483872422723,22.831493861829745,21.200602036931933,20.190676559933188,19.344442233871426,26.393416577151164,22.897720620036587,21.197769244884576,20.174416477979953,19.211924728946986,26.333388711216344,23.014444451760586,21.25515815132034,20.267626136165127,19.19988622241999,26.120714122846216,23.02709908051896,21.0636666676776,20.145442906951512,19.15269284970782,25.963592176877388,22.99855481146136,20.882591776250482,20.037832749343455,19.195251455787606,25.36325126081828,22.87977225218618,20.681762666333505,20.01259248204071,19.142962194521655,24.93399922669368,22.66699816098626,20.62774699913225,19.979974919917474,19.26490929863123,25.219654658144385,22.641312156258742,20.50319315275835,19.846345274569515,19.330897131436853
28.677036569394655,24.370813894173473,21.55454453675784,20.153633777649,19.38927749491753,26.353600571355894,23.218900143788176,21.791855075788767,19.833417722202395,19.215215846262964,26.29783327514637,22.978248664352588,21.092698906105202,20.062992005327555,19.247495195926074,25.952151233077586,23.888630631878762,20.582551866888704,20.43023981998943,19.013756903449142,26.92028590537139,23.662021417554875,21.16504162848451,20.15317562433105,19.251884472398007,26.400523213839325,23.265003391353375,21.122469462286187,20.05653127969447,19.111408476278278,25.801626718942305,22.9820602862455,20.96159335131015,20.107800386577903,19.058349530112835,25.58556196401085,22.88847963334116,20.973545283843468,20.162861873286516,19.033440037114048,25.496826260374814,22.786430435531134,21.145231865712503,20.052328851773783,19.177469184142726,25.59398122353216,22.684881264197408,21.407600832589367,20.08356582960534,19.14861884452766,25.600891591389814,22.81929588146415,21.394774020860126,20.256238869507122,19.296128447461662,25.804594017314077,22.9867579800265,21.718678492323633,20.26047858784032,19.419911864479705,25.954195212493676,23.04814207224175,21.914855847338053,20.288679904764308,19.42265403452727,25.495239368750866,22.825726118730653,21.872665564336085,20.382923728266995,19.337468432892784,24.744844252612246,22.523962391049416,21.94103838619833,20.36419599925003,19.36113052896485,24.84384696102816,22.62225652885169,21.8201906022095,20.372049132046566,19.41147878550915,25.133170300699813,22.511430527563807,21.532307555684042,20.349497305220677,19.41011800496057,24.599752993128345,22.467921220221005,21.331658081255608,20.242768607730127,19.438099628025952,24.637022692818753,22.236179322915497,21.226939267791373,20.19357949754734,19.46244824148117,25.09860654396358,22.426771289652777,20.937598460379842,20.108688013698355,19.437735241532966,24.98588465227901,22.222690828014265,21.147054122145114,20.069765203262108,19.3366886166822,25.145909765895254,22.295108644916123,21.327634510051958,20.20832888583726,19.274518973427917,25.731687016132344,22.49540035724508,21.550916863511482,20.238513493916653,19.292339335481117,26.39168589088913,23.012156742058853,21.769792573022364,20.258452683387226,19.325415236362268,25.838696244206613,22.95830974100592,21.972493619512928,20.39984942347771,19.3923312943324,25.93644883625971,23.084368216120062,21.908901682483865,20.42871442770788,19.428524415821993,26.09704724021725,23.081776335945726,21.51751536927204,20.36258557122262,19.425697417554062,25.82769777234385,23.099846906024748,21.431076276061614,20.273567445283863,19.363983496489176,25.884477323975158,22.967867828947607,21.45355902808772,20.298596617529093,19.311324962607497,26.498668658028596,23.007432154764178,21.246086518647488,20.18415498707791,19.311884244221574,26.217592137917354,22.99192722254321,21.263372629683225,20.091457798768193,19.34890286190655,25.812989187142012,22.98296008622676,21.46630642243125,20.01486316918932,19.33555615891012,26.249288146785624,22.751955118386135,21.35533027127408,20.177523838177414,19.400449485370537,26.21278022240915,22.74643328433939,21.209363947322995,20.225088174075818,19.3556630124147,26.023668257123063,22.854828989295605,21.201400952728694,20.18822714878257,19.3498376749543,26.397855035581234,22.918152649359172,21.20353693330003,20.173050905907587,19.215055386094786,26.333596292292988,23.031409568986042,21.25398804611549,20.260851552116865,19.187593031487673,26.120934009766493,23.046866970555005,21.05962610898983,20.145179624279933,19.154957900256655,25.961651605418638,23.02052358272764,20.85863823200263,20.04031367901433,19.199631343427125,25.363758760321694,22.883269552140558,20.665824711048106,20.01168873598642,19.15155992696212,24.93463942471131,22.656994374555328,20.60927678669747,19.983286931610657,19.26438646133687,25.223001538273806,22.6277209460788,20.496777549763287,19.845538020541518,19.328927822718793
28.675868926999065,24.391695813904686,21.578052757339936,20.143547502528573,19.354760442609656,26.3669718717012,23.211421371716533,21.75982802606088,19.841056695215215,19.19041320872405,26.31357299204977,23.00415559407632,21.142169421001,20.052710439429383,19.227316680561508,25.93270629195733,23.86645073124256,20.54659692486733,20.41389282303646,19.011575145995177,26.921417503359397,23.66619476124024,21.168874819479075,20.15187568628746,19.229625857525527,26.39913306062701,23.264839167272235,21.118827599830944,20.066628700918336,19.105038751997355,25.798753133006596,22.97706007263127,20.957335600125283,20.1159482129628,19.050439347949606,25.580247129237517,22.881151102880615,20.957950138383765,20.165882247299496,19.021098958360902,25.499234220179222,22.784883926358056,21.135217201242636,20.051387274363655,19.158729778319977,25.594974002329728,22.683011848377564,21.39872527609089,20.08213571637077,19.14836402596664,25.606821775981064,22.819274932179265,21.40231630295057,20.245332288228035,19.281154450028545,25.810623812022094,22.990575173400604,21.735536429809997,20.25217329483049,19.406144108408533,25.95768502915275,23.04504234752315,21.920469053384686,20.29457145013131,19.417323569870113,25.49593795077677,22.82366701260012,21.864587300393104,20.383621674803848,19.33246142955461,24.756630976415078,22.51987422866911,21.925599086346548,20.373298032533185,19.35256497809221,24.857119097013175,22.620619750365307,21.80134193473574,20.378555105128754,19.41318893973384,25.142155623809405,22.510859382463718,21.50107056459977,20.35877619259593,19.41514998030318,24.627097830986862,22.476698557424378,21.288353774423193,20.265300982699376,19.44111427374198,24.665681383271657,22.2480147214858,21.201125620750435,20.238964509374505,19.46846929227213,25.113848954616298,22.446123365407228,20.920384117032594,20.146509006542544,19.430522047083826,24.994872765614055,22.243918047430835,21.114837449116457,20.10942542475623,19.315777305277106,25.158742559425583,22.303398129731512,21.305526422403027,20.24715279065454,19.263640794902628,25.72913810265512,22.503706707786648,21.548414492394496,20.26155645671726,19.286706452760455,26.385393390325977,23.01226586558578,21.763597212240573,20.2689312183847,19.329697136578414,25.830439993537322,22.94734309891397,21.959066637814942,20.410221574638303,19.4016115095651,25.931777383843315,23.06489851413494,21.90237057990642,20.445725372967686,19.448769316589953,26.09079606222837,23.067496649198073,21.52502377599595,20.36532373338636,19.44687663049507,25.816414915097873,23.080105056061278,21.453445052086117,20.267322421974477,19.3744527306199,25.87298492809477,22.960598230887417,21.474800048539862,20.29032791455682,19.30598316871008,26.490209158235253,23.01298929459174,21.28348245374348,20.17096943505884,19.313591747678405,26.203530366952982,22.999490674035435,21.30697217299063,20.072834440181794,19.342278652151613,25.80048291292234,22.99512597694873,21.501644838125614,19.997563750095782,19.315163993851037,26.240387403849933,22.755916776797715,21.366977243868725,20.167535621453933,19.389169808619037,26.203738995382963,22.73334601296586,21.21505194404723,20.216957431781616,19.362177022863712,26.015935443907104,22.830597459415177,21.20276397883476,20.176917847227866,19.35344660011779,26.396343846201678,22.89407752559,21.194805413770602,20.150609676879686,19.22565053967915,26.34228938423824,23.01556280507611,21.236359374194244,20.253286283126908,19.213449406470342,26.11620821274908,23.044943656296233,21.049665679943956,20.133096718305488,19.1822589311443,25.95750551748116,23.02044866170737,20.85601583227878,20.027098243668313,19.213249844563325,25.373845814800312,22.89227819847909,20.67649845924906,20.005972688020282,19.166795157026222,24.942715849587522,22.677156811594777,20.630503839342595,19.99249413460716,19.28275628416139,25.218996753973634,22.642279971386806,20.522230694442225,19.85558181232071,19.34842670094429
26.9736540951026,23.238356594528057,21.347656608818436,19.66248724781249,18.907936845710164,25.991325414776693,22.487229561350834,21.653977922533613,19.70726886155362,18.888057722460573,25.825528665805514,23.0488306613056,20.916878892138552,20.049168280013692,18.991931419945423,25.639370546615755,23.504423150960037,21.062848721987567,20.525249672518648,18.67669869882578,26.080849189849317,23.154676492232976,21.321571058612708,19.96824705967059,18.89278246764743,25.744890806961912,23.03474847173382,21.38995457260196,19.95546523815249,18.812893720936195,25.273188655006045,22.9717109205364,21.259778844445695,19.970576963773674,18.80199106555831,24.885956929936633,22.847678976793624,21.282427753139924,19.916469057390394,18.74416893896556,24.9023214803887,22.789148371777465,21.31328913622017,19.77613359576872,18.850091476893674,24.885990331731016,22.569224857376145,21.403997129182407,19.855272598714304,18.848872721427412,24.856114130568454,22.567199403237908,21.393510990203602,19.98571784468863,18.895122156727997,24.98369336271565,22.610970383160257,21.644834219623526,19.946689689205478,18.91517794064942,25.072923532697935,22.659553988019468,21.865077960661147,19.99378585910472,18.910527718533764,24.634670173581572,22.51760094237961,21.994210417129846,20.06272665930785,18.838316179514237,24.172943037136548,22.41565729197627,22.059982972676845,20.047877338983707,18.83165743527731,24.204595337792572,22.58993321977417,21.805038257522224,20.051117793040838,18.888064008991385,24.276518877958882,22.614463320611485,21.649017629331947,20.05714009176801,18.984165757081335,24.188863712550145,22.691765166102428,21.509907345271692,19.99406799082665,19.012310918865087,24.449603445947066,22.620652560361876,21.190554919737018,19.97741468953894,19.006784071649864,24.806493333660946,22.752966619029756,20.85037766748924,19.90787874013045,18.95238890867264,24.859799779118568,22.401147621200007,21.064689000009615,19.833685112876402,18.914086996808017,25.173745861522008,22.220926765239362,21.16055351184729,20.01311544405961,18.836236754950388,25.473865194511717,22.196979928093715,21.195832397490566,20.051337866761777,18.878514565331262,25.54932900373535,22.446186683703424,21.51443588345832,20.039129813142306,18.970680177862715,25.05714475596438,22.461111389741713,21.724937937141043,20.12316752453284,19.06269498747405,25.103042927898382,22.696545452188545,21.760400875256234,20.275079774824352,19.082912060701677,25.169499536718284,22.862984386662596,21.329556829791308,20.1835022181524,19.080428817431756,24.948533561903833,22.98986606853207,21.34978894033253,20.091989065378232,18.99268791567781,25.0584910530644,22.752133431247092,21.216080913150574,20.07291692128299,18.93734571719304,25.677218367840943,22.698938623192618,21.089483763020567,20.057884250468582,18.83708870941614,25.505465691132276,22.646326550650308,20.998610274214084,19.92205946744405,18.891666453650856,25.17659708143264,22.79469166270682,21.282503461483408,19.83866683917187,18.821845081284668,25.696412351758067,22.499275897523525,21.184270163045397,19.993390547852563,18.88293951165297,25.752147006110327,22.607255930466728,21.20670996254379,20.124236927529765,18.767667288168546,25.586488239817776,22.76180051109118,21.247407553385226,19.969127111664285,18.85720466737546,25.78815185299222,22.861088395662755,21.308951052184018,19.93325304409796,18.60759522619346,25.65157745018498,22.916489705958025,21.276128142102447,20.038624657810068,18.609100922257593,25.3354163038153,23.063969642945022,21.25496344325371,19.814918386784118,18.581808073906007,25.134953702294524,23.02896143384248,21.020173991542087,19.613067970051638,18.72317531946022,24.968753036881367,22.92267004039673,20.895030955609318,19.649399901105525,18.679657921197563,24.687278066129,22.821494770881703,20.930613292979,19.58774356657177,18.967685641855436,24.95368632712171,22.584257477926126,20.932413463139245,19.476852147109895,19.01582996828578
26.062155696722108,22.935235382877273,21.199370270413343,20.14005019135557,19.171176604995946,26.00268426861197,22.91667691320407,21.8084003942388,19.95978668968289,18.6582448130889,25.803495447160316,23.005426695217725,20.881186658880832,19.997186043072787,19.015322156873896,25.817993201394394,23.238217205470573,21.22335110953109,20.139531081288045,18.735022993911,25.83613016130808,23.18899035934324,21.35140018226275,20.040644767786894,18.88045746790518,25.70375752755219,23.207417281935367,21.43878490346642,19.862915735373697,18.758835703263593,25.05722356423098,23.08872436231025,21.349624089602752,19.81331101669385,18.834438967241862,24.7394964966055,23.055202243652193,21.362102503438873,19.770626031541855,18.777334228482847,24.72990340842819,23.060651805582502,21.396724693994003,19.766955911757336,18.83345854058806,24.54394935592096,22.774276967530476,21.494975664401352,19.813657626204687,18.86638502092171,24.50114153248434,22.656466052515206,21.55046155516712,19.98853965407422,18.972818044149715,24.87797768550417,22.689109273722185,21.69837389858406,19.983637108526572,18.898676286496006,24.746043643819203,22.668447401398215,22.025868584859587,20.136998484475505,18.890743772674483,24.307757279368207,22.480367631098577,22.271479058149726,20.135881012321114,18.887205004386978,24.243167141279166,22.60303385907313,22.24600886580407,20.15289303970071,18.9313059744137,24.26609895644647,22.844425640491686,22.17152233556656,20.160908128012853,18.969444702818166,24.336828984356597,22.945606813590107,22.092776042741747,20.22390137459791,19.07805237798086,24.348103323334744,23.06525862626821,21.948059471843884,20.065611254101416,19.09156906107631,24.49719663949008,22.92399902822342,21.648654074641854,20.031691317780524,19.079393784330666,24.71690846239365,22.85324371804021,21.35793193559023,19.945188782164518,18.965980989658583,24.76726812988715,22.439969385297424,21.390043198281234,19.902067435786996,18.828762809775316,25.043027841766857,22.312702293926964,21.473350780730705,19.974237755491725,18.741060846182883,25.401957998835666,22.234250585847608,21.467920318731643,20.01620807875769,18.754605599419772,25.575967118574773,22.577808025309153,21.64938938981597,20.02016794973929,18.862700532892156,25.244371511287902,22.63948034267593,21.889035660381403,20.15698360855987,18.919261418382682,25.47900496744859,22.872381085158796,21.995638208908357,20.29906176871715,19.008817632879833,25.51532696674198,22.95552672190403,21.52173903089728,20.270662100013254,19.036385692068038,25.352715825431098,23.095208801054326,21.442842249823496,20.241678329890064,19.014924772870216,25.43345059403066,22.91976252411628,21.329226502674626,20.255456807583492,18.855336034097256,25.880964592588224,22.854603402051605,21.174604098029445,20.21428829640821,18.766472015473447,25.592532811973683,22.851746945426516,20.977928466958172,20.10217691855512,18.783590250826915,25.319297686826722,22.991543265231524,21.380662637976588,20.012971932066,18.71521867173775,25.742040368024753,22.677290419126063,21.406675826313506,19.999307727968418,18.790092496394397,25.83352022001008,22.717126558436867,21.3634960910181,20.099769117599287,18.73289272496187,25.751876879042534,22.933358944454728,21.512700444244324,19.904546530757877,18.81388382472229,25.916433172976507,23.010645159405616,21.54246548447152,19.869219432769274,18.697695167013052,25.63736489428594,23.008125644691315,21.414655960609295,19.917811278498068,18.78172482720123,25.382942622834094,23.262569875019995,21.40190567888071,19.833719189338588,18.730589409836732,25.1197586939831,23.296103478697745,21.33545469354058,19.677530107138892,18.855823668973965,24.87017493468033,23.087478680002924,21.162446024857957,19.78982053867664,18.879014599052606,24.642315625745326,22.918362406346965,21.316515746460855,19.67387544131714,19.07932650522269,24.997647151851055,22.57386610657635,21.393384253068763,19.573164629936684,19.041783083144328
20.96698142407655,17.52317790430415,15.722967370606243,15.109090150142793,14.189238180548958,20.338608854987797,16.369632113474736,16.20162382201647,15.515730698410833,14.352287419609576,20.799012549802764,18.189653315187815,15.838951897855003,14.986951680502287,14.241830462353459,20.2794565986054,17.929451402632413,15.657938461829705,15.121701743262836,14.452509385719067,20.454149514893416,17.612451833029272,15.978816775195487,15.22000205325347,14.313599165291176,20.21634078897105,17.57613339679246,15.945275898054835,15.092516653556387,14.396777672602814,19.45768544011542,17.538731577398057,15.874126055491828,14.99063228999243,14.5005115635215,18.91112737255687,17.24595857188531,15.90216844517678,15.034245356252981,14.409658843084198,18.946362164872276,17.228162351075337,16.026620774250404,14.965771744838833,14.407797379444062,18.77906366853039,17.14837172233453,15.98562221848058,14.8747535764638,14.432983357108006,18.757754972674682,17.261640627455158,16.126819025228006,15.020076153993136,14.435696449005452,19.42441925246247,17.474378225722422,16.119501669732255,15.024889174969905,14.330332646619974,19.657642192307588,17.619060474667105,16.28856795402209,15.079338317859424,14.406241920235269,19.393982380749765,17.52361467667631,16.395691887824732,15.159560127766929,14.409473890123849,19.267922124985276,17.496688593544985,16.45595384943536,15.223883174092686,14.430805835993116,19.35335842703753,17.505966537216217,16.53109556937397,15.134854176586057,14.437213884878963,19.345651751170248,17.710864634491195,16.6094024581943,15.190257531418942,14.525445467700948,19.134802817534112,17.762180911193465,16.42255739078642,15.146411259251305,14.639685424265405,19.046398341855372,17.79145230794411,16.233101016912958,15.06489832847242,14.521534539846078,19.250156153381916,17.823389180186943,16.06369009499369,14.985203977330093,14.456782963812646,19.305860579469762,17.495483182747783,15.93757216615857,15.06771097923378,14.424079025966767,19.488773612155995,17.43119956278825,16.086027586899647,15.071192515983919,14.441978604643992,19.935743484388887,17.3905451741484,16.25552547369637,15.067109646603068,14.376444046135507,20.13336483289855,17.444235094775006,16.378309960895518,15.200295368621203,14.547595298590224,19.948476033112975,17.258847856423028,16.408159279862314,15.31587442017514,14.576691365780553,20.182446933111994,17.41396882427432,16.495259538362166,15.385722677651666,14.609064022511088,20.230170355683775,17.29252210887058,16.20708429172683,15.431676590253215,14.551888487660758,20.067388500361538,17.36307716112733,15.92537802342062,15.364422160170989,14.618444276571756,20.26274791736301,17.383930524082466,15.908126548180036,15.349915613097199,14.572933607171517,20.697146917450407,17.49350788756299,16.02006820378649,15.373699674361001,14.633518790579226,20.490691368025526,17.632933978883415,15.996716941728462,15.427742777439747,14.657407012480428,20.275424977375973,17.704403229304283,16.10780938305469,15.357706279429232,14.674607964171766,20.66448352627299,17.49907089900073,16.310410867537747,15.467482907927106,14.715917457460801,20.71115663258184,17.35874031973144,16.15419531478839,15.467027916357585,14.62148785395389,20.67029969680575,17.540229946389626,16.102456530353116,15.293621953446149,14.698400357703784,20.561176664811015,17.46630066977057,16.156176362387413,15.21175010146248,14.608417417589589,20.389372304255335,17.43742011448582,16.15705587201528,15.11291588813513,14.650445975534916,20.08316138009483,17.54689215262497,16.190779316107335,15.009478746540713,14.592802791728577,19.993640086047144,17.541755764229407,16.16552633432289,14.914982173463551,14.684192685523268,19.534384923998175,17.34590710753907,16.12568762715539,15.101268702026053,14.628587558098308,19.466251424358774,17.208932852713822,16.078896325775872,15.104390049586902,14.722698408542893,19.708945287055037,16.92424840611317,16.01072511699042,15.117990573277762,14.647455540015596
21.005477829461945,17.649671586585804,15.481573061496496,15.033659923223965,13.994670635250017,20.40792967528582,16.22979076903537,16.12791115929842,15.516554348289084,14.072383477948797,20.62856130593629,17.922626331857366,15.842069751838471,14.941434113247352,14.4728664504072,19.991266475876447,17.786599173809925,15.545978976175507,15.20619821371978,14.239894548578203,20.406597474224867,17.509585869691563,15.829255800124002,15.205889637025061,14.19780201143991,20.15819279403823,17.44732191685141,15.906215044875221,15.06103278005673,14.297671052272545,19.378582202465875,17.42698923174667,15.879917016469824,14.950586754923794,14.409446509842326,18.857485816693423,17.161537057358135,15.820226762895155,14.995701245740491,14.313279649541576,18.973710131485237,17.187397480159678,15.946924237034262,14.864945016092488,14.40970104606582,18.807852722131607,17.175427009144965,15.909746849584147,14.80375567101789,14.498437531460269,18.76284939064287,17.253742978364293,15.992169462948414,14.953476319227722,14.465366912199991,19.418591767568824,17.448337488091173,15.970501060874728,14.953821381069236,14.398586532462696,19.61906000569162,17.61380421724069,16.203003186986074,14.989654092333243,14.4844372892092,19.324530714800886,17.486283001719087,16.294979313864665,15.075204900517866,14.434990635723105,19.13437056328882,17.396673735483354,16.384274033007603,15.145608348280348,14.399679589804999,19.241446479344575,17.424287234214734,16.443366842820897,15.12440943589221,14.514759944076365,19.22424954954358,17.63971533182354,16.525151384789133,15.235397486935407,14.599154696169332,19.06196455058599,17.69014315604543,16.405695775879302,15.173682392056705,14.606345762157407,18.950081768793638,17.75682557630224,16.29972766329367,15.207726181831845,14.540980503098401,19.136310442808917,17.74266454181586,16.16323177294472,15.052988751972965,14.502558242339779,19.192129839468926,17.41697861720632,16.040529950016516,15.094048133794374,14.469319892792731,19.403609065787453,17.36261556248977,16.150874873904897,15.078323440877146,14.470334103320113,19.874829867265408,17.309231436980347,16.241855882581213,15.068066462623175,14.465303388289902,20.136224989061127,17.325805816898452,16.305019748295507,15.097407540805284,14.550088177087332,19.99959344546804,17.157306384668257,16.35969087279626,15.258498902553717,14.557983910554423,20.235796893461956,17.293960689025365,16.441297854418615,15.326002820765689,14.50564439491203,20.29534744941242,17.177869492797328,16.12922549274317,15.348445297099744,14.471563980683731,20.09578291491275,17.27216481594055,15.917214807144495,15.284603436724078,14.467373639615456,20.27438800744786,17.313353951974012,15.919458540149526,15.308848199900549,14.444771243089978,20.717802175021642,17.481462103756094,15.92914039059649,15.269118374872255,14.461573091616708,20.482010474794702,17.557299655498568,15.846018756199594,15.252254670790297,14.470140000777102,20.215885470108457,17.599755505324644,15.97512400852196,15.149463803314372,14.444148454870472,20.61879280672857,17.40936149187801,16.12179475505314,15.322331859699649,14.531634863816999,20.65688748213005,17.258947097395012,15.953901282651737,15.277438456330026,14.454540236259302,20.61139266551283,17.398645640302316,15.899966390259802,15.191736371202314,14.580472678498214,20.53859226991505,17.46384725962137,16.00326521776593,15.160086609794785,14.499529561843607,20.40954248515052,17.437183220463957,15.953133918058594,15.089875246141435,14.553984170201428,20.102855518042425,17.54601274423379,16.020059372418036,14.956665400195408,14.499642843029596,20.008348030781214,17.513166258038943,16.011601442875577,14.87350897901473,14.579459133996375,19.594096325260878,17.306528871556278,16.064415883476194,15.014157066041278,14.461373820632193,19.50253974282503,17.11384982216103,16.07523161503453,15.023880361790486,14.618959691290428,19.745536843553793,16.89871867764336,16.020179122518503,15.041179902871871,14.587532414284553
20.90546058894747,17.526735129359462,15.675808293218868,15.111889248944765,13.902616280287324,20.283593962373764,16.143852166646816,15.82581483993631,15.524872134500047,14.033694054590754,20.565956404802915,18.08854570011673,15.768164977456218,15.06570057374049,14.266923626645038,20.135651361898095,17.773593752329674,15.576639784486709,15.312492230005683,14.28603487219871,20.36891877535708,17.5108685048123,15.843361871011306,15.27109785319261,14.174496835834342,20.15881366879371,17.437629513498212,15.798388681147282,15.072631567682794,14.235762141133014,19.371113631840153,17.489837459988184,15.82835250501579,14.942209713959125,14.343610394321448,18.861209151776315,17.17571491485922,15.846837233230564,14.944073467746161,14.2587328382876,18.91037163026963,17.160949460425755,15.95169805052364,14.786138474758143,14.295276094610884,18.74971610560943,17.091425367631548,15.892534578454889,14.710818749160046,14.314933546931078,18.680086703997297,17.211911732563255,16.05582547583075,14.906751506198498,14.360945242548397,19.34485686662446,17.361730138365864,16.019051876509955,14.907048953964841,14.288252360253447,19.58308333893791,17.513550870495173,16.199872724532167,14.94130253989042,14.40812213032043,19.313882451860827,17.402028849941935,16.284873053756073,15.036643418063335,14.427378329498822,19.09834819006054,17.334066834346423,16.38587943803096,15.080998448398981,14.414062434452873,19.193544617896833,17.31867231502151,16.43709553523133,15.05881604483512,14.49517395927379,19.194945812338176,17.544669496593627,16.534753081072754,15.110426418269295,14.56666835644108,18.98147122971374,17.59182920939107,16.402877666520677,15.077433444613987,14.616633167353621,18.888717327118624,17.645950119557998,16.292535564426895,15.043429374284873,14.482133034875861,19.11732390461709,17.601749492089926,16.06442779059782,14.936496094194847,14.506680252507001,19.16413370815952,17.314418417534394,15.930011212789333,14.949358394848073,14.463613516853849,19.35638626182069,17.2467329915912,16.032186977415783,14.984160222973731,14.529636967380773,19.831387608509576,17.255887992290003,16.09779109518386,14.98422371882595,14.427665138564603,20.033962107704365,17.35209002546979,16.115983702822028,15.06387078705169,14.56277102433344,19.868075489006582,17.15154630928807,16.203024067069904,15.189412996141815,14.493383768614583,20.111515780610397,17.2977818209659,16.28515778626754,15.242735193032178,14.483995906905395,20.162708858014064,17.182294601260807,16.019731805940438,15.265710154048502,14.340007095288797,19.960100442496454,17.214473873613723,15.841769675275007,15.231467677894875,14.418026473587954,20.19383187915472,17.187804431609738,15.912746622351097,15.246281794992068,14.45369721420409,20.630618813937247,17.402772283858692,15.983510076372681,15.271397484872125,14.49704363540305,20.408654013734655,17.453572488597615,15.886278115845112,15.29174321499138,14.471935271920822,20.170318490161772,17.494030422032967,15.925818357619718,15.191549046934034,14.551836299694367,20.554297156224116,17.32097481316365,16.019566854450026,15.300624956290964,14.582524075430578,20.555436345028603,17.197619228468703,15.818551037535148,15.260518235098866,14.42131801155944,20.510026601130505,17.34762441757462,15.727969861085228,15.139168891991584,14.554744758623826,20.41290722795062,17.371076822687108,15.870469469666173,15.12429926086159,14.460033427943102,20.244348240302894,17.337534502212193,15.86712386418029,15.085059656976096,14.433296616783753,19.951415753961687,17.406480710619277,15.939288791661244,14.959817903250535,14.380496938712199,19.877652697644038,17.378205765291916,15.922980259157688,14.89529073337636,14.480786183108382,19.42029671331295,17.222062584827523,15.923657790761704,15.030968802281228,14.379173471299783,19.352998100899573,17.02547680604789,15.87058327650891,14.96086606879831,14.529430919725801,19.63332319701541,16.80437124211117,15.830582200792396,14.98882359132181,14.596935428150323
20.90441157526977,17.135017241965464,15.513232923288522,15.230264324628337,13.947132162801513,20.06033452386737,16.193600121635402,15.970631386694714,15.341843241079943,14.07847606091219,20.359759771817096,17.905456784492095,15.855103169354578,14.987798233281778,14.048965738408773,19.95328384713371,17.481607661551184,15.487831445490055,15.214913396311951,14.136526769892772,20.2014115781656,17.268454113894915,15.733732763428346,15.180517815830417,14.022334875000947,19.90568876299979,17.195415499799235,15.743516081113697,14.945736111816455,14.061612598995094,19.12249100760109,17.163748337500444,15.683502295995968,14.808432538847176,14.133738391280556,18.601135919232895,16.861558275744596,15.615507089186655,14.805820785197715,14.10498260948413,18.656161425868923,16.867351529692503,15.715787592334962,14.651232799911757,14.160046524933918,18.49887744018733,16.79707323635305,15.736030609770856,14.610642791192689,14.17871236745459,18.477361936645277,16.96114512776966,15.838674382191689,14.802174582453588,14.198179784378624,19.143900045591835,17.193271402134854,15.877445262064665,14.823204144477193,14.152414162722451,19.385817719401206,17.330455569202684,16.110623710356318,14.89280504190123,14.252232223554989,19.104525050977134,17.22633658680271,16.198212897455075,14.942980632326826,14.232106425335274,18.95377297426772,17.244416911219854,16.29557709203052,14.955545312491841,14.28015159161105,19.030734789408122,17.24488093568531,16.352913166537565,14.87426754885973,14.358627014639984,19.03112154091184,17.401713446763303,16.399509713572172,14.939421835578571,14.43621392728178,18.801864683899744,17.43296577133853,16.214825964283285,14.849258445314126,14.451122736963299,18.720858242786342,17.531471900097426,16.019208633819368,14.89521688626464,14.378053814911516,18.884188179924134,17.484223100463616,15.823824453087076,14.822082480171119,14.352525109407825,18.957023235014262,17.17645951096563,15.677167598193154,14.866674419408863,14.329054697650838,19.16440471501613,17.15461933155529,15.785311078033477,14.865966349775345,14.334134806101304,19.670973189511905,17.18697683401816,15.882340355619098,14.875969170590912,14.277492358519117,19.86054588735408,17.16156887960422,15.972076751312207,14.910393760760751,14.404812893327904,19.702094216246348,17.020390170154453,16.046507915055315,15.074917213007215,14.401345599103616,19.929309326381137,17.156405303356472,16.129821662162463,15.102876163598129,14.342488474082694,19.954106459257304,17.00414584187863,15.867113673974625,15.124409397701791,14.282841965540806,19.746112667475323,16.991929663374254,15.663742926153892,15.044213755879085,14.309871650067176,19.965835375695452,17.05510929090733,15.706063636832237,15.034987592032545,14.28197844099493,20.404315845429743,17.201651701133432,15.73625255417625,14.979656374550672,14.361581523535614,20.182513128621974,17.289845661447504,15.63658276569129,15.044166730551789,14.388845414042667,19.969192913331554,17.35456890950961,15.700246650520985,14.920902751680824,14.385453034779612,20.362122348826215,17.187269595519158,15.861349918420728,15.073037355154526,14.433959565991847,20.360709619348693,17.07311431879498,15.72688031277698,15.015583934433682,14.366598159368744,20.315347971543755,17.170019010755293,15.654298914617574,14.905457306338473,14.441507031732087,20.22280026105817,17.16279588353918,15.830011626692391,14.886668149415879,14.367063863033787,20.048025685239402,17.08601385165107,15.798749755260882,14.88785117628745,14.404812570291947,19.718453877291754,17.172913003613083,15.813995593119605,14.74442603748798,14.359375745520873,19.654694252947923,17.097532867029777,15.784585574975557,14.761250954869183,14.400902447786496,19.218981259007144,16.94483987896121,15.79308596597592,14.856624204270748,14.312606254118126,19.154126335224372,16.797211456387945,15.660728628915539,14.788283620914303,14.423874376474625,19.425203012790316,16.559357383406645,15.60431482672218,14.770412747140771,14.40086104729727
27.844259025230965,23.578049624610237,20.935560626149854,19.723640108460593,19.62364291927156,23.908176783643245,21.358259415235324,20.091545548380616,19.757160069153002,18.77062931475581,23.651309211854894,22.074575498471322,20.433404098397304,19.865476879321974,19.316436187052954,22.54223883696413,21.69840650944574,19.635901020318283,19.810219973752098,19.077519353086316,24.899181328593894,22.241802357112448,20.431487861524584,19.808927679248665,19.287417100345202,23.95512611008117,21.619120274260005,20.316610849711054,19.732824105521228,19.26687334347754,23.94068531472371,21.46899757606962,20.323160046552243,19.68713563441184,19.380595085904673,24.081938019710314,21.382234732851224,20.354453881755703,19.647633677702178,19.410379887283817,24.49811836742203,21.254676165668297,20.46361550396339,19.595539264747977,19.485144410512245,24.639801803876004,21.26973344586778,20.520059132885468,19.538374509491234,19.3991298913437,25.111226767396655,21.76904985934341,20.657373636079708,19.56885981600408,19.33594913763689,24.946777059138952,21.954973469485644,21.09718783383857,19.589161411790073,19.387500861224442,25.09462447353128,22.065825177526516,21.324844831880874,19.57419201937346,19.452210947379292,24.87727116512614,22.248765059137554,21.45564478966353,19.66020778327391,19.47644507441249,23.802021053271762,21.84963546975623,21.442917299070245,19.623597884638542,19.5232214096383,23.408294462015775,21.624558051719582,21.51071844151241,19.79861378507657,19.582675537807432,23.87098783266331,21.841133416639725,21.208786930906363,19.88574135523603,19.580972789289508,23.59457823521368,21.532450466266585,20.6995338775763,19.901677360249202,19.533681873604888,23.437971703864385,21.158532447942616,20.522853882225306,19.852750594501153,19.52866647324644,23.875420985874342,21.318617833776663,20.452020094910864,19.991601172992116,19.435179040990874,24.061880167010347,21.304561419406554,20.36346405689792,19.933194809020506,19.318728978346435,23.814268176040237,21.315152658924795,20.457439098435653,20.025475049935014,19.243486909478815,23.78532772573314,21.462695088254947,20.860679669678433,20.167068300173874,19.330588317444867,24.21365576320252,21.834152528042992,21.095630873878704,20.277144670549625,19.248015268779664,24.025175947078445,21.75913721291265,21.224447219668782,20.258863606537965,19.363329025108573,24.12107870093612,21.708214681057875,21.307552782850365,20.213797176448914,19.377383501299,24.31069260907705,21.501120606562854,21.093446003970833,20.157687344970064,19.470427626611617,24.192705900077353,21.58758118323809,21.164275189950732,20.027481118038203,19.276175013556706,24.385170769178657,21.59298848706667,21.29795620675647,20.040756962704872,19.395506080478988,24.682899907159246,21.693776541271603,20.965099016612587,19.991355604803616,19.327004428559384,24.67528952789825,21.812967510231296,20.9192160835234,20.09736789426178,19.476814097583393,24.54582349693153,21.899744687060476,20.757461523537717,20.00116766818406,19.481579193134102,24.729789489834552,21.970423955475393,20.55018516518103,20.133119462377877,19.583695039990555,24.404199138543955,22.00671566467762,20.211607948344117,20.122298717660136,19.64934421000547,24.528190904717402,22.095842443172895,20.328482837318298,20.090447420616975,19.784558552207436,24.516317526573772,21.948198992629592,20.20825443296294,19.900172981885728,19.618734359304078,24.337824347761714,21.845272859873223,20.377646895970987,19.81329717717102,19.601849314843005,24.31554006776821,21.80165061752243,20.292728239965403,19.67693735498748,19.633023531050092,24.092309095806762,21.38358717597742,20.270446147252716,19.548911879335325,19.527640472446496,23.61789981750895,21.33337480505954,20.166123432639633,19.51877590155037,19.448736329548236,23.17369070829625,21.255012648609465,20.014867214290284,19.589555304309947,19.674616710673323,23.31898426583615,21.412106976601937,20.01918375968872,19.663554322080735,19.606452264864643
28.71582789010014,24.091399010701792,21.516013976587328,20.126223370954364,19.52661415490067,25.55147677739463,22.674934156022797,21.56333755636589,20.366185415666262,19.397134846056048,25.85807057021864,22.79208896497537,20.639180829601585,20.332053105537224,19.574856087734375,26.45734486985844,23.472672564907214,20.05448408512432,20.067316979655395,19.50605039199078,26.637126940079252,23.349473750419776,21.02749457180675,20.2676689361874,19.517907247872976,25.8834395203844,22.831452687764518,21.03307887602714,20.27553884457764,19.41706974233785,25.596698650852726,22.548146416295104,20.945403239072302,20.22065177241732,19.429869920874502,25.392978869225907,22.421782890681428,21.06536162392306,20.23223791243912,19.41130361363519,25.138197241411024,22.23193368163499,21.290517538500673,20.192492205397482,19.466591052711568,25.289807299430606,22.074882833096698,21.541180462576975,20.155775316017433,19.474774763049616,25.52116314351676,22.40309093326048,21.591613764738067,20.194640960733715,19.57571406754129,25.65277321265801,22.644489129558803,22.090230759934588,20.28338364920807,19.69014603813402,25.831643388124018,22.66503404296619,22.494994240961226,20.32074595573678,19.734519073753624,25.65583026852088,22.745516584894336,22.63421859983813,20.373762708620365,19.72444952006404,24.971714038431323,22.56369067878009,22.673235193699007,20.347090199087326,19.703863664184613,24.82768015715818,22.50327549566152,22.65277556880076,20.473147595846765,19.78083921860136,25.03550744099897,22.495626901378742,22.251733585072778,20.450587719775093,19.744493631080694,24.659364797979244,22.558796882545195,21.784902792158483,20.368901192450664,19.708921614414603,24.54558932233792,22.288712036463536,21.575355533849663,20.40585410084097,19.693509401018208,24.81422564829514,22.253787684636716,21.28039679882565,20.406716175535756,19.69808290710539,24.836022528743936,22.159873009382714,21.35464214224347,20.272949043119418,19.621368058488507,25.00705447191971,22.22351482462215,21.503300133190997,20.323072892264925,19.609508964291994,25.45516472214222,22.28598426008032,21.792358664821307,20.42240046654842,19.661576026503983,26.02771017425318,22.636872235418284,21.965979336350575,20.450360158280137,19.699287714133217,25.79475713197658,22.665220667636596,22.28519841647489,20.579209152087845,19.724505968728064,25.920340403710856,22.777498546681052,22.23797643979601,20.606444201692,19.758074400914868,25.945008709504748,22.716587749986548,21.95840183122017,20.5787024892609,19.74205373369258,25.748745559143508,22.805484389637293,21.9259973693757,20.432856215690716,19.651840572377058,25.823161989189124,22.69126380871599,22.058410556335975,20.45260807310356,19.640017481644797,26.34365872226514,22.778600680666464,21.73059083158877,20.366896999288905,19.756290706066913,26.127861699373994,22.765250927218585,21.616096638071262,20.317294139062295,19.76727726108447,25.711145870600085,22.625136600183886,21.578103278425374,20.24822236876844,19.751781463528353,25.84184932499529,22.285509744649147,21.35959709504272,20.37848801703904,19.839414737630456,25.565383204176182,22.347074378087605,21.036616465428146,20.328884498554658,19.75736090261346,25.267699688756487,22.369456103491714,20.95165216000045,20.311941576689158,19.70394337733293,25.581643450569892,22.39502238765542,20.923529031561497,20.310419873926808,19.655906371209017,25.743573064889585,22.533688523129584,21.017809202330305,20.381825979728795,19.68980200217787,25.733462820131656,22.759358330473447,20.905155674074358,20.27471729444563,19.659179277198355,25.676404770740145,22.61342257496576,20.988183856391192,20.303752554452764,19.724456927416597,25.352537558888564,22.40243118255479,20.901269154398122,20.308424264997164,19.65477852100792,24.75547357090441,22.100090210453974,20.942909770093443,20.313893356573857,19.740964439060107,24.911435937888296,22.073668380972286,20.87538838174047,20.22092252291291,19.759168062021153
27.585126194976674,22.95037395250756,21.01185381980614,19.62249827245569,18.78411834441663,24.986964296605684,22.18674893435196,21.47609362934374,19.82315930153182,18.33281530021379,24.906524510093675,22.417751532552614,20.699515916177727,19.997382103692065,18.933157630786578,24.92627529836741,23.494482540848622,20.214351813424766,20.014650408366702,18.61247930829116,25.734280416005713,22.8792414153336,20.896081840871584,19.865819642583123,18.669304753182146,25.118427241446124,22.716947831332458,20.882142286797507,19.805595986024507,18.5948560372818,24.965632309234234,22.589213059373314,20.778098155514613,19.743187008975394,18.685425846281333,24.908439427251153,22.47435866414868,20.80211779680126,19.67441288917096,18.623788709671494,25.100636906711504,22.334463259010377,20.72844823378468,19.62497551063433,18.74138634492359,25.101011547739784,22.081071327868035,20.913782332187367,19.599759320008655,18.7731216804441,25.272395836770492,22.0104416015435,21.19526560931974,19.737026888720695,18.85893738722956,25.302776987708864,22.2087806191369,21.786901872713972,19.849281668267658,18.912321006375997,25.27567727193931,22.296154429907155,22.353350326276505,19.96017381564547,18.948255807168984,24.73438421822275,22.15130948417896,22.788114215501643,20.023296091911757,18.86631587932134,24.00675849251449,22.000094778349194,23.02273312602265,20.036217933909374,18.841488192617064,24.0225766989841,22.18519301281891,22.92590527965593,20.085341004733973,18.87908069950786,23.966553578050902,22.094496117290323,22.432351897264162,20.043168305755785,18.904064257365782,23.623507082735422,22.174874147423104,21.954711605145782,19.861807566994663,18.890989866943197,23.45032058983326,22.042852129325517,21.77158603314708,19.802956622569752,18.875430041577737,23.894227480131793,22.205641820036725,21.521060369166314,19.763665009408868,18.809837174086386,23.819589595455405,22.01257093086702,21.5577939656299,19.654162360849305,18.71356655182881,24.044675976714096,21.882739404975254,21.88946532298528,19.826264506818916,18.638740920339956,24.449753404018416,21.7033313207389,22.009028333830667,19.914483686102194,18.65607470612241,25.05184410529528,21.92116169366706,22.038094874445612,19.945023727754013,18.734530228031197,24.808863912051635,21.923636897492567,22.263886329653076,20.09107873922956,18.773290866266358,24.79457803170137,21.959077049136503,22.230899422343267,20.189508132201656,18.83002681732839,24.975293728525262,21.985685942341554,21.62729595720549,20.07454220170579,18.802256045473744,24.93300230413144,22.275911606456773,21.772762837673767,19.9642188839687,18.776331850883356,24.89002669857961,22.135001757639408,21.982267963376135,19.92623516368901,18.687609887859143,25.24979293541854,22.087528546980288,21.60130797776909,19.83374438572439,18.761755569071276,25.093088582018225,22.266310027663376,21.424538297009796,19.716712609543453,18.806030637813286,24.562028334018954,22.386312864229716,21.58525214208885,19.55231053862017,18.81927418241774,24.931354894062153,22.179278776592234,21.192420305003093,19.706948894463295,18.88955154195018,24.907761281487076,22.299909685830812,20.931468982652568,19.797754223023485,18.843578938546944,24.824451774126306,22.385329541504227,20.836909692268087,19.78191737587106,18.81648873361824,25.073477230668107,22.384863517531333,20.799849043039103,19.77786303917723,18.681222776002652,25.136248254444418,22.52431585395589,20.847686969116978,19.913346474801916,18.662814799283403,24.82329786762417,22.523419355944917,20.834310042828697,19.791704012572513,18.619050966848675,24.72435738532226,22.45915926491076,20.79658234442384,19.692687072849555,18.734564302768455,24.24488922195757,22.378926008762516,20.806584613110356,19.674400970462692,18.738961271608858,23.83087201323218,22.249502127524305,20.951344139973077,19.640853958355702,18.90261228009438,24.15155122973188,21.99436048775413,20.83130966532906,19.55451619642143,18.923892463154857
25.870512394173986,21.844044033714713,20.806540367898272,19.460010832531474,18.316428914419475,25.188170940448494,22.06664473205856,21.423886175043304,19.55485882307554,18.3976005360316,25.210676600991878,22.11892213885296,20.34663927960406,19.52534919236267,18.401770184944652,25.05757403844831,22.782629563112675,20.87893824330169,19.60522031152063,18.276265271495653,25.43162485879648,22.445696366735852,20.849232310049086,19.535921657289144,18.34576335351233,25.253896831048298,22.53457991828042,20.878219933552185,19.40803877408684,18.31812532833715,24.845574012349257,22.440149439608355,20.837491933796628,19.390871515785978,18.308383484998128,24.511924261507573,22.448981544807182,20.804939295256336,19.35222022106965,18.26307972026234,24.42732491130244,22.42365278160252,20.670398016235005,19.34027172505352,18.34781274272181,24.301485420247737,22.173078613973182,20.814586155952558,19.39619060180749,18.43093032469184,24.184286119842838,22.112194450281255,20.91873863065821,19.579147809796392,18.443401443642596,24.30314753993487,22.297771325498566,21.23518498937248,19.61121053360486,18.441992786052076,24.349534299513607,22.297661853865833,21.67239522024031,19.642403693663645,18.514157979964715,24.066935969566128,22.140500018242626,21.831448299422863,19.652637987603818,18.504632512910735,23.625365481422833,22.090651182439935,21.938654517908965,19.609133373348506,18.493418090020732,23.77878903183217,22.17953056629815,21.626354943870968,19.544768643541822,18.602547803363727,23.76790599042379,22.17142496452697,21.291795252214918,19.5236346956842,18.702799962331078,23.54521528289425,22.30958588149066,21.065424197509447,19.527013092985406,18.648146270265208,23.49990504855892,22.17344252741765,20.90130998702687,19.49727112630735,18.646874379162778,23.705104235341288,22.18617487990246,20.623679042648053,19.455916260858867,18.50604358697139,23.612787400614984,21.89262552088043,20.819996070679416,19.47809336051368,18.393725571537313,23.890155327247083,21.635224267836456,20.892108255126917,19.61236369748676,18.337130213667653,24.202941964735153,21.55981488142256,20.86426784260938,19.574685224514802,18.402908444286027,24.51016675363784,21.88355596803233,21.061963172992403,19.596269571325635,18.389578311518576,24.27334413686575,21.831963771449676,21.261870193169234,19.704069847568007,18.47071570732511,24.29198308525876,22.135293752052057,21.295275007466063,19.739510373959668,18.5340267655512,24.30592201977431,22.18857492938716,20.97873696039089,19.606961737972533,18.49544708438848,24.195984493833265,22.25195958001033,21.115637479779572,19.543214076074015,18.457392049656924,24.328506211924758,21.969656652529792,21.113277405845363,19.452304591688566,18.456471443928386,24.741377904749367,22.019542916897883,20.797570250165204,19.357734830597668,18.380719907167276,24.617199003540975,22.02414088929502,20.722904328711707,19.324379383172413,18.442775464768832,24.200460978440333,22.22473402058824,20.948528260557694,19.251039043137258,18.47308831997409,24.662936438252565,22.093599892475368,20.662426402200232,19.423418724133615,18.53146506869266,24.49953697828041,22.188465619874723,20.653381594830442,19.57750985677182,18.422102706638317,24.420723604046124,22.292557243645824,20.797396524102954,19.50089417643241,18.497580204217464,24.616048923902454,22.327311872746957,20.800078247969715,19.48153696355231,18.277220267818414,24.54180157370144,22.441738415106723,20.705611633516035,19.559853392524456,18.226129173225964,24.257823296146547,22.37439785021722,20.794576015908188,19.325778610086154,18.176065974653717,24.214268548516372,22.34754115921227,20.544449527482783,19.227371795531205,18.314684347377334,23.85582237572834,22.090142280429898,20.438270989352272,19.261454638942475,18.35394109581991,23.566858353011504,21.992950683171127,20.56383017012419,19.15738412456288,18.576443926256207,23.924126546575756,21.75495753500209,20.535917853950114,19.12808644951486,18.60711446198733
21.15424635351406,17.74959295836179,16.019407547334257,15.513721277198822,14.460503256936379,20.92559180879624,16.89797104223958,16.787681643738054,15.895479513114791,14.654976856343854,20.980650585196976,18.64062351789542,16.463227831482158,15.67669275716176,14.644228891216224,20.67397266192659,18.24646864735892,15.704178784198021,15.603649115679442,14.589326419459548,20.80217484304801,18.02457231979944,16.37926274835978,15.697903340488642,14.579896452926752,20.644619046300523,17.998049997511952,16.4277325353493,15.560308287977728,14.648420798892781,19.743775891370166,18.03258402828682,16.386617590097302,15.438403184965818,14.73280196366043,19.284292472965063,17.725356916543856,16.34557620303075,15.438303509306394,14.691409138049389,19.31956985659263,17.76923392689992,16.488281279903887,15.370704739537455,14.79759829083124,19.160086326278517,17.746753416970726,16.471827085429883,15.306726143736626,14.828392364904701,19.10365402853582,17.85144736013746,16.567091864764247,15.435142320475219,14.860226948428169,19.811183729855912,17.939395774120992,16.4805845999309,15.455606127376447,14.770383766966148,19.998930981986213,18.06001309212531,16.68819175868714,15.486501365299091,14.814908153095407,19.695959264708257,17.918564874061424,16.86495362869483,15.526651886378852,14.742461936889342,19.600216667504668,17.80704922778593,16.926390348923153,15.549567518444022,14.75675393884205,19.62115245620244,17.819735749567997,16.966646326314493,15.486258113626937,14.891155976776512,19.598444766320018,18.064669433453666,17.03329291621098,15.53314893613187,14.975241771298911,19.395407670353215,18.190882395724714,16.87940348576671,15.497260764083,15.036297643613358,19.402502118557898,18.2104262951404,16.709606455631373,15.484646750557658,15.0045892589864,19.540156825390262,18.252360788519475,16.524842027692344,15.419672885383102,15.007660787854274,19.640092162393778,18.036394643969718,16.405269101759593,15.458462550735561,14.824043021959994,19.926051398722365,17.953167294827495,16.593828526991818,15.542626479048455,14.869265693158109,20.373377876499582,17.818567036867627,16.682918132040086,15.51004304661769,14.774302796553732,20.516073721074967,17.92263416810461,16.71268113879507,15.55350465449555,14.836268395666156,20.36909379447311,17.693696226269527,16.73812308363416,15.695383575474912,14.808394304553563,20.57729064569073,17.796844575470104,16.851184285795995,15.781460921140834,14.835573522412748,20.59398141748436,17.659817889430954,16.47840505542774,15.754952420583479,14.692969966492686,20.429345606377424,17.78047596421836,16.214074232374795,15.674881697879314,14.783036163118032,20.667698454156742,17.717853861664867,16.213406634743162,15.697654471792186,14.81504853694722,21.09350604331572,17.9167263927975,16.284421946195046,15.639906331017226,14.866759504269918,20.884429142767072,17.930431332919525,16.192713915013886,15.669739686731592,14.956109455223906,20.621177399838746,18.025130631896765,16.37362203174453,15.524070040911715,15.047934313919493,21.047976946378824,17.885721650880722,16.57495343699387,15.717920192808984,15.157621819094189,21.021479871234312,17.862899203715102,16.46700047129123,15.748369133645165,14.974737221322275,20.98126677915316,17.98010992931132,16.395498440283195,15.644969005941022,15.099372046030677,20.928895657678773,18.00702334190538,16.544816362071295,15.60002418667889,14.954165785559221,20.75912509894298,18.01891603842909,16.463771926391747,15.622039349017342,14.993600463404254,20.45917262697746,18.034437571522098,16.512063891114952,15.397585256088664,14.901707759378217,20.410858022476255,17.917176930155723,16.47978592092919,15.301326719699915,15.043646763224245,19.968205793463063,17.714272828162937,16.517074556516786,15.406689913629503,14.94960832505329,19.911012556490203,17.6058049191655,16.44899403379981,15.399380009883894,15.15486322862227,20.22120311478969,17.34436625071999,16.479849253326982,15.418315526680365,15.10101053183845
21.025899068895303,17.53357787818975,16.070084721698255,15.537888858809847,14.296566967202958,20.39982382944396,16.406626933406184,16.42113250035279,15.881726830536266,14.591396546804543,20.999767221211663,18.228063402395826,16.11405835217109,15.40454549329698,14.495770162070835,20.652895237960426,18.244819420491243,16.13250966797162,15.681778972277645,14.564370549323025,20.63446548825019,17.76535143825122,16.323479858453627,15.623147914010545,14.525710312856523,20.475952466080145,17.795790708470413,16.272071587159125,15.439519335366123,14.625882665015434,19.812999957320265,17.923887145655566,16.252892366142525,15.30551523332377,14.685155741346758,19.338433840604146,17.66481271332495,16.21191709738512,15.270758464861254,14.675214940447248,19.29624062220904,17.720522243291718,16.247514584433873,15.148587403350708,14.727327991549604,19.152504435771792,17.661427326474836,16.21411554895228,15.126944180244706,14.751110813848047,19.070189565329976,17.760062459338492,16.4224723189191,15.339229357378125,14.73782366004759,19.669577184394278,17.892944485841934,16.33548566136927,15.37791001447836,14.64255097528409,19.809752384259568,17.966207764591083,16.54858805883462,15.466367590926655,14.629482141004683,19.6666291979101,17.777921385331798,16.65401548115989,15.54876010141355,14.58210833745385,19.48121110191466,17.77407028118104,16.684626241462798,15.56087694868568,14.571175793738737,19.53315204710852,17.760646786964077,16.695732987006526,15.480871841938328,14.698661117306202,19.493927406694077,17.93257949539044,16.836642590306354,15.510509654162652,14.740808938956269,19.25344645101785,18.1251897329006,16.72380039578984,15.43812748792466,14.831909290143368,19.104157096098874,18.186551428969526,16.56865872734999,15.389155344970131,14.824027224092006,19.320094019644706,18.130162346887516,16.39074417843488,15.2698084475148,14.820612350348148,19.398514256966855,17.849245769572512,16.23430087120267,15.297597067896806,14.7179409302076,19.624205629333492,17.74485188802597,16.40390723041896,15.324157458635412,14.811829554220845,20.107251683973498,17.681306166246554,16.53200097850108,15.356026510895962,14.74714117317516,20.27388310650519,17.69809650741692,16.658796491731955,15.431087307362066,14.803940100003524,20.19871641319702,17.53991407183841,16.718248803095314,15.579719952698753,14.838295816426992,20.441717744585297,17.656544137021204,16.83592664561677,15.585475264085815,14.846579343160482,20.463027490438,17.54667383209354,16.518934022963467,15.63586876051678,14.761890230851009,20.33819983283138,17.552605765066787,16.298413479786763,15.570313993982662,14.846398471000388,20.584530878187568,17.55199641103806,16.334533220338862,15.570065514095102,14.800295237640622,20.926170159307762,17.689540980661608,16.307832854154988,15.539550008025113,14.771732859934351,20.73851486902016,17.77158927094528,16.245492948561896,15.589580974712451,14.814266950314337,20.526312748781894,17.875864015334265,16.289182833359433,15.380564878664932,14.800467672006329,20.974550540597914,17.732419365645217,16.368772026936576,15.522986894481116,14.814144509844658,20.964170788336183,17.682748898879957,16.244019055178406,15.51884363347753,14.794987950975647,20.95919334519092,17.776206343903663,16.287101251083804,15.38296982686669,14.904151461185714,20.842797830757483,17.753638833386738,16.461752653730134,15.399695991275706,14.737985933043603,20.66380976782398,17.730777323623283,16.549766819133907,15.450668684659002,14.7769141365417,20.249820072965584,17.821926656267074,16.649385455402985,15.29084028767134,14.750543873965194,20.17121187177688,17.658939814544812,16.5810911392518,15.26818646169762,14.818407279416173,19.606042932987908,17.456388850372825,16.538113833716796,15.456284822674116,14.713542782784407,19.543747342149565,17.26130934352421,16.40994792309285,15.431795062201639,14.843967902247346,19.841698999740515,16.938717224698486,16.27995195650759,15.394213371788567,14.837702069159217
21.156446512958663,17.64663839677285,15.611191675172497,15.386817809139304,14.252707447639915,20.540108923200744,16.674476986851218,16.624066793603056,15.792042371632036,14.411417464806114,20.844248666812195,18.1453170490425,15.870328559980239,15.250998380501608,14.441175204152142,20.385516464499744,18.141491087625493,15.731427912782323,15.553614502962992,14.451451778891165,20.599375967800093,17.797119949843356,16.053400420080262,15.477910026741572,14.389443270854139,20.36413104519899,17.748559931765964,16.102954047974407,15.304015672040924,14.449574988675767,19.550721787112124,17.738614657331162,16.053665144178886,15.147288675615716,14.500264765559308,19.043916895797285,17.487989065857757,16.075359230423683,15.143816425213297,14.441467166259509,19.09560755249138,17.486793058331838,16.232672571703397,15.020437337028856,14.507450334721591,18.931176726964452,17.36181613488666,16.269081754386466,14.951853399645028,14.537685711826324,18.877473226567453,17.450802920008776,16.429987465524384,15.123741426287287,14.617629232604472,19.563040574316837,17.61645130640287,16.33596692727453,15.180644230683646,14.58532744730418,19.7930215824076,17.794081875393395,16.53372171086661,15.306111163578716,14.619745981840856,19.49296167851988,17.662042436234486,16.588702238831537,15.340302497925745,14.55078123113643,19.369665303928855,17.673873234653932,16.602561055402283,15.40294945690933,14.55441842530698,19.46365846971832,17.6794384505922,16.616408208271316,15.340769417124552,14.581031470161303,19.450982418783674,17.901872933110774,16.73761046020121,15.363519187181705,14.633795052323748,19.231407837154453,17.90490179676446,16.58625763582051,15.286768966197048,14.714759228498021,19.177286700906574,17.998559161098648,16.41854298027558,15.308366435817888,14.668873819499598,19.34989641104026,17.940803556358247,16.29942945617324,15.167228651411538,14.671064163346875,19.413407886706274,17.657815633658256,16.122066432672757,15.193058749096782,14.615290891954896,19.62559511718579,17.549206931419242,16.239931178958603,15.235409149310204,14.61072580446816,20.085723573755253,17.53407822035056,16.326939730724007,15.15346832305446,14.58199679111721,20.265608966577727,17.530426404941363,16.452461485638658,15.225729396094081,14.680788803118569,20.08688365359754,17.40329928133497,16.479525500829947,15.425787798422723,14.728036532671073,20.305551939087803,17.558915088203886,16.624454891643644,15.481916286448458,14.683337539842933,20.358060764026117,17.477453273211815,16.36341412555971,15.511508011506658,14.59736140203698,20.160396383633817,17.53837020086204,16.152325595599972,15.464274463790698,14.628514998879051,20.408279332396493,17.510764502881177,16.10384658379289,15.430705971364926,14.640176851802924,20.842533989971813,17.617011425651576,16.129257957754184,15.401020513875167,14.614165383359955,20.619768867505574,17.69647840769786,16.043597788100463,15.418613391348464,14.673941667894706,20.387901461727772,17.749873588906677,16.102298899870274,15.316544818423562,14.78420927811807,20.819515711100316,17.586861447829943,16.262331098170623,15.507524229562922,14.843305098438691,20.817044713604968,17.543923484049316,16.198975162317748,15.492983768111301,14.768982214008542,20.774915240921345,17.698168400190575,16.157399353261646,15.364242166589923,14.87796287892713,20.704375045093368,17.697252401265875,16.297003794499396,15.363063475091337,14.726548852253833,20.510701577931695,17.68362779760296,16.258197418629543,15.338230728733583,14.734778673366867,20.181671929160512,17.73668716849673,16.306734944969335,15.199432983364426,14.656125084325982,20.11476262961396,17.7129399667079,16.27445061548238,15.166761026326117,14.763863987819292,19.713470682377167,17.530350904610238,16.32826188689595,15.29948369819762,14.697193868141472,19.648460169450154,17.353545453441363,16.2333383130269,15.27046191752145,14.869304824251401,19.94619426763066,17.066047475403895,16.245101709366708,15.216840422247632,14.80564144475125
20.918893973967375,17.45384391527009,15.446154455595558,15.45496230661764,14.251345178041914,20.468215640450886,16.259002100927173,16.39625401618468,15.482633719441626,14.301873040769015,20.63657434633877,18.105321547451364,16.08624699327476,15.27855895039058,14.31095493367705,20.231876135566054,17.57280782305152,15.328198536910701,15.302107289468633,14.571910103304544,20.44935628742632,17.504815351091246,15.876391148600643,15.367676133835511,14.310720490721488,20.22326487652066,17.46693348796332,15.960300269625023,15.153035091450334,14.367681310574657,19.39127682739258,17.43973286797017,15.891092153515538,15.054536712971082,14.41773943322526,18.917946431685063,17.15339656231279,15.789184120624892,15.030816789232626,14.390765643311607,18.969805922612743,17.236591116487002,15.998094893072826,14.958926522675558,14.432378151060576,18.824777491163392,17.191352576697888,16.027273056990015,14.91555949349829,14.520502849735871,18.80728606695267,17.301653668891777,16.104140399472875,15.015952036726528,14.565916066830704,19.489941952237977,17.5230637779513,16.016802935482264,15.06245250182694,14.56941903809942,19.683478373951704,17.654405830695715,16.260347300512443,15.153070435084185,14.607125714561235,19.432874713134865,17.530654246863225,16.316121768698594,15.163700426327074,14.584464605674265,19.271311234075647,17.449727768585085,16.40787534993123,15.19277116826394,14.564527029854863,19.327353660168036,17.437430304819916,16.50611165442833,15.201341297978164,14.657406174234143,19.33659978810797,17.64200496401245,16.592617124506752,15.234280686047786,14.643291188946776,19.088395695012174,17.6792233653318,16.460429907513568,15.179721838491764,14.714222176789642,19.003433262432324,17.742702127650567,16.353291445866,15.134726648735164,14.689479173342283,19.186704926768183,17.78802317864217,16.187631812285808,15.081896242637532,14.717848151988028,19.270780472761697,17.505673750312972,16.03533725536016,15.136194895851599,14.588936597237643,19.45738629777866,17.449793952984248,16.234821835494436,15.16776361921067,14.655942214484691,19.98597877133701,17.51384688890437,16.358517255418512,15.103262240063746,14.596547824772887,20.143535541790463,17.5465960163381,16.35318274871788,15.205649815962795,14.590931317774377,19.973519447515034,17.332209204257992,16.394269598870284,15.33952668113218,14.603983250902369,20.192657168407628,17.492696923631907,16.475269316256803,15.384589108973222,14.628851467394892,20.238048931337882,17.377899398016815,16.215180560931298,15.381920313614714,14.541559610505164,20.03831913227454,17.386301505843317,15.995374013389249,15.340805560043435,14.580589160834853,20.2830006732624,17.37232639719573,16.009790804579374,15.354358938318006,14.626629826651628,20.718987645638613,17.516803772423607,15.992611557627768,15.26263798206909,14.588743129459388,20.500294981914326,17.553883882479422,15.949736367056198,15.251851854764436,14.596984052886597,20.24459930346211,17.583458956471937,16.004727486494936,15.11929277645701,14.622506044699662,20.641671345562823,17.4093983153285,16.09585812149649,15.267608464095442,14.680941394252244,20.65576545933139,17.29441740799366,16.055092961259742,15.279547286167912,14.502216059934668,20.616331343343823,17.398068298489417,16.022791422268764,15.242527963040624,14.614839909275531,20.53390485573265,17.418970540936904,16.1038066318855,15.243450472157017,14.528001853561605,20.40888867281918,17.36048799539772,16.076209963304073,15.274605474035951,14.603352278673404,20.10400540024445,17.413330244612546,16.132001258027277,15.134917926603787,14.532675005697751,20.00957402181978,17.366140762830764,16.04984742027731,15.089182308247738,14.693384128314097,19.563483445544428,17.224204439064756,16.072100116339293,15.138233992972578,14.601201275371498,19.478129063928527,17.08704954823681,16.004132365674657,15.114058552941554,14.720710475039422,19.765293479857934,16.90107721231175,15.968642721699421,15.100483453478029,14.727915061092892
20.57149875369153,16.834517912276613,15.161247985519951,14.920821715001527,13.918689831205567,19.843567333246835,15.673520911217159,15.622857166542524,15.26403340804474,14.146625700319907,19.90123419637454,17.64424466307289,16.007475277382643,15.164953271381853,14.147772836593248,19.457230479615802,16.743583224880627,14.932865856677804,14.884322133560753,14.1973963432076,19.863739965743527,16.84559592443413,15.52475132851843,15.024032468917719,14.111532601601121,19.584518375201917,16.823590554301315,15.502319784225932,14.822365895591526,14.162845832058114,18.88741579800817,16.90531513509041,15.582671144696793,14.654564060051545,14.170590204966478,18.404192982574497,16.596978208208604,15.449372342757432,14.610248689600462,14.082390663504617,18.525022005505303,16.697688972020835,15.634532356469446,14.491738330730158,14.113285646348805,18.360928433537275,16.69085783030798,15.580935856710008,14.423274787534373,14.115401551711225,18.34132586967588,16.79294649765999,15.70866924789055,14.6052321071308,14.125442021977307,18.918803332951715,16.923561883903417,15.537347426317584,14.695278964434205,14.07694033916142,19.150265190400795,17.044809624779298,15.77123946905262,14.728896088238013,14.18636783623164,18.850386721357154,16.99565826177284,15.859652214220148,14.791669501830253,14.151967561520427,18.720445353356126,16.997916608821605,16.02425912598855,14.882859577399088,14.13185905840989,18.775101003309025,16.984261588687243,16.087331136138513,14.861093714050867,14.203979944150067,18.777199756606137,17.164671358121623,16.23725804345374,14.895899326970598,14.252259701200012,18.597727933058938,17.22927663300639,16.001961244841116,14.846035228741624,14.239977459957023,18.47233775887924,17.276437118485056,15.924261755169491,14.854658226486276,14.204921403793554,18.59023454166038,17.20544406510822,15.620210341947985,14.6822401429759,14.22135845428646,18.65337328096418,16.96806259200968,15.439784908455767,14.69574940138845,14.168530443934054,18.80200739050515,16.88829149005369,15.605549054540765,14.684190770172602,14.22958952666258,19.237252498334243,16.896789601274588,15.791895856665008,14.676122271724285,14.165509141063945,19.469071268424067,16.88183392108729,15.733966217368357,14.70472179678095,14.216414310456198,19.343742816831824,16.71020840556202,15.885453245935764,14.901539581051555,14.219501364050037,19.594748228945697,16.818893115011573,16.009787385223753,14.900632372100588,14.178383031084625,19.66488222926058,16.782759182586087,15.70208289574307,14.937004412733836,14.11463289395767,19.45213208153197,16.78586951133146,15.558870381008566,14.864360634334616,14.207944351366354,19.670521780535047,16.802728957678312,15.60148824001546,14.884088159359091,14.216940225050474,20.0801809253524,16.917966604702134,15.604130877264458,14.850998724321178,14.211531881317757,19.87454544068708,16.977478581294186,15.605179041422952,14.91164201528834,14.257186654293594,19.63973919985557,16.95359982096992,15.601408040450929,14.787718740128128,14.306313543927436,20.069529916429968,16.79696776831098,15.621889701310447,14.931565674621908,14.342504038836813,20.094509281139853,16.70926856720375,15.494479169426953,14.952490430428957,14.228943443566326,20.058637016864875,16.905782515724674,15.431598556357391,14.851901089434401,14.339712244708608,19.940665484731987,16.88667760101287,15.51916133706446,14.838177148901678,14.247064140701724,19.800904991265913,16.86545326159872,15.603854098480948,14.861307366390037,14.239221703867198,19.48523662531892,16.96266518058029,15.625112092969891,14.69208299867475,14.214831519184571,19.39771534668884,16.919730012866175,15.600278748819903,14.618103469440822,14.294900666964057,18.943954185458196,16.723078522747407,15.597902352864299,14.691269460158859,14.193536118415844,18.896408848685528,16.61086128253898,15.51023648306995,14.601345633979054,14.306432119694984,19.159780335684665,16.42968034935227,15.456108605500727,14.656504626105137,14.364768590661901
27.836003194127326,23.545677940468025,20.940451822401712,19.748487958142974,19.614348644061224,23.88923805052913,21.353006478347574,20.08716575653159,19.724851049148658,18.762288285744603,23.65526550626074,22.12194455197922,20.406007824058037,19.87485631460664,19.311072205923676,22.52786611453181,21.699477262924507,19.734594917818708,19.810712461345858,19.14255170353899,24.888572007577284,22.24831931025545,20.430086325685714,19.815630167892714,19.29668768807466,23.938562166420816,21.641837437144666,20.319958716221915,19.741494807887843,19.284580770999124,23.92610874732524,21.49013239453899,20.324700118134235,19.70143375771459,19.40514747991309,24.07068320007707,21.393475372999504,20.351504295466533,19.655701652520044,19.440428801051656,24.48042252451966,21.266024778657304,20.438633426243992,19.607383397117204,19.505951145553627,24.622858954499094,21.2869348535869,20.511289173712726,19.55042927919779,19.42139757162991,25.10252769652521,21.769191207349966,20.64544362453391,19.57382894221225,19.359719701303327,24.933489475851097,21.959089134071306,21.09594985412494,19.598612997198963,19.395436687559204,25.068726258474154,22.067433904033834,21.338063873219973,19.58512380989732,19.46153721783225,24.86076470100358,22.270258716108472,21.475821242772902,19.670029518890637,19.486035353163363,23.78928535685125,21.862873829314548,21.46134499485392,19.640474042768723,19.5364051283177,23.3957956859051,21.644714864005085,21.52972127441064,19.823881247351203,19.588589389636773,23.86126986652527,21.86590570812395,21.22700799443659,19.907389314389203,19.597584110393075,23.593348353551395,21.554228653520312,20.717040218047718,19.93312001722678,19.55000596097176,23.436771757638926,21.152587490377158,20.54608586663244,19.884917521874982,19.533712899129178,23.87219519271138,21.312937558000247,20.48230300471744,20.00383933913603,19.43050379082691,24.05734404076635,21.295236453227623,20.379073619680696,19.939067190071594,19.313974687962894,23.818754895567654,21.302955071627746,20.468521730928774,20.035350275390414,19.229329139614805,23.79336751980926,21.46142561022151,20.85682264195649,20.175293746069592,19.314655577412015,24.21781446739039,21.838895554114828,21.079115419044207,20.28702496670724,19.2379233681571,24.036203010326698,21.7418519966822,21.207499685496337,20.267047394318666,19.36510777557706,24.129514342088974,21.686119124149187,21.29925061746063,20.233899623212633,19.391326045698086,24.31250048424962,21.473379516601813,21.081840231616688,20.172389259114112,19.495856867832053,24.197543923238605,21.560013279776854,21.16629207904649,20.040610204224514,19.287492109895243,24.389788622084392,21.571430221212516,21.30550216541502,20.04146626517545,19.403412464220082,24.681696674894035,21.693256051134092,20.966244060688705,20.00112755333335,19.316895847128134,24.677393063754227,21.80804844866375,20.92046819738618,20.097135125574304,19.45624511792021,24.544804774435605,21.91597863640419,20.75647398760596,20.01489791313994,19.463048843156386,24.729206995018046,21.978553463913137,20.541595398986736,20.143168861911686,19.582294334715094,24.408221307304053,22.02063346949231,20.19329630076438,20.13731975254233,19.650455735386913,24.52936553966857,22.113199259364972,20.31564628334976,20.099696077184422,19.79830999147098,24.509964112877988,21.978959716108616,20.21520416323825,19.91145286979857,19.612808037049973,24.334186431346474,21.858877334547667,20.362837210632982,19.815682919605138,19.593099861392428,24.312206159059137,21.820279022413676,20.27620091500042,19.682331509925252,19.612408365532474,24.07726922113328,21.403331267280624,20.264610425643607,19.551647278537178,19.514533799205356,23.60783596543358,21.344547906472123,20.157928017211113,19.52694298817571,19.42338914863719,23.183406944913127,21.279613394740263,20.000144086745827,19.597366179078247,19.66847584952236,23.330722744841044,21.43753272878711,20.010667053432684,19.66059887523562,19.5943389723617
27.77777311436217,23.20929939875131,21.148318699138677,19.737310244344442,19.228367809844887,24.30226498734133,20.993235064506738,21.191058677742028,19.92772019218461,18.777478963943814,24.220874122626103,21.443126408155738,20.709890106012374,20.342762073378907,19.36296918047167,25.26043367822657,22.659920485711652,19.21134565103289,19.582664318836752,18.939039330086054,25.588877931356052,22.19686088844076,20.617152360225084,19.879438578928138,19.06468077414801,24.939564290429537,21.787203835155225,20.45992414984125,19.782728597208028,18.96061586653267,25.12532450153706,21.764329545317313,20.300515126421864,19.724489400045663,18.96139430363114,25.25065000836568,21.738939857087836,20.26929119659631,19.66328242685339,18.911522301004293,24.760523568461924,21.496693898266937,20.59744574995101,19.637662027965725,19.006541571857873,24.84058375085227,21.417088168664442,20.84966914547018,19.645694737364288,19.090106449836217,25.00972833404939,21.692750103542107,21.26373556967036,19.78689428802251,19.261345745031697,24.740380916624172,21.92782743463703,21.905022113212453,19.940503565661047,19.620883954184222,24.752353120809072,22.05959721342568,22.49172091336269,19.999568897929358,19.655777433579466,24.758709468135834,22.205618689957426,22.751920889588767,20.064099449138332,19.679128341370973,23.851112256255366,21.968922888345293,22.840115306471937,20.017182415698166,19.69395959906798,24.378495411405066,22.22124287103484,22.72778511119714,20.12505290749946,19.787062532725532,24.725732088352252,22.226026529513565,22.24797172192311,20.033557109486207,19.590598791394036,24.2967018953855,22.223300661957616,21.74824892785358,19.910558897520108,19.605777070944292,24.144286023345018,21.857354001376052,21.43632873919892,19.855218721013156,19.573058155213353,24.511493480331517,21.84654827937096,21.262916329339944,19.86004551454193,19.59119512425729,23.81232495432861,21.429310862945357,21.201967862656563,19.736187861819985,19.479783754530395,23.523873949468868,21.46367745028788,21.492109732656996,19.78728925535797,19.492556449358524,23.799363005706947,21.403938859198146,21.633032334248174,19.902425705131975,19.491613062652068,24.38672111234755,21.715234254092454,21.721876013573848,19.968271381547236,19.54580073787673,24.19658953982551,21.691926938241792,22.02716053583365,20.126199205141056,19.536759515624315,24.297952894840797,21.660609603082055,22.141450602080873,20.185854936724006,19.49346736308216,24.499904454257038,21.4420151911683,21.741217851985407,20.149276919565065,19.480449975839946,24.310650200534372,21.642461247866553,21.813900129664585,20.05814843417374,19.47185569376816,24.36717497442859,21.619701381417677,22.057171323611378,20.163927618713537,19.347734489314107,24.725500553489326,21.709363857073377,21.657384143817332,20.09258095685869,19.36571052245593,24.667301267087275,21.8728901196015,21.47486793578697,20.01571603830586,19.387068032005413,24.39428044551088,21.940659217628422,21.51111643670196,19.998225508642708,19.405694191620515,24.756970022386923,21.828922008231167,21.196485159524684,20.089249625092684,19.443646537457102,24.581162195742003,21.97027620290556,20.837956999934157,20.029002876469885,19.47899956380262,24.58273443901598,22.151101853828084,20.66896196312734,19.913470506445485,19.45942871227054,24.648417807505112,22.111593710119998,20.431241902237073,19.924985748059786,19.450783493296296,24.54937330333937,22.187581853549837,20.454112919981753,19.98722841132614,19.384344378122115,24.3828180067165,22.10020550746936,20.36103914756837,19.822291300138044,19.41362197703382,24.243566619178285,21.907619586371776,20.39776764951258,19.819967631696734,19.436794553217226,23.835754359148915,21.685951139511257,20.37835699762084,19.88136417770786,19.393924174821727,23.236311181051303,21.552983598102536,20.55420642272196,19.84131895760524,19.407481210343445,23.48749422269077,21.603613721423404,20.4688510081385,19.73852083228381,19.387926266581207
26.950525324445884,23.010909320672162,21.72979223962599,20.011082683622252,18.983338974194325,23.78281757332082,21.332017760001115,21.556358536595667,20.0209953346757,18.531043014363206,24.428503474101845,22.697519762227245,21.57586595187788,20.530647892669403,19.512203704563564,24.161401550443905,23.465820352343492,20.33960904318618,20.135227242215297,18.787222240431742,25.16308634234432,22.5873854236996,21.367595736857528,20.089411702079325,18.864364929651327,24.744684774243165,22.417025055976296,21.32296035234968,20.032235904250335,18.907707614347267,25.017640595267128,22.682032163282837,21.310035035771364,20.05691581363627,18.987531976345934,25.117954666258907,22.447087336554546,21.138687291898844,19.84405689017997,18.858971719135162,25.22561361228454,22.33417145876,21.35397115309893,19.795246742885105,18.91736568748523,24.954978027981447,22.38719432742203,21.46836748906353,19.81775787180872,19.02453102514876,24.869903286339014,22.421896683521158,21.729231719881618,19.963239081355646,18.964589134795396,24.62626623285404,22.449633444025466,22.31971023656148,20.043081550251106,19.04731626419246,24.649666974885797,22.641165649490652,22.998938636038254,20.265937466984564,19.07138293096937,24.684502251684016,22.65061408374003,23.259852713060365,20.229848475505765,19.029680721516723,24.310518226915136,22.36165298111272,23.488649314000877,20.244164829365026,19.02553923484111,24.490324636703214,22.44299659302245,23.394149355105412,20.222433108308724,19.05821515833123,24.79375049030013,22.279270914263797,22.835905401585016,20.132068713234027,19.03770366593904,24.64139393230098,22.422939507213037,22.3343379414002,19.97696383086907,19.026747607955176,24.54769688760418,22.32274185310842,22.133409019447196,20.093430410166103,19.061141861117626,24.679382330348858,22.60054740230067,21.951119002797256,20.145265518262512,18.954950318028587,24.747576122195326,22.508103035247295,21.939580797833717,20.078027996390617,18.965004057335616,24.613906746390036,22.613907994009942,22.306088991672375,20.2388453680663,18.950527988311087,24.65839146048128,22.45055562394113,22.39844803418959,20.310612713314914,18.96522194311591,24.74028885836433,22.44759897378246,22.34711140421875,20.21965044659107,18.858984813385018,24.732061831082564,22.34669740469679,22.514230056294743,20.321667264575918,18.990110487612874,24.401385387538543,22.45110049662951,22.66767529889279,20.372441610180353,18.89604289496547,24.409014473971723,22.378470087604732,22.23210243306888,20.202285236202123,18.814344466050308,24.37852591732193,22.446234966325136,22.350930347910825,20.14743177303785,18.758271851923972,24.35732327345199,22.333900076758862,22.487772716258707,20.24010214628771,18.811118287655557,24.827333326445157,22.36212731918497,22.119867924665936,20.074824261978115,18.73743089954325,24.77028983408176,22.22160115271827,21.704973480089752,19.975590292141376,18.845333696312366,24.5360072275001,22.172076766119453,21.53555387130198,19.95099736981878,18.85325499903258,24.667239887344174,22.12867273107373,21.296769340920466,20.053111235975386,18.919100118160273,24.450647647914057,22.330081794713767,21.131816341161006,20.002361787901386,18.866334721709535,24.347810303487293,22.30828557583614,21.165637421249222,19.965760705452947,18.868815259612937,24.655387437393564,22.46341008633481,21.110296236429086,19.96306972200488,18.799030757160715,24.698575534071615,22.595065006301,21.254145531281832,19.968626210299995,18.808363388903377,24.69916445244283,22.455073242734578,21.081296701731233,19.778335587701434,18.802642411939225,25.02339590323803,22.26617089850297,20.966665194938482,19.80140061056115,18.859418825600176,24.74749889922198,22.314730021248874,20.81925038407913,19.806847595239372,18.918490856368315,24.70513863051182,22.272360458293342,20.92590853982984,19.83112996868944,18.96973240068221,25.068909931024248,22.151545619405596,20.93644207640621,19.82672039770886,18.973691285581793
25.132203312228892,21.718165505937804,20.95290523359716,19.27548742343063,18.299038725320635,23.989237884786892,22.020636195050052,21.3767716828608,19.661660039139274,17.925776062145626,24.769369635046377,21.266555037505494,20.753008759735053,19.529799943989293,18.328890351508942,24.97173573988286,22.349492062693404,19.131143239871946,19.431176552148322,17.825244139066125,24.895713910997735,22.128214336441953,20.550993293921607,19.482643290159977,18.05665255544011,24.665372608697744,22.126134046999738,20.577620637268673,19.32737892947091,17.9973280040223,24.36488166754942,21.968540363082987,20.523451366793285,19.33576664983971,18.091545391889476,24.12563117496001,22.165054202146404,20.344630097744133,19.231910460257374,18.05554754319371,24.04159987025537,22.089615431102157,20.52756351921157,19.280816759077624,18.221234526208683,23.9093204401308,21.786441300058346,20.691428985139574,19.27625877062933,18.313640205666484,23.97375127588155,21.77462065421135,20.817406874345984,19.468998939469095,18.350843053282755,24.1106589173262,21.91913929361374,21.202834733818968,19.431794231831223,18.320838708830856,24.247765851533366,21.753311093429364,21.75324708534928,19.546949903481355,18.362824568166868,23.84275840039927,21.65043754767864,22.074279745947656,19.525965759550804,18.280657146211436,23.432344824464174,21.65049968418869,22.21181984006977,19.504871790502158,18.268031070838102,23.477293733935046,21.792808011898423,22.091810699505487,19.522994518897967,18.34082287536032,23.69171128683691,21.915492707881704,21.75153782819308,19.469125520708307,18.35890078525101,23.514105974707107,22.189128876820927,21.338531303366352,19.458949611861964,18.313847864669825,23.599125965891307,22.095742311462764,21.273968515959172,19.441117497915197,18.366512886631362,23.83414691497331,22.16497076145411,21.197691953104005,19.471560359553127,18.34717716414983,23.65580390799011,21.898136423560658,21.11332311265297,19.412906871328296,18.282681903029793,23.650709368497385,21.676273752779004,21.31873520021423,19.536389105611285,18.278782701247813,23.75945637544999,21.48832387649779,21.474997698060157,19.500376986162486,18.329510596742033,23.966918429608764,21.787241273705707,21.41234925967089,19.441301614376737,18.32042213112023,23.765223411425293,21.769339015732122,21.49537483340837,19.460272081560806,18.28306099836723,23.98823129847571,22.058716039254403,21.643102423007655,19.539789157380966,18.164695416115926,23.955560521198535,22.133821531488184,21.231041640051316,19.45562777300993,18.180690601689804,23.736956339796002,22.238769524783486,21.412348610445484,19.41130446872844,18.162043194090135,23.83319596090943,21.895515802588285,21.519482796677767,19.367141117577802,18.08678028067328,24.051443075496348,21.841161879866764,21.084044462279113,19.315569173971816,18.150104875241713,23.78419492425779,21.71356842224841,20.94262425729799,19.333026621486834,18.36486430956169,23.738507042077007,21.645934625425237,21.120062594021643,19.274739712979944,18.311258196116913,24.116078731063162,21.617893898242073,20.80609996672178,19.42161864335261,18.3735159614179,23.975661508743237,21.722306312613355,20.588063195558448,19.49121748515912,18.341851859613293,23.829333381741446,21.733055856762867,20.792463803204292,19.447728511976685,18.362885458329835,24.060946378336975,21.688379449082746,20.715088994993938,19.30672783865036,18.168193753195208,23.77761131988937,21.94436090199384,20.500860517598845,19.392669885451582,18.213141295022144,23.74951693489425,21.85508636081058,20.435840074755202,19.237012659523284,18.12601765298181,23.741477126089254,21.753196918730104,20.41776537605085,19.217318645820814,18.267636339911686,23.772347507021173,21.75579522106778,20.1586348857225,19.255288754770703,18.24200189553808,23.842626264442657,21.84854721243767,20.23597384261158,19.344380433876903,18.352948021757463,24.170346197503953,21.60426378906623,20.39417161449688,19.21449307046741,18.293371041667047
15.057406107538453,14.822361954486826,13.609775855792131,12.933801449269824,12.725163105619798,16.283816101105838,14.292475161991469,12.511656300063311,13.65420658210396,13.21555270683768,15.553234994735625,15.269424620413076,14.64604540956852,13.444018024583224,13.320498419686572,13.672388049676792,14.165264805857806,13.710525354632397,13.64968723665262,12.992660362462674,15.1976438597103,14.73245257246588,13.510160125538098,13.390457974962084,13.037599465587018,15.396420702947756,14.510572078795866,13.589094087047306,13.35544016248549,13.012276321162997,15.387269920824712,14.621676944745413,13.932201309187096,13.31627140012741,12.981377592211535,15.400606041962911,14.494660212930436,13.837864694231502,13.312160872738199,12.829628730008787,15.956910146630602,14.58828921771322,13.873873205934924,13.274814805241775,12.722586603310102,15.99523170237471,14.500987204417816,14.17858050863261,13.256883655406948,12.744161912715857,15.708266778528033,14.615127253312355,13.91961652660287,13.278838796134755,12.835930550735366,15.762272582196662,14.676354976276969,13.696243160390718,13.214197921712588,12.814528271728534,15.738806831002131,14.593065188163303,13.576361076474921,13.215063353307581,12.914611522513189,15.424740383770054,14.537549106487802,13.313217341331129,13.180696816366787,12.991353216029614,15.49711907968575,14.537751448632068,13.240299449889397,13.187497048077656,12.955651670066104,15.60174389088757,14.464454103069482,13.37610379616481,13.284046641610336,12.965008504097295,15.300392456068389,14.354964397291559,13.590195944373349,13.343002100242535,12.913440485899281,15.279781158679864,14.54260601750255,13.635318299036863,13.346013675059236,12.844142947652603,15.270866903957486,14.676903346551423,13.853436197964452,13.356545582992473,12.732994404196855,15.007501374036313,14.527664336685024,13.55103041674378,13.355631862859559,12.779239079993236,15.039490524334074,14.565870228177989,13.613753479927903,13.392928758572378,12.715428246562254,15.01166025911886,14.557674590410082,13.510407049704522,13.362294487204844,12.720873292018018,15.147989728880185,14.332705108910293,13.543665730335897,13.436049246187986,12.779385022006206,15.40410634396881,14.142989469363593,13.471423245405651,13.391144710687929,12.872601298468236,15.425420838422728,14.13138962927672,13.679369089166972,13.418739018380148,12.953218939006991,15.623007216000047,14.331408250542031,13.816106542378373,13.443170685348676,12.946153173059539,15.823804131614697,14.308274360506093,13.877538123586834,13.501108235315181,12.938754595534988,15.44211239022015,14.191277517647109,13.981929575982448,13.396174330224994,12.949892691996421,15.324474454165557,14.2721757969254,13.836709790344944,13.385481879196352,12.987379123062908,15.57285912742988,14.371498028316916,13.84111585789359,13.392980377292186,12.888704122480164,15.60579685423445,14.162749047534863,13.509444463641518,13.319008466348748,12.920693738883017,15.853091425602177,14.077963409411163,13.436579554316188,13.191550229569637,12.944707314462693,16.18577786415615,14.220055926854352,13.274750479392825,13.135154896518383,12.877419144952864,15.98777188774073,14.139173605258899,13.536151178288753,13.181993227546988,12.816770083405633,15.787015712407413,14.148916602854632,13.514253993947895,13.094920810895193,12.86843530711107,15.687080080701657,14.212874159564771,13.537482791816862,13.080943825702187,12.88463206004796,15.527852021881785,14.21470701560025,13.58420594715032,13.213110396962938,12.813021450614855,15.493179312143365,14.285956115594686,13.55179543146678,13.241279095625424,12.917227772438519,15.65562200885872,14.375427798715318,13.51474258945164,13.223680987065629,12.93938747226762,15.689114458567227,14.364272616652567,13.600524319923826,13.274000735321911,12.777469616404968,15.580894053672665,14.308307346291908,13.692175619923521,13.358914238999905,12.765401707953648,15.476046300020073,14.39502281452829,13.608560084986896,13.362739853356635,12.932795669065115
17.722606734576758,14.487550362010936,13.618782943677758,13.57451126895521,12.6196897304254,16.81549725679766,14.554839398032042,13.404587480098845,13.851836647169295,13.411352724018714,16.328368885370843,15.292583161047743,14.368108782676238,13.458444533666878,12.96166900744988,15.1125435402028,14.364655386283783,13.776518981825461,13.409937628752502,13.036843005035013,16.458118076282624,14.72352307059299,13.752828664137354,13.519226054719983,12.942681232902425,16.140649148085497,14.612784156647214,13.761347034794777,13.494164134924086,13.05978705851814,15.874293062047565,14.78939582400437,14.00582344181143,13.381110395660878,13.001301181600477,15.846806153199754,14.586243795778453,13.881836494800599,13.465450287248458,12.874039741515418,16.226714721526754,14.71583904952613,13.899483688077407,13.436245068682215,12.877832084259538,16.31519031565381,14.775508130268324,13.94675074461556,13.45396010027208,12.920610367022402,16.281560806981748,14.915104650635907,13.94641149605062,13.46589210238362,12.909247446469738,16.59828208504765,14.719601470110996,13.91333693820485,13.594468449457171,12.860125285198595,16.696459429544454,14.868223299562567,14.128451157094108,13.5234140705031,12.9966586435654,16.53486340500986,14.898924495058163,14.03271678936215,13.51097171656238,12.989057956402764,16.24415689038233,14.983342852598406,14.21663430620172,13.501191987485933,12.970551294602547,16.284002616283082,15.000288463420688,14.38299293059977,13.447611194354488,12.926925063014721,16.14984949160131,14.923164000621401,14.3159768366158,13.353342993570616,12.920042456835414,16.031851109089228,14.934404432390753,14.122073185855385,13.373906783876231,12.873713712238754,15.82817993102827,14.879952008508038,14.251514212105931,13.414355977849947,12.78962004668811,15.810749399160008,14.542847686813317,13.899967669867058,13.392535022146006,12.844454077207129,15.892255813622489,14.446909575241937,13.784005802516266,13.472836593424137,12.892377098038406,15.744684291041253,14.77596663771925,13.847345844892718,13.502033760637664,12.966563255984875,15.795807840427736,14.685269017119884,13.883563219864394,13.508248059319683,12.974683308531263,16.074872388378985,14.659326048836215,13.794690711085261,13.495593874513139,12.963932091832865,16.208797137178358,14.583603445989226,14.015902839371549,13.688178020677631,12.988838350166128,16.39542229590463,14.771280180383297,14.010357550680094,13.683629835400293,12.910359632172378,16.519897758325023,14.63747935486828,13.903772603711598,13.684182344063931,12.851770533919114,16.23644067292101,14.482380005999124,13.930441468859332,13.620429375472872,12.825901377223483,16.26061224519577,14.626446631157624,14.003896722846083,13.624466223939322,12.943399606440547,16.25351780490831,14.639586129239385,13.923932615148772,13.42610203373349,12.905354208928193,16.173159719947808,14.519290838239211,13.87279013723818,13.429189637246528,12.975892046856037,16.233481281025746,14.250541391077567,13.804286862011466,13.381908761269617,13.038306530809336,16.652443952789177,14.513578254027646,13.755632572833917,13.420311104397655,13.030750230342472,16.61858263623646,14.396896612843435,13.803360103638752,13.526669234037167,12.975802211526169,16.652868483993853,14.711418770116842,13.741547877426026,13.556118579841382,13.021655329211328,16.33457623548779,14.606578316273277,13.834437533170705,13.551408177695658,12.990110863148496,16.428175497648056,14.610302638860656,14.032568324349493,13.56415771021239,12.886565718057213,16.172637638763607,14.486998817570518,13.97093871706565,13.551545703956354,12.982564766839653,16.116989750408557,14.510982902479517,13.994679027941269,13.402467045982187,13.002080924914077,16.06035125677959,14.311008499531562,14.195858519187226,13.431031192981166,12.85744447712003,16.086204661670003,14.389699014647153,14.140506435805278,13.449123146543434,12.852323502852508,15.961539912407781,14.458476868309617,14.00751314947309,13.466656768969028,12.958870300394256
17.86553044424418,14.194504008770844,13.963208401497809,13.547957252530624,12.606163809701831,16.99149114623856,13.57358051129672,14.24644004498846,14.058075024319274,13.177513419691822,16.38072842949625,15.472388826677685,14.323062021581173,13.836728972454399,12.334793158367075,14.81432302106908,14.388618458639044,14.218523823346763,13.903716965344033,12.981588069326092,16.481737916196288,14.440567551901438,14.128995942770029,13.78131936540685,12.755642707953553,16.144769429052715,14.360327625715422,14.124010576517197,13.66320343714872,12.823907097251894,15.915549994165659,14.707520793865033,14.153477618721302,13.539608398152328,12.788912109120698,15.774646865333995,14.511918005446415,14.065497929801825,13.440765307115544,12.839417716948878,16.23259052163675,14.680550117827433,13.904141410253922,13.306775626485962,12.739458218853658,16.36236526494819,14.754655856317195,13.926330417756152,13.381028875552108,12.83168587455693,16.29436584362476,15.024765271652388,13.923980501555192,13.5149408154019,12.845063419242052,16.53482022561135,14.994587435493447,13.820697713799529,13.552070404087582,12.811953760017076,16.744346120553235,15.012648963926674,13.978422744909196,13.594129664239512,12.891416198699696,16.448602884157165,14.940216531204106,14.050325931470363,13.58019294795234,13.055699437927643,16.164195391509587,14.94873730452375,14.219218576550926,13.420368316667682,12.994559041621898,16.247478242257085,14.836365453952794,14.355060857748963,13.422284181837716,12.953980569344258,16.04243001305455,14.712671786859797,14.55450272244361,13.42999709751309,12.89607997608184,15.927457291683822,14.780942287117062,14.354401992520243,13.419226852544844,12.969374979524991,15.770657386263096,14.797679533684947,14.47817086749472,13.481783692124989,12.84722678662797,15.670211470783178,14.572496512864893,14.223032988379703,13.499394093376674,12.906078917305035,15.747163283945728,14.501665325970487,14.043672674703917,13.439197422719232,12.977322860495509,15.612189919648301,14.6352769615662,13.951027896701044,13.40994550566883,13.161668121074616,15.699311390249608,14.57357301786384,13.929771312534992,13.38871951210513,13.025089231860175,15.993937446829458,14.4953895796067,13.736776883834228,13.360156817240767,13.006633343360917,16.16135339777841,14.622587650796499,13.929018083928487,13.516364406836203,13.00499884681913,16.351956907424217,14.761475062621667,14.05840548937785,13.592275997455554,13.020106213210914,16.419722882567385,14.6753781128406,13.970113184105605,13.643784427318764,12.901549197627395,16.11778959546174,14.52537620118735,14.021079436798535,13.624440206900221,12.9902168055277,16.21537806541774,14.647285706339975,14.066510303662866,13.68061562528131,13.031050347251256,16.201645962079176,14.490510287686678,13.873552423381891,13.577223613969892,12.94821859038122,16.073486316376403,14.487595273221157,13.778713097084069,13.5549587186445,12.894313818140523,16.25166120675042,14.415216228930575,13.674020233763116,13.43130116321701,12.965256956426146,16.7466849109382,14.775941974315653,13.614586411111725,13.520749767408375,12.898450446673568,16.687606246164588,14.7724354656891,13.615505979431997,13.528814182519236,12.902509117396928,16.797635206917413,15.012423313925174,13.47743688165553,13.441924918588066,13.086965917456087,16.572181995863154,14.967002171749908,13.485656754704351,13.333491122837662,13.019826889504932,16.571976527548102,14.992676312063782,13.68586704035224,13.412166358806692,12.918573238770467,16.116817237581408,14.84137689192786,13.712037097968707,13.267300229275895,12.935157888255983,16.01362835636543,14.802787360832577,13.820237616540629,13.156057209892703,12.931609414610978,15.846726519388909,14.685927610340618,14.008407668565983,13.205059429835064,12.78895841657441,15.77171175403529,14.757186766412337,14.079497625686852,13.323116115415946,12.866955865442502,15.677424907535027,14.699364864942282,13.90515965660119,13.305583336916541,12.95300385897776
18.047263672614243,14.365154568448618,13.686378065014555,13.564314088378804,13.26642056635999,17.041018479798723,13.779975368934444,13.461899186564017,13.726408187443276,13.385278168564065,16.349917749868375,15.548222421892131,14.12416840053853,14.022386839562117,13.065007987532308,15.401077982036748,13.623359363605433,14.086103551439972,13.900251269599273,12.840441641175513,16.664351923136202,14.376471922724798,13.813560192323289,13.762683874446491,13.060169261534773,16.284113377203177,14.27797823549557,13.745578615101039,13.670918612680913,12.98962711958676,16.096853020362584,14.598388220343187,13.968522049391925,13.621574422676332,12.889604212957664,15.908655206996638,14.312435921363512,13.802741086522763,13.45876539346862,12.85561650612747,16.243560917657113,14.655071930979613,13.647103819741563,13.356369782893164,12.897137994121385,16.322808974208804,14.74609607659319,13.674869217077585,13.281927742030287,12.949445665833542,16.231202257900307,14.813353168788435,13.802616997345286,13.324610439928472,13.010861356081719,16.476142559946247,14.82715128065266,13.748583275486439,13.400932831675444,13.094490469826516,16.702810593404536,14.906541192502218,14.025421808671132,13.44363355629159,13.125084206716702,16.4788609368188,14.948074974654176,14.12373900845635,13.430673028477571,13.102778379635334,16.252823314035822,14.95283084828544,14.340518928282686,13.35827868261772,13.045855263700446,16.361729708364624,15.002338340479378,14.431637886117192,13.379238894893017,13.040637569356601,16.252270721714854,14.822490034682726,14.54203213093876,13.308708598066374,12.984017784761154,16.102498758456168,15.007520935295526,14.310040065968312,13.325599381416335,13.034502706509915,15.966193962515353,14.961635684213153,14.417768512017357,13.378733843974794,12.979753940957119,15.89441403045591,14.844394247143617,14.015555406719383,13.493204202845567,13.027589069469098,16.034824448021407,14.880450815156877,13.910468307754645,13.503623854356842,12.989934301489788,15.757229693720202,15.036925089046056,13.874917236284125,13.579483954546038,13.07455968471233,16.016147026521185,14.919309067442404,13.92692942596599,13.665273790914522,13.083511724212025,16.1907847055828,14.603127363843829,13.788046249800527,13.576828557073867,13.127553654425384,16.25045520655977,14.66667582143395,14.032292233991086,13.680286629661685,13.252778799047814,16.407236094361927,14.739849264013534,13.993293758082164,13.649635861730072,13.257992289880297,16.54361135638299,14.67461290259261,13.984359301338708,13.567036957037065,13.167362536277697,16.19949442367431,14.260996834019474,14.1362196988438,13.464711314657915,13.116735562926896,16.255359113417775,14.544976169985485,14.293926127792052,13.614904900100095,13.19315548049202,16.267075724599437,14.408710917202459,14.237106684815302,13.486694923439206,13.108626831517274,16.13660119123474,14.299181363530469,14.2447351255125,13.583205811329819,13.115996108118514,16.198548239706746,14.116424393098217,13.966434681820795,13.540496353879044,13.211478802014057,16.672606413207042,14.55500833560499,13.84380141938162,13.561067845604814,13.149017405907742,16.66276938694633,14.588148857659144,13.733020081162593,13.504998730343038,13.031780595824667,16.70497188062208,14.657360529563409,13.73763386890919,13.464728853242566,12.979773277178499,16.49630404256684,14.63259616842883,13.807233690370088,13.367882114503534,13.03750694017595,16.55317740733284,14.78996882197284,14.016288735930019,13.438002952832306,12.976321834133765,16.004721295825675,14.710308628705196,13.937097803194655,13.343329005152995,13.019706141174543,16.04972369091051,14.646196579579094,13.909566275419682,13.244141696801497,13.118922230602058,16.070870083990766,14.600077370108298,14.0135859828416,13.283660701292334,13.091085333009739,15.92802868088946,14.731301080392631,13.961207745369189,13.342731775400079,13.04438770889069,15.914165346717649,14.654846204266695,13.783606101427798,13.353388279601512,13.095543402629023
19.973375555125205,15.901274781094289,14.767168150000169,14.414458854230936,13.315563436087663,18.7999376566848,15.083038435423344,14.646844189639573,14.75398704837998,13.67824975639544,19.115482438821022,17.050083198434425,15.329160243757926,14.035028179573771,13.425318692381602,18.560677007459812,15.951693200160943,14.6475496318428,14.6022405252462,13.448425173250374,18.977631811899748,16.10220416507954,14.87730234261792,14.435980175606653,13.456550115738883,18.557521886423697,16.118172919995168,14.827488011029363,14.314906561569776,13.528624441229649,17.967246483113396,16.208858684763502,14.907901069836194,14.192088625204283,13.53183944252387,17.467963322862126,15.801850017112013,14.793348959218557,14.235023153103374,13.531026962238744,17.571358274410283,15.849959175419304,14.862607116802668,14.046242123835288,13.599255058730455,17.546271392717255,15.869060562378072,14.848577825247023,14.028793438465419,13.642433612970825,17.557295619441383,15.904629127463313,14.89581522281828,14.153004806660562,13.663065583139428,18.103619445688857,16.043197721562173,14.789491096850707,14.189145288524504,13.634483936721347,18.38171723014274,16.208023777061964,14.928120161918136,14.256810287521741,13.68815760259128,18.085306708206677,16.180947397703285,15.013638483139692,14.321439301768498,13.655892215085284,17.74575547025346,16.127655214157226,15.172540477582874,14.266961575352036,13.629957801992287,17.823206504861172,16.177221619503335,15.339575171464631,14.214585288490662,13.633755269799668,17.78229750763849,16.28020796926304,15.488441888583944,14.255445600762496,13.59827858211355,17.570057868704318,16.339093178478862,15.414269034019506,14.138301376461973,13.609345979085617,17.49232284232414,16.40507684646892,15.357504948638951,14.103810110152668,13.478120246541014,17.64359003902742,16.339147847070898,15.168181238092135,14.088713235489427,13.493551993455906,17.726206953236094,16.132752435205834,15.075193262309819,14.086055899734339,13.481981607594037,17.84051406164899,16.12977687261439,15.17893026349743,14.023784949837907,13.561565448200941,18.24851646919229,16.151734965610817,15.253361727684236,14.055142518523521,13.518687174099053,18.366147586164818,16.17647879603229,15.221325460767465,14.140881213276222,13.688596416186652,18.265993763000633,16.0105667905518,15.323953384151253,14.248753076909432,13.713153467541616,18.55129680570159,16.052470880396193,15.310079851605906,14.223294796824385,13.666553179834157,18.619593361654637,15.87334636162097,15.133312932814809,14.24074445141019,13.633822936328766,18.37063059325974,15.777331001699428,14.918640939112853,14.229131196030504,13.642129157709089,18.61516142749508,15.766373532602135,15.028572786603931,14.276255828720796,13.634218799556626,19.042576058470356,15.848505189712236,14.964695662399432,14.252963316027746,13.551082474278354,18.784536476309512,15.89456916367883,14.924100872135028,14.348603893474664,13.558887769845294,18.534785155807022,15.860796963476608,14.88914718606514,14.221657539033615,13.618466700332823,18.95918904168381,15.860135375701997,15.079492996975,14.283330784343653,13.683318747739406,19.007809656033963,15.767236664523528,14.883753231501506,14.263146087546763,13.575188347930592,18.94983852267555,15.949592870335028,14.90257593971773,14.207463538512735,13.75997250655898,18.7756073378008,16.012578027339355,14.987467655682412,14.149375366159276,13.759757299551183,18.722741206128525,16.002487018205233,14.976533207436622,14.165744650104529,13.73852158699639,18.340299807076175,16.037428930070966,14.958869427188201,14.009403577107737,13.716489861210055,18.23784067057657,16.00272366416548,14.962204357129801,13.923708644319595,13.834190227430014,17.855800589514608,15.888815446964216,14.916014223698218,13.994514781852667,13.654275664619572,17.826081487074074,15.71921470226152,14.794650907925842,14.007749739960593,13.670175805378477,18.039621369954478,15.630906542902196,14.729908845487184,14.142953497658123,13.658354772693977
27.829479187254123,23.55125820125844,20.911364476269448,19.696925101173782,19.58769535959442,23.875068460633255,21.312311443159167,20.05900995673798,19.79304882882645,18.80130296478138,23.644956752859105,22.09078224431571,20.396940443654863,19.911524895803264,19.28206205537741,22.49421483569677,21.754193768866873,19.750680358195194,19.810481328120108,19.08891317473529,24.87609721226543,22.24136837185251,20.42357465640098,19.81799553667239,19.28091395066382,23.932279106516578,21.629913155058745,20.323564419847468,19.749450506299915,19.279788244204404,23.91884917128434,21.48789426474365,20.328398429232767,19.697464944350855,19.388680447215844,24.069848383545175,21.400166729685445,20.353917281290784,19.648943669073013,19.425061803886756,24.494078445967766,21.25626758991524,20.44955497356481,19.60874057344519,19.50857320077244,24.63582102843847,21.280516604578313,20.51550525462328,19.552173743760275,19.4310054349447,25.110089217482557,21.76991374073332,20.65284732396507,19.591156538218755,19.365841435367535,24.950206630747783,21.951585748838653,21.10382776178807,19.61085522471455,19.41797400448159,25.084145801423485,22.055192531498466,21.346296586959586,19.591114643497054,19.484339079479888,24.86554729182698,22.254025347489502,21.473660318450506,19.668241284949687,19.494197188372663,23.794241897560127,21.848290711958775,21.458630150852585,19.645294769506478,19.53178870893168,23.397282875561302,21.61828095470836,21.516113142769264,19.811306619571294,19.57665534872744,23.860261228992368,21.83696233458968,21.22246031494854,19.906096673859828,19.579873443118935,23.584838556265357,21.52234157653538,20.708461218344034,19.920326791430227,19.542702426730948,23.424399005655424,21.12143288381024,20.53665908403618,19.87832692328024,19.537510667493013,23.8497940395575,21.27326074195837,20.482001856909744,20.00299696678882,19.445605503333162,24.03554641363786,21.265594440814,20.37939556504896,19.945257478964503,19.33344512195523,23.792650820279,21.274551334020295,20.460436880864126,20.027412278682988,19.245977777476597,23.775477729032424,21.443970820638015,20.863342099269953,20.179790920909113,19.325039427690548,24.213651357582414,21.832068379289627,21.082063071001024,20.280345104330944,19.234595230675936,24.037268725733462,21.756934114639115,21.20605174674304,20.261496228830943,19.3603001504921,24.136740429777948,21.711542996371698,21.303129846159234,20.213142868696035,19.373765370334024,24.32321581321319,21.512233168359796,21.086361687144908,20.15854972167855,19.476613820812144,24.20274412771485,21.587377783292492,21.15687648598658,20.019360270312,19.27174723109445,24.38872420470921,21.59411701939586,21.295321581524924,20.026757873014013,19.4115438133936,24.681694758722845,21.70582984415419,20.95960371435841,19.97692894297926,19.335464674339885,24.66826284396833,21.821246145610637,20.903403586340865,20.08086804154079,19.489628831169146,24.53371502095152,21.90768488199937,20.7639480860761,19.993476228322503,19.493094153471468,24.71517137039597,21.97684131585318,20.559725857942496,20.131810797136485,19.611940454708623,24.390826921902026,22.02079054269978,20.222674486971734,20.130633560920494,19.673366002743762,24.512532449032186,22.110828959836635,20.33750027732437,20.101663847636733,19.81109951253811,24.502272795484494,21.950099541350077,20.228686899399065,19.92442699018296,19.641155547720704,24.329212735327975,21.844937340999504,20.374923217407463,19.827015329630225,19.62670828055805,24.307125370769622,21.808044885539243,20.299230632891884,19.686774715633312,19.6503016960405,24.082431044968445,21.37894789522355,20.286459076213692,19.552182838027043,19.54395759219903,23.617172583157185,21.306590524630945,20.195684134484573,19.52701361528811,19.45190950602541,23.189056209289646,21.249818866423432,20.038395143345223,19.594620680524322,19.68609541933898,23.330445517285018,21.408327152669635,20.017130525229604,19.67094858864145,19.620952371464398
26.976306156034724,22.676633188712298,20.94107386284714,19.616556933005267,19.099257337144373,24.677502088193837,21.830975896078467,20.687187088470687,19.863830801320827,18.57491177102162,25.8008502708864,21.68345118951549,20.98327208076794,20.337730644368587,18.919680112075007,24.18637822881224,22.156243855528583,20.237557279937786,19.917150732674855,18.857502115217393,25.55848498221341,22.11067146988159,20.805584635119565,19.96760585694576,18.926409998131724,25.141626384074705,21.813996093784453,20.793592409566298,19.936569035136067,18.892607299296934,25.10731148435584,21.796447973799726,20.814091615605395,19.93225458997088,18.950191830353294,25.106489622054998,21.812903091597942,20.713367333109417,19.758741685283997,18.909765233051864,25.121434900453345,21.708860563377453,20.856867031846207,19.688020306169108,18.934437250783308,25.22945680377557,21.66556830592093,21.017773660258094,19.52469510580961,18.853372278864086,25.294402648498398,21.977096620026135,21.190333304786613,19.642282185979184,18.864316583361205,25.377998805729256,22.245668573275374,21.679344915019737,19.735019385638374,18.909156552006245,25.012651661725798,22.309359205404167,22.179265437157877,19.831305509147082,19.036396985331347,24.904971916274057,22.472080242394526,22.38359532795668,19.87262949478758,19.028508036180373,24.39296586928138,22.367988666084702,22.39303970097142,19.95626924299638,19.10537387025465,24.18280324749556,22.141719041038915,22.479911653031014,19.98377324455487,19.193416373426743,23.975234070693595,22.069679828747233,22.004969838590007,19.911136933815488,19.133477126154528,24.00632719945324,21.985983658112588,21.534856566540114,19.910329169270845,19.06218678583769,24.156992041642944,21.74230479453845,21.263242967688115,19.893709928024315,19.11133263566124,24.282999316462714,21.721994302256846,21.19700576951944,20.003657046821395,19.02469211240568,24.32214216874633,21.64215169118238,21.094201161350377,19.90043514084872,18.87295418753513,24.22367066412603,21.587474546824428,21.355779430076968,19.974813138212117,18.880664968653495,24.229557048850427,21.576256849136527,21.59311022298458,20.074478370859186,18.917071943114472,24.150419190402655,21.574647211481327,21.582131113416654,20.138681930454062,18.812734966376905,23.83479761278745,21.561572646807576,21.730846301752344,20.14279284262834,18.88004374597339,24.051135939347247,21.55451238631925,21.8469749759331,20.28603055738527,18.88030678394236,24.267235982741933,21.375440240200515,21.601356353310912,20.234345925294917,18.968718574230643,24.085023129344993,21.500883775278368,21.675729899600093,20.019919072862457,18.92637265971585,24.35572028321017,21.58852569744254,21.96827824494585,20.04167925999331,19.024094737132003,24.411999812506078,21.832885716874564,21.638581135941745,19.92333459138671,18.975739704989813,24.113099414610197,22.053566826232196,21.365598570170302,19.822033177644222,19.063764389935532,24.202904022604127,21.997259109382938,21.27811300234594,19.77957388423328,19.021306301047748,24.4861365561828,21.956214709959195,21.04235177884786,19.96564969930045,19.088826510663182,24.27491303806498,21.99935636405772,20.711170716250685,19.991114907175874,19.20170348880979,24.56511273281923,21.941672284531688,20.705716055915268,20.015418832950264,19.291533215376813,24.726148615229494,21.93714274125501,20.71091615347583,19.96572021880747,19.242373704033042,24.348467882566556,21.959186097765848,20.74458708183128,19.919614306759613,19.268078221957758,24.161562309527717,21.970926111205895,20.555714912178406,19.822627735843607,19.28149748413568,24.10487236825829,21.91177729753898,20.56933109163836,19.76818179247267,19.229425382653726,23.57592948427321,21.768357085366794,20.644018478122348,19.781924571526282,19.181777303224987,23.414649360241874,21.78564244272975,20.54511328622335,19.823448327682804,19.298651558923762,23.617675833873875,21.803392617938833,20.516703789736773,19.839493655343823,19.300525066881637
26.51334600149454,21.43926672896587,20.85045286816971,19.235911172084577,18.497498710664328,24.721462312958476,21.980304847757985,20.67028978926934,19.877434099478503,18.019003041559486,25.05786232738996,21.493915685249902,20.549334074106238,19.707409965086445,18.397148281380506,23.923209798450465,21.869767257643478,19.644038697750766,19.566029168466056,17.911191046135574,25.139590394136974,21.797293547349586,20.551922796609446,19.613294912912476,18.15526119957619,24.51925167260712,21.720588515199516,20.480459843557686,19.636983975281446,18.102625280901695,24.21954209699178,21.685487690680144,20.512064445193733,19.586130754742776,18.073175645778477,24.019892650237363,21.806075629988822,20.325387779414903,19.420585922000193,17.989442096926137,23.776444163506557,21.751676573557354,20.42247735916982,19.343021509583828,18.1083612834549,23.894240867527298,21.57978421627718,20.557560112420482,19.240773632079765,18.15945668682145,24.095079005763058,21.767750933012067,20.95782319594789,19.302531874348475,18.13854208946319,24.195262596482525,21.91084148758444,21.548845783259267,19.318086843954877,18.337292397865703,24.17118084885309,21.79317858864921,22.354255182280163,19.489469507051645,18.4285743144938,24.39885290044178,21.901223622854427,22.72530528067691,19.50657674736565,18.35976024669743,23.795311101233928,21.822378737730936,22.864519067580932,19.606205927746174,18.408173000367377,23.78848192806074,21.86880884769958,22.746716708887753,19.64081365155703,18.477275653481335,23.75393830714393,21.944312070862303,22.224367001414997,19.546262722044965,18.356259681520733,23.540735419958935,21.908252981495973,21.548989065063154,19.44787675932398,18.30198859403609,23.53209487197016,21.678127222017636,21.192802598208452,19.47881202776773,18.330288210374853,23.537128487943413,21.6276380150642,21.147455304058006,19.45715118630312,18.26558358738015,23.655426376521767,21.557187101740187,21.01829571527776,19.340834934253756,18.18566230210161,23.852731034862018,21.230192609959378,21.237239789192813,19.534734050872167,18.210351043262033,24.205409908539707,21.26635918666235,21.495569613830757,19.61513881377196,18.31130419383083,24.321074156651406,21.33928063116203,21.553426874458093,19.636903476210886,18.336550286004357,24.416651862266757,21.384049636582155,21.664957218057783,19.74257514262241,18.3903948925143,24.32686565900953,21.42147286715084,21.92240202265977,19.868868690674464,18.35331770418513,24.36207325268922,21.491783764998424,21.61160017988146,19.73879907843018,18.270353792819712,24.166552093398714,21.618442619813372,21.805175542010566,19.637638389024875,18.20520306135986,24.230838079381744,21.748969466335925,22.128846119637135,19.634292584791353,18.157591125625224,24.1738417326708,22.05614304168389,21.78340756722347,19.521506430480983,18.077083580298662,23.849737513481557,22.013518690931182,21.43478724861604,19.43504003348941,18.146936730152685,23.564545923484182,22.018012946246216,21.407885147735783,19.305700680034544,18.18412179568123,23.633199011400517,22.08709209181431,21.017197223445454,19.443896824004817,18.221833414333567,23.691068190327172,21.96824674914545,20.553833896321112,19.444822052664524,18.257551280962378,23.67100388960722,21.875618839481348,20.290603344860607,19.440625865177264,18.329748883676398,23.901721621289845,21.92388836405199,20.200223609288816,19.41197510239793,18.276803700219414,24.026387583213005,21.884352967470882,20.222818211725098,19.506436954422263,18.37794779245203,23.980139715951168,21.752000876505758,20.070547898440143,19.385846011570884,18.394895965857373,23.59604775569971,21.458093812536525,20.292452150947422,19.360489337204847,18.478857007060565,23.537503475242012,21.06947883357511,20.367269425516277,19.44132637301248,18.476997337675346,23.368247388920327,20.990192771763166,20.44913304217352,19.52049165000027,18.64666583668906,23.35640036912003,21.023972562967497,20.3902008211029,19.538263584981866,18.538794410983375
24.741296151955154,20.978213606943125,20.521443665733084,19.23478687823183,17.863525397500972,24.216477446780434,20.52698635297617,20.59726398899703,19.390246427849018,17.69031347000064,22.752241226509344,21.443468539514008,20.39419007252089,19.53093731391948,18.338663346423427,24.694267856318998,22.229092418185907,20.670805456452452,19.370842256945338,17.571118423294095,24.339615535273794,21.260473274300793,20.40142505605274,19.30780993011235,17.85003513383296,24.15347460613067,21.229228721518012,20.51870575146173,19.240243418277256,17.893829918993344,24.18467824958949,21.193696053320174,20.586432532855333,19.325886971584218,17.895052213615866,24.405831555889645,21.15658396295468,20.529311689137728,19.25549101179072,17.8202410110057,24.326846136884544,21.08931583220693,20.498761059233004,19.255362608309873,17.833446435129947,24.400029398522058,21.308456084647776,20.804434055380245,19.241274965764074,17.88941289095819,24.537864294410763,21.47773343123938,20.91424629734278,19.418508444586493,17.906639730766443,24.39313801804429,21.86942245670192,21.227697490180915,19.299860975414113,17.97303196222193,24.396391057455993,21.90438622054257,21.739554974410716,19.330040845230524,17.96212488668713,24.38008384889338,21.800152311848187,21.947146534245885,19.29097196942613,17.993755169079872,23.77944083508619,21.822526628149564,21.982074508220443,19.346073766896698,17.987722347754726,23.63900294433342,21.884048010398587,21.894767911713792,19.293693855348778,17.927138935474495,23.522040505041936,21.77490441036435,21.568486450776078,19.303502697072236,17.949668570219316,23.445061078275067,21.81625601058696,21.148957803504683,19.341332963942072,17.984008644358887,23.599896541463636,21.51487711275079,20.84876154208216,19.30558392061862,18.05316444614699,23.76164190686207,21.292212517600984,20.82863366779513,19.33557958092419,18.040049600475275,23.69125657232259,20.973576663453944,20.71828655121261,19.223873765636124,17.967581746052,23.839353678173484,20.88732850007961,20.958878837609753,19.358723921881126,17.96465749197235,24.0266983435123,20.732894710548845,21.01837205850117,19.294386919268135,18.00164446983448,23.62511881623193,20.942307955033677,21.21554063492378,19.434308733666352,17.940842055087707,23.46861166770219,20.970654529361294,21.267715713749887,19.51240634055136,17.95803503602035,23.534208243551937,20.97450873509234,21.479593009258185,19.607682825333725,18.01101346339587,23.816933282682307,20.93300856793976,21.045285312739498,19.484505411373497,17.907483633261663,23.622947507250842,21.03966511278773,21.121193026124917,19.415604922624226,17.84547730085927,23.928741128025106,21.137836451599302,21.240453400724785,19.320841736092042,17.76991073640102,24.035680289914886,21.213800711123667,21.042080481498534,19.219506526309875,17.68415844749537,23.902546184720567,21.431505453692694,20.82741293611409,19.239529687589954,17.76059631359888,23.533511097952516,21.492204608513106,20.982307776888298,19.195867678990837,17.88938651349951,23.83780582104938,21.70108181483939,20.89801491204677,19.312521835946615,17.946460283358483,23.837578821022042,21.436564153481275,20.69033202977513,19.28644539239208,18.048057010616002,23.87351873337412,21.40876477575816,20.456246312258717,19.261954352336016,18.123677465308948,23.951107236467145,21.32921724485758,20.345806975196055,19.185453306193644,17.958610493129353,23.860930894594937,21.434800459629383,20.277337606192155,19.197856383421858,17.86015891419916,23.649924134451165,21.117144379301656,20.153878803766226,19.169692028154806,17.87629838572233,23.62890212516591,21.098190634496213,20.1471687519069,19.165606200165065,17.911153353462133,23.543936177795324,20.588604148261574,20.14393975512969,19.252231525786023,17.957946209999303,23.613160521437027,20.605025822258753,20.2394997973327,19.32704212220016,18.083091222514735,23.666511454045477,20.3522325773363,20.171216249291216,19.255785158521473,18.08534080855683
14.562662662014787,14.244008050933243,13.465438202768183,13.207633594034853,12.170833444735477,16.15778142629313,13.411349517090581,12.850488168574918,13.788139132762533,13.111213660679178,15.94929743716977,15.038270438219966,14.543849615293993,13.43546993841798,12.993406111790954,14.1120199681448,14.046912848251386,13.289191879023527,13.78914164241445,12.991398963649072,15.306551545970276,14.368945995785348,13.570247170882794,13.465279359881682,12.81765959618718,15.639470116774737,14.33093476567278,13.739301056708616,13.492131398465542,12.909737732218925,15.622222190094416,14.609002149277947,14.04176073873864,13.439200071861588,12.896273303703897,15.456322825169375,14.453894020315563,13.884358474440873,13.438721591265889,12.887678399510111,15.926329313712733,14.689752955051143,13.999918058678242,13.38409203156684,12.816191345375069,15.761745893501365,14.595501608965709,14.010515895775864,13.426741988174347,12.808609569780828,15.336794013876622,14.606165339977952,13.815341978269164,13.346983175584914,12.896969191314165,15.444982780233385,14.58108419709051,13.594621004059928,13.355802906133965,12.901686075376642,15.548517331393597,14.67325066392093,13.649530607176377,13.361335467203395,12.928797362369334,15.414958663573287,14.530499173482283,13.510347990347631,13.341937263906464,12.953724149927996,15.636912492223539,14.436943805900233,13.666322828779675,13.363606531873051,12.928276166946802,15.940577412133262,14.379319362332456,13.676068013378886,13.457844449653715,12.867471352910808,15.653361176994201,14.213901092704095,13.763858132481895,13.487198322789075,12.761194532898116,15.613191097613372,14.242281062729699,13.710108694557068,13.449539698302866,12.769123807279943,15.238745359697981,14.290378834214243,13.936621599121816,13.437823738759286,12.73162302851355,14.960873502332166,14.33975983190337,13.683532017116514,13.43011590753583,12.867500368635087,14.907043519084493,14.486152072599197,13.784806962177,13.407188674957013,12.945712324056714,14.841519227102776,14.743158107226009,13.879591610448449,13.376692888361612,13.091778541779487,15.022804065347074,14.554850537481087,13.754215091439596,13.475258114407382,13.017649507157946,15.47415246927327,14.441206388781092,13.527003852211081,13.38999502308786,13.072069067428918,15.63048948000193,14.375586629343184,13.660324427005715,13.431741554716101,13.017558416721164,15.815738809694787,14.506353761374147,13.550184157782045,13.489444708158208,12.967679848131993,15.96467768720971,14.390647251295864,13.525604849878125,13.52406506928521,12.884999391609247,15.490529703455156,14.282489664250056,13.779849387782855,13.415388538734206,12.891601745299036,15.306029154931982,14.347675558574071,13.802235098542742,13.517214379663248,12.815224143895287,15.253784871722598,14.25191723967458,13.684740326660016,13.482351013044985,12.841929620193891,15.262272593173083,13.981623710462802,13.666750078030026,13.412368200441506,12.809534569854382,15.441308895354837,13.964148255741318,13.569400269026493,13.277680329844747,12.775776611093779,15.777226959781535,14.215472515238025,13.396990691579422,13.276658042025081,12.855849776483032,15.667912930518554,14.20873491945368,13.423053749208103,13.296130394870739,12.952034018079079,15.703659402422682,14.313043873173916,13.500213626415777,13.241007496900266,12.893102557124436,15.763274890996843,14.37811687235354,13.462016904602454,13.184207737063755,13.026580187752439,15.639219637732186,14.295548484902472,13.533957695632543,13.25910873524391,13.104120081565785,15.774141912788732,14.334087654136919,13.614360843519131,13.245589176876347,13.056074608240701,15.903404641350306,14.35463757092927,13.706064333327461,13.190260129119082,13.060898003613541,15.860880338215992,14.330154852521645,13.911723122458032,13.204816108218925,13.034613407610404,15.62884719318231,14.343623480768889,13.987515551873987,13.282902446782561,12.944399137312649,15.726462808738404,14.44311852358273,13.929062708647688,13.331824239968395,12.970840064765628
16.322630362763757,13.482279367778204,13.5825375918722,13.418136718047219,12.244474529692889,16.479602365598613,14.186039015618078,13.658076731032022,13.666052108796107,12.91282066952907,16.547024867700923,14.77409019436943,14.447318151432818,13.583325262780264,13.171349586074655,14.37669193404724,13.83660598938794,14.150660963245729,13.522606398321017,12.92694708569019,16.00623284884013,14.21770246691068,14.027370905212535,13.442371206465197,12.747404172602172,16.058569958889432,14.309916955203283,14.099844970118692,13.324973039787071,12.769160506965823,16.00503636903307,14.5212276364155,14.204229716825608,13.283650086669672,12.829177318865984,15.877627243675704,14.30008344799658,13.932258710523001,13.345456605467788,12.699083778312959,16.273419292869114,14.579775243238831,13.808484336318845,13.286347872205733,12.663179231175949,16.219568661660162,14.501176268654941,13.642462160870917,13.39896337916689,12.747842152259086,15.847185548986108,14.550279732311116,13.560170444549644,13.442973660225636,12.874445621917891,16.016636152519226,14.506256645547705,13.444935887428272,13.426076226442865,12.873238196365497,15.982996208512526,14.577561836555711,13.630083020548108,13.326181175823649,12.923753181492026,15.765720705583846,14.43445204060688,13.540945066253252,13.39141844097972,12.954638049813045,15.769039997300144,14.421481893079752,13.797534384725832,13.311575150488864,12.95654888073177,16.034625820406255,14.404303569220264,13.964501124043299,13.443035545044342,12.933276348878243,15.743384888735097,14.162090466798071,14.158449708568867,13.509071218751824,12.83791622890205,15.715069647538277,14.350376504851232,14.114504160756997,13.488637595515177,12.808057353755624,15.664316031636591,14.360678879574792,14.33311571822595,13.378207989787843,12.691638399281567,15.388652741189953,14.259483885891111,13.87179434682806,13.341955914013576,12.686489609650001,15.394330558839192,14.251357813137258,13.841887368420881,13.223241495294072,12.624514635348406,15.168661226916964,14.510060736953113,13.768011176052317,13.128538268644084,12.715261720540646,15.272087435583117,14.355011546952781,13.649183440810802,13.17959524126799,12.714198051333673,15.459534012848456,14.174295659284729,13.350961561430335,13.2065042287068,12.804571285259623,15.562386153542548,14.193372155092808,13.683115594150886,13.355925793683758,12.838697043886516,15.632719005241189,14.341559377457688,13.575282642250055,13.424649218786556,12.890273288908674,15.82004175561929,14.28943517114954,13.401042226436838,13.518837768887863,12.858330883027023,15.420830044681798,14.146514886488825,13.48934157893764,13.381465073915527,12.903818652830745,15.37566369950685,14.221432962615799,13.677022927830587,13.435536721684452,12.95442979436873,15.403330224762687,14.084624762749403,13.424895490135375,13.406109132172697,12.919444925047463,15.39157806664628,13.97486440259423,13.379718737674335,13.455134904509915,12.978256801096927,15.614822003499523,13.849717437379223,13.310899921240571,13.286315845367323,13.011198283298574,15.96208983400274,14.152539591737133,13.215667331351142,13.368649170069867,12.99504144518543,15.882858241885993,14.264105783505078,13.245557253559838,13.324370005739507,12.937267515507491,15.898664330750952,14.525758692567734,13.323989074038517,13.232352300466829,12.988896543551093,15.927186281015384,14.440495393862246,13.344253279623445,13.151980776834382,12.952553053984243,15.87902036380126,14.384658156874233,13.551519248178277,13.267323653027244,12.751016878996484,15.782942979806347,14.268548581273032,13.577078657633507,13.222299585034742,12.790411538788367,15.800333804858036,14.272785868500065,13.561666654022265,13.09951459719245,12.856261369256647,15.804419370303256,14.172466263677785,13.767218438234826,13.12767081794922,12.656359110404448,15.73761693788133,14.307543711476702,13.85407973226511,13.08086761333083,12.677449675155007,15.834338353944037,14.274013819194977,13.80511995130723,13.075818615835345,12.800648022664593
17.393963335541603,13.757026770196534,13.755941599401021,13.688642038132532,12.625125459102128,16.807381384066545,14.274574181774744,13.282982893327715,13.712790138504513,13.2215047408988,15.798432003167475,15.095203372095284,14.669226914421325,13.47691825867198,12.785738410976359,14.922974077766872,13.902037209564588,13.670739816152748,13.50194433143113,13.030995866534768,16.211603173378453,14.39319122293654,13.736801302980254,13.491294158188657,12.869488887744675,16.00730975704145,14.545523650325233,13.73077888369615,13.394240707630129,12.83491542803018,15.774372642627137,14.722955459252967,13.952375808426513,13.369935231678113,12.722526165837214,15.661669558815692,14.435563271080792,13.770894973503156,13.37271120007757,12.670686651270348,15.99203192298854,14.639528090115494,13.720140214654828,13.417640600501722,12.640579865579861,16.072859545342446,14.554587705777209,13.820602085558914,13.435343629174776,12.696174822491816,15.882236026610494,14.615856203649036,13.903026422484448,13.484072524749035,12.730598322867825,16.152328093233557,14.61102640900732,13.870269221881802,13.540708838893257,12.80358860491313,16.389374929007964,14.8668387808581,14.0324676566344,13.576687644472198,12.945754722764889,16.21187268301214,14.889139101186426,14.083282180480685,13.479423975242677,12.995197684693153,16.0419068418368,15.01736643772062,14.249866952735506,13.519383583478279,12.986325854861104,16.114896338831173,14.978656671467409,14.337511423372359,13.567655106892966,12.98283706605174,15.911967583580482,14.904624848181314,14.459618153685051,13.509131614899001,12.942380082384014,15.842693422576906,14.93309647006441,14.317376328874166,13.46836633224935,12.920671791632989,15.68787916095055,14.983915186612307,14.520775795653142,13.487976621653129,12.832275129078614,15.444175539187796,14.774652772368508,14.335490508020374,13.486745707966923,12.871045769018314,15.571999017130782,14.707852918693973,14.109671892584643,13.485598085873045,12.913528469676987,15.195221005175066,14.725125649388144,13.995635396374997,13.522748417412748,12.971827087996342,15.291059460340557,14.661598978337759,13.923563667779863,13.57714237403069,12.96892426468852,15.47169841425359,14.415761252878792,13.645486080506483,13.558251729393225,13.005215242748903,15.71853896073667,14.417240113017538,13.659184740080267,13.68106024473057,13.01787106274827,15.817291775983886,14.582412913577695,13.812235479204697,13.695834185324111,13.036711886295512,16.17427928653428,14.55661189528771,13.812844273860827,13.667106397044858,13.074489138681662,15.782993955750532,14.396872032449227,13.957273901585728,13.619803664636805,12.994731425564822,15.7867460232283,14.431963870303061,14.050927194436118,13.653201128290709,13.034112860981406,15.749480481161948,14.408110383109758,13.934574163893007,13.504147670108216,13.053912854284107,15.648919905045044,14.269185244638456,13.907806529112259,13.509624152715247,13.041480686793799,15.829930675124862,14.078680808241895,13.820051415561958,13.4569391612593,12.887747888783494,16.18496265557216,14.263420837271031,13.749801315348316,13.391265652445004,12.999689486580532,16.234795057438365,14.297746416226264,13.731455161329382,13.474738236392906,12.953560133856982,16.1767380571148,14.355296583581014,13.852326189487405,13.503920221552406,12.941590824295526,16.176854768496717,14.407547213379624,13.77284666319915,13.417593770848521,12.943333309558781,16.202162395033177,14.484160050383863,13.88889609642448,13.460865948485983,12.98891154440868,16.064268890955127,14.464334386133682,13.861098344799004,13.526375791618918,12.975476454963143,16.029213198354167,14.418555520710237,13.88902741943995,13.454511333531865,12.972021864567415,16.006347252207394,14.437339152599998,13.980964821139555,13.441330532824797,12.873773277699303,15.772217520166024,14.438115206317658,13.96067239177761,13.461425390344527,12.819146620385279,15.648161553541053,14.541592474326938,13.747858610865709,13.492272223359603,12.844218902361481
17.59634463476154,14.051881791443462,13.723305986531408,13.531285523935663,12.647521043482358,17.00181757453009,13.801260382946522,13.989086577025645,13.787356216238255,13.260045808053883,16.124596978679698,15.35783564992972,14.405154953230642,13.636737905875522,12.736275987946204,15.053058261838798,14.311177400056206,13.761217140402485,13.425330053364787,13.137721790211785,16.53592730834024,14.510341071586549,13.938587426867823,13.597224321818043,12.918085438141631,16.30522973738088,14.61887512862612,13.931798243643271,13.46058965907514,12.958311964543899,16.1300098837772,14.849480190435703,14.003983618706659,13.413266016833186,12.903174546882692,15.989476407418243,14.616066812064881,13.883668136135253,13.370636994952685,12.89436923972068,16.450411793782656,14.789045247000349,13.92889655696057,13.389676261101934,12.870749749407594,16.417555030185554,14.764219353135307,14.016297323446121,13.419218109861157,12.975874934418531,16.24028425113549,14.685539481004756,13.968540617746124,13.49223607217515,13.00311296456621,16.439767201047268,14.743992887446169,13.903779302337579,13.499731478806643,13.010016449246603,16.635977979057518,14.805469008722913,13.98217382116359,13.528837330005635,13.142739435164803,16.345811037478917,14.688419255306354,13.889477673018186,13.51168209247873,13.162659683404296,16.07739067535251,14.733988942033093,13.966758403678728,13.429487480938041,13.089909698988325,16.239819828896124,14.789117846443242,14.157340032767854,13.501578756101475,13.124561225353887,16.091599620547022,14.691115427967798,14.263401669775623,13.427997198632477,13.139922120515758,16.011981226145465,14.724917284546336,14.11283349415869,13.39030027661382,13.09085155823936,15.849534236936961,14.783594327369647,14.215243207832518,13.389757511045445,13.0104011028664,15.842559797997817,14.523009310796686,14.022351433029936,13.380043019994579,13.034459989892383,15.776466802446327,14.40571513907245,13.945324102458745,13.363184489491271,13.027553117390227,15.56410816508784,14.39796093831911,13.944077314864154,13.429158293927625,12.978724586873255,15.679613629680537,14.374337096772482,14.067526589890019,13.462014086484956,12.943724635458192,15.94064002717634,14.38080929230733,13.955471401843676,13.429174307006312,12.969030848996749,16.03345792967287,14.289943867934175,14.084604186998797,13.525101236851867,13.004487336615387,16.334495824751222,14.559455187741,14.066464502739237,13.504552596282261,12.899945030908388,16.461145620834333,14.514228546849054,13.882295584773303,13.633866515327565,12.914539444606216,16.1958943654846,14.277889080694688,13.905905322124383,13.63289265272202,12.912311498945623,16.155974910167846,14.246886271866611,13.99676604584695,13.666743488231702,12.986916840633175,16.173530904086274,14.369181385429187,13.857757992405727,13.59845423159282,12.95822209150515,16.13918156790631,14.39043449667788,13.748657696065829,13.635668330433393,12.97124916792655,16.218307542539392,14.315894979745963,13.701476691565293,13.470654682188746,13.06847939601208,16.572818043684457,14.602032630957591,13.518377970428753,13.47817846718679,13.07849468759756,16.654505281847257,14.72755447174938,13.503667332319242,13.564904248935596,13.021928940527136,16.708968097976417,14.956348595168995,13.592961926694553,13.505091483266565,13.017232586236773,16.42744429894525,14.642524801396826,13.726059004590605,13.470940306513024,13.17276864468504,16.49239428069142,14.803476526868044,13.828645127105693,13.471853232893523,13.041650123901523,16.272212927850383,14.659116597355325,13.870315002393099,13.380017465910317,12.97397243082277,16.222940728446073,14.509670495644468,13.85987637557388,13.21393065093026,13.10968186853911,16.128846296831814,14.433129651797206,13.804795750153607,13.193479137555723,13.072078053635943,16.064151726350673,14.716185781523881,13.710562183261718,13.195582974468682,12.978609129057208,16.01476918614965,14.674553357100976,13.651840694122336,13.177978924499607,13.04082148921305
17.82476042999884,14.248993570723473,13.784159259973373,13.635656350129667,12.877090382358542,16.987946219537104,14.33899874031199,13.468049622441558,13.742362043113367,13.328472280995628,16.402107129618823,15.81533368543301,14.249883834006859,13.590335063466451,13.29255229525516,15.476841276428978,14.310471976834496,14.009889536613803,13.760122490210414,13.015123182399064,16.634829951889703,14.64385541944757,13.874488353959453,13.657027414220712,13.076354571938282,16.33293564055771,14.648457590227034,13.95375916849838,13.482774249092,13.046345411747026,16.079632105370685,14.766109950640566,14.200962925818635,13.380562362463712,13.010615731587905,15.881987629302717,14.392424576199094,14.076230343240088,13.361736711122102,12.88430384037971,16.24544524855325,14.52284147491299,14.006651318873761,13.305830681991576,12.835429198337192,16.39001802289218,14.732500031480166,13.989513281426508,13.28956186877692,12.850279827619744,16.310129934661177,14.805389864220269,13.945923681368834,13.392765877445461,12.895125707204258,16.641736315434308,14.77169980147887,13.84927031730528,13.459130358309617,12.868125517717832,16.821720825826887,14.85696266180069,14.031988326770806,13.454612591771546,12.91197306155443,16.541531151484158,14.910717687165223,14.043343486419866,13.42667860999062,13.01459506959839,16.208410940854556,14.85364288267597,14.193265184396584,13.437473023065397,13.0374525672554,16.21582269155957,14.84962400541067,14.32801944048271,13.471258890139776,12.986557566189115,16.008355807496436,14.761959862416495,14.427270942571983,13.487649038336347,12.972030990446305,15.966691604031954,14.91215948507047,14.354024435257998,13.46597177941553,13.03590913141544,15.815229050544275,14.968898722579501,14.558252921209554,13.509577231430129,12.967284982693997,15.804464631252705,14.84520636573149,14.280802900668608,13.450934863693481,12.994832296144835,15.875514480804489,14.726167508698055,14.130002752580017,13.414704297484368,13.012063991688478,15.777984440718381,14.894811326912404,14.066530102314,13.395037259465997,13.079768124463495,15.881301133569679,14.774142273566605,14.091293475348525,13.510688589323825,13.043183723775973,16.14340325149116,14.56831680861371,13.831321687361879,13.458404267085024,13.041899122252568,16.219081674235625,14.473717654420872,14.09282570719014,13.589579291514283,13.042955909433758,16.45053154672345,14.685257529403941,14.175241274969096,13.662957262786723,13.033036639251653,16.56114725174647,14.703858711146728,14.049499876502821,13.738087970569888,13.004771279916104,16.292158547029395,14.554725806876936,14.040573011998807,13.579013884373921,12.932929122149213,16.290291076318127,14.731197877811223,14.163936758166164,13.612581374909434,13.018913320195248,16.39664095406686,14.559953726658724,13.94802099761353,13.52660616868413,13.033725373594473,16.32602425475257,14.52594594706772,13.891010246832796,13.531795099743684,13.132172850712333,16.342369314751405,14.129183320066385,13.908960132434604,13.35362130858079,13.138970708732248,16.67095293650917,14.375805335066394,13.837092773727468,13.364309857813556,13.255306007480502,16.624798780274762,14.273283356627147,13.821994074085785,13.364544855233865,13.134371430671129,16.50680356296368,14.586389067060306,13.94008188738241,13.314624954810139,13.139152728323586,16.295160252708918,14.441413751588025,13.91718801858703,13.26567424354331,13.08115705525851,16.340665459258293,14.70915382518466,14.03725511705247,13.333353807762297,12.972964017441399,16.065485411750267,14.595172936234883,14.05583825713514,13.335930788715359,12.897310070879925,16.1639218633751,14.507952793649642,14.019733388367305,13.24626081999605,13.004646178311376,16.12856963584421,14.527819750725126,14.105190344307383,13.316217361016228,12.880385038360435,16.09926468635381,14.687564135864317,14.025679564541326,13.40085575980072,12.895164094344429,16.057968451689074,14.695899312090631,13.77714812144377,13.521742549927975,12.97094793066267
27.835298242096037,23.541977011625473,20.967219838279362,19.725983284120673,19.61123573897379,23.897935493878965,21.32855781044511,20.060395177369447,19.76972089397077,18.77857799540486,23.643098245766705,22.039293294063597,20.39336081476097,19.878719482131853,19.351651170450396,22.546123179379908,21.68510286789568,19.728528312153482,19.821320607776215,19.15942100407117,24.8909802364381,22.223382090540788,20.426088278224324,19.83198945750008,19.309798100611726,23.935492581373698,21.60739233285947,20.318818312062497,19.7711706758195,19.304163245525128,23.92058746554954,21.48163338727944,20.330503718222825,19.724143107395978,19.421717426419214,24.065650092445857,21.404730195587714,20.35285866067911,19.67794806379429,19.457296598378896,24.48168192585802,21.28484844362818,20.44552194973326,19.626799291906302,19.516489294941817,24.621923804943044,21.29675252842709,20.530019202656785,19.562023544614977,19.43833058449649,25.105109375264753,21.79598109047668,20.657186836480335,19.576570950094773,19.368636846044648,24.936153933833783,21.968842019901082,21.105214637623703,19.59826760950737,19.41335635925298,25.07916872543259,22.076920605937715,21.351578520045617,19.580335100003065,19.470026474815587,24.866735982750157,22.267728489237932,21.471480990517925,19.66291525272593,19.50021927721064,23.815667818016873,21.872573773026517,21.437701616447942,19.637780134511864,19.53193799489465,23.416137954796675,21.645725518851584,21.505262168051875,19.813075490511373,19.589210216293083,23.882808638238636,21.86060890545149,21.21352751227736,19.90349693492997,19.596552285646897,23.611058854279424,21.556564447981238,20.697774123320848,19.936245081879132,19.560165168801106,23.445057276216872,21.171674642662424,20.546579729217683,19.900901762845525,19.539508279757822,23.856210885288032,21.312017165752955,20.482787768578113,20.019613870112007,19.458416352401493,24.048870912067322,21.29494801978408,20.39236743030486,19.965940537236555,19.337211096316157,23.808789395446563,21.30422414454779,20.471519512353947,20.048586354206694,19.250507192474622,23.787010548547762,21.446644427419645,20.868369155461938,20.183608517420858,19.322609011577114,24.217345137662782,21.80837830180119,21.087616835195256,20.283955124675977,19.247430029238778,24.039500085123997,21.738994458494012,21.224129205578443,20.267014312268245,19.362546474885203,24.136536223760203,21.679748474657668,21.295865904824858,20.227162907583033,19.38496235444672,24.31480835976588,21.464740965507282,21.083490818378984,20.177861291135272,19.48986767439543,24.20307131278735,21.546540818840207,21.156234954682255,20.05538269407699,19.305694869377152,24.390582593277795,21.56258723440863,21.287980863140504,20.05806946361758,19.428980179474017,24.68177828094708,21.67364989103625,20.949858905071956,20.008489213300066,19.353114015838266,24.668008911397976,21.792263759155244,20.90613345915102,20.108279770066847,19.496506927936537,24.542221723754604,21.89455726262094,20.72439019477455,20.010708932094825,19.503127614367084,24.709604394224424,21.96135349573607,20.535256979262034,20.131813039339782,19.60413658660962,24.395279537900205,21.993740991787686,20.192853694049212,20.12774623034546,19.66091229327036,24.519868272029264,22.0879602991834,20.30901925292499,20.09735734481773,19.807513228413363,24.507276600013,21.94716058007872,20.200737097113716,19.902432004800144,19.62438029781041,24.321209332919093,21.843805255374722,20.36778319684953,19.823302217877675,19.60565933610143,24.300743468861718,21.808232549984197,20.275486540033707,19.691697202395225,19.636676007059116,24.071174845043718,21.382669833562964,20.253840506120024,19.559725947633325,19.537229591267774,23.599495623345035,21.33241983785873,20.150112816463036,19.532784760444635,19.451867665650823,23.169188872198927,21.279104894996607,20.001543626499856,19.60618739666427,19.698799628755516,23.317913156714393,21.42816004229071,19.99763797783822,19.665167330050046,19.616095202724072
25.649751394769375,21.611400460438237,20.324775311146382,19.046124132745824,18.670286627785185,22.339276346517064,21.554912644509116,20.46754735273309,19.436655691936572,18.411635061777698,23.602867037502914,21.967031218375382,20.899971865078513,20.02275806245025,18.46829882513505,22.63591065935378,21.017199082768947,20.205243927503947,19.498978906630448,18.414769074364155,23.813138273477268,21.573946865547008,20.510211023805418,19.54058540881486,18.475186521733825,23.280449981075925,21.476673898259342,20.55327796509608,19.569426279712804,18.51352065684663,23.56672971586742,21.278941841591216,20.59411536824136,19.573473315303634,18.598949194752915,23.625092252081515,21.04632202702745,20.40662174686959,19.428454003620836,18.552355996822048,23.665490900553817,20.94249510179339,20.341471452912746,19.297450958422186,18.63655518125517,23.8586631155768,20.98390196636935,20.38908826563778,19.167676485624828,18.65253643366231,23.947114168156954,21.121299680720337,20.52694712550894,19.20842092124109,18.608717577462222,23.71007263862161,21.23733790397319,20.95012252788434,19.157560936333603,18.643032032844456,23.67201357806426,21.380318064591215,21.427374537136508,19.11992966869188,18.78709579512711,23.615821713672933,21.557929416826195,21.723701364885486,19.195464087089327,18.682635339445607,22.860504050704,21.435621635315332,21.802943952279975,19.241683673774908,18.747414479073647,22.78962455799161,21.248412829370757,21.787087747138646,19.351383881717204,18.831078912852746,23.12352292698692,21.546853951718397,21.437646794112613,19.374021495021136,18.827230595916625,22.86945125368072,21.356534814911424,20.76153559810829,19.400517347117486,18.846229921419177,22.640222610496558,21.219983094202462,20.35987827136921,19.48416120708655,18.9394213887165,22.593952451736932,21.15624257450913,20.360012096408003,19.505586786777098,18.857852261737175,22.632404311435927,21.2105396458789,20.260367560370373,19.37871470673141,18.68144873322046,22.39435344535111,20.96962723202362,20.192862442487865,19.481174051419053,18.612884737546416,22.559434465279885,21.05776153378671,20.54205914431031,19.555694638270904,18.558055001657074,22.88041989506956,21.071153085171005,20.75621454792796,19.520884342211808,18.430751415968793,23.02562574542592,20.844698571545074,20.820747135469457,19.605587725578232,18.496024562934245,23.336536901057336,20.618079098073494,20.994873340679664,19.7279664655646,18.5319701204118,23.42101559298782,20.583776850212452,20.77690431708375,19.66385839174429,18.5899736300154,23.39082974043307,20.66003385250901,20.954957792812934,19.557056437298826,18.574716480155804,23.712831922431473,20.786073812447214,21.207655032264416,19.54728022892033,18.63932508580022,23.922307688110397,21.052873842227836,20.981346546985456,19.44020446888059,18.590707573901312,23.613030530084806,21.319546243588896,20.818647761266732,19.358782215584842,18.685751870731007,23.620425610522812,21.337094781936663,20.904252482954835,19.262662511740118,18.679748298489784,23.63319598443082,21.477603304381816,20.608943743698244,19.461208667333985,18.79159356491744,23.405432726881674,21.487917366071848,20.29769034886714,19.601774714451963,19.104944595817692,23.392466909955665,21.40433415363865,20.191474292621756,19.602940031830503,19.383013224445207,23.20796801691986,21.40070522094379,20.055782591076174,19.70599335050182,19.49167153189757,23.014265378702838,21.11606391309477,20.10544607264661,19.79563358469117,19.62797146057118,23.024089321951564,20.99160999422734,20.118971853475877,19.77982607799963,19.76633458222218,22.962514076380682,20.565332880747953,20.08837000803914,19.66879767451376,19.683865002270757,22.733107084819718,20.534618742635853,20.1876523875901,19.80787437449004,19.683883270664975,22.623233673710033,20.409593753092402,20.207957815095444,19.87809550435818,19.846702358016234,22.637708158103734,20.77193622950743,20.099769466662543,19.969217647505825,19.836929278876745
25.61960030874628,21.537995786680035,20.334040628082747,19.096020793363664,18.66144270495077,22.33329394883872,21.543775756893847,20.42992121460842,19.38703915143444,18.31232884574988,23.597651414167686,21.9615888157539,20.881616173128116,19.983913548285656,18.47176775078273,22.655831364491654,20.93340970501313,20.206329586254764,19.485749512882972,18.39271704119716,23.804029022128553,21.538875378425224,20.497668602428966,19.539169148674368,18.441343917686194,23.28901461946635,21.45830705816322,20.544433240327074,19.553216844744863,18.483826186264288,23.577927562063067,21.282478337674725,20.60009787306572,19.553219624988866,18.56890817249938,23.635201582851465,21.056795477851473,20.420939606166993,19.397969150661744,18.538483306836053,23.669666297676862,20.964718112927134,20.351451257978148,19.273503315156933,18.603442586467224,23.86481903170627,21.01311638624096,20.415640737144315,19.139152498881806,18.611009102026028,23.940188648735568,21.148057367219184,20.554351810998305,19.17320448504993,18.556510191447636,23.694522792855242,21.24321436338314,20.972659156943468,19.12975221312025,18.600050628223833,23.658462293828187,21.384100536454216,21.442124103702106,19.112411666237158,18.714129557768647,23.60189560714916,21.561315150370465,21.7494981161747,19.17019081178359,18.632030878985066,22.850017304723778,21.438687600184625,21.811634115596465,19.21448743814488,18.70536451299276,22.790155075682165,21.231546390733286,21.78437800001595,19.345385946363173,18.79147606859842,23.121442980702213,21.529895284350044,21.425785961786495,19.36725807774767,18.785541676598765,22.87010282721112,21.34232258488436,20.760720042213723,19.3914672330808,18.817626309043906,22.63885261248599,21.195063242112315,20.360634316093083,19.487555771395936,18.904359613905605,22.598985716114402,21.135992176713675,20.368098784262777,19.50521695801114,18.833698432183088,22.62626177245449,21.193346676758374,20.273135422573315,19.358098879555932,18.650699163084663,22.39797228036185,20.946366782091417,20.211641287284564,19.462551812628824,18.587099155244783,22.57165598499313,21.038563444922136,20.562607330700303,19.537577058457344,18.523989650111513,22.910333628691156,21.062716902005313,20.76649751612674,19.500858323982776,18.394002103266814,23.043168904894905,20.849377591119264,20.834273683241634,19.58848710593943,18.446435612962354,23.36451226316246,20.640516135042198,21.007473166638114,19.72577691849524,18.49787537779151,23.44915427392064,20.604895672183652,20.804270913158444,19.659717140526674,18.551925656167676,23.3981196396641,20.6755509596478,20.965399576221976,19.5467057166991,18.53654079099835,23.697264892416534,20.790568990154703,21.221297344045894,19.533155450069636,18.598423545544698,23.907497897568117,21.029405029991572,20.989377428924655,19.428864780135026,18.555701799614326,23.587917936809895,21.29576550421323,20.8252173263938,19.33009963987601,18.6320374070325,23.59473877571774,21.33309199758936,20.885748218519172,19.225050468845467,18.63703111143388,23.603771395925946,21.458556178317075,20.589203100777816,19.42242421970398,18.73465183254893,23.379605729003252,21.473399539718724,20.2671966506375,19.559811898631374,19.046601296252717,23.371750343655595,21.409607873458572,20.16125497891509,19.5552329702907,19.321967545085744,23.205354691857515,21.404889514716963,20.015759441203365,19.661569446816472,19.444586376867385,23.00112062596304,21.117562358496436,20.078084306741847,19.7568169413185,19.572729974234605,23.020005078521102,21.004373033415995,20.098409465022954,19.74551452906863,19.7281681104889,22.97647547897669,20.571001777533542,20.07068808733228,19.63833199191105,19.652924481372786,22.72847883807425,20.514803194583603,20.173495922866444,19.780965692896693,19.65240517742469,22.590462805968123,20.404388167971263,20.201231914623655,19.849622930364404,19.80389877504971,22.61683388288353,20.753473860540087,20.06792590299352,19.951397368922233,19.785702802509938
25.075272654400152,21.378799445207594,20.40143794117654,18.833051970518525,17.44693595914082,23.954742061011505,21.838748455816148,20.595833821418108,19.648580651824087,17.667391223078095,22.438664301346066,21.1190786003483,19.98834466364392,19.868924144880694,17.60300471821099,22.361586848239572,21.520041272492506,20.408248960053246,19.53982952382253,17.414096545595907,23.465063450918443,21.403917282074925,20.44054035142559,19.505416267761383,17.590857089871232,23.08395732137002,21.402234862296403,20.501224469877084,19.615901691900557,17.617329346948004,23.024747003091342,21.267726353097412,20.56662355901083,19.641113646271684,17.611366633409745,23.297490736230753,21.374716681361708,20.640505431752167,19.505263032188317,17.64306624289363,23.498313487808396,21.230677719176388,20.708661779818648,19.303775180184704,17.733254101410406,23.694547612727593,21.389032895138357,20.74071869238846,19.133722336514428,17.60653141614997,23.80009006944519,21.192475235996408,21.001850449224854,19.207905675680493,17.671246541713636,23.743147587447588,21.255117541373547,21.223032286508303,19.05612279907054,17.665616515267637,23.622629593214235,21.24746610864948,21.640007415102424,19.00726789326013,17.677422790681952,23.486705676332697,21.402993027052112,21.712417467362933,19.068644573764495,17.53919456134465,23.100616575824994,21.25025871723785,21.695595660885473,19.13743191119845,17.69419575227389,23.03784848511499,21.395227524713825,21.41030318114975,19.0557381080689,17.66794145819053,22.84179036858004,21.41649096718698,21.123439442526752,19.021192615050094,17.665355633389662,22.59932987907411,21.302698955420286,20.68401060649609,19.0099424807428,17.691204750605184,22.351388627973037,21.19149934639533,20.533078130246714,18.944552976110188,17.764045879693008,22.41363007951295,21.01400512487839,20.588706029191634,18.948481224012287,17.653462238343412,22.262054852649296,20.930236636945196,20.504271826493017,18.75045324735043,17.454620875219103,22.41711344973887,20.945866880864536,20.609297821633465,18.856213664306864,17.519720429589164,22.79443646248121,21.09416452188571,20.77178986164054,18.963660393507787,17.528781388971407,22.83396583212064,21.042275911964634,20.872210032954587,19.107782944744763,17.511843950299653,22.622904867027167,21.345414489647105,20.78109706388567,19.148487799817715,17.48518381020653,23.031849617846973,21.372688657833358,21.05245299985164,19.398688635713597,17.61454368315983,23.08950102251422,21.37912848004745,20.752528485337404,19.339911868387237,17.482796920446408,22.870293280582576,21.22649585598296,20.59342105706194,19.179047138730972,17.417143244795376,23.21556924431205,21.352647063129695,20.749131473411076,19.202916891626685,17.372704924600313,23.358223073533274,21.258896116314553,20.68098483123904,19.1101360050963,17.47099590881206,23.07034913156678,21.41375580775018,20.53443090059158,19.083336661422198,17.541169044213483,23.035812024364212,21.315139001503574,20.60551547066493,19.052813458505582,17.657635855784036,22.91783825765894,21.540800296757965,20.78893629668938,19.31235841919569,17.661383791087278,22.91605257209524,21.698488317824577,20.57503189793785,19.22112782528537,17.711993507888835,22.942871622348825,21.84018087288198,20.544150206291807,19.230746841464946,17.714063070478083,22.6790349145421,21.752581442811,20.455202512672,19.125877160765498,17.62184480267529,22.69667559828709,21.66085081674515,20.545666961478155,19.146080799195303,17.631396800534464,22.862181464326323,21.34484614475349,20.31217487344805,18.994778712086813,17.57652520994198,22.96316575447983,21.03508608258009,20.314485623698403,19.008325433305078,17.596823403380945,22.997338848874886,20.742926899271467,20.378384901121933,19.106981779737,17.57267667202175,23.422423524871377,20.393479291732767,20.37589188268785,19.233945771250706,17.63944643734022,23.285923746113873,20.340268611912062,20.17146354499522,19.24684087375713,17.557304222133375
15.326583206686935,14.300657475040596,13.652253320024247,13.61833151844412,13.133112744323322,16.339237015179332,14.14312890867207,13.99335549451388,13.443672156179405,13.019171333904803,16.383624169819143,15.454244722843827,13.812592462492223,13.345131852896058,12.714582432023539,14.573742352307486,14.04742209937055,14.06297347196129,13.075119758231171,12.601613921945397,15.739654149157095,14.655567407279069,13.823098085634152,13.353037888752041,12.8047895231638,15.94480547299714,14.579294266737714,13.890433573264861,13.160292604388038,12.697601414295562,15.948732944413075,14.830204348534533,13.869283626449278,13.081138830746013,12.661407081303393,15.771258864965414,14.511498425290814,13.733138860446228,13.055236201069055,12.60731297581032,16.24351884868608,14.75621362722853,13.663005235478355,13.078422392427703,12.63654652045886,16.13465428910562,14.538998618567955,13.714097023672707,13.097580642553108,12.760810416409898,15.81699068249982,14.572013945695897,13.55018898509849,13.210284014060068,12.879193858665383,15.924914368989956,14.511783354688893,13.42000971717664,13.250055946530107,12.864034014969002,15.942259068202054,14.623888826060313,13.556421971874943,13.33326394209416,12.965359034595082,15.673580753113509,14.568113676132754,13.498125911919681,13.368011089572065,12.90484147059885,15.72722596773323,14.543862518999902,13.584459996684359,13.371042390336953,12.829538028833998,15.86989201554935,14.585411959395373,13.778047883032613,13.39892362911587,12.68922279057163,15.589117321442647,14.313885149298034,14.029334189599842,13.449261814135273,12.651846445296801,15.738278145243072,14.411953327176136,14.075704812072752,13.35429242008325,12.685451358004292,15.611094124246389,14.322728055799207,14.244716546539232,13.29250498640322,12.692631321326296,15.43032225445867,14.354719479940133,14.090401208510858,13.254360428921064,12.749399148164887,15.466201341096383,14.337014253978362,13.950246122891844,13.158143550148484,12.83823949012805,15.408425718891573,14.598694124499696,13.7691383423362,13.05931488786403,12.909100461879763,15.499896231938205,14.588900572444237,13.681884164686764,13.16152260379556,12.84357103649651,15.75949632856034,14.547447350315323,13.46632918609564,13.219745872858681,12.851303645177207,15.848560047496491,14.44894797295579,13.56680618381888,13.320172665301254,12.776750684862893,15.905913933390304,14.573888520787971,13.625396510952209,13.466795319659363,12.873049856062062,16.05260326453408,14.391213783614722,13.558906952843529,13.584187604924233,12.804702284636715,15.666889761198139,14.231016388657455,13.621022216815012,13.426602374155411,12.773054794508509,15.67101379871462,14.333474822223192,13.594407232052058,13.470205791191171,12.816054940352695,15.588980820551853,14.228281391703655,13.48530235505486,13.337607408501109,12.792146004554432,15.70226759740304,14.10093926075839,13.51221948487392,13.313915410986947,12.668593977673236,15.943406033083779,14.070512514789414,13.528368874465247,13.235071417120102,12.746069734813943,16.269409007612527,14.152649704049793,13.450321169371474,13.324011312264357,12.709821081422973,16.089178362544967,14.1615368775647,13.607412277085015,13.24276161523575,12.775082460505661,16.11735560467785,14.435388935061763,13.70697489148807,13.29428805231321,12.852003848673974,16.118933734565413,14.565480251222443,13.606628592963213,13.260261711967493,12.918856186704037,15.92040011452778,14.61720146366118,13.691926268778792,13.306439018273243,12.842253311215023,15.92010775875129,14.667288972466832,13.675365598099892,13.265862868814523,12.872489043956804,16.05422406045772,14.658276838780642,13.740136766925128,13.241996815865571,12.782057103914044,16.04811448380348,14.624492339221272,13.773072635717147,13.165787950718899,12.694096148422947,16.110070168506738,14.551934147654553,13.965686007298023,13.160286190030138,12.58771865052024,16.157607265601648,14.496200494509731,13.920724658166623,13.079662411928544,12.649920196193538
16.215010954038526,14.141765727010512,13.084705237486677,13.351288388458164,12.414401540849664,16.99466724232764,13.930739387127474,12.830231022708592,13.625329901177649,12.748137392582219,15.754941245973919,15.115769946614355,14.32589581002792,13.764972836324256,12.615420316425997,14.521203589577215,14.02650212318732,13.891475957959056,13.56764926095501,12.725114370865212,15.891719634026146,14.412711876334404,13.44919467824426,13.456655368609665,12.592089192751592,15.921712791148138,14.43422156256184,13.687390107000365,13.332623105974529,12.686026953735276,15.659316190856748,14.659842067220444,13.964374682914709,13.282580032011277,12.754842781096013,15.638713742171854,14.522543290273742,13.858770658105968,13.18506891272674,12.792533530791667,16.052124851820686,14.718608936210718,13.825162277993337,13.14184994210303,12.845783418607851,16.09896462173959,14.63125966078402,13.964478639942348,13.199553850541061,12.92890237284478,15.878784468422745,14.674012656061688,13.78073713811267,13.288905342880913,12.94783135755643,16.14642272561327,14.600855275723916,13.63216100704883,13.355468699658747,12.907196860504191,16.214064428168044,14.641048496650745,13.608258358525864,13.348857222704874,12.925035770311492,15.946813834306417,14.544324652150854,13.629112870369468,13.33196335225927,12.964412896674355,15.87948468589141,14.597202772730359,13.778050297836733,13.295956825498692,12.931997104591952,15.922296986881452,14.63550108636954,13.993675644348809,13.35073213161852,12.90811412536234,15.665237841511402,14.57377686138621,14.18713315485507,13.293139854648203,12.95733553385224,15.736934043055374,14.592707156864114,14.174831097012873,13.30125406846499,12.977536841338159,15.623725297150973,14.584552191789228,14.292427233833369,13.289938590407914,12.838888235802841,15.375411582077579,14.511757534786696,13.881958294853385,13.3704577734373,12.923304708242961,15.431001444797914,14.269328936095466,13.76524976880203,13.324795366687272,12.850996096323627,15.07908532985329,14.32180490766533,13.679426718966349,13.308038067843626,12.820523788130604,15.037423116416795,14.282224115330925,13.671772467848237,13.418328995634363,12.774161956109683,15.353982018921709,14.135552786952166,13.500591737748385,13.429794476988729,12.825920822728813,15.44706624208867,14.103103814720512,13.678250856197831,13.462199151529584,12.812557197696753,15.571674102294253,14.536008803838566,13.691030696244246,13.502298388145297,12.943497166994922,15.851990746211248,14.642594200716923,13.708575942473615,13.546191884226028,12.922783912452747,15.551134805161052,14.56037792468689,13.809165074852464,13.46451336896969,12.938607825698915,15.463084912956237,14.743702356293412,13.740917247019638,13.536282014355454,12.994849147048978,15.56862181641481,14.68006273171152,13.86829237986212,13.483045924126316,12.968199647109117,15.621023767598029,14.364720247075297,13.816280365995429,13.535517430496697,12.893530544796453,15.903930463706468,14.022236100271721,13.658413303015967,13.449536143473273,12.926541206504734,16.165743689875473,14.1192427558458,13.609546043534706,13.374552302981858,12.922823051083821,16.05693741603145,14.124800562861685,13.739780679089838,13.308085848613908,12.867103954418848,15.880361076703604,14.30337684815135,13.691009338532348,13.233698048950938,12.907239902498784,15.798175789998547,14.215383417644276,13.635134685991016,13.173646396893213,12.96018312276966,15.629193120351568,14.356144700994097,13.839690757818065,13.207064394287528,12.915163100446176,15.63111074806227,14.420777835221747,13.820316859133587,13.251970824620377,13.01110919383411,15.76274921057799,14.377972026608166,13.806603257774366,13.26008302475995,13.016178868236318,15.903176150916005,14.36469679830804,13.979194973140334,13.256670814621396,12.986664906029413,15.944188796594764,14.60665134296433,13.974278017392345,13.264064951680329,13.033236982431475,16.05280943841047,14.662983186282151,13.87716913563295,13.326739660539626,13.016066741411066
17.382578599454096,14.511589092475841,13.673501096466486,13.549927956706039,12.79375973674046,16.536784710142324,13.824504696370855,13.715416269881139,13.614928336857355,13.494279506760709,16.105804580068618,15.629589625352146,14.510366618939077,13.52710206078837,12.5022609154773,14.80265475395011,13.863325885111655,14.407697322764188,13.80896820279067,12.50210779080817,16.20577590710468,14.599517190056478,14.021774902619438,13.524593249841477,12.823142317430356,15.928995833915838,14.635649923254425,14.114490869036871,13.376266611398254,12.888828269534756,15.82921480393598,14.907789337025932,14.21959421349203,13.316637036963936,12.790078920172757,15.70388245859896,14.661155455415209,14.01418582985859,13.245476619915753,12.810818049857037,16.03352134045306,14.855317346033809,14.012837927483574,13.168735590242374,12.84935728926985,16.025883271511628,14.767642357989615,14.002847925299989,13.275113180299993,12.908706860200894,15.876472925719801,14.673157362205668,13.884017614080298,13.394004258372991,12.867599129821617,16.058876047819766,14.674425094554426,13.770974109688265,13.456608059701164,12.833732902229935,16.23049296073529,14.749315869969376,13.939820267185274,13.554139193586533,12.958700710358798,16.139758109995846,14.823519950920163,13.738357320312295,13.562903875673857,12.959323306230356,15.903700309766341,14.816934399613094,13.914288022576653,13.569732850367382,12.938964616775229,16.036793167993455,14.922548064013137,14.080965541624726,13.546245967663888,12.91480469048938,15.831952120822276,14.803268322248101,14.217342101535587,13.485947179600903,12.857318003598056,15.908297714654495,14.777405794059144,14.108526507453798,13.46179625188132,12.825260610753384,15.721514057250335,14.67801299860607,14.345369884465361,13.506264969215454,12.897044215068854,15.796773007203692,14.42813846274118,14.130190584105383,13.407645952635539,12.919780760541093,15.904796814422241,14.233345283308486,14.046709908581263,13.431047506391355,12.939195605288623,15.63349436745663,14.285469652241698,14.059123740794911,13.414654842595066,13.035439867393839,15.577331695826217,14.423127097144597,14.124581914658387,13.362383855237919,12.997042248192468,15.699981903781003,14.371067878193148,13.939420183493633,13.230947981831605,12.92902510650209,15.665663822225216,14.388105648392619,14.03123718946558,13.29187508948257,12.919759723969069,15.70347101434584,14.658355950497642,13.97513840848109,13.318430600477313,12.901182317975834,15.787855173368893,14.583510163504965,13.832297678201618,13.412952150385854,12.784988749520988,15.352483021069386,14.228893011292545,13.795540463286486,13.411116157125125,12.785493771956707,15.344161410672006,14.250816777986625,13.7744328783152,13.418925279999332,12.844209968706332,15.4971227953262,14.283490950280441,13.7289200833426,13.411733781937969,12.786795761938347,15.50303247241529,14.176075546449573,13.746467987703848,13.355915151980266,12.774607321448155,15.820693516150689,14.113351266040539,13.674945797054239,13.273927499756562,12.887324282420451,16.26340201477502,14.395111244667806,13.542966379401253,13.303981430422203,12.749831601593,16.418409756177297,14.495014466201614,13.727988259388093,13.345692403601586,12.652830550210194,16.467179667090484,14.74278966491749,13.738041425476975,13.27824993308344,12.677302261191008,16.275948108974717,14.760675237950267,13.605779801108724,13.255570528313394,12.599456296235317,16.26645061711448,14.801306316495722,13.763060161515574,13.228184529127521,12.561029266821773,16.114681663889616,14.672303375174067,13.87924547448174,13.198727630168605,12.691663978192157,15.988757940878958,14.531335936329308,13.697181330054997,13.197668231174637,12.791203326953475,15.837715074407134,14.464877386515962,13.794718586156128,13.147590249276238,12.759103494609537,15.87953143706377,14.347608364548332,13.859871015370652,13.263373031583324,12.883703672725144,15.794660760432459,14.340701175351,13.782177227329152,13.236130524804462,12.957534721341736
18.25661918052214,14.045729459143885,13.923404179303922,13.715736954024873,12.9136021617345,16.731740030859257,14.37067143139181,13.42329248000094,13.839826447537178,13.643786498621122,16.424696403389532,15.451299666184894,14.43989488614861,13.728610127788723,12.959851489854154,15.395181008308986,13.620870273490835,14.111313342026598,13.709523260549881,12.547884954549536,16.77809271611907,14.45249058199271,13.87639753082073,13.701817226188192,13.027648247397426,16.455895418378848,14.602359448415433,13.862527328684621,13.638844841494521,13.007403870265794,16.331942048247047,14.760897715114652,14.127903163483248,13.546806934304541,12.94773141066456,16.152432354717963,14.519334202281778,13.953636920255326,13.552630101706336,12.891961335638877,16.542717723894505,14.798761619535535,13.916015656289805,13.52356724911086,13.005355280008478,16.314746080460928,14.844752616748242,14.036743044535474,13.52220978877875,12.955816648867193,16.145427152407308,14.925996441918977,14.186288292406193,13.559123891753137,13.029690525849194,16.358321956584962,14.896681209362688,14.158042989569836,13.715387675278862,13.013381661249614,16.51476268736287,14.976674213079397,14.293010968314695,13.737367721749951,13.033667574636747,16.1221511811949,14.966368895490485,14.11133249063819,13.727015547419933,13.050565900734824,16.113509561827886,14.980888405866503,14.203370472719962,13.751193007857058,13.1060091306917,16.189708065270004,14.929147668385284,14.187578315737975,13.77491091133236,13.063496462014658,16.09034315426924,14.869889028661898,14.285642220518259,13.729687785986295,13.010859132685704,16.174184096052265,14.830280559075987,14.089684718499816,13.708134930087502,13.147637992261389,16.134644068057064,14.85311049879464,14.337754872227881,13.725479398653894,13.021524033275856,15.855040506169024,14.729484309116557,14.042993902034402,13.65108414532583,13.112095042739051,15.98518982720692,14.705881053053492,13.962192918338596,13.534746932996999,13.1795568167442,15.667595428574435,14.799752733866688,13.906021052134914,13.449029296202955,13.28879172430253,15.75900039535011,14.7570670402394,14.154411224060771,13.44828074546474,13.180038311824944,15.829190573695012,14.621801828034771,14.048673696679696,13.447765524439385,13.324159693943523,16.102112392923537,14.652633372110174,14.250690540845415,13.550288972552915,13.251380532892387,16.26631485679447,14.725048821698172,14.268442376497083,13.654212568271921,13.1643119951793,16.229149903177927,14.757302774488718,14.158329475443693,13.736178902714448,13.054183598935747,15.806970701247959,14.670780297630085,14.206731265150022,13.706746801414884,13.073480772435698,15.75014371759311,14.86626648152872,14.141233360304014,13.749695981764328,12.988856126500437,15.693496411706288,14.679259462495205,14.112215300129042,13.710526804246589,13.002305822838355,15.487650968756288,14.59382504916898,13.97133705176596,13.70521753790015,12.983123580100377,15.810809908160143,14.445060728945757,13.834296213698149,13.551678231592827,13.015837381320859,16.0373705396551,14.752937885078477,13.653499513507256,13.53658928585079,12.959909595383209,16.24422692742407,14.714077600404261,13.809297811098835,13.522762840281427,12.976562860368608,16.294879172084478,14.935224514324341,13.808917805504734,13.565323089591297,13.019423005897485,16.250363923301,14.831619668947804,13.928096107032356,13.501367465655406,13.083130759144826,16.287908492139188,14.763155522176609,14.134673320640157,13.681523765452997,13.084748620465001,16.175151578402353,14.697492649118269,14.188795887839174,13.607752733365734,13.132047043759187,16.10513665527425,14.583848607546415,14.170341643841443,13.591194006306768,13.193003246801064,16.15172283140215,14.50091843102478,14.21159191810396,13.467540930696838,13.14676677396925,16.036984039579472,14.637336276458091,14.139341606910815,13.540692145006318,13.150999313809393,15.901245739965862,14.757303434721944,13.983740429693759,13.469900345685772,13.136285813678379
17.63291414140848,14.447021279112242,14.19154385485814,13.460952608465346,12.652080897729197,16.703636558830453,13.890604440483886,13.831910629050567,13.860794980225846,13.17127756084153,16.18540140236981,15.37379394851558,14.388333632698204,13.844201418184255,12.750545402669193,15.269325472824583,13.520633346520922,14.437949835884526,13.554137903995223,12.461460172121852,16.437705984227954,14.53436275877787,14.073505351172082,13.61033423498048,12.827232701140556,16.248898054798335,14.48773707458543,13.979108482052249,13.564236975743412,12.778450938676269,16.05465800881024,14.742282025874236,14.130458369181596,13.490662910079028,12.71342472310042,15.987291072510578,14.463207397226299,13.991550722064773,13.443071110089159,12.66529395736676,16.386780230346638,14.784211022577699,13.843352212098335,13.415464263716174,12.79777497972936,16.440901767048707,14.608433356179384,13.888178633959688,13.503115361769739,12.737257943630734,16.13477228370816,14.711607984324548,13.958974366334695,13.481386962754488,12.860945510283477,16.3920157169538,14.756978905138201,13.821336221213695,13.45242525597595,12.875071277181998,16.458403960310964,14.853696944074272,13.947986597293138,13.432459904724016,12.959259663658042,16.26498137762733,14.832209707154878,13.87517637580017,13.478285486539013,12.981111561248335,16.113272243815832,14.817073335910294,14.089182584892523,13.390054597627392,13.018629351203908,16.312368062249895,14.86959242155952,14.100469336228425,13.373979589892064,13.038561852841294,16.186286716656678,14.597070677276275,14.236491992117513,13.507840929366703,13.01634437319503,16.06379157994001,14.6776642792892,14.107985816985538,13.585553072205135,13.02391547413583,15.747343211697881,14.751777312344762,14.176752550401355,13.545533447136659,12.902570644183964,15.578012673414742,14.60348749213449,13.933219090162941,13.519943062101678,12.924945290864903,15.628918635177445,14.456338143581604,13.864333684493236,13.60821458653712,12.895663605262275,15.409993689700647,14.634432550154012,13.838668590395992,13.518678673304967,12.987547705856567,15.585716132172289,14.45804234132186,13.946597458672937,13.34999473566278,12.972316029210976,15.82778758745852,14.189244746031724,13.923080903290407,13.30208806002087,12.972827896599588,15.906563517525068,14.313479450672329,14.028140238927856,13.425691003756503,13.038925833164797,16.092688598730483,14.298647069703922,14.13306915233893,13.468584990629921,12.995200185962677,16.12803249625274,14.340869652092673,14.023934764110866,13.449466613043857,12.959006159363962,15.908523768590248,14.16154474614982,13.873416487984912,13.518851745881912,12.991511325707375,15.91153826237109,14.3551743001276,13.956164839911798,13.591699856044565,13.091285646311485,16.01354269254843,14.226808213236115,13.812975319354269,13.547533257035557,12.971616897491458,15.894550108979455,14.251997840249043,13.702357097020899,13.575881419283798,13.002247166702272,16.05171703437636,13.857931654714559,13.61634247428,13.57442604754578,13.062059111670967,16.31249502333555,14.26217463753881,13.734398764754351,13.587388104314993,13.02072150909802,16.371477555717796,14.235450941108292,13.758913861578634,13.5481710772794,12.976882704702344,16.360183318243298,14.41749047942812,13.818573421347711,13.470486054057272,13.071201555963544,16.272324252924392,14.412611392787545,13.849383337137311,13.38574962942243,13.049237976029895,16.28288995952375,14.582306647814722,14.015684659927796,13.351335823910073,12.970799753374385,16.024788985723756,14.501644061106072,13.981651045682884,13.303853484212876,13.07656669614683,15.95633435624266,14.481634964654324,13.903539738112903,13.17380240350884,13.062953309695065,15.887269734676039,14.47532831272866,13.93498298513851,13.249546397210988,12.997673365876357,15.702059305206086,14.601786110498262,13.924500215794016,13.284832868548119,13.064043658562236,15.70561015778936,14.615482599465068,13.790044855848459,13.29946059980512,13.129053300204296
25.374901101592034,21.51946267692404,20.9590077974854,20.103243719512356,20.3456173757508,24.041157847432157,20.701461566728554,21.268455072962105,20.26062424788112,19.714558279435202,23.945709600868042,22.282813921207662,20.51034048483733,20.759363639919552,19.56503015173774,23.248951680195262,20.99713525320211,20.728711420583288,20.338602643879014,20.068671551184547,24.117897197110864,21.399784793730714,20.834465928337092,20.399767404657922,19.853578400776776,23.551540130909405,21.277598662550556,20.806147300972462,20.337743391131703,19.724007103546388,23.16100595162388,21.138345918430034,20.71300372913675,20.278557041535635,19.798965740902624,23.13337864093269,20.918652640241532,20.731338608166716,20.166515612705343,19.753374671251382,23.322336469848146,21.143520022442175,20.683715756036655,19.991430359419347,19.762173286109746,23.462245050620844,21.069728734987716,20.666386858195846,19.835662010851138,19.822798369513876,23.766899417850784,21.280316238110323,20.594451291941006,19.832542273223652,19.809781147723275,24.140687450636026,21.109209559060922,20.774932417225845,19.850594144940338,19.867699711551314,24.13196444273543,21.21440570308401,20.85235901988904,19.800347879788248,20.006540389005888,23.932817588770074,20.936451429610365,20.890371395773435,19.97477147247512,19.954149715665626,23.48628960477485,20.909384894825997,20.913061863184268,20.123698598999443,20.082414243233295,23.205608844600494,20.706897005736046,20.927919109370926,20.32729965590738,20.244364615350115,23.158733254780884,21.46715083625879,20.80515704714498,20.397300377631623,20.22413669772198,22.899146111218137,21.221435211013496,20.40688051746194,20.49201741804966,20.291780417045967,22.81815646153345,21.26016021095678,20.416460749675203,20.464509300504172,20.366341600812916,22.721141988220417,21.298340606309484,20.443310201066026,20.379488643378266,20.291491244936964,22.779676580575238,21.37473649902294,20.40982068132496,20.26021510793847,20.151850323192907,22.779897303547564,21.19710793731017,20.290417861392974,20.235840454502,20.141024451933053,23.076672888975224,21.271700854799242,20.6294650191661,20.220792012490644,20.021479665420458,23.111217077162756,21.396635682392684,20.676017178305337,20.219115464633155,20.006029836496122,23.326495565570884,21.190309481539128,20.71933919856632,20.261831129561347,19.984993111971924,23.664779124632936,21.018296263917634,20.848351154922508,20.31655629904886,19.972123414534444,23.504900312996405,20.953174703482166,20.74433094919232,20.30260863662609,19.997365256151646,23.263989913265597,21.1884293264057,20.805108399736312,20.19048694103386,20.11540955948951,23.614667305041454,21.08196562540669,20.872666815376427,20.14100078450459,20.061886626754305,23.70429998311015,21.467052154827343,20.879991877784295,20.05982765966228,20.089588000960806,23.591478542498173,21.59181105669131,20.93071638548873,20.081546457312392,20.20423491413466,23.755109982762455,21.6044748218712,21.10278094418745,19.978767064584588,20.221264447559598,24.14433385103178,21.590494511829352,21.07729572182953,20.15057366576623,20.14268976618095,23.953956219561395,21.647891441601566,20.92838920491568,20.254058177576844,20.236543569467663,24.05112500080234,21.523976080525795,20.808459456925668,20.281384893528273,20.3255510797391,23.95509597320708,21.453424515586697,20.697403226903173,20.29545678041813,20.30080099742099,23.759360780839295,21.142438157936063,20.576397023616963,20.42487109851098,20.25943716470498,23.475071656535647,21.141126593675978,20.555761309951112,20.322998299282137,20.320605390732645,23.429572021287264,20.930900750462733,20.622557399264092,20.2875267194107,20.307779600506155,23.127964852824675,20.749127294617185,20.71128427939805,20.335262111299578,20.38219064013388,23.055907401710957,20.80173838149299,20.67610710462558,20.31356805122855,20.47037255280614,23.21927860979269,21.137248576067673,20.663802291383394,20.264632130233018,20.484615873421475
25.37431305997389,21.489207409971602,20.976981972294467,20.10131304278321,20.322666210225453,24.01386270687386,20.55733208585816,21.21395561576508,20.22940064046863,19.66214564508256,23.912167883545195,22.271680645583857,20.51702664471051,20.75901659995786,19.572366610012033,23.24445852597292,20.919907063622954,20.76436294420128,20.34244711393663,20.066102837200816,24.108373787266622,21.334837578810998,20.834234115342834,20.38673370623524,19.84073833628832,23.538471497736758,21.206728300091,20.78939951668415,20.32833605180575,19.70965764095569,23.153329223097074,21.100730173080343,20.69914091314099,20.279124808556,19.800560156475957,23.13066441418895,20.887933430318917,20.706365448894726,20.175442805138328,19.755242046493954,23.320206095402824,21.127516501972302,20.651651026569567,19.995867512081187,19.763902159884044,23.455924671177957,21.089327389427233,20.643199358814933,19.832276626458615,19.826172872788838,23.761352267337667,21.315112214627437,20.582324638143454,19.82745640782919,19.81325368351724,24.138366318734228,21.177019260659726,20.760073445600966,19.844147926668697,19.864454508490144,24.12786067874733,21.277916982764108,20.849353463214317,19.791059754809552,19.9980796216969,23.93765608372835,21.010025582527724,20.895335547140768,19.975178983465614,19.946709409096258,23.48512775594184,20.95800042640178,20.91514418002776,20.141030847727382,20.066876853105338,23.195857656138024,20.761176633116214,20.950422676579667,20.35181706431714,20.232187574266884,23.147800669342807,21.486493535201806,20.830951240013988,20.418501682982154,20.210759989806935,22.88513828566704,21.238921234439715,20.405746586689588,20.51225401194556,20.28692229834378,22.782532169210743,21.267940055183498,20.40631357829722,20.473043061782878,20.35811313909883,22.698194871662032,21.315726924656666,20.423239659766203,20.384611037970163,20.295408431517092,22.757189557542443,21.378516863075333,20.390656757915743,20.252522226686732,20.157617724525988,22.750890028421672,21.199190239557343,20.278550591984036,20.231242175123903,20.146847185531335,23.052192706763215,21.26487314795486,20.63644108334936,20.218631170386224,20.030153944707116,23.098087976596112,21.39382956516641,20.678066560039934,20.215840184933562,20.01509485491595,23.303993578691347,21.193335033394934,20.72631558206517,20.252242191329138,19.987854302426,23.65345874546778,21.00760168081556,20.842733388378935,20.306934498093177,19.97377740738074,23.504255481509123,20.940636769477162,20.73944728284447,20.291816114672102,19.999845777039475,23.282664677095347,21.1728218382146,20.799684966274754,20.166425443782526,20.110724995438154,23.638044355996414,21.06040271637686,20.880909450666188,20.11967533528773,20.066381749551603,23.725680789762983,21.427596766526932,20.892450625113955,20.045964559354005,20.093646276222326,23.608465577663065,21.54353762410411,20.936588826411647,20.069783833356645,20.203350067251368,23.772331520759426,21.554583470707403,21.10789115345782,19.95469000224697,20.21723385870847,24.14362216435528,21.54063934664352,21.08278271543947,20.124601566837555,20.141608001958726,23.94951885143563,21.58755599172444,20.92383185237336,20.217287552939894,20.234636972635315,24.047123375605242,21.485729122003942,20.795696046915197,20.240890177591115,20.324680412527577,23.953802312313325,21.44740714954158,20.67326099219981,20.251920518460945,20.304068407342566,23.763811217774794,21.141740496127547,20.54393215024133,20.39329064415182,20.26509242742964,23.48079331019221,21.174368909679124,20.52431000086332,20.30353528204862,20.329997470266207,23.437236518546438,20.973946265292504,20.579830961407996,20.281013022568303,20.307423560983374,23.123061933012885,20.774519259637255,20.671200426581468,20.33568064029646,20.37948892905711,23.049248444327723,20.814041349970715,20.656039813663238,20.31338490012991,20.4676573187454,23.210143103389814,21.13554755414428,20.640285580810776,20.25729969313123,20.483415947317507
24.26280149700534,20.86692291118443,20.339834682956752,19.61203130393496,19.789768830691493,23.26916550799665,21.234805447408274,20.999021057945246,19.83732694895791,19.450423962599498,24.13143029146519,21.607056054025932,20.144789509504882,20.109633282123646,19.220353828718526,23.970115264337867,21.063608234729,20.582861495492207,19.922024339171895,19.432596181133167,23.785301109850646,21.237930643872907,20.505348968707132,19.90694921559726,19.396892290118483,23.416840550092864,21.15033431710755,20.579282654672216,19.85866003598303,19.242859696465473,23.2626461070157,20.835477594832913,20.44865826351886,19.80786438792926,19.27229303247161,23.067733518627897,20.7117619234932,20.476075534893347,19.728730831905374,19.227989964811343,23.075272249953258,20.80984997424877,20.430489529795288,19.629292656576038,19.295869956664824,23.278237914861165,20.67595090408296,20.451659047206885,19.50438681600871,19.38306009471369,23.473790744785084,20.821550782426748,20.37040452808558,19.545740460346753,19.416402882916827,23.513072086934734,20.846800951586165,20.56693908885431,19.51768336275976,19.442811604940143,23.42388131861823,20.892028684745846,20.61318429105518,19.44475750164875,19.5498199338544,23.20449990291174,20.77000987396,20.683047474172675,19.520684790902212,19.450098061540235,22.82233863979239,20.863402362141642,20.63877737355869,19.684865502629357,19.54676795649575,22.739209379523608,20.714178495638137,20.60973388676475,19.830686635962973,19.70707485446932,22.765268038788207,21.22769226612629,20.50446843582941,19.975914080022566,19.750527098420108,22.620924608655734,21.18981521095195,20.271297100641693,20.14223152661214,19.793798200129586,22.655980052890982,21.193979704533806,20.215656845191294,20.124221882234224,19.923670913144075,22.81982606750082,21.183044115707865,20.21252541829799,20.002290969603365,19.884056295972112,22.874005657793486,21.146222527901948,20.240358028520404,19.892541995100338,19.762207343338382,23.03902024092316,20.93574671192825,20.21771029700907,19.810820182052243,19.75041439874251,23.54472053883567,20.8329999559328,20.398631849535356,19.72994883866985,19.687443833081584,23.45455602401891,20.78311939362833,20.393610309222456,19.724932503326936,19.67277556930157,23.244759349306225,20.570055340451553,20.383174001031467,19.750531147141256,19.611689699931595,23.602628871817405,20.64960425896787,20.47085606866859,19.800880464031575,19.6187793942568,23.603831667986217,20.691491326763355,20.28054452072172,19.785976389990953,19.586029477788735,23.395090495176824,20.89126299937644,20.293616768261746,19.72096104034847,19.679526160560563,23.694727705370575,20.93761497542082,20.356324252677283,19.669138474505846,19.549824629917516,23.95265274117209,21.133217888263648,20.48299957955071,19.621088199941397,19.6221349268046,23.671414306073338,21.127256954610058,20.515531360442814,19.646163710380204,19.686161789336,23.72875152589892,21.06411538741302,20.66396772456388,19.608400008467594,19.71531277291357,24.013015755326222,21.068768922056964,20.760975600405935,19.74099239936864,19.580251813140723,23.843269855973638,20.988724412062314,20.701489787887635,19.86843339590963,19.60090765767021,23.81176254488276,21.087911725772138,20.623603580424735,19.87772017291289,19.53132447226467,23.67315159150519,21.10476063521744,20.531762084189207,19.835560437018337,19.407276551042667,23.29059042273641,21.022915409570107,20.444503781849566,19.859694385306604,19.341889439284408,23.058391741352388,20.98731670143842,20.413905129453948,19.765528084605467,19.472424421096783,23.21675311417849,20.979230568051243,20.375534874356962,19.631229536532228,19.52449305174111,23.00288199993788,20.630373086067355,20.480604776526132,19.65350735722395,19.638934500679376,22.92992992387726,20.584145222943953,20.506526177106302,19.633487308953498,19.80081338033929,23.205114416484314,20.579895416038863,20.473927848371822,19.60080831946004,19.807768079766994
15.857057091903402,15.337242910508248,13.583019511754772,13.747002702015816,13.300434841741383,17.44022998071904,15.183225618320904,14.230303540113592,13.93321757357585,13.133302662458496,17.746162931914647,14.590170448821311,14.380635031132782,13.61622530987855,13.02019820288945,16.568587540827824,14.497551577668718,14.427781300063403,13.914615610505072,12.971652207302034,16.81762366246283,15.084523807383382,14.117149371470159,13.789633306248067,13.092017092793025,17.09734396796008,14.90179267892898,14.243952588427822,13.740415863308462,13.014950311722112,16.88321726940914,14.899594763171734,14.135059900315403,13.59219312692755,13.042162750864367,16.56107282330032,14.919771044965449,13.97604392732726,13.568531645251763,13.104847606601286,16.67574264492036,15.223323749104178,13.973174751243732,13.651614532949718,13.110796628392473,16.53644466664249,14.82662107191074,14.029838213307551,13.594192237422101,13.190381469752698,16.478074503359146,14.806865196073371,13.962261383372038,13.574602028230327,13.323451331615804,16.68764010939656,14.824479708554003,14.025546696332288,13.635374684450715,13.270928936407708,16.573872749935504,14.916052747610843,14.199065151369103,13.641275645618103,13.262949071937646,16.42584064214293,14.786745036027304,14.164726338647796,13.574064147536536,13.31879199594869,16.60792347259753,15.04038105687674,14.30486204174502,13.60149545854567,13.334616859951325,16.58269651787436,15.142904324531795,14.419650512580764,13.706942536215152,13.313101064328114,16.15752976661089,15.093215171797658,14.51454093919366,13.852679835438277,13.247869856710711,16.361925859956553,15.182984225180983,14.389805909116964,13.824663187978999,13.246591312715413,16.31215263383703,15.16187185375328,14.477696174398293,13.805649759247695,13.199121334983664,16.230553337873026,15.125760958896217,14.258974319506356,13.714620070148763,13.179807255772513,16.169867712204915,15.123376361364288,14.139057900916686,13.653935909951352,13.13403244183946,16.532192763016003,15.161614974178727,14.044932630806937,13.49905824393133,13.309537841909798,16.753919061931565,14.980976080318976,14.080474243828792,13.60479616850524,13.262033091533453,16.96576108400798,14.830780380199386,13.920185882681722,13.574345501187253,13.276417682508608,16.947876233737244,14.847667594412167,13.878616595191748,13.692587846262501,13.276945368628315,17.14249936552284,14.972572826081812,13.936265431122553,13.731818558346347,13.239220016754752,17.139560105052446,14.994238222672507,13.971080568396783,13.798652627425025,13.16108562120974,16.844134087032465,15.035362178824888,14.029656645692281,13.705522695747973,13.247362758149649,16.96453192780052,14.93764030743498,13.91533724836413,13.667836880866426,13.265223034308866,17.07143383541814,14.94299121109323,13.942899254214485,13.664284176274112,13.246944667392611,16.916124140186824,14.860398639720174,13.912517231138992,13.621796555283419,13.28031950435207,16.983512457591537,14.770904608557,13.885116089216364,13.596507648992525,13.323589817909795,17.35823281080882,14.885422535573923,13.85695916554585,13.640293158634474,13.28975058433665,17.164515314177756,15.17096138740384,13.944249131508016,13.681307554592816,13.334156981427645,17.009514830582862,15.296898822972148,14.070137781359358,13.57966929070506,13.316903171350921,17.221235289822005,15.269708327014007,14.079052408766813,13.595171464868013,13.299412221817514,16.920409072219925,15.322317295463847,14.121496000411474,13.605365969109442,13.1623540545277,16.83733278041882,15.307360828999489,14.125146893546363,13.592323261751478,13.077111164116241,16.887728171434787,15.16063809409037,14.096740076629072,13.532070447836883,13.081306765624547,16.80956095523789,15.022855914742712,14.165182048819153,13.61751090792583,13.112876687379941,16.7711200129264,15.070980859980533,14.218008578900125,13.625450951045233,13.178423338411346,17.044578854047536,15.04912270447571,14.199205124522795,13.638268910132492,13.275244309090478
16.463043360751392,14.17632804784218,13.879267339320235,13.58722647710489,12.794507536313205,16.138383648059982,14.66129180755801,13.354699567437855,13.732670250798556,13.352218472352025,16.226297900610035,15.286497629659106,14.727432035419254,13.746799404584438,13.3252295333444,15.350242846906932,13.504358975582301,14.021634923372469,13.728882818037226,12.70433918618297,16.086855994693657,14.504584636778393,14.001359063631247,13.581174261304565,13.028619431748083,16.11246776118346,14.445835726935787,14.055600041434076,13.482863635158651,13.03826262028279,16.032897025053916,14.568173623325984,14.326332808545336,13.328216684946563,12.947262126044468,15.862222001894242,14.379689056872763,14.177514211483475,13.232993794961905,12.805274473441301,16.17291937520572,14.637088166192461,14.191282367897164,13.168098059856465,12.909692536436467,16.104708811586928,14.625475348641501,14.149034315503647,13.115997698713727,12.939021879099737,15.750154616522462,14.676292415953885,14.057043414405664,13.196795061441316,12.992532296557943,15.97468746063449,14.616606897165667,13.981896999709571,13.304287027612043,13.015340324913987,16.107803777966062,14.70199009580701,14.100507602203205,13.397514268786399,13.073327622467744,15.893494104832442,14.77719298275242,13.985527800712664,13.391741261742544,13.07766898927243,15.792028128414547,14.725111627124917,14.155584017325006,13.560530895586467,13.037765943908406,16.043538554213743,14.768382074925935,14.280592663833513,13.588441202477307,12.979756730818611,15.774612532244584,14.743060152445135,14.47533906974493,13.606820029435093,12.904429379991793,15.760774425030936,14.844957081687406,14.326348349910115,13.534432779091054,12.966685703732495,15.575418070153848,14.783770366435297,14.530424641857838,13.4818839254539,12.884404406909216,15.561360471474902,14.60365271353009,14.19544797830811,13.482394881173551,12.946755658184259,15.621590463017773,14.625095832561055,14.085734689770984,13.448294888294352,12.988253347682342,15.39563423383554,14.708813208865234,13.926170893967944,13.469451389418506,13.054982952479198,15.464811847414305,14.49043263861879,13.944197782604963,13.462670600430169,13.050785672866757,15.714916041259295,14.38602754586594,13.668363688388848,13.398066250845,13.061749731328693,15.78276191345679,14.368926693297718,13.853717550992034,13.408004618505558,13.12560336491866,15.8217983772283,14.535870362243205,13.949800218794659,13.466898381207438,13.044527801496002,15.963808995267778,14.487226735311012,13.924402601092813,13.436712079266709,13.027633494862348,15.781644404039,14.451783968001255,13.974212984205542,13.377627423790864,12.986477419185704,15.743841533477006,14.501308571283994,14.175699659558244,13.510466496308686,13.048894317062054,15.763719856741545,14.624145735016507,14.114640595781571,13.468711352923147,12.913613968915959,15.721822319716177,14.556037284123889,14.022793545869405,13.437446996165907,13.00170299905812,15.960658702930576,14.241590830614351,13.972834736023561,13.320873850612992,13.10582275098642,16.196342330621732,14.457924722264673,13.728758768179512,13.327872798370572,13.013180083528596,16.078520221851157,14.502113397701361,13.797545994962402,13.377048102190646,12.880641503274955,16.016574546761426,14.578962077479725,13.831898712503806,13.37955318674039,12.980704327331901,16.072407409403812,14.444452217123047,13.75710657482416,13.306679722212824,12.94525458460393,16.090964996328186,14.612633847349173,13.770535809386818,13.344514713282072,12.839190717901056,16.007908090930236,14.64639218287866,13.91035228806687,13.4363343761609,12.906412375846822,15.982324644098153,14.611468046401367,13.875692206581931,13.267437066308599,13.048513693825296,15.927316554876791,14.577604900980187,14.043386750760533,13.188671392010724,12.938462024290208,15.714872964949986,14.774637869584865,14.010454259612185,13.27786779766169,12.940786434931146,15.643446638619372,14.735987354162797,13.855911183562545,13.346649648321755,12.916484193133636
17.07610840370545,14.007226556788334,14.136058276023885,13.562641570901977,12.899755923753446,16.529326485709685,13.840748456272575,13.230450654509552,13.80166574871103,12.913433108329862,16.372862259843053,15.785980539191044,14.504113575462267,13.894294380526945,13.04954186429207,15.244596293780509,13.927161561063208,13.663965808162068,13.437756010940591,13.071396402247347,16.298284650513455,14.483814111508778,13.901981748810579,13.59885666544363,12.996086478298082,16.247180128648303,14.49934186118887,13.771128058802333,13.56069355183528,13.004430383013238,15.947220022102409,14.705418921008237,14.055691817426716,13.446604734896443,13.11921130864792,15.797054212841322,14.44661079420763,13.796519658574557,13.387718365334905,13.080713024483561,16.13868769049613,14.55325372368497,13.898080310376761,13.438077664379682,13.061986473434612,16.185678970649995,14.624900575035706,13.905318896404253,13.490065216717047,13.024443333300912,15.877616239293365,14.612182718709722,14.040697491524128,13.537917790723947,13.031566456475293,16.248772219272592,14.657711467437428,13.90218435615913,13.652237813728018,12.942900942605414,16.394784237535042,14.705141671126887,14.177030894146124,13.696057015843632,12.967881849753635,16.162881755902827,14.808473546545212,13.965795049305083,13.698397740478592,12.968626596809006,15.993179047279543,14.716179490454454,14.117404874282357,13.667877722603134,13.040956302246315,16.192908400239745,14.863217022496759,14.146054786220512,13.638117410354246,13.059524486824492,16.058551302029276,14.73237440704143,14.370626885362555,13.644114820119963,13.02693596391035,15.875302465224939,14.801359151160133,14.172774394335779,13.563856652977638,13.03516166347768,15.780140672828315,14.909327786178958,14.410045332589334,13.455263684986841,13.090019473745025,15.641368778552765,14.613658846875996,13.988138503083457,13.439003722206573,12.996375794800702,15.589808847842615,14.355831566418818,13.934389732414857,13.453146542494537,12.961757875617883,15.33096568838054,14.426917310258222,13.823385939760271,13.457883964386705,12.983762078095904,15.608700281379697,14.297827194050972,13.920050037231146,13.433972483504832,12.98777875205254,15.781685732238818,14.028937620339118,13.815103685646253,13.500727577859575,12.887444174927396,16.016262842198977,14.185961920539052,14.130533612226381,13.577579281403349,13.019073816820788,16.216002701626916,14.500512749187484,14.172867861278448,13.616289733329348,13.034393265784354,16.28361740604131,14.509303387176923,14.060657019336237,13.626128531460617,13.070860914459317,15.935505174136916,14.30373718685704,13.999479399512296,13.653002170190542,13.064595670726575,15.937098429758493,14.49240591353285,14.117235571938725,13.548822161903825,13.117889794191106,15.869530546322503,14.387930576854734,14.036986120469077,13.546589643112195,12.974515254325812,15.833990673263932,14.238439911558533,13.996400346443565,13.538068847785578,12.929557714197568,16.01965355492772,13.937645566803363,13.89275650705908,13.376567298646682,12.85985928043913,16.226582321247864,14.255078289924072,13.931932767770457,13.38244172979833,12.91542759037518,16.176112881436634,14.14524420568896,13.818571534974145,13.543495770427574,12.964126087110344,16.05079352255688,14.370041357902196,13.7317853248075,13.395533285848904,13.13724365290599,15.952973015967057,14.333299944779611,13.638459556152824,13.300094593874823,13.27622013510317,16.025449253758225,14.467952189547102,13.735717666103241,13.353284574444299,13.32958009660988,16.00387871549475,14.436129478703497,13.761645490346533,13.321869701562315,13.318803761034095,16.08069443806536,14.45590732496569,13.775512524203203,13.248265341201876,13.26622230908232,16.19983974933143,14.408080659956426,13.993976704235228,13.366204265277897,13.190784992911452,16.136836619765017,14.515829232954994,13.980432469354446,13.437461441886208,13.041038874583819,15.988647389328364,14.730703614393637,13.889439961141383,13.538265229426836,13.02480887049185
17.60299332141261,14.091880098057278,13.754980891967486,13.30697789761196,13.01503555061056,17.077215338615733,13.818872290386759,13.77173728875373,13.992387472874471,13.326030617171686,16.411528964375897,15.851758126280348,14.924118963847864,13.99560446215939,13.272984505043151,14.907828089885069,14.215722227178883,14.097409178235827,13.558628040626234,13.143186409325729,16.398561072985906,14.623267957099458,14.164886555709856,13.71246421939737,13.111260936058306,16.228496844626328,14.659283642808024,14.173067665365554,13.670228340406542,13.088157357864011,16.00209917520005,14.908129903336132,14.295817240904544,13.507711126664095,13.050659199736941,15.754917052214314,14.621461519440711,14.04479574169865,13.424297750185696,12.95362524646072,16.191864978605974,14.754145316755569,14.050994321042618,13.418098282386927,12.963093977445377,16.267133560874818,14.704102481469508,13.997413785450652,13.28455757475319,13.019062534968924,16.13223502867589,14.780520268697728,14.028371879134573,13.355040811910616,13.086286220336726,16.334686315270332,14.88248304853605,14.106783890981003,13.476101918244666,13.064422553847924,16.51574418071801,14.979295151910009,14.284823878462268,13.550793258225577,13.167755548751458,16.364916802924256,14.920332827104014,14.22569934665294,13.519122078823017,13.190855241149166,16.232836343866833,14.886356100115332,14.317940587936638,13.568062115734659,13.227510257519038,16.239014243068887,14.93166401549469,14.37001649389308,13.598304091465476,13.25307458640761,16.059316006672415,14.526365906370497,14.360084495239068,13.585793158290148,13.256348938606104,16.071127235215986,14.462346887089543,14.189128252990207,13.480066028725906,13.224281310132294,15.794503046586152,14.59218486714029,14.358083291510969,13.487875023422038,13.159366735516508,15.549953498335977,14.384785465583988,14.111097596838084,13.55873033309769,13.0873584823394,15.666454599175477,14.178504650904756,14.12173779084946,13.553508575914467,12.98941851132896,15.51900992935019,14.562850092269944,14.013579238216892,13.510938049460345,13.05925522123052,15.610609002672584,14.531969859039034,14.04865561976042,13.559574225127175,13.030540230411424,15.911511623574304,14.408202556441841,13.886677122199643,13.580648525077825,13.057928648244035,16.126551895892696,14.47980046131902,14.056197153241921,13.632753407550265,13.149475136218133,16.229928090521057,14.689065354157716,14.063693966042285,13.669367009876918,13.085822936133903,16.360293355301273,14.507886408113958,14.038295126409361,13.722753392892793,13.071320032896562,15.965830633405044,14.307233311940411,14.154055162900812,13.674329801385579,13.007581939957253,15.923747570693124,14.295531477433268,14.213256979204644,13.684812478696875,13.050901377219592,16.018452200557658,14.381018021239328,14.23491550611235,13.624680034542852,12.97802094184587,15.914150884856465,14.368599555911539,14.234511110881119,13.632358763837965,13.018358120589642,15.970117286448485,14.195744863230463,14.138254941323222,13.489251726362344,12.960427983055112,16.34515638048314,14.55818158240848,13.946707234822203,13.507483038230301,12.995972056510272,16.351606307761607,14.606840217287152,13.882558205914895,13.489739345695066,12.907169138237208,16.249877378541292,14.648393373137017,13.812819969360607,13.458506753811644,12.954822248347503,16.09330414885577,14.590976437441302,13.722726606476234,13.339620724207602,13.029068797934869,16.114271200161802,14.68442428141717,13.920789532158562,13.475629621475079,12.977070044678612,15.905792260758929,14.650028240581127,13.915933792646209,13.45877090343517,13.034240276895119,15.786646262551946,14.678652362393416,14.015991884833536,13.402537575634316,13.086369913986,15.7440439458563,14.629609650944198,14.167846092263432,13.386326965029946,13.002086403949093,15.732694052380584,14.534045788094607,14.169767191454858,13.479524913641445,12.938976667356703,15.669910524833671,14.68373343350529,14.003643022986694,13.521642795338556,13.125193740152252
24.25637882063545,20.889638223288674,20.316797917865376,19.61666933352719,19.822618817798933,23.245678863848564,21.213783090997786,21.022237816207923,19.805316174739794,19.467114952744694,24.146775785251037,21.70703178182883,20.099127252004912,20.113236073855703,19.223612993293727,23.976253835749187,21.073475873502872,20.61167804082512,19.901528747841333,19.48026358426116,23.790878676457336,21.265122069394522,20.49261044743333,19.888739965476383,19.417836700176473,23.42712225509806,21.16672421933751,20.57166837979266,19.846929930740668,19.25467183665659,23.287771437992966,20.852720517275436,20.43335083588167,19.80685975666327,19.286238488864313,23.080646922176328,20.697764779911406,20.473923604698694,19.728332906598574,19.243354724939685,23.086374807255236,20.80637514778351,20.415707262490564,19.63598884166293,19.29663139036599,23.281584717166247,20.680955416914983,20.4489415063952,19.52847289268994,19.38045284489475,23.476091541639974,20.831076926456007,20.363892918955038,19.566657659138645,19.4102823621246,23.509438361897164,20.852514462480876,20.56023458061387,19.53185259386534,19.43628577972135,23.43178243318408,20.89927562214154,20.60015183603285,19.458523364574027,19.54326691554606,23.219235530546833,20.770859921880465,20.669456835831866,19.532446404407594,19.44420290870907,22.82980165231756,20.86564926166013,20.61592948758215,19.692514189449156,19.54776288414829,22.752941471045176,20.70758471430316,20.585591397683253,19.820882967855262,19.71540487370924,22.78655212349718,21.22666133632374,20.486497829474523,19.961502224609678,19.743349451432387,22.637396560394453,21.193258383840387,20.270863416353997,20.125167105200383,19.79000903920292,22.66198936169118,21.17998530399862,20.22829247166295,20.114630929967785,19.924709440284182,22.83636494576607,21.15308423230286,20.245398756475655,20.00084292330103,19.88840070252457,22.885982768856582,21.13450896193085,20.287026406004333,19.907455366275247,19.763606069930905,23.044943972649683,20.913168874734176,20.276330886847838,19.8342208248539,19.76017309141203,23.559824428795103,20.831120109218833,20.437163242598075,19.76055665167122,19.694581862453237,23.475704128714234,20.82290911953927,20.419905882539158,19.74122143381819,19.677132339474106,23.267258251969857,20.621109028515313,20.38729795039854,19.74935102784823,19.60880297616915,23.625804612483925,20.70663441853415,20.464365075117094,19.80126714437509,19.619195679710582,23.618343243848145,20.7653919542979,20.269431339711964,19.788271947089225,19.584137851677138,23.40358427026434,20.94946023473181,20.28444893659795,19.714643045964557,19.67232119583794,23.704840761543398,20.96363555478813,20.36442843476747,19.676925010373353,19.547700760577065,23.96486466087733,21.147410410721207,20.509686089620587,19.635097983329512,19.61517650731194,23.67743763325632,21.139071789516066,20.52839898753286,19.659052891928603,19.675654111609067,23.734491977204517,21.075512943814225,20.671845307603625,19.60632988668584,19.711507829361103,24.018323435102033,21.077496573648187,20.774930833681093,19.745239563756137,19.585806034953528,23.84737054728921,20.993518741204344,20.718633534496988,19.862988410348066,19.600151593940872,23.813271750089534,21.098288175376375,20.634290260121,19.86866696855262,19.526795366262224,23.683040105332587,21.085214313443533,20.566456869782495,19.82071723901463,19.409731266219534,23.304978769721515,20.98083668006964,20.46062570629667,19.85366625292621,19.339925444230225,23.068453320065167,20.926448653570173,20.43174881395189,19.743271490594616,19.45522761333263,23.226782569892315,20.9163827842872,20.367951943401206,19.61353134769638,19.505325928567576,23.017288803783927,20.564151838924346,20.485442520328746,19.641670935534528,19.6236958183559,22.94351065429054,20.54154677374581,20.50972919820203,19.61939540523945,19.775849579115363,23.2274191268379,20.552469808837607,20.49361927576004,19.584044148251575,19.78789405401348
24.27095643577965,20.842468553896285,20.338842931000734,19.641123922555515,19.82328902413863,23.28026394551381,21.24014003954959,21.030144965118136,19.821071861613113,19.438539515997043,24.132706443129386,21.683034393357847,20.121057603796604,20.15868044867002,19.23846026999714,23.98318529782617,21.052978643123957,20.601270312554952,19.94428727991353,19.466604787889583,23.79825752089447,21.249107313242817,20.505971221622634,19.91398942376597,19.413952191377426,23.427522232917227,21.163334689501337,20.578473987758535,19.861664670282657,19.256042658567246,23.267288440895726,20.83184259872565,20.438869786126435,19.81464478644104,19.296124039723452,23.067764057017364,20.684133585602638,20.475173390259393,19.719996442057948,19.254008204147866,23.083528766422507,20.785641446211024,20.43676391505956,19.62141713166818,19.313448371265896,23.281695479353044,20.66492527872915,20.464649396442393,19.50688689250314,19.39745734278825,23.478742350118154,20.818502902496864,20.391751122352872,19.546374938576562,19.42849013157329,23.523054452879723,20.86721551312411,20.588126643103255,19.500868735474047,19.44851532340221,23.443008584421356,20.916510001733172,20.62025976128938,19.435003701879843,19.54844928004197,23.21426429303498,20.81078709387654,20.67534397362963,19.507934095401815,19.448950484651498,22.835325545694385,20.901814104024574,20.634157454039247,19.6752903807824,19.550745051470436,22.758153379223444,20.75738292763588,20.589580274796504,19.815768017348326,19.71335542859825,22.795722730365846,21.269149658192383,20.489182602151555,19.96754930699675,19.75479933843575,22.648919910522157,21.239608837529506,20.274960736862077,20.12764954796951,19.79727716945009,22.675536248435254,21.220741659685004,20.236391640294748,20.110944022618018,19.929752086577604,22.842228503974752,21.196403130402,20.248665693570906,19.989245877630736,19.894913521413777,22.89189709087521,21.160550133695843,20.286509025255224,19.882000835731088,19.773604390050522,23.049596828025223,20.93559522266721,20.26740175391485,19.811970169559768,19.759601823587452,23.55938453748573,20.828494408011398,20.44216948029716,19.735386336371025,19.69427817306933,23.466377738826175,20.80410061268496,20.423406236500984,19.725086998308516,19.67730571194874,23.247437462448126,20.608239222186754,20.39438871683374,19.74968335519442,19.61150495110133,23.600550729722492,20.674082697432617,20.48434245471889,19.809606030815406,19.62426388539173,23.596304459458842,20.721953767312637,20.294289568607297,19.787388386007986,19.590668731937633,23.388931930440755,20.926456566686976,20.30068066982028,19.71254028261395,19.688600438236005,23.70112578486465,20.94799562307047,20.37158639893674,19.66793324748135,19.566931328583138,23.958950623125837,21.13485651801879,20.50867158571979,19.61306600514444,19.63392978900178,23.681254127652032,21.135225895589393,20.535494200291758,19.64173574198121,19.692771480868526,23.73479843962095,21.08415965222393,20.681147288985308,19.605087597541743,19.72249783661283,24.0155791416505,21.088465658338787,20.772401873318593,19.750953811346072,19.5900110659897,23.84094183085163,20.99889632774423,20.704924471692017,19.877592350920878,19.59785480552879,23.819037246043028,21.0895004173516,20.614783208850298,19.887581882389295,19.522741128174886,23.691275069567908,21.08228441633267,20.518768843254314,19.82371088768579,19.398988923069982,23.325277159084756,20.996847349080433,20.420670560157266,19.849016595329864,19.34150830679951,23.08783776987844,20.940216727221205,20.396101398396688,19.7491641869708,19.472387158165954,23.250039560248833,20.946007647451886,20.350832438752512,19.618951109761955,19.530285239218443,23.034130308458412,20.600061787643206,20.46125915956093,19.63788261395706,19.651853035140256,22.948393216157804,20.574817823116224,20.500395133547627,19.633537929939166,19.80366930188328,23.2166544870788,20.55602036577299,20.47835698515361,19.60663441243512,19.807769889545177
17.660687779315605,16.008393183405655,14.390498666699619,14.553864852190395,14.141312849418055,18.044113200068118,16.100368363793976,15.590016234767468,14.58525120262072,13.6554420913747,18.428813690683807,15.815113769915861,14.724609027999431,14.298002688482827,13.774891328718844,17.96020006667216,15.660231295668247,15.231034503668763,14.126574228256096,13.763962687751091,17.97973750729196,15.989069965665706,14.95975596915099,14.354736486375135,13.776678917760364,18.030248113190105,15.791965030022954,15.163323817106118,14.199310080599684,13.72857581735056,17.771511920590733,15.709000832555398,14.881184850386523,14.063380235007989,13.861342963532262,17.46356838796927,15.628343961434382,14.967765764410961,14.02947376974492,13.847964820617886,17.490408396114834,15.857537728901681,15.007795700415889,14.144730103873044,13.879484413495948,17.318502911354724,15.509089285935445,15.06078041550666,14.062927562347786,13.952635387705584,17.345505714139286,15.568206523204577,14.702064244367108,14.092302853383867,13.973202483349842,17.616984972141953,15.526599461336549,14.878216297856,14.141249132978533,13.818859442740528,17.540310521873188,15.636748857833084,14.874659304684092,14.134003709398419,13.850823763146199,17.347651967336734,15.504450355329677,14.734396580442118,14.024355283768676,13.853188921265524,17.443130517000743,15.647409307826758,14.691517206142361,14.156960723872578,13.812121166648993,17.413170781465062,15.747030289951903,14.935876244322182,14.208723460303995,13.840034286577431,17.01247482174631,15.949764840667541,14.960314553126233,14.333524782468237,13.869903258760505,17.185454734275545,16.000316369626525,14.84498425153686,14.367660746919091,13.927282994903939,17.22113027876814,15.905870368467735,14.946864696740144,14.428294144052666,13.904068089079917,17.21536437857508,15.987795356826165,14.763278922618397,14.321911125344196,13.980602473440445,17.123399241281398,15.886501964370206,14.666688659468392,14.366629330153648,13.893991680156088,17.573894947330768,15.753551220405948,14.653668646364853,14.180322223438765,13.985857242285402,17.84016981962556,15.694259392941888,14.79569909665536,14.139717568829607,13.930740770712362,17.950788275371835,15.713603936623752,14.656576070890088,14.13911191075862,13.926111665881942,17.898834145523196,15.626142494151912,14.750172061572778,14.187392946920719,13.918345571328734,18.119378395734095,15.744129137945142,14.89397180919631,14.206215064586857,13.947951092178133,18.115402263607542,15.83221277840463,14.805205902225385,14.232649443192503,13.868417830093534,17.82529642049007,15.919844437931408,14.713059767680756,14.223687120030306,13.876356989402996,18.008275311010852,15.813415296771343,14.64870926668846,14.13438717257807,13.874389205905246,18.193829987141203,15.905007311823216,14.586719096419193,14.16538910910692,13.839487397443813,18.056042377380784,15.682503339014328,14.570058176806802,14.150247727203375,13.931764007780924,18.017697882504883,15.608066193029208,14.514138421949298,14.219234781780852,13.905682771569577,18.462456434468415,15.540532606146854,14.586049123347077,14.277126889326244,13.892157927973745,18.242800483284935,15.668068849456162,14.628585580477843,14.354779390816,13.927253365897476,18.1680741926628,15.811455836070058,14.857717658106987,14.261543420290334,13.969405336589992,18.315937606862807,15.912571576349643,14.733289551612547,14.249482161256504,13.845890129658603,18.03221606047502,15.92367322569516,14.867077292856337,14.207127259103093,13.854996375825683,17.82171390232516,15.832547081706178,14.730792866227128,14.224986823497181,13.84721596604003,17.940189055698532,15.706955023935587,14.736972857293063,14.137759057439187,13.835512765424022,17.561397758633145,15.472609159070796,14.795286495239173,14.203705309600707,13.820589974587147,17.546995365438537,15.429737568634653,14.888372918450708,14.196733332115452,13.964725569606069,17.84359737709653,15.332755785727608,14.794274165375928,14.200658767602079,13.97677309684199
17.185489066973734,14.326481932486857,13.441871175437308,13.133974165515426,12.592347097745222,16.403913464725036,14.173757554895026,13.54722096858546,13.96626905444208,13.278573016122404,16.046711198276217,15.425213635605049,14.445053532125954,13.545533743559787,12.911095374600862,15.231542932819961,14.428688645158624,13.713968442267017,13.731375464149242,12.868763304369985,16.24894189330717,14.593037821269647,13.836651814838314,13.496424793481737,12.857701864825364,16.149125239340368,14.513638182343758,13.959752703554647,13.50474285420942,12.882092279717629,16.061645506861606,14.625193144197084,14.085547021614252,13.376585824220149,12.810685787865992,15.952329358360823,14.333594549880198,13.787929184462252,13.30521985460552,12.764967826933491,16.18688956196374,14.36754200578246,13.675033755610638,13.288443366048188,12.813084495565443,16.119884336396016,14.392125982768112,13.642753838223149,13.400004255196961,12.85460537282824,15.777882264852973,14.39515843623837,13.603617483056448,13.4748076521572,13.019740838956318,16.01101895321387,14.474582446816783,13.602162257332827,13.49728275981372,13.028569854849234,16.0654715505269,14.622200101791918,13.811949416563204,13.566317567353417,13.088570316306965,15.89910498858797,14.720874377941072,13.854821385150682,13.517094907366232,13.03869750632668,15.880797879823144,14.719413204762796,13.965679268206411,13.494617552503906,13.126206708915399,16.08362374669094,14.834138974719433,14.114734948185468,13.54755945192779,13.02137393825691,15.84887684890079,14.698939434032557,14.265623414282492,13.567423958824438,13.081369444516474,15.974349431263892,14.713494414670459,14.07254577432001,13.577142301741102,13.104547705977414,15.867469979475231,14.725337487892583,14.245453661356919,13.540453031050443,13.143246083527567,15.755594337340096,14.504150508925216,13.86640681717471,13.463541738446319,13.107749052218926,15.798415217981987,14.351681768861013,13.74281307004506,13.376730069720102,13.13698023930424,15.5055640244617,14.399280763827779,13.548901960318535,13.33352016858881,13.12918463603711,15.559234585293122,14.414929929639431,13.665407577415412,13.298826459162385,13.101248414169977,15.73899176853829,14.1934887104512,13.31808211050956,13.344122096558397,13.042344984421096,15.770218571688138,14.368522902677466,13.563255606265614,13.484449059103525,13.00910045415019,15.877658157479408,14.536911594483621,13.474565156684497,13.586366743625621,12.960639819570975,16.012505519296177,14.536479610785488,13.450167447753163,13.625827252353272,12.93559791264465,15.66575193361876,14.323136433433396,13.581362648207065,13.608654633577398,12.93570778696926,15.703677551770085,14.522578061754391,13.906041492251697,13.612415057405872,12.990888924010502,15.701871819132169,14.326255957033675,13.941969144685993,13.564706261072768,12.986404729374135,15.682265740457671,14.333976196943064,13.99665546857851,13.507720134575868,13.000736376254988,15.951088857163864,14.129807464292572,13.955700991386427,13.44781304519043,13.006340914773087,16.243615908085594,14.370609079664968,13.840667182850348,13.467581669846277,13.037797583770129,16.130246140256126,14.414900838911649,13.898730459187107,13.533150512634805,12.997538611009924,16.041824279424333,14.609994819424335,13.851320645030137,13.47276936921384,13.06798385111394,16.030524948118252,14.51374038170717,13.71523734331411,13.39972794476131,13.05457134284168,16.04164137158051,14.573288342115148,13.799348557345635,13.375897887764404,13.000827096819767,15.973087872756935,14.459537069161872,13.646199227030554,13.401911598417067,13.004819082786335,16.00349525001113,14.384849251450614,13.523234329202301,13.261988315080512,13.035290203980875,16.131421317787844,14.314865745845628,13.635305863210581,13.258811486055475,12.913578980891339,16.095538312468015,14.475254320334589,13.811970386562843,13.347596978028282,12.95009074549085,15.977914889649279,14.642993784895385,13.802916258852779,13.422361752831975,12.972774982658487
16.8343530806041,14.245459627830312,13.213363250495537,13.001951493733827,12.967339013576156,16.51464184328274,14.70553849409168,12.897672564056508,13.551453795786898,13.25630441335041,16.662622198420717,15.460867002819308,14.575638636209447,13.390884539295056,13.274230219621638,15.475058520720447,13.214502549258803,14.00608041626749,13.611659644643572,12.920888528940623,16.3685530840931,14.53494968279701,13.77447403709193,13.301214752740673,13.05165212393949,16.334676094852703,14.571451880605665,13.863075114571737,13.34671551059949,13.001422051203061,16.24527759949248,14.63399445504549,14.109836088027105,13.273957947593336,12.980259421835687,15.945989572928218,14.332651072566103,13.827012231956175,13.216515537150059,12.838617938653218,16.239918884372635,14.713612638424987,13.837477344976989,13.196948493256533,12.84250782309879,16.214165111252704,14.520347874720892,13.6941387238087,13.294709706914707,12.84950187645648,15.961652281803861,14.488636558085593,13.726674351104572,13.251547447305395,12.873938528118979,16.077516955990003,14.60251990851097,13.619119969390965,13.35544256663239,12.814165754784346,16.145194138682164,14.640302977601243,13.795855273864891,13.357927287811702,12.857341159192583,15.89405928330709,14.623351788503129,13.612979808598698,13.28036514511282,12.84496082893287,15.836971519121088,14.84407513696792,13.879084781151281,13.258092308488377,12.834098860934583,15.888296876997453,14.791402438579206,13.983498072834644,13.337628990319564,12.808367376132725,15.708297221750922,14.552288900536634,14.013377265178605,13.305383292238247,12.800014284504297,15.788531232078274,14.708080575302187,14.053208439006095,13.352032614669145,12.87171596476222,15.610330519647595,14.724692031198128,14.242257886172151,13.405963887331826,12.859412681921057,15.394462451654466,14.454665741157537,14.07346019099997,13.28900060945515,12.884450759616744,15.481705943289432,14.558600968232332,13.9864980853765,13.275690754948517,12.89732780577774,15.208466709991603,14.689176142023689,14.068928302693445,13.272981058030828,12.928990170305635,15.384952989637771,14.583533561976125,13.962747459974787,13.312883243882883,12.900219373549376,15.662167233756403,14.420564938183253,13.822936893349445,13.224754123127394,12.848760031333438,15.7876644957424,14.463720577369097,13.837553697461436,13.340743606186255,12.871302569628227,15.879538016293756,14.568861919345352,13.78772395759459,13.412009242255099,12.856304956395665,16.044776224194404,14.532898933018577,13.800972548991755,13.464855631168723,12.825398860109768,15.63564195185622,14.459582775329887,13.830121940383895,13.421745137185061,12.764638935940003,15.574699648575265,14.454825345787322,13.891172921902196,13.495572163561778,12.853566352708068,15.566038480284877,14.367232278484678,13.768781601385408,13.494398651657566,12.79347540526975,15.538077545076865,14.23904708386261,13.720740339078082,13.46039919968401,12.842590954057538,15.822750755537744,13.99316813464458,13.556809690696445,13.314195254212015,12.854572020117775,16.2051525691986,14.107389921565249,13.56258779284091,13.32004154045983,12.940408610440874,16.143006488288634,14.253949938366272,13.777550587734973,13.331117532616256,12.971894660941121,16.13080180269085,14.460336228637306,13.872931364087117,13.256529294897598,13.046635424537541,16.14726971724021,14.346911710562733,13.862709397003016,13.164971950523915,13.014359846291876,15.963855313861197,14.520955604754514,14.032131879848999,13.193519869727506,12.996966733861992,15.749494337000513,14.52721513243886,13.849469610016325,13.151725600703674,12.951689429529077,15.801363305094483,14.458453879376014,13.605204004882506,13.026780851960774,12.937142582146828,15.816371433415156,14.294090574590475,13.711755749354008,13.056496066043044,12.886816922980648,15.818561700908495,14.408159152007816,13.816576096411291,13.109593363110992,12.850886160920766,15.83441284526073,14.46298159642021,13.718594831242319,13.150287354484831,12.915904602738062
